type,timestamp,positions
CONTROL,0.0,"[0.0, 0.0, 0.606066, 0.0, 0.077942, 0.5]"
CONTROL,0.004999999888241291,"[0.0, 0.0, 0.606066, 0.0, 0.077942, 0.5]"
CONTROL,0.009999999776482582,"[0.0, 0.0, 0.606066, 0.0, 0.077942, 0.5]"
CONTROL,0.014999999664723873,"[0.0, 0.0, 0.606066, 0.0, 0.077942, 0.5]"
CONTROL,0.019999999552965164,"[0.00377, 0.004523, 0.609345, 0.005276, 0.079845, 0.504709]"
CONTROL,0.024999999441206455,"[0.00377, 0.004523, 0.609345, 0.005276, 0.079845, 0.504709]"
CONTROL,0.029999999329447746,"[0.00377, 0.004523, 0.609345, 0.005276, 0.079845, 0.504709]"
CONTROL,0.03499999921768904,"[0.00377, 0.004523, 0.609345, 0.005276, 0.079845, 0.504709]"
CONTROL,0.03999999910593033,"[0.007537, 0.009039, 0.612517, 0.010538, 0.081594, 0.5094]"
CONTROL,0.04499999899417162,"[0.007537, 0.009039, 0.612517, 0.010538, 0.081594, 0.5094]"
CONTROL,0.04999999888241291,"[0.007537, 0.009039, 0.612517, 0.010538, 0.081594, 0.5094]"
CONTROL,0.0549999987706542,"[0.007537, 0.009039, 0.612517, 0.010538, 0.081594, 0.5094]"
CONTROL,0.05999999865889549,"[0.011299, 0.013543, 0.615577, 0.015774, 0.083185, 0.514054]"
CONTROL,0.06499999854713678,"[0.011299, 0.013543, 0.615577, 0.015774, 0.083185, 0.514054]"
CONTROL,0.06999999843537807,"[0.011299, 0.013543, 0.615577, 0.015774, 0.083185, 0.514054]"
CONTROL,0.07499999832361937,"[0.011299, 0.013543, 0.615577, 0.015774, 0.083185, 0.514054]"
CONTROL,0.07999999821186066,"[0.015054, 0.018027, 0.618523, 0.02097, 0.084615, 0.518652]"
CONTROL,0.08499999810010195,"[0.015054, 0.018027, 0.618523, 0.02097, 0.084615, 0.518652]"
CONTROL,0.08999999798834324,"[0.015054, 0.018027, 0.618523, 0.02097, 0.084615, 0.518652]"
CONTROL,0.09499999787658453,"[0.015054, 0.018027, 0.618523, 0.02097, 0.084615, 0.518652]"
CONTROL,0.09999999776482582,"[0.0188, 0.022486, 0.621353, 0.026112, 0.085882, 0.523176]"
CONTROL,0.10499999765306711,"[0.0188, 0.022486, 0.621353, 0.026112, 0.085882, 0.523176]"
CONTROL,0.1099999975413084,"[0.0188, 0.022486, 0.621353, 0.026112, 0.085882, 0.523176]"
CONTROL,0.1149999974295497,"[0.0188, 0.022486, 0.621353, 0.026112, 0.085882, 0.523176]"
CONTROL,0.11999999731779099,"[0.022534, 0.026912, 0.624062, 0.031189, 0.086982, 0.527609]"
CONTROL,0.12499999720603228,"[0.022534, 0.026912, 0.624062, 0.031189, 0.086982, 0.527609]"
CONTROL,0.12999999709427357,"[0.022534, 0.026912, 0.624062, 0.031189, 0.086982, 0.527609]"
CONTROL,0.13499999698251486,"[0.022534, 0.026912, 0.624062, 0.031189, 0.086982, 0.527609]"
CONTROL,0.13999999687075615,"[0.026253, 0.031301, 0.626649, 0.036188, 0.087914, 0.531933]"
CONTROL,0.14499999675899744,"[0.026253, 0.031301, 0.626649, 0.036188, 0.087914, 0.531933]"
CONTROL,0.14999999664723873,"[0.026253, 0.031301, 0.626649, 0.036188, 0.087914, 0.531933]"
CONTROL,0.15499999653548002,"[0.026253, 0.031301, 0.626649, 0.036188, 0.087914, 0.531933]"
CONTROL,0.1599999964237213,"[0.029956, 0.035645, 0.629111, 0.041094, 0.088676, 0.536132]"
CONTROL,0.1649999963119626,"[0.029956, 0.035645, 0.629111, 0.041094, 0.088676, 0.536132]"
CONTROL,0.1699999962002039,"[0.029956, 0.035645, 0.629111, 0.041094, 0.088676, 0.536132]"
CONTROL,0.1749999960884452,"[0.029956, 0.035645, 0.629111, 0.041094, 0.088676, 0.536132]"
CONTROL,0.17999999597668648,"[0.033641, 0.039938, 0.631446, 0.045897, 0.089267, 0.540187]"
CONTROL,0.18499999586492777,"[0.033641, 0.039938, 0.631446, 0.045897, 0.089267, 0.540187]"
CONTROL,0.18999999575316906,"[0.033641, 0.039938, 0.631446, 0.045897, 0.089267, 0.540187]"
CONTROL,0.19499999564141035,"[0.033641, 0.039938, 0.631446, 0.045897, 0.089267, 0.540187]"
CONTROL,0.19999999552965164,"[0.037303, 0.044175, 0.633651, 0.050584, 0.089684, 0.544084]"
CONTROL,0.20499999541789293,"[0.037303, 0.044175, 0.633651, 0.050584, 0.089684, 0.544084]"
CONTROL,0.20999999530613422,"[0.037303, 0.044175, 0.633651, 0.050584, 0.089684, 0.544084]"
CONTROL,0.21499999519437551,"[0.037303, 0.044175, 0.633651, 0.050584, 0.089684, 0.544084]"
CONTROL,0.2199999950826168,"[0.040943, 0.048349, 0.635724, 0.055143, 0.089929, 0.547807]"
CONTROL,0.2249999949708581,"[0.040943, 0.048349, 0.635724, 0.055143, 0.089929, 0.547807]"
CONTROL,0.2299999948590994,"[0.040943, 0.048349, 0.635724, 0.055143, 0.089929, 0.547807]"
CONTROL,0.23499999474734068,"[0.040943, 0.048349, 0.635724, 0.055143, 0.089929, 0.547807]"
CONTROL,0.23999999463558197,"[0.044556, 0.052454, 0.637663, 0.059563, 0.089999, 0.551341]"
CONTROL,0.24499999452382326,"[0.044556, 0.052454, 0.637663, 0.059563, 0.089999, 0.551341]"
CONTROL,0.24999999441206455,"[0.044556, 0.052454, 0.637663, 0.059563, 0.089999, 0.551341]"
CONTROL,0.25499999430030584,"[0.044556, 0.052454, 0.637663, 0.059563, 0.089999, 0.551341]"
CONTROL,0.25999999418854713,"[0.048142, 0.056484, 0.639466, 0.063833, 0.089896, 0.554673]"
CONTROL,0.2649999940767884,"[0.048142, 0.056484, 0.639466, 0.063833, 0.089896, 0.554673]"
CONTROL,0.2699999939650297,"[0.048142, 0.056484, 0.639466, 0.063833, 0.089896, 0.554673]"
CONTROL,0.274999993853271,"[0.048142, 0.056484, 0.639466, 0.063833, 0.089896, 0.554673]"
CONTROL,0.2799999937415123,"[0.051696, 0.060435, 0.641132, 0.067941, 0.089618, 0.557788]"
CONTROL,0.2849999936297536,"[0.051696, 0.060435, 0.641132, 0.067941, 0.089618, 0.557788]"
CONTROL,0.2899999935179949,"[0.051696, 0.060435, 0.641132, 0.067941, 0.089618, 0.557788]"
CONTROL,0.29499999340623617,"[0.051696, 0.060435, 0.641132, 0.067941, 0.089618, 0.557788]"
CONTROL,0.29999999329447746,"[0.055219, 0.064299, 0.642658, 0.071877, 0.089167, 0.560676]"
CONTROL,0.30499999318271875,"[0.055219, 0.064299, 0.642658, 0.071877, 0.089167, 0.560676]"
CONTROL,0.30999999307096004,"[0.055219, 0.064299, 0.642658, 0.071877, 0.089167, 0.560676]"
CONTROL,0.31499999295920134,"[0.055219, 0.064299, 0.642658, 0.071877, 0.089167, 0.560676]"
CONTROL,0.3199999928474426,"[0.058706, 0.068072, 0.644044, 0.075632, 0.088544, 0.563325]"
CONTROL,0.3249999927356839,"[0.058706, 0.068072, 0.644044, 0.075632, 0.088544, 0.563325]"
CONTROL,0.3299999926239252,"[0.058706, 0.068072, 0.644044, 0.075632, 0.088544, 0.563325]"
CONTROL,0.3349999925121665,"[0.058706, 0.068072, 0.644044, 0.075632, 0.088544, 0.563325]"
CONTROL,0.3399999924004078,"[0.062156, 0.071749, 0.645287, 0.079196, 0.08775, 0.565723]"
CONTROL,0.3449999922886491,"[0.062156, 0.071749, 0.645287, 0.079196, 0.08775, 0.565723]"
CONTROL,0.3499999921768904,"[0.062156, 0.071749, 0.645287, 0.079196, 0.08775, 0.565723]"
CONTROL,0.35499999206513166,"[0.062156, 0.071749, 0.645287, 0.079196, 0.08775, 0.565723]"
CONTROL,0.35999999195337296,"[0.065567, 0.075323, 0.646388, 0.08256, 0.086785, 0.567862]"
CONTROL,0.36499999184161425,"[0.065567, 0.075323, 0.646388, 0.08256, 0.086785, 0.567862]"
CONTROL,0.36999999172985554,"[0.065567, 0.075323, 0.646388, 0.08256, 0.086785, 0.567862]"
CONTROL,0.37499999161809683,"[0.065567, 0.075323, 0.646388, 0.08256, 0.086785, 0.567862]"
CONTROL,0.3799999915063381,"[0.068937, 0.07879, 0.647343, 0.085716, 0.085653, 0.569733]"
CONTROL,0.3849999913945794,"[0.068937, 0.07879, 0.647343, 0.085716, 0.085653, 0.569733]"
CONTROL,0.3899999912828207,"[0.068937, 0.07879, 0.647343, 0.085716, 0.085653, 0.569733]"
CONTROL,0.394999991171062,"[0.068937, 0.07879, 0.647343, 0.085716, 0.085653, 0.569733]"
CONTROL,0.3999999910593033,"[0.072263, 0.082146, 0.648153, 0.088654, 0.084355, 0.571329]"
CONTROL,0.4049999909475446,"[0.072263, 0.082146, 0.648153, 0.088654, 0.084355, 0.571329]"
CONTROL,0.40999999083578587,"[0.072263, 0.082146, 0.648153, 0.088654, 0.084355, 0.571329]"
CONTROL,0.41499999072402716,"[0.072263, 0.082146, 0.648153, 0.088654, 0.084355, 0.571329]"
CONTROL,0.41999999061226845,"[0.075543, 0.085384, 0.648817, 0.091369, 0.082894, 0.572644]"
CONTROL,0.42499999050050974,"[0.075543, 0.085384, 0.648817, 0.091369, 0.082894, 0.572644]"
CONTROL,0.42999999038875103,"[0.075543, 0.085384, 0.648817, 0.091369, 0.082894, 0.572644]"
CONTROL,0.4349999902769923,"[0.075543, 0.085384, 0.648817, 0.091369, 0.082894, 0.572644]"
CONTROL,0.4399999901652336,"[0.078776, 0.088502, 0.649334, 0.093853, 0.081273, 0.573672]"
CONTROL,0.4449999900534749,"[0.078776, 0.088502, 0.649334, 0.093853, 0.081273, 0.573672]"
CONTROL,0.4499999899417162,"[0.078776, 0.088502, 0.649334, 0.093853, 0.081273, 0.573672]"
CONTROL,0.4549999898299575,"[0.078776, 0.088502, 0.649334, 0.093853, 0.081273, 0.573672]"
CONTROL,0.4599999897181988,"[0.081959, 0.091493, 0.649704, 0.0961, 0.079495, 0.574409]"
CONTROL,0.46499998960644007,"[0.081959, 0.091493, 0.649704, 0.0961, 0.079495, 0.574409]"
CONTROL,0.46999998949468136,"[0.081959, 0.091493, 0.649704, 0.0961, 0.079495, 0.574409]"
CONTROL,0.47499998938292265,"[0.081959, 0.091493, 0.649704, 0.0961, 0.079495, 0.574409]"
CONTROL,0.47999998927116394,"[0.08509, 0.094355, 0.649926, 0.098105, 0.077563, 0.574852]"
CONTROL,0.48499998915940523,"[0.08509, 0.094355, 0.649926, 0.098105, 0.077563, 0.574852]"
CONTROL,0.4899999890476465,"[0.08509, 0.094355, 0.649926, 0.098105, 0.077563, 0.574852]"
CONTROL,0.4949999889358878,"[0.08509, 0.094355, 0.649926, 0.098105, 0.077563, 0.574852]"
CONTROL,0.4999999888241291,"[0.088168, 0.097082, 0.65, 0.099861, 0.07548, 0.575]"
CONTROL,0.5049999887123704,"[0.088168, 0.097082, 0.65, 0.099861, 0.07548, 0.575]"
CONTROL,0.5099999886006117,"[0.088168, 0.097082, 0.65, 0.099861, 0.07548, 0.575]"
CONTROL,0.514999988488853,"[0.088168, 0.097082, 0.65, 0.099861, 0.07548, 0.575]"
CONTROL,0.5199999883770943,"[0.09119, 0.099672, 0.649926, 0.101365, 0.073252, 0.574852]"
CONTROL,0.5249999882653356,"[0.09119, 0.099672, 0.649926, 0.101365, 0.073252, 0.574852]"
CONTROL,0.5299999881535769,"[0.09119, 0.099672, 0.649926, 0.101365, 0.073252, 0.574852]"
CONTROL,0.5349999880418181,"[0.09119, 0.099672, 0.649926, 0.101365, 0.073252, 0.574852]"
CONTROL,0.5399999879300594,"[0.094154, 0.102119, 0.649704, 0.102613, 0.070882, 0.574409]"
CONTROL,0.5449999878183007,"[0.094154, 0.102119, 0.649704, 0.102613, 0.070882, 0.574409]"
CONTROL,0.549999987706542,"[0.094154, 0.102119, 0.649704, 0.102613, 0.070882, 0.574409]"
CONTROL,0.5549999875947833,"[0.094154, 0.102119, 0.649704, 0.102613, 0.070882, 0.574409]"
CONTROL,0.5599999874830246,"[0.097058, 0.104422, 0.649334, 0.103602, 0.068375, 0.573672]"
CONTROL,0.5649999873712659,"[0.097058, 0.104422, 0.649334, 0.103602, 0.068375, 0.573672]"
CONTROL,0.5699999872595072,"[0.097058, 0.104422, 0.649334, 0.103602, 0.068375, 0.573672]"
CONTROL,0.5749999871477485,"[0.097058, 0.104422, 0.649334, 0.103602, 0.068375, 0.573672]"
CONTROL,0.5799999870359898,"[0.099902, 0.106576, 0.648817, 0.104329, 0.065736, 0.572644]"
CONTROL,0.584999986924231,"[0.099902, 0.106576, 0.648817, 0.104329, 0.065736, 0.572644]"
CONTROL,0.5899999868124723,"[0.099902, 0.106576, 0.648817, 0.104329, 0.065736, 0.572644]"
CONTROL,0.5949999867007136,"[0.099902, 0.106576, 0.648817, 0.104329, 0.065736, 0.572644]"
CONTROL,0.5999999865889549,"[0.102682, 0.108579, 0.648153, 0.104793, 0.06297, 0.571329]"
CONTROL,0.6049999864771962,"[0.102682, 0.108579, 0.648153, 0.104793, 0.06297, 0.571329]"
CONTROL,0.6099999863654375,"[0.102682, 0.108579, 0.648153, 0.104793, 0.06297, 0.571329]"
CONTROL,0.6149999862536788,"[0.102682, 0.108579, 0.648153, 0.104793, 0.06297, 0.571329]"
CONTROL,0.6199999861419201,"[0.105397, 0.110428, 0.647343, 0.104992, 0.060082, 0.569733]"
CONTROL,0.6249999860301614,"[0.105397, 0.110428, 0.647343, 0.104992, 0.060082, 0.569733]"
CONTROL,0.6299999859184027,"[0.105397, 0.110428, 0.647343, 0.104992, 0.060082, 0.569733]"
CONTROL,0.634999985806644,"[0.105397, 0.110428, 0.647343, 0.104992, 0.060082, 0.569733]"
CONTROL,0.6399999856948853,"[0.108046, 0.112119, 0.646388, 0.104925, 0.057077, 0.567862]"
CONTROL,0.6449999855831265,"[0.108046, 0.112119, 0.646388, 0.104925, 0.057077, 0.567862]"
CONTROL,0.6499999854713678,"[0.108046, 0.112119, 0.646388, 0.104925, 0.057077, 0.567862]"
CONTROL,0.6549999853596091,"[0.108046, 0.112119, 0.646388, 0.104925, 0.057077, 0.567862]"
CONTROL,0.6599999852478504,"[0.110627, 0.113652, 0.645287, 0.104594, 0.053962, 0.565723]"
CONTROL,0.6649999851360917,"[0.110627, 0.113652, 0.645287, 0.104594, 0.053962, 0.565723]"
CONTROL,0.669999985024333,"[0.110627, 0.113652, 0.645287, 0.104594, 0.053962, 0.565723]"
CONTROL,0.6749999849125743,"[0.110627, 0.113652, 0.645287, 0.104594, 0.053962, 0.565723]"
CONTROL,0.6799999848008156,"[0.113138, 0.115023, 0.644044, 0.103998, 0.050743, 0.563325]"
CONTROL,0.6849999846890569,"[0.113138, 0.115023, 0.644044, 0.103998, 0.050743, 0.563325]"
CONTROL,0.6899999845772982,"[0.113138, 0.115023, 0.644044, 0.103998, 0.050743, 0.563325]"
CONTROL,0.6949999844655395,"[0.113138, 0.115023, 0.644044, 0.103998, 0.050743, 0.563325]"
CONTROL,0.6999999843537807,"[0.115577, 0.11623, 0.642658, 0.10314, 0.047426, 0.560676]"
CONTROL,0.704999984242022,"[0.115577, 0.11623, 0.642658, 0.10314, 0.047426, 0.560676]"
CONTROL,0.7099999841302633,"[0.115577, 0.11623, 0.642658, 0.10314, 0.047426, 0.560676]"
CONTROL,0.7149999840185046,"[0.115577, 0.11623, 0.642658, 0.10314, 0.047426, 0.560676]"
CONTROL,0.7199999839067459,"[0.117943, 0.117272, 0.641132, 0.102021, 0.044017, 0.557788]"
CONTROL,0.7249999837949872,"[0.117943, 0.117272, 0.641132, 0.102021, 0.044017, 0.557788]"
CONTROL,0.7299999836832285,"[0.117943, 0.117272, 0.641132, 0.102021, 0.044017, 0.557788]"
CONTROL,0.7349999835714698,"[0.117943, 0.117272, 0.641132, 0.102021, 0.044017, 0.557788]"
CONTROL,0.7399999834597111,"[0.120235, 0.118148, 0.639466, 0.100645, 0.040523, 0.554673]"
CONTROL,0.7449999833479524,"[0.120235, 0.118148, 0.639466, 0.100645, 0.040523, 0.554673]"
CONTROL,0.7499999832361937,"[0.120235, 0.118148, 0.639466, 0.100645, 0.040523, 0.554673]"
CONTROL,0.754999983124435,"[0.120235, 0.118148, 0.639466, 0.100645, 0.040523, 0.554673]"
CONTROL,0.7599999830126762,"[0.122451, 0.118855, 0.637663, 0.099014, 0.03695, 0.551341]"
CONTROL,0.7649999829009175,"[0.122451, 0.118855, 0.637663, 0.099014, 0.03695, 0.551341]"
CONTROL,0.7699999827891588,"[0.122451, 0.118855, 0.637663, 0.099014, 0.03695, 0.551341]"
CONTROL,0.7749999826774001,"[0.122451, 0.118855, 0.637663, 0.099014, 0.03695, 0.551341]"
CONTROL,0.7799999825656414,"[0.124589, 0.119394, 0.635724, 0.097133, 0.033306, 0.547807]"
CONTROL,0.7849999824538827,"[0.124589, 0.119394, 0.635724, 0.097133, 0.033306, 0.547807]"
CONTROL,0.789999982342124,"[0.124589, 0.119394, 0.635724, 0.097133, 0.033306, 0.547807]"
CONTROL,0.7949999822303653,"[0.124589, 0.119394, 0.635724, 0.097133, 0.033306, 0.547807]"
CONTROL,0.7999999821186066,"[0.126649, 0.119763, 0.633651, 0.095007, 0.029598, 0.544084]"
CONTROL,0.8049999820068479,"[0.126649, 0.119763, 0.633651, 0.095007, 0.029598, 0.544084]"
CONTROL,0.8099999818950891,"[0.126649, 0.119763, 0.633651, 0.095007, 0.029598, 0.544084]"
CONTROL,0.8149999817833304,"[0.126649, 0.119763, 0.633651, 0.095007, 0.029598, 0.544084]"
CONTROL,0.8199999816715717,"[0.128629, 0.119962, 0.631446, 0.092641, 0.025832, 0.540187]"
CONTROL,0.824999981559813,"[0.128629, 0.119962, 0.631446, 0.092641, 0.025832, 0.540187]"
CONTROL,0.8299999814480543,"[0.128629, 0.119962, 0.631446, 0.092641, 0.025832, 0.540187]"
CONTROL,0.8349999813362956,"[0.128629, 0.119962, 0.631446, 0.092641, 0.025832, 0.540187]"
CONTROL,0.8399999812245369,"[0.130528, 0.119991, 0.629111, 0.09004, 0.022017, 0.536132]"
CONTROL,0.8449999811127782,"[0.130528, 0.119991, 0.629111, 0.09004, 0.022017, 0.536132]"
CONTROL,0.8499999810010195,"[0.130528, 0.119991, 0.629111, 0.09004, 0.022017, 0.536132]"
CONTROL,0.8549999808892608,"[0.130528, 0.119991, 0.629111, 0.09004, 0.022017, 0.536132]"
CONTROL,0.8599999807775021,"[0.132344, 0.119848, 0.626649, 0.087213, 0.018159, 0.531933]"
CONTROL,0.8649999806657434,"[0.132344, 0.119848, 0.626649, 0.087213, 0.018159, 0.531933]"
CONTROL,0.8699999805539846,"[0.132344, 0.119848, 0.626649, 0.087213, 0.018159, 0.531933]"
CONTROL,0.8749999804422259,"[0.132344, 0.119848, 0.626649, 0.087213, 0.018159, 0.531933]"
CONTROL,0.8799999803304672,"[0.134076, 0.119536, 0.624062, 0.084165, 0.014265, 0.527609]"
CONTROL,0.8849999802187085,"[0.134076, 0.119536, 0.624062, 0.084165, 0.014265, 0.527609]"
CONTROL,0.8899999801069498,"[0.134076, 0.119536, 0.624062, 0.084165, 0.014265, 0.527609]"
CONTROL,0.8949999799951911,"[0.134076, 0.119536, 0.624062, 0.084165, 0.014265, 0.527609]"
CONTROL,0.8999999798834324,"[0.135724, 0.119054, 0.621353, 0.080904, 0.010344, 0.523176]"
CONTROL,0.9049999797716737,"[0.135724, 0.119054, 0.621353, 0.080904, 0.010344, 0.523176]"
CONTROL,0.909999979659915,"[0.135724, 0.119054, 0.621353, 0.080904, 0.010344, 0.523176]"
CONTROL,0.9149999795481563,"[0.135724, 0.119054, 0.621353, 0.080904, 0.010344, 0.523176]"
CONTROL,0.9199999794363976,"[0.137286, 0.118402, 0.618523, 0.077439, 0.006403, 0.518652]"
CONTROL,0.9249999793246388,"[0.137286, 0.118402, 0.618523, 0.077439, 0.006403, 0.518652]"
CONTROL,0.9299999792128801,"[0.137286, 0.118402, 0.618523, 0.077439, 0.006403, 0.518652]"
CONTROL,0.9349999791011214,"[0.137286, 0.118402, 0.618523, 0.077439, 0.006403, 0.518652]"
CONTROL,0.9399999789893627,"[0.138762, 0.117583, 0.615577, 0.073778, 0.00245, 0.514054]"
CONTROL,0.944999978877604,"[0.138762, 0.117583, 0.615577, 0.073778, 0.00245, 0.514054]"
CONTROL,0.9499999787658453,"[0.138762, 0.117583, 0.615577, 0.073778, 0.00245, 0.514054]"
CONTROL,0.9549999786540866,"[0.138762, 0.117583, 0.615577, 0.073778, 0.00245, 0.514054]"
CONTROL,0.9599999785423279,"[0.140149, 0.116596, 0.612517, 0.069931, -0.001508, 0.5094]"
CONTROL,0.9649999784305692,"[0.140149, 0.116596, 0.612517, 0.069931, -0.001508, 0.5094]"
CONTROL,0.9699999783188105,"[0.140149, 0.116596, 0.612517, 0.069931, -0.001508, 0.5094]"
CONTROL,0.9749999782070518,"[0.140149, 0.116596, 0.612517, 0.069931, -0.001508, 0.5094]"
CONTROL,0.979999978095293,"[0.141449, 0.115443, 0.609345, 0.065908, -0.005463, 0.504709]"
CONTROL,0.9849999779835343,"[0.141449, 0.115443, 0.609345, 0.065908, -0.005463, 0.504709]"
CONTROL,0.9899999778717756,"[0.141449, 0.115443, 0.609345, 0.065908, -0.005463, 0.504709]"
CONTROL,0.9949999777600169,"[0.141449, 0.115443, 0.609345, 0.065908, -0.005463, 0.504709]"
CONTROL,0.9999999776482582,"[0.142658, 0.114127, 0.606066, 0.061717, -0.009408, 0.5]"
CONTROL,1.0049999775364995,"[0.142658, 0.114127, 0.606066, 0.061717, -0.009408, 0.5]"
CONTROL,1.0099999774247408,"[0.142658, 0.114127, 0.606066, 0.061717, -0.009408, 0.5]"
CONTROL,1.014999977312982,"[0.142658, 0.114127, 0.606066, 0.061717, -0.009408, 0.5]"
CONTROL,1.0199999772012234,"[0.143778, 0.112648, 0.602682, 0.057371, -0.013334, 0.495291]"
CONTROL,1.0249999770894647,"[0.143778, 0.112648, 0.602682, 0.057371, -0.013334, 0.495291]"
CONTROL,1.029999976977706,"[0.143778, 0.112648, 0.602682, 0.057371, -0.013334, 0.495291]"
CONTROL,1.0349999768659472,"[0.143778, 0.112648, 0.602682, 0.057371, -0.013334, 0.495291]"
CONTROL,1.0399999767541885,"[0.144807, 0.111009, 0.599197, 0.05288, -0.017234, 0.4906]"
CONTROL,1.0449999766424298,"[0.144807, 0.111009, 0.599197, 0.05288, -0.017234, 0.4906]"
CONTROL,1.0499999765306711,"[0.144807, 0.111009, 0.599197, 0.05288, -0.017234, 0.4906]"
CONTROL,1.0549999764189124,"[0.144807, 0.111009, 0.599197, 0.05288, -0.017234, 0.4906]"
CONTROL,1.0599999763071537,"[0.145745, 0.109213, 0.595614, 0.048256, -0.021102, 0.485946]"
CONTROL,1.064999976195395,"[0.145745, 0.109213, 0.595614, 0.048256, -0.021102, 0.485946]"
CONTROL,1.0699999760836363,"[0.145745, 0.109213, 0.595614, 0.048256, -0.021102, 0.485946]"
CONTROL,1.0749999759718776,"[0.145745, 0.109213, 0.595614, 0.048256, -0.021102, 0.485946]"
CONTROL,1.0799999758601189,"[0.14659, 0.107261, 0.591936, 0.043509, -0.024928, 0.481348]"
CONTROL,1.0849999757483602,"[0.14659, 0.107261, 0.591936, 0.043509, -0.024928, 0.481348]"
CONTROL,1.0899999756366014,"[0.14659, 0.107261, 0.591936, 0.043509, -0.024928, 0.481348]"
CONTROL,1.0949999755248427,"[0.14659, 0.107261, 0.591936, 0.043509, -0.024928, 0.481348]"
CONTROL,1.099999975413084,"[0.147343, 0.105157, 0.588168, 0.038653, -0.028706, 0.476824]"
CONTROL,1.1049999753013253,"[0.147343, 0.105157, 0.588168, 0.038653, -0.028706, 0.476824]"
CONTROL,1.1099999751895666,"[0.147343, 0.105157, 0.588168, 0.038653, -0.028706, 0.476824]"
CONTROL,1.114999975077808,"[0.147343, 0.105157, 0.588168, 0.038653, -0.028706, 0.476824]"
CONTROL,1.1199999749660492,"[0.148003, 0.102903, 0.584313, 0.033699, -0.032429, 0.472391]"
CONTROL,1.1249999748542905,"[0.148003, 0.102903, 0.584313, 0.033699, -0.032429, 0.472391]"
CONTROL,1.1299999747425318,"[0.148003, 0.102903, 0.584313, 0.033699, -0.032429, 0.472391]"
CONTROL,1.134999974630773,"[0.148003, 0.102903, 0.584313, 0.033699, -0.032429, 0.472391]"
CONTROL,1.1399999745190144,"[0.148569, 0.100503, 0.580374, 0.02866, -0.036089, 0.468067]"
CONTROL,1.1449999744072556,"[0.148569, 0.100503, 0.580374, 0.02866, -0.036089, 0.468067]"
CONTROL,1.149999974295497,"[0.148569, 0.100503, 0.580374, 0.02866, -0.036089, 0.468067]"
CONTROL,1.1549999741837382,"[0.148569, 0.100503, 0.580374, 0.02866, -0.036089, 0.468067]"
CONTROL,1.1599999740719795,"[0.149042, 0.097961, 0.576356, 0.023548, -0.039679, 0.463868]"
CONTROL,1.1649999739602208,"[0.149042, 0.097961, 0.576356, 0.023548, -0.039679, 0.463868]"
CONTROL,1.169999973848462,"[0.149042, 0.097961, 0.576356, 0.023548, -0.039679, 0.463868]"
CONTROL,1.1749999737367034,"[0.149042, 0.097961, 0.576356, 0.023548, -0.039679, 0.463868]"
CONTROL,1.1799999736249447,"[0.14942, 0.095279, 0.572263, 0.018377, -0.043193, 0.459813]"
CONTROL,1.184999973513186,"[0.14942, 0.095279, 0.572263, 0.018377, -0.043193, 0.459813]"
CONTROL,1.1899999734014273,"[0.14942, 0.095279, 0.572263, 0.018377, -0.043193, 0.459813]"
CONTROL,1.1949999732896686,"[0.14942, 0.095279, 0.572263, 0.018377, -0.043193, 0.459813]"
CONTROL,1.1999999731779099,"[0.149704, 0.092462, 0.568099, 0.01316, -0.046622, 0.455916]"
CONTROL,1.2049999730661511,"[0.149704, 0.092462, 0.568099, 0.01316, -0.046622, 0.455916]"
CONTROL,1.2099999729543924,"[0.149704, 0.092462, 0.568099, 0.01316, -0.046622, 0.455916]"
CONTROL,1.2149999728426337,"[0.149704, 0.092462, 0.568099, 0.01316, -0.046622, 0.455916]"
CONTROL,1.219999972730875,"[0.149893, 0.089513, 0.563867, 0.007909, -0.049962, 0.452193]"
CONTROL,1.2249999726191163,"[0.149893, 0.089513, 0.563867, 0.007909, -0.049962, 0.452193]"
CONTROL,1.2299999725073576,"[0.149893, 0.089513, 0.563867, 0.007909, -0.049962, 0.452193]"
CONTROL,1.2349999723955989,"[0.149893, 0.089513, 0.563867, 0.007909, -0.049962, 0.452193]"
CONTROL,1.2399999722838402,"[0.149988, 0.086437, 0.559572, 0.002639, -0.053205, 0.448659]"
CONTROL,1.2449999721720815,"[0.149988, 0.086437, 0.559572, 0.002639, -0.053205, 0.448659]"
CONTROL,1.2499999720603228,"[0.149988, 0.086437, 0.559572, 0.002639, -0.053205, 0.448659]"
CONTROL,1.254999971948564,"[0.149988, 0.086437, 0.559572, 0.002639, -0.053205, 0.448659]"
CONTROL,1.2599999718368053,"[0.149988, 0.083238, 0.555219, -0.002639, -0.056345, 0.445327]"
CONTROL,1.2649999717250466,"[0.149988, 0.083238, 0.555219, -0.002639, -0.056345, 0.445327]"
CONTROL,1.269999971613288,"[0.149988, 0.083238, 0.555219, -0.002639, -0.056345, 0.445327]"
CONTROL,1.2749999715015292,"[0.149988, 0.083238, 0.555219, -0.002639, -0.056345, 0.445327]"
CONTROL,1.2799999713897705,"[0.149893, 0.079921, 0.550811, -0.007909, -0.059377, 0.442212]"
CONTROL,1.2849999712780118,"[0.149893, 0.079921, 0.550811, -0.007909, -0.059377, 0.442212]"
CONTROL,1.289999971166253,"[0.149893, 0.079921, 0.550811, -0.007909, -0.059377, 0.442212]"
CONTROL,1.2949999710544944,"[0.149893, 0.079921, 0.550811, -0.007909, -0.059377, 0.442212]"
CONTROL,1.2999999709427357,"[0.149704, 0.076491, 0.546353, -0.01316, -0.062293, 0.439324]"
CONTROL,1.304999970830977,"[0.149704, 0.076491, 0.546353, -0.01316, -0.062293, 0.439324]"
CONTROL,1.3099999707192183,"[0.149704, 0.076491, 0.546353, -0.01316, -0.062293, 0.439324]"
CONTROL,1.3149999706074595,"[0.149704, 0.076491, 0.546353, -0.01316, -0.062293, 0.439324]"
CONTROL,1.3199999704957008,"[0.14942, 0.072952, 0.541849, -0.018377, -0.065089, 0.436675]"
CONTROL,1.3249999703839421,"[0.14942, 0.072952, 0.541849, -0.018377, -0.065089, 0.436675]"
CONTROL,1.3299999702721834,"[0.14942, 0.072952, 0.541849, -0.018377, -0.065089, 0.436675]"
CONTROL,1.3349999701604247,"[0.14942, 0.072952, 0.541849, -0.018377, -0.065089, 0.436675]"
CONTROL,1.339999970048666,"[0.149042, 0.069309, 0.537303, -0.023548, -0.067759, 0.434277]"
CONTROL,1.3449999699369073,"[0.149042, 0.069309, 0.537303, -0.023548, -0.067759, 0.434277]"
CONTROL,1.3499999698251486,"[0.149042, 0.069309, 0.537303, -0.023548, -0.067759, 0.434277]"
CONTROL,1.3549999697133899,"[0.149042, 0.069309, 0.537303, -0.023548, -0.067759, 0.434277]"
CONTROL,1.3599999696016312,"[0.148569, 0.065567, 0.532721, -0.02866, -0.070298, 0.432138]"
CONTROL,1.3649999694898725,"[0.148569, 0.065567, 0.532721, -0.02866, -0.070298, 0.432138]"
CONTROL,1.3699999693781137,"[0.148569, 0.065567, 0.532721, -0.02866, -0.070298, 0.432138]"
CONTROL,1.374999969266355,"[0.148569, 0.065567, 0.532721, -0.02866, -0.070298, 0.432138]"
CONTROL,1.3799999691545963,"[0.148003, 0.061733, 0.528107, -0.033699, -0.072701, 0.430267]"
CONTROL,1.3849999690428376,"[0.148003, 0.061733, 0.528107, -0.033699, -0.072701, 0.430267]"
CONTROL,1.389999968931079,"[0.148003, 0.061733, 0.528107, -0.033699, -0.072701, 0.430267]"
CONTROL,1.3949999688193202,"[0.148003, 0.061733, 0.528107, -0.033699, -0.072701, 0.430267]"
CONTROL,1.3999999687075615,"[0.147343, 0.05781, 0.523465, -0.038653, -0.074963, 0.428671]"
CONTROL,1.4049999685958028,"[0.147343, 0.05781, 0.523465, -0.038653, -0.074963, 0.428671]"
CONTROL,1.409999968484044,"[0.147343, 0.05781, 0.523465, -0.038653, -0.074963, 0.428671]"
CONTROL,1.4149999683722854,"[0.147343, 0.05781, 0.523465, -0.038653, -0.074963, 0.428671]"
CONTROL,1.4199999682605267,"[0.14659, 0.053806, 0.5188, -0.043509, -0.07708, 0.427356]"
CONTROL,1.424999968148768,"[0.14659, 0.053806, 0.5188, -0.043509, -0.07708, 0.427356]"
CONTROL,1.4299999680370092,"[0.14659, 0.053806, 0.5188, -0.043509, -0.07708, 0.427356]"
CONTROL,1.4349999679252505,"[0.14659, 0.053806, 0.5188, -0.043509, -0.07708, 0.427356]"
CONTROL,1.4399999678134918,"[0.145745, 0.049725, 0.514116, -0.048256, -0.079049, 0.426328]"
CONTROL,1.4449999677017331,"[0.145745, 0.049725, 0.514116, -0.048256, -0.079049, 0.426328]"
CONTROL,1.4499999675899744,"[0.145745, 0.049725, 0.514116, -0.048256, -0.079049, 0.426328]"
CONTROL,1.4549999674782157,"[0.145745, 0.049725, 0.514116, -0.048256, -0.079049, 0.426328]"
CONTROL,1.459999967366457,"[0.144807, 0.045573, 0.509419, -0.05288, -0.080864, 0.425591]"
CONTROL,1.4649999672546983,"[0.144807, 0.045573, 0.509419, -0.05288, -0.080864, 0.425591]"
CONTROL,1.4699999671429396,"[0.144807, 0.045573, 0.509419, -0.05288, -0.080864, 0.425591]"
CONTROL,1.4749999670311809,"[0.144807, 0.045573, 0.509419, -0.05288, -0.080864, 0.425591]"
CONTROL,1.4799999669194221,"[0.143778, 0.041357, 0.504712, -0.057371, -0.082523, 0.425148]"
CONTROL,1.4849999668076634,"[0.143778, 0.041357, 0.504712, -0.057371, -0.082523, 0.425148]"
CONTROL,1.4899999666959047,"[0.143778, 0.041357, 0.504712, -0.057371, -0.082523, 0.425148]"
CONTROL,1.494999966584146,"[0.143778, 0.041357, 0.504712, -0.057371, -0.082523, 0.425148]"
CONTROL,1.4999999664723873,"[0.142658, 0.037082, 0.5, -0.061717, -0.084022, 0.425]"
CONTROL,1.5049999663606286,"[0.142658, 0.037082, 0.5, -0.061717, -0.084022, 0.425]"
CONTROL,1.50999996624887,"[0.142658, 0.037082, 0.5, -0.061717, -0.084022, 0.425]"
CONTROL,1.5149999661371112,"[0.142658, 0.037082, 0.5, -0.061717, -0.084022, 0.425]"
CONTROL,1.5199999660253525,"[0.141449, 0.032754, 0.495288, -0.065908, -0.085359, 0.425148]"
CONTROL,1.5249999659135938,"[0.141449, 0.032754, 0.495288, -0.065908, -0.085359, 0.425148]"
CONTROL,1.529999965801835,"[0.141449, 0.032754, 0.495288, -0.065908, -0.085359, 0.425148]"
CONTROL,1.5349999656900764,"[0.141449, 0.032754, 0.495288, -0.065908, -0.085359, 0.425148]"
CONTROL,1.5399999655783176,"[0.140149, 0.02838, 0.490581, -0.069931, -0.086531, 0.425591]"
CONTROL,1.544999965466559,"[0.140149, 0.02838, 0.490581, -0.069931, -0.086531, 0.425591]"
CONTROL,1.5499999653548002,"[0.140149, 0.02838, 0.490581, -0.069931, -0.086531, 0.425591]"
CONTROL,1.5549999652430415,"[0.140149, 0.02838, 0.490581, -0.069931, -0.086531, 0.425591]"
CONTROL,1.5599999651312828,"[0.138762, 0.023965, 0.485884, -0.073778, -0.087535, 0.426328]"
CONTROL,1.564999965019524,"[0.138762, 0.023965, 0.485884, -0.073778, -0.087535, 0.426328]"
CONTROL,1.5699999649077654,"[0.138762, 0.023965, 0.485884, -0.073778, -0.087535, 0.426328]"
CONTROL,1.5749999647960067,"[0.138762, 0.023965, 0.485884, -0.073778, -0.087535, 0.426328]"
CONTROL,1.579999964684248,"[0.137286, 0.019516, 0.4812, -0.077439, -0.08837, 0.427356]"
CONTROL,1.5849999645724893,"[0.137286, 0.019516, 0.4812, -0.077439, -0.08837, 0.427356]"
CONTROL,1.5899999644607306,"[0.137286, 0.019516, 0.4812, -0.077439, -0.08837, 0.427356]"
CONTROL,1.5949999643489718,"[0.137286, 0.019516, 0.4812, -0.077439, -0.08837, 0.427356]"
CONTROL,1.5999999642372131,"[0.135724, 0.01504, 0.476535, -0.080904, -0.089035, 0.428671]"
CONTROL,1.6049999641254544,"[0.135724, 0.01504, 0.476535, -0.080904, -0.089035, 0.428671]"
CONTROL,1.6099999640136957,"[0.135724, 0.01504, 0.476535, -0.080904, -0.089035, 0.428671]"
CONTROL,1.614999963901937,"[0.135724, 0.01504, 0.476535, -0.080904, -0.089035, 0.428671]"
CONTROL,1.6199999637901783,"[0.134076, 0.010542, 0.471893, -0.084165, -0.089526, 0.430267]"
CONTROL,1.6249999636784196,"[0.134076, 0.010542, 0.471893, -0.084165, -0.089526, 0.430267]"
CONTROL,1.6299999635666609,"[0.134076, 0.010542, 0.471893, -0.084165, -0.089526, 0.430267]"
CONTROL,1.6349999634549022,"[0.134076, 0.010542, 0.471893, -0.084165, -0.089526, 0.430267]"
CONTROL,1.6399999633431435,"[0.132344, 0.006029, 0.467279, -0.087213, -0.089845, 0.432138]"
CONTROL,1.6449999632313848,"[0.132344, 0.006029, 0.467279, -0.087213, -0.089845, 0.432138]"
CONTROL,1.649999963119626,"[0.132344, 0.006029, 0.467279, -0.087213, -0.089845, 0.432138]"
CONTROL,1.6549999630078673,"[0.132344, 0.006029, 0.467279, -0.087213, -0.089845, 0.432138]"
CONTROL,1.6599999628961086,"[0.130528, 0.001508, 0.462697, -0.09004, -0.08999, 0.434277]"
CONTROL,1.66499996278435,"[0.130528, 0.001508, 0.462697, -0.09004, -0.08999, 0.434277]"
CONTROL,1.6699999626725912,"[0.130528, 0.001508, 0.462697, -0.09004, -0.08999, 0.434277]"
CONTROL,1.6749999625608325,"[0.130528, 0.001508, 0.462697, -0.09004, -0.08999, 0.434277]"
CONTROL,1.6799999624490738,"[0.128629, -0.003016, 0.458151, -0.092641, -0.089961, 0.436675]"
CONTROL,1.684999962337315,"[0.128629, -0.003016, 0.458151, -0.092641, -0.089961, 0.436675]"
CONTROL,1.6899999622255564,"[0.128629, -0.003016, 0.458151, -0.092641, -0.089961, 0.436675]"
CONTROL,1.6949999621137977,"[0.128629, -0.003016, 0.458151, -0.092641, -0.089961, 0.436675]"
CONTROL,1.699999962002039,"[0.126649, -0.007535, 0.453647, -0.095007, -0.089758, 0.439324]"
CONTROL,1.7049999618902802,"[0.126649, -0.007535, 0.453647, -0.095007, -0.089758, 0.439324]"
CONTROL,1.7099999617785215,"[0.126649, -0.007535, 0.453647, -0.095007, -0.089758, 0.439324]"
CONTROL,1.7149999616667628,"[0.126649, -0.007535, 0.453647, -0.095007, -0.089758, 0.439324]"
CONTROL,1.7199999615550041,"[0.124589, -0.012043, 0.449189, -0.097133, -0.089382, 0.442212]"
CONTROL,1.7249999614432454,"[0.124589, -0.012043, 0.449189, -0.097133, -0.089382, 0.442212]"
CONTROL,1.7299999613314867,"[0.124589, -0.012043, 0.449189, -0.097133, -0.089382, 0.442212]"
CONTROL,1.734999961219728,"[0.124589, -0.012043, 0.449189, -0.097133, -0.089382, 0.442212]"
CONTROL,1.7399999611079693,"[0.122451, -0.016535, 0.444781, -0.099014, -0.088832, 0.445327]"
CONTROL,1.7449999609962106,"[0.122451, -0.016535, 0.444781, -0.099014, -0.088832, 0.445327]"
CONTROL,1.7499999608844519,"[0.122451, -0.016535, 0.444781, -0.099014, -0.088832, 0.445327]"
CONTROL,1.7549999607726932,"[0.122451, -0.016535, 0.444781, -0.099014, -0.088832, 0.445327]"
CONTROL,1.7599999606609344,"[0.120235, -0.021003, 0.440428, -0.100645, -0.088111, 0.448659]"
CONTROL,1.7649999605491757,"[0.120235, -0.021003, 0.440428, -0.100645, -0.088111, 0.448659]"
CONTROL,1.769999960437417,"[0.120235, -0.021003, 0.440428, -0.100645, -0.088111, 0.448659]"
CONTROL,1.7749999603256583,"[0.120235, -0.021003, 0.440428, -0.100645, -0.088111, 0.448659]"
CONTROL,1.7799999602138996,"[0.117943, -0.025441, 0.436133, -0.102021, -0.087219, 0.452193]"
CONTROL,1.784999960102141,"[0.117943, -0.025441, 0.436133, -0.102021, -0.087219, 0.452193]"
CONTROL,1.7899999599903822,"[0.117943, -0.025441, 0.436133, -0.102021, -0.087219, 0.452193]"
CONTROL,1.7949999598786235,"[0.117943, -0.025441, 0.436133, -0.102021, -0.087219, 0.452193]"
CONTROL,1.7999999597668648,"[0.115577, -0.029843, 0.431901, -0.10314, -0.086159, 0.455916]"
CONTROL,1.804999959655106,"[0.115577, -0.029843, 0.431901, -0.10314, -0.086159, 0.455916]"
CONTROL,1.8099999595433474,"[0.115577, -0.029843, 0.431901, -0.10314, -0.086159, 0.455916]"
CONTROL,1.8149999594315886,"[0.115577, -0.029843, 0.431901, -0.10314, -0.086159, 0.455916]"
CONTROL,1.81999995931983,"[0.113138, -0.034202, 0.427737, -0.103998, -0.084932, 0.459813]"
CONTROL,1.8249999592080712,"[0.113138, -0.034202, 0.427737, -0.103998, -0.084932, 0.459813]"
CONTROL,1.8299999590963125,"[0.113138, -0.034202, 0.427737, -0.103998, -0.084932, 0.459813]"
CONTROL,1.8349999589845538,"[0.113138, -0.034202, 0.427737, -0.103998, -0.084932, 0.459813]"
CONTROL,1.839999958872795,"[0.110627, -0.038513, 0.423644, -0.104594, -0.08354, 0.463868]"
CONTROL,1.8449999587610364,"[0.110627, -0.038513, 0.423644, -0.104594, -0.08354, 0.463868]"
CONTROL,1.8499999586492777,"[0.110627, -0.038513, 0.423644, -0.104594, -0.08354, 0.463868]"
CONTROL,1.854999958537519,"[0.110627, -0.038513, 0.423644, -0.104594, -0.08354, 0.463868]"
CONTROL,1.8599999584257603,"[0.108046, -0.042769, 0.419626, -0.104925, -0.081987, 0.468067]"
CONTROL,1.8649999583140016,"[0.108046, -0.042769, 0.419626, -0.104925, -0.081987, 0.468067]"
CONTROL,1.8699999582022429,"[0.108046, -0.042769, 0.419626, -0.104925, -0.081987, 0.468067]"
CONTROL,1.8749999580904841,"[0.108046, -0.042769, 0.419626, -0.104925, -0.081987, 0.468067]"
CONTROL,1.8799999579787254,"[0.105397, -0.046965, 0.415687, -0.104992, -0.080276, 0.472391]"
CONTROL,1.8849999578669667,"[0.105397, -0.046965, 0.415687, -0.104992, -0.080276, 0.472391]"
CONTROL,1.889999957755208,"[0.105397, -0.046965, 0.415687, -0.104992, -0.080276, 0.472391]"
CONTROL,1.8949999576434493,"[0.105397, -0.046965, 0.415687, -0.104992, -0.080276, 0.472391]"
CONTROL,1.8999999575316906,"[0.102682, -0.051094, 0.411832, -0.104793, -0.078409, 0.476824]"
CONTROL,1.9049999574199319,"[0.102682, -0.051094, 0.411832, -0.104793, -0.078409, 0.476824]"
CONTROL,1.9099999573081732,"[0.102682, -0.051094, 0.411832, -0.104793, -0.078409, 0.476824]"
CONTROL,1.9149999571964145,"[0.102682, -0.051094, 0.411832, -0.104793, -0.078409, 0.476824]"
CONTROL,1.9199999570846558,"[0.099902, -0.05515, 0.408064, -0.104329, -0.076391, 0.481348]"
CONTROL,1.924999956972897,"[0.099902, -0.05515, 0.408064, -0.104329, -0.076391, 0.481348]"
CONTROL,1.9299999568611383,"[0.099902, -0.05515, 0.408064, -0.104329, -0.076391, 0.481348]"
CONTROL,1.9349999567493796,"[0.099902, -0.05515, 0.408064, -0.104329, -0.076391, 0.481348]"
CONTROL,1.939999956637621,"[0.097058, -0.059127, 0.404386, -0.103602, -0.074225, 0.485946]"
CONTROL,1.9449999565258622,"[0.097058, -0.059127, 0.404386, -0.103602, -0.074225, 0.485946]"
CONTROL,1.9499999564141035,"[0.097058, -0.059127, 0.404386, -0.103602, -0.074225, 0.485946]"
CONTROL,1.9549999563023448,"[0.097058, -0.059127, 0.404386, -0.103602, -0.074225, 0.485946]"
CONTROL,1.959999956190586,"[0.094154, -0.063021, 0.400803, -0.102613, -0.071915, 0.4906]"
CONTROL,1.9649999560788274,"[0.094154, -0.063021, 0.400803, -0.102613, -0.071915, 0.4906]"
CONTROL,1.9699999559670687,"[0.094154, -0.063021, 0.400803, -0.102613, -0.071915, 0.4906]"
CONTROL,1.97499995585531,"[0.094154, -0.063021, 0.400803, -0.102613, -0.071915, 0.4906]"
CONTROL,1.9799999557435513,"[0.09119, -0.066825, 0.397318, -0.101365, -0.069466, 0.495291]"
CONTROL,1.9849999556317925,"[0.09119, -0.066825, 0.397318, -0.101365, -0.069466, 0.495291]"
CONTROL,1.9899999555200338,"[0.09119, -0.066825, 0.397318, -0.101365, -0.069466, 0.495291]"
CONTROL,1.9949999554082751,"[0.09119, -0.066825, 0.397318, -0.101365, -0.069466, 0.495291]"
CONTROL,1.9999999552965164,"[0.088168, -0.070534, 0.393934, -0.099861, -0.066883, 0.5]"
CONTROL,2.0049999551847577,"[0.088168, -0.070534, 0.393934, -0.099861, -0.066883, 0.5]"
CONTROL,2.009999955072999,"[0.088168, -0.070534, 0.393934, -0.099861, -0.066883, 0.5]"
CONTROL,2.0149999549612403,"[0.088168, -0.070534, 0.393934, -0.099861, -0.066883, 0.5]"
CONTROL,2.0199999548494816,"[0.08509, -0.074143, 0.390655, -0.098105, -0.064171, 0.504709]"
CONTROL,2.024999954737723,"[0.08509, -0.074143, 0.390655, -0.098105, -0.064171, 0.504709]"
CONTROL,2.029999954625964,"[0.08509, -0.074143, 0.390655, -0.098105, -0.064171, 0.504709]"
CONTROL,2.0349999545142055,"[0.08509, -0.074143, 0.390655, -0.098105, -0.064171, 0.504709]"
CONTROL,2.0399999544024467,"[0.081959, -0.077647, 0.387483, -0.0961, -0.061334, 0.5094]"
CONTROL,2.044999954290688,"[0.081959, -0.077647, 0.387483, -0.0961, -0.061334, 0.5094]"
CONTROL,2.0499999541789293,"[0.081959, -0.077647, 0.387483, -0.0961, -0.061334, 0.5094]"
CONTROL,2.0549999540671706,"[0.081959, -0.077647, 0.387483, -0.0961, -0.061334, 0.5094]"
CONTROL,2.059999953955412,"[0.078776, -0.08104, 0.384423, -0.093853, -0.058379, 0.514054]"
CONTROL,2.064999953843653,"[0.078776, -0.08104, 0.384423, -0.093853, -0.058379, 0.514054]"
CONTROL,2.0699999537318945,"[0.078776, -0.08104, 0.384423, -0.093853, -0.058379, 0.514054]"
CONTROL,2.074999953620136,"[0.078776, -0.08104, 0.384423, -0.093853, -0.058379, 0.514054]"
CONTROL,2.079999953508377,"[0.075543, -0.084318, 0.381477, -0.091369, -0.05531, 0.518652]"
CONTROL,2.0849999533966184,"[0.075543, -0.084318, 0.381477, -0.091369, -0.05531, 0.518652]"
CONTROL,2.0899999532848597,"[0.075543, -0.084318, 0.381477, -0.091369, -0.05531, 0.518652]"
CONTROL,2.094999953173101,"[0.075543, -0.084318, 0.381477, -0.091369, -0.05531, 0.518652]"
CONTROL,2.0999999530613422,"[0.072263, -0.087476, 0.378647, -0.088654, -0.052135, 0.523176]"
CONTROL,2.1049999529495835,"[0.072263, -0.087476, 0.378647, -0.088654, -0.052135, 0.523176]"
CONTROL,2.109999952837825,"[0.072263, -0.087476, 0.378647, -0.088654, -0.052135, 0.523176]"
CONTROL,2.114999952726066,"[0.072263, -0.087476, 0.378647, -0.088654, -0.052135, 0.523176]"
CONTROL,2.1199999526143074,"[0.068937, -0.09051, 0.375938, -0.085716, -0.048859, 0.527609]"
CONTROL,2.1249999525025487,"[0.068937, -0.09051, 0.375938, -0.085716, -0.048859, 0.527609]"
CONTROL,2.12999995239079,"[0.068937, -0.09051, 0.375938, -0.085716, -0.048859, 0.527609]"
CONTROL,2.1349999522790313,"[0.068937, -0.09051, 0.375938, -0.085716, -0.048859, 0.527609]"
CONTROL,2.1399999521672726,"[0.065567, -0.093415, 0.373351, -0.08256, -0.045489, 0.531933]"
CONTROL,2.144999952055514,"[0.065567, -0.093415, 0.373351, -0.08256, -0.045489, 0.531933]"
CONTROL,2.149999951943755,"[0.065567, -0.093415, 0.373351, -0.08256, -0.045489, 0.531933]"
CONTROL,2.1549999518319964,"[0.065567, -0.093415, 0.373351, -0.08256, -0.045489, 0.531933]"
CONTROL,2.1599999517202377,"[0.062156, -0.096188, 0.370889, -0.079196, -0.04203, 0.536132]"
CONTROL,2.164999951608479,"[0.062156, -0.096188, 0.370889, -0.079196, -0.04203, 0.536132]"
CONTROL,2.1699999514967203,"[0.062156, -0.096188, 0.370889, -0.079196, -0.04203, 0.536132]"
CONTROL,2.1749999513849616,"[0.062156, -0.096188, 0.370889, -0.079196, -0.04203, 0.536132]"
CONTROL,2.179999951273203,"[0.058706, -0.098824, 0.368554, -0.075632, -0.038491, 0.540187]"
CONTROL,2.184999951161444,"[0.058706, -0.098824, 0.368554, -0.075632, -0.038491, 0.540187]"
CONTROL,2.1899999510496855,"[0.058706, -0.098824, 0.368554, -0.075632, -0.038491, 0.540187]"
CONTROL,2.1949999509379268,"[0.058706, -0.098824, 0.368554, -0.075632, -0.038491, 0.540187]"
CONTROL,2.199999950826168,"[0.055219, -0.101319, 0.366349, -0.071877, -0.034876, 0.544084]"
CONTROL,2.2049999507144094,"[0.055219, -0.101319, 0.366349, -0.071877, -0.034876, 0.544084]"
CONTROL,2.2099999506026506,"[0.055219, -0.101319, 0.366349, -0.071877, -0.034876, 0.544084]"
CONTROL,2.214999950490892,"[0.055219, -0.101319, 0.366349, -0.071877, -0.034876, 0.544084]"
CONTROL,2.2199999503791332,"[0.051696, -0.103671, 0.364276, -0.067941, -0.031195, 0.547807]"
CONTROL,2.2249999502673745,"[0.051696, -0.103671, 0.364276, -0.067941, -0.031195, 0.547807]"
CONTROL,2.229999950155616,"[0.051696, -0.103671, 0.364276, -0.067941, -0.031195, 0.547807]"
CONTROL,2.234999950043857,"[0.051696, -0.103671, 0.364276, -0.067941, -0.031195, 0.547807]"
CONTROL,2.2399999499320984,"[0.048142, -0.105875, 0.362337, -0.063833, -0.027453, 0.551341]"
CONTROL,2.2449999498203397,"[0.048142, -0.105875, 0.362337, -0.063833, -0.027453, 0.551341]"
CONTROL,2.249999949708581,"[0.048142, -0.105875, 0.362337, -0.063833, -0.027453, 0.551341]"
CONTROL,2.2549999495968223,"[0.048142, -0.105875, 0.362337, -0.063833, -0.027453, 0.551341]"
CONTROL,2.2599999494850636,"[0.044556, -0.107929, 0.360534, -0.059563, -0.023658, 0.554673]"
CONTROL,2.264999949373305,"[0.044556, -0.107929, 0.360534, -0.059563, -0.023658, 0.554673]"
CONTROL,2.269999949261546,"[0.044556, -0.107929, 0.360534, -0.059563, -0.023658, 0.554673]"
CONTROL,2.2749999491497874,"[0.044556, -0.107929, 0.360534, -0.059563, -0.023658, 0.554673]"
CONTROL,2.2799999490380287,"[0.040943, -0.109829, 0.358868, -0.055143, -0.019817, 0.557788]"
CONTROL,2.28499994892627,"[0.040943, -0.109829, 0.358868, -0.055143, -0.019817, 0.557788]"
CONTROL,2.2899999488145113,"[0.040943, -0.109829, 0.358868, -0.055143, -0.019817, 0.557788]"
CONTROL,2.2949999487027526,"[0.040943, -0.109829, 0.358868, -0.055143, -0.019817, 0.557788]"
CONTROL,2.299999948590994,"[0.037303, -0.111573, 0.357342, -0.050584, -0.015938, 0.560676]"
CONTROL,2.304999948479235,"[0.037303, -0.111573, 0.357342, -0.050584, -0.015938, 0.560676]"
CONTROL,2.3099999483674765,"[0.037303, -0.111573, 0.357342, -0.050584, -0.015938, 0.560676]"
CONTROL,2.3149999482557178,"[0.037303, -0.111573, 0.357342, -0.050584, -0.015938, 0.560676]"
CONTROL,2.319999948143959,"[0.033641, -0.113159, 0.355956, -0.045897, -0.012028, 0.563325]"
CONTROL,2.3249999480322003,"[0.033641, -0.113159, 0.355956, -0.045897, -0.012028, 0.563325]"
CONTROL,2.3299999479204416,"[0.033641, -0.113159, 0.355956, -0.045897, -0.012028, 0.563325]"
CONTROL,2.334999947808683,"[0.033641, -0.113159, 0.355956, -0.045897, -0.012028, 0.563325]"
CONTROL,2.339999947696924,"[0.029956, -0.114584, 0.354713, -0.041094, -0.008094, 0.565723]"
CONTROL,2.3449999475851655,"[0.029956, -0.114584, 0.354713, -0.041094, -0.008094, 0.565723]"
CONTROL,2.349999947473407,"[0.029956, -0.114584, 0.354713, -0.041094, -0.008094, 0.565723]"
CONTROL,2.354999947361648,"[0.029956, -0.114584, 0.354713, -0.041094, -0.008094, 0.565723]"
CONTROL,2.3599999472498894,"[0.026253, -0.115846, 0.353612, -0.036188, -0.004145, 0.567862]"
CONTROL,2.3649999471381307,"[0.026253, -0.115846, 0.353612, -0.036188, -0.004145, 0.567862]"
CONTROL,2.369999947026372,"[0.026253, -0.115846, 0.353612, -0.036188, -0.004145, 0.567862]"
CONTROL,2.3749999469146132,"[0.026253, -0.115846, 0.353612, -0.036188, -0.004145, 0.567862]"
CONTROL,2.3799999468028545,"[0.022534, -0.116943, 0.352657, -0.031189, -0.000188, 0.569733]"
CONTROL,2.384999946691096,"[0.022534, -0.116943, 0.352657, -0.031189, -0.000188, 0.569733]"
CONTROL,2.389999946579337,"[0.022534, -0.116943, 0.352657, -0.031189, -0.000188, 0.569733]"
CONTROL,2.3949999464675784,"[0.022534, -0.116943, 0.352657, -0.031189, -0.000188, 0.569733]"
CONTROL,2.3999999463558197,"[0.0188, -0.117874, 0.351847, -0.026112, 0.003769, 0.571329]"
CONTROL,2.404999946244061,"[0.0188, -0.117874, 0.351847, -0.026112, 0.003769, 0.571329]"
CONTROL,2.4099999461323023,"[0.0188, -0.117874, 0.351847, -0.026112, 0.003769, 0.571329]"
CONTROL,2.4149999460205436,"[0.0188, -0.117874, 0.351847, -0.026112, 0.003769, 0.571329]"
CONTROL,2.419999945908785,"[0.015054, -0.118638, 0.351183, -0.02097, 0.007719, 0.572644]"
CONTROL,2.424999945797026,"[0.015054, -0.118638, 0.351183, -0.02097, 0.007719, 0.572644]"
CONTROL,2.4299999456852674,"[0.015054, -0.118638, 0.351183, -0.02097, 0.007719, 0.572644]"
CONTROL,2.4349999455735087,"[0.015054, -0.118638, 0.351183, -0.02097, 0.007719, 0.572644]"
CONTROL,2.43999994546175,"[0.011299, -0.119233, 0.350666, -0.015774, 0.011654, 0.573672]"
CONTROL,2.4449999453499913,"[0.011299, -0.119233, 0.350666, -0.015774, 0.011654, 0.573672]"
CONTROL,2.4499999452382326,"[0.011299, -0.119233, 0.350666, -0.015774, 0.011654, 0.573672]"
CONTROL,2.454999945126474,"[0.011299, -0.119233, 0.350666, -0.015774, 0.011654, 0.573672]"
CONTROL,2.459999945014715,"[0.007537, -0.119659, 0.350296, -0.010538, 0.015566, 0.574409]"
CONTROL,2.4649999449029565,"[0.007537, -0.119659, 0.350296, -0.010538, 0.015566, 0.574409]"
CONTROL,2.4699999447911978,"[0.007537, -0.119659, 0.350296, -0.010538, 0.015566, 0.574409]"
CONTROL,2.474999944679439,"[0.007537, -0.119659, 0.350296, -0.010538, 0.015566, 0.574409]"
CONTROL,2.4799999445676804,"[0.00377, -0.119915, 0.350074, -0.005276, 0.019449, 0.574852]"
CONTROL,2.4849999444559216,"[0.00377, -0.119915, 0.350074, -0.005276, 0.019449, 0.574852]"
CONTROL,2.489999944344163,"[0.00377, -0.119915, 0.350074, -0.005276, 0.019449, 0.574852]"
CONTROL,2.4949999442324042,"[0.00377, -0.119915, 0.350074, -0.005276, 0.019449, 0.574852]"
CONTROL,2.4999999441206455,"[0.0, -0.12, 0.35, -0.0, 0.023294, 0.575]"
CONTROL,2.504999944008887,"[0.0, -0.12, 0.35, -0.0, 0.023294, 0.575]"
CONTROL,2.509999943897128,"[0.0, -0.12, 0.35, -0.0, 0.023294, 0.575]"
CONTROL,2.5149999437853694,"[0.0, -0.12, 0.35, -0.0, 0.023294, 0.575]"
CONTROL,2.5199999436736107,"[-0.00377, -0.119915, 0.350074, 0.005276, 0.027093, 0.574852]"
CONTROL,2.524999943561852,"[-0.00377, -0.119915, 0.350074, 0.005276, 0.027093, 0.574852]"
CONTROL,2.5299999434500933,"[-0.00377, -0.119915, 0.350074, 0.005276, 0.027093, 0.574852]"
CONTROL,2.5349999433383346,"[-0.00377, -0.119915, 0.350074, 0.005276, 0.027093, 0.574852]"
CONTROL,2.539999943226576,"[-0.007537, -0.119659, 0.350296, 0.010538, 0.030841, 0.574409]"
CONTROL,2.544999943114817,"[-0.007537, -0.119659, 0.350296, 0.010538, 0.030841, 0.574409]"
CONTROL,2.5499999430030584,"[-0.007537, -0.119659, 0.350296, 0.010538, 0.030841, 0.574409]"
CONTROL,2.5549999428912997,"[-0.007537, -0.119659, 0.350296, 0.010538, 0.030841, 0.574409]"
CONTROL,2.559999942779541,"[-0.011299, -0.119233, 0.350666, 0.015774, 0.034529, 0.573672]"
CONTROL,2.5649999426677823,"[-0.011299, -0.119233, 0.350666, 0.015774, 0.034529, 0.573672]"
CONTROL,2.5699999425560236,"[-0.011299, -0.119233, 0.350666, 0.015774, 0.034529, 0.573672]"
CONTROL,2.574999942444265,"[-0.011299, -0.119233, 0.350666, 0.015774, 0.034529, 0.573672]"
CONTROL,2.579999942332506,"[-0.015054, -0.118638, 0.351183, 0.02097, 0.038149, 0.572644]"
CONTROL,2.5849999422207475,"[-0.015054, -0.118638, 0.351183, 0.02097, 0.038149, 0.572644]"
CONTROL,2.5899999421089888,"[-0.015054, -0.118638, 0.351183, 0.02097, 0.038149, 0.572644]"
CONTROL,2.59499994199723,"[-0.015054, -0.118638, 0.351183, 0.02097, 0.038149, 0.572644]"
CONTROL,2.5999999418854713,"[-0.0188, -0.117874, 0.351847, 0.026112, 0.041697, 0.571329]"
CONTROL,2.6049999417737126,"[-0.0188, -0.117874, 0.351847, 0.026112, 0.041697, 0.571329]"
CONTROL,2.609999941661954,"[-0.0188, -0.117874, 0.351847, 0.026112, 0.041697, 0.571329]"
CONTROL,2.614999941550195,"[-0.0188, -0.117874, 0.351847, 0.026112, 0.041697, 0.571329]"
CONTROL,2.6199999414384365,"[-0.022534, -0.116943, 0.352657, 0.031189, 0.045163, 0.569733]"
CONTROL,2.624999941326678,"[-0.022534, -0.116943, 0.352657, 0.031189, 0.045163, 0.569733]"
CONTROL,2.629999941214919,"[-0.022534, -0.116943, 0.352657, 0.031189, 0.045163, 0.569733]"
CONTROL,2.6349999411031604,"[-0.022534, -0.116943, 0.352657, 0.031189, 0.045163, 0.569733]"
CONTROL,2.6399999409914017,"[-0.026253, -0.115846, 0.353612, 0.036188, 0.048542, 0.567862]"
CONTROL,2.644999940879643,"[-0.026253, -0.115846, 0.353612, 0.036188, 0.048542, 0.567862]"
CONTROL,2.6499999407678843,"[-0.026253, -0.115846, 0.353612, 0.036188, 0.048542, 0.567862]"
CONTROL,2.6549999406561255,"[-0.026253, -0.115846, 0.353612, 0.036188, 0.048542, 0.567862]"
CONTROL,2.659999940544367,"[-0.029956, -0.114584, 0.354713, 0.041094, 0.051828, 0.565723]"
CONTROL,2.664999940432608,"[-0.029956, -0.114584, 0.354713, 0.041094, 0.051828, 0.565723]"
CONTROL,2.6699999403208494,"[-0.029956, -0.114584, 0.354713, 0.041094, 0.051828, 0.565723]"
CONTROL,2.6749999402090907,"[-0.029956, -0.114584, 0.354713, 0.041094, 0.051828, 0.565723]"
CONTROL,2.679999940097332,"[-0.033641, -0.113159, 0.355956, 0.045897, 0.055013, 0.563325]"
CONTROL,2.6849999399855733,"[-0.033641, -0.113159, 0.355956, 0.045897, 0.055013, 0.563325]"
CONTROL,2.6899999398738146,"[-0.033641, -0.113159, 0.355956, 0.045897, 0.055013, 0.563325]"
CONTROL,2.694999939762056,"[-0.033641, -0.113159, 0.355956, 0.045897, 0.055013, 0.563325]"
CONTROL,2.699999939650297,"[-0.037303, -0.111573, 0.357342, 0.050584, 0.058091, 0.560676]"
CONTROL,2.7049999395385385,"[-0.037303, -0.111573, 0.357342, 0.050584, 0.058091, 0.560676]"
CONTROL,2.7099999394267797,"[-0.037303, -0.111573, 0.357342, 0.050584, 0.058091, 0.560676]"
CONTROL,2.714999939315021,"[-0.037303, -0.111573, 0.357342, 0.050584, 0.058091, 0.560676]"
CONTROL,2.7199999392032623,"[-0.040943, -0.109829, 0.358868, 0.055143, 0.061057, 0.557788]"
CONTROL,2.7249999390915036,"[-0.040943, -0.109829, 0.358868, 0.055143, 0.061057, 0.557788]"
CONTROL,2.729999938979745,"[-0.040943, -0.109829, 0.358868, 0.055143, 0.061057, 0.557788]"
CONTROL,2.734999938867986,"[-0.040943, -0.109829, 0.358868, 0.055143, 0.061057, 0.557788]"
CONTROL,2.7399999387562275,"[-0.044556, -0.107929, 0.360534, 0.059563, 0.063906, 0.554673]"
CONTROL,2.744999938644469,"[-0.044556, -0.107929, 0.360534, 0.059563, 0.063906, 0.554673]"
CONTROL,2.74999993853271,"[-0.044556, -0.107929, 0.360534, 0.059563, 0.063906, 0.554673]"
CONTROL,2.7549999384209514,"[-0.044556, -0.107929, 0.360534, 0.059563, 0.063906, 0.554673]"
CONTROL,2.7599999383091927,"[-0.048142, -0.105875, 0.362337, 0.063833, 0.06663, 0.551341]"
CONTROL,2.764999938197434,"[-0.048142, -0.105875, 0.362337, 0.063833, 0.06663, 0.551341]"
CONTROL,2.7699999380856752,"[-0.048142, -0.105875, 0.362337, 0.063833, 0.06663, 0.551341]"
CONTROL,2.7749999379739165,"[-0.048142, -0.105875, 0.362337, 0.063833, 0.06663, 0.551341]"
CONTROL,2.779999937862158,"[-0.051696, -0.103671, 0.364276, 0.067941, 0.069226, 0.547807]"
CONTROL,2.784999937750399,"[-0.051696, -0.103671, 0.364276, 0.067941, 0.069226, 0.547807]"
CONTROL,2.7899999376386404,"[-0.051696, -0.103671, 0.364276, 0.067941, 0.069226, 0.547807]"
CONTROL,2.7949999375268817,"[-0.051696, -0.103671, 0.364276, 0.067941, 0.069226, 0.547807]"
CONTROL,2.799999937415123,"[-0.055219, -0.101319, 0.366349, 0.071877, 0.071688, 0.544084]"
CONTROL,2.8049999373033643,"[-0.055219, -0.101319, 0.366349, 0.071877, 0.071688, 0.544084]"
CONTROL,2.8099999371916056,"[-0.055219, -0.101319, 0.366349, 0.071877, 0.071688, 0.544084]"
CONTROL,2.814999937079847,"[-0.055219, -0.101319, 0.366349, 0.071877, 0.071688, 0.544084]"
CONTROL,2.819999936968088,"[-0.058706, -0.098824, 0.368554, 0.075632, 0.074011, 0.540187]"
CONTROL,2.8249999368563294,"[-0.058706, -0.098824, 0.368554, 0.075632, 0.074011, 0.540187]"
CONTROL,2.8299999367445707,"[-0.058706, -0.098824, 0.368554, 0.075632, 0.074011, 0.540187]"
CONTROL,2.834999936632812,"[-0.058706, -0.098824, 0.368554, 0.075632, 0.074011, 0.540187]"
CONTROL,2.8399999365210533,"[-0.062156, -0.096188, 0.370889, 0.079196, 0.076191, 0.536132]"
CONTROL,2.8449999364092946,"[-0.062156, -0.096188, 0.370889, 0.079196, 0.076191, 0.536132]"
CONTROL,2.849999936297536,"[-0.062156, -0.096188, 0.370889, 0.079196, 0.076191, 0.536132]"
CONTROL,2.854999936185777,"[-0.062156, -0.096188, 0.370889, 0.079196, 0.076191, 0.536132]"
CONTROL,2.8599999360740185,"[-0.065567, -0.093415, 0.373351, 0.08256, 0.078223, 0.531933]"
CONTROL,2.8649999359622598,"[-0.065567, -0.093415, 0.373351, 0.08256, 0.078223, 0.531933]"
CONTROL,2.869999935850501,"[-0.065567, -0.093415, 0.373351, 0.08256, 0.078223, 0.531933]"
CONTROL,2.8749999357387424,"[-0.065567, -0.093415, 0.373351, 0.08256, 0.078223, 0.531933]"
CONTROL,2.8799999356269836,"[-0.068937, -0.09051, 0.375938, 0.085716, 0.080105, 0.527609]"
CONTROL,2.884999935515225,"[-0.068937, -0.09051, 0.375938, 0.085716, 0.080105, 0.527609]"
CONTROL,2.8899999354034662,"[-0.068937, -0.09051, 0.375938, 0.085716, 0.080105, 0.527609]"
CONTROL,2.8949999352917075,"[-0.068937, -0.09051, 0.375938, 0.085716, 0.080105, 0.527609]"
CONTROL,2.899999935179949,"[-0.072263, -0.087476, 0.378647, 0.088654, 0.081831, 0.523176]"
CONTROL,2.90499993506819,"[-0.072263, -0.087476, 0.378647, 0.088654, 0.081831, 0.523176]"
CONTROL,2.9099999349564314,"[-0.072263, -0.087476, 0.378647, 0.088654, 0.081831, 0.523176]"
CONTROL,2.9149999348446727,"[-0.072263, -0.087476, 0.378647, 0.088654, 0.081831, 0.523176]"
CONTROL,2.919999934732914,"[-0.075543, -0.084318, 0.381477, 0.091369, 0.083399, 0.518652]"
CONTROL,2.9249999346211553,"[-0.075543, -0.084318, 0.381477, 0.091369, 0.083399, 0.518652]"
CONTROL,2.9299999345093966,"[-0.075543, -0.084318, 0.381477, 0.091369, 0.083399, 0.518652]"
CONTROL,2.934999934397638,"[-0.075543, -0.084318, 0.381477, 0.091369, 0.083399, 0.518652]"
CONTROL,2.939999934285879,"[-0.078776, -0.08104, 0.384423, 0.093853, 0.084806, 0.514054]"
CONTROL,2.9449999341741204,"[-0.078776, -0.08104, 0.384423, 0.093853, 0.084806, 0.514054]"
CONTROL,2.9499999340623617,"[-0.078776, -0.08104, 0.384423, 0.093853, 0.084806, 0.514054]"
CONTROL,2.954999933950603,"[-0.078776, -0.08104, 0.384423, 0.093853, 0.084806, 0.514054]"
CONTROL,2.9599999338388443,"[-0.081959, -0.077647, 0.387483, 0.0961, 0.086049, 0.5094]"
CONTROL,2.9649999337270856,"[-0.081959, -0.077647, 0.387483, 0.0961, 0.086049, 0.5094]"
CONTROL,2.969999933615327,"[-0.081959, -0.077647, 0.387483, 0.0961, 0.086049, 0.5094]"
CONTROL,2.974999933503568,"[-0.081959, -0.077647, 0.387483, 0.0961, 0.086049, 0.5094]"
CONTROL,2.9799999333918095,"[-0.08509, -0.074143, 0.390655, 0.098105, 0.087125, 0.504709]"
CONTROL,2.9849999332800508,"[-0.08509, -0.074143, 0.390655, 0.098105, 0.087125, 0.504709]"
CONTROL,2.989999933168292,"[-0.08509, -0.074143, 0.390655, 0.098105, 0.087125, 0.504709]"
CONTROL,2.9949999330565333,"[-0.08509, -0.074143, 0.390655, 0.098105, 0.087125, 0.504709]"
CONTROL,2.9999999329447746,"[-0.088168, -0.070534, 0.393934, 0.099861, 0.088033, 0.5]"
CONTROL,3.004999932833016,"[-0.088168, -0.070534, 0.393934, 0.099861, 0.088033, 0.5]"
CONTROL,3.009999932721257,"[-0.088168, -0.070534, 0.393934, 0.099861, 0.088033, 0.5]"
CONTROL,3.0149999326094985,"[-0.088168, -0.070534, 0.393934, 0.099861, 0.088033, 0.5]"
CONTROL,3.01999993249774,"[-0.09119, -0.066825, 0.397318, 0.101365, 0.088771, 0.495291]"
CONTROL,3.024999932385981,"[-0.09119, -0.066825, 0.397318, 0.101365, 0.088771, 0.495291]"
CONTROL,3.0299999322742224,"[-0.09119, -0.066825, 0.397318, 0.101365, 0.088771, 0.495291]"
CONTROL,3.0349999321624637,"[-0.09119, -0.066825, 0.397318, 0.101365, 0.088771, 0.495291]"
CONTROL,3.039999932050705,"[-0.094154, -0.063021, 0.400803, 0.102613, 0.089337, 0.4906]"
CONTROL,3.0449999319389462,"[-0.094154, -0.063021, 0.400803, 0.102613, 0.089337, 0.4906]"
CONTROL,3.0499999318271875,"[-0.094154, -0.063021, 0.400803, 0.102613, 0.089337, 0.4906]"
CONTROL,3.054999931715429,"[-0.094154, -0.063021, 0.400803, 0.102613, 0.089337, 0.4906]"
CONTROL,3.05999993160367,"[-0.097058, -0.059127, 0.404386, 0.103602, 0.08973, 0.485946]"
CONTROL,3.0649999314919114,"[-0.097058, -0.059127, 0.404386, 0.103602, 0.08973, 0.485946]"
CONTROL,3.0699999313801527,"[-0.097058, -0.059127, 0.404386, 0.103602, 0.08973, 0.485946]"
CONTROL,3.074999931268394,"[-0.097058, -0.059127, 0.404386, 0.103602, 0.08973, 0.485946]"
CONTROL,3.0799999311566353,"[-0.099902, -0.05515, 0.408064, 0.104329, 0.089949, 0.481348]"
CONTROL,3.0849999310448766,"[-0.099902, -0.05515, 0.408064, 0.104329, 0.089949, 0.481348]"
CONTROL,3.089999930933118,"[-0.099902, -0.05515, 0.408064, 0.104329, 0.089949, 0.481348]"
CONTROL,3.094999930821359,"[-0.099902, -0.05515, 0.408064, 0.104329, 0.089949, 0.481348]"
CONTROL,3.0999999307096004,"[-0.102682, -0.051094, 0.411832, 0.104793, 0.089995, 0.476824]"
CONTROL,3.1049999305978417,"[-0.102682, -0.051094, 0.411832, 0.104793, 0.089995, 0.476824]"
CONTROL,3.109999930486083,"[-0.102682, -0.051094, 0.411832, 0.104793, 0.089995, 0.476824]"
CONTROL,3.1149999303743243,"[-0.102682, -0.051094, 0.411832, 0.104793, 0.089995, 0.476824]"
CONTROL,3.1199999302625656,"[-0.105397, -0.046965, 0.415687, 0.104992, 0.089867, 0.472391]"
CONTROL,3.124999930150807,"[-0.105397, -0.046965, 0.415687, 0.104992, 0.089867, 0.472391]"
CONTROL,3.129999930039048,"[-0.105397, -0.046965, 0.415687, 0.104992, 0.089867, 0.472391]"
CONTROL,3.1349999299272895,"[-0.105397, -0.046965, 0.415687, 0.104992, 0.089867, 0.472391]"
CONTROL,3.1399999298155308,"[-0.108046, -0.042769, 0.419626, 0.104925, 0.089564, 0.468067]"
CONTROL,3.144999929703772,"[-0.108046, -0.042769, 0.419626, 0.104925, 0.089564, 0.468067]"
CONTROL,3.1499999295920134,"[-0.108046, -0.042769, 0.419626, 0.104925, 0.089564, 0.468067]"
CONTROL,3.1549999294802547,"[-0.108046, -0.042769, 0.419626, 0.104925, 0.089564, 0.468067]"
CONTROL,3.159999929368496,"[-0.110627, -0.038513, 0.423644, 0.104594, 0.089089, 0.463868]"
CONTROL,3.1649999292567372,"[-0.110627, -0.038513, 0.423644, 0.104594, 0.089089, 0.463868]"
CONTROL,3.1699999291449785,"[-0.110627, -0.038513, 0.423644, 0.104594, 0.089089, 0.463868]"
CONTROL,3.17499992903322,"[-0.110627, -0.038513, 0.423644, 0.104594, 0.089089, 0.463868]"
CONTROL,3.179999928921461,"[-0.113138, -0.034202, 0.427737, 0.103998, 0.088441, 0.459813]"
CONTROL,3.1849999288097024,"[-0.113138, -0.034202, 0.427737, 0.103998, 0.088441, 0.459813]"
CONTROL,3.1899999286979437,"[-0.113138, -0.034202, 0.427737, 0.103998, 0.088441, 0.459813]"
CONTROL,3.194999928586185,"[-0.113138, -0.034202, 0.427737, 0.103998, 0.088441, 0.459813]"
CONTROL,3.1999999284744263,"[-0.115577, -0.029843, 0.431901, 0.10314, 0.087622, 0.455916]"
CONTROL,3.2049999283626676,"[-0.115577, -0.029843, 0.431901, 0.10314, 0.087622, 0.455916]"
CONTROL,3.209999928250909,"[-0.115577, -0.029843, 0.431901, 0.10314, 0.087622, 0.455916]"
CONTROL,3.21499992813915,"[-0.115577, -0.029843, 0.431901, 0.10314, 0.087622, 0.455916]"
CONTROL,3.2199999280273914,"[-0.117943, -0.025441, 0.436133, 0.102021, 0.086634, 0.452193]"
CONTROL,3.2249999279156327,"[-0.117943, -0.025441, 0.436133, 0.102021, 0.086634, 0.452193]"
CONTROL,3.229999927803874,"[-0.117943, -0.025441, 0.436133, 0.102021, 0.086634, 0.452193]"
CONTROL,3.2349999276921153,"[-0.117943, -0.025441, 0.436133, 0.102021, 0.086634, 0.452193]"
CONTROL,3.2399999275803566,"[-0.120235, -0.021003, 0.440428, 0.100645, 0.085478, 0.448659]"
CONTROL,3.244999927468598,"[-0.120235, -0.021003, 0.440428, 0.100645, 0.085478, 0.448659]"
CONTROL,3.249999927356839,"[-0.120235, -0.021003, 0.440428, 0.100645, 0.085478, 0.448659]"
CONTROL,3.2549999272450805,"[-0.120235, -0.021003, 0.440428, 0.100645, 0.085478, 0.448659]"
CONTROL,3.2599999271333218,"[-0.122451, -0.016535, 0.444781, 0.099014, 0.084157, 0.445327]"
CONTROL,3.264999927021563,"[-0.122451, -0.016535, 0.444781, 0.099014, 0.084157, 0.445327]"
CONTROL,3.2699999269098043,"[-0.122451, -0.016535, 0.444781, 0.099014, 0.084157, 0.445327]"
CONTROL,3.2749999267980456,"[-0.122451, -0.016535, 0.444781, 0.099014, 0.084157, 0.445327]"
CONTROL,3.279999926686287,"[-0.124589, -0.012043, 0.449189, 0.097133, 0.082673, 0.442212]"
CONTROL,3.284999926574528,"[-0.124589, -0.012043, 0.449189, 0.097133, 0.082673, 0.442212]"
CONTROL,3.2899999264627695,"[-0.124589, -0.012043, 0.449189, 0.097133, 0.082673, 0.442212]"
CONTROL,3.294999926351011,"[-0.124589, -0.012043, 0.449189, 0.097133, 0.082673, 0.442212]"
CONTROL,3.299999926239252,"[-0.126649, -0.007535, 0.453647, 0.095007, 0.081029, 0.439324]"
CONTROL,3.3049999261274934,"[-0.126649, -0.007535, 0.453647, 0.095007, 0.081029, 0.439324]"
CONTROL,3.3099999260157347,"[-0.126649, -0.007535, 0.453647, 0.095007, 0.081029, 0.439324]"
CONTROL,3.314999925903976,"[-0.126649, -0.007535, 0.453647, 0.095007, 0.081029, 0.439324]"
CONTROL,3.3199999257922173,"[-0.128629, -0.003016, 0.458151, 0.092641, 0.079228, 0.436675]"
CONTROL,3.3249999256804585,"[-0.128629, -0.003016, 0.458151, 0.092641, 0.079228, 0.436675]"
CONTROL,3.3299999255687,"[-0.128629, -0.003016, 0.458151, 0.092641, 0.079228, 0.436675]"
CONTROL,3.334999925456941,"[-0.128629, -0.003016, 0.458151, 0.092641, 0.079228, 0.436675]"
CONTROL,3.3399999253451824,"[-0.130528, 0.001508, 0.462697, 0.09004, 0.077274, 0.434277]"
CONTROL,3.3449999252334237,"[-0.130528, 0.001508, 0.462697, 0.09004, 0.077274, 0.434277]"
CONTROL,3.349999925121665,"[-0.130528, 0.001508, 0.462697, 0.09004, 0.077274, 0.434277]"
CONTROL,3.3549999250099063,"[-0.130528, 0.001508, 0.462697, 0.09004, 0.077274, 0.434277]"
CONTROL,3.3599999248981476,"[-0.132344, 0.006029, 0.467279, 0.087213, 0.075171, 0.432138]"
CONTROL,3.364999924786389,"[-0.132344, 0.006029, 0.467279, 0.087213, 0.075171, 0.432138]"
CONTROL,3.36999992467463,"[-0.132344, 0.006029, 0.467279, 0.087213, 0.075171, 0.432138]"
CONTROL,3.3749999245628715,"[-0.132344, 0.006029, 0.467279, 0.087213, 0.075171, 0.432138]"
CONTROL,3.3799999244511127,"[-0.134076, 0.010542, 0.471893, 0.084165, 0.072922, 0.430267]"
CONTROL,3.384999924339354,"[-0.134076, 0.010542, 0.471893, 0.084165, 0.072922, 0.430267]"
CONTROL,3.3899999242275953,"[-0.134076, 0.010542, 0.471893, 0.084165, 0.072922, 0.430267]"
CONTROL,3.3949999241158366,"[-0.134076, 0.010542, 0.471893, 0.084165, 0.072922, 0.430267]"
CONTROL,3.399999924004078,"[-0.135724, 0.01504, 0.476535, 0.080904, 0.070532, 0.428671]"
CONTROL,3.404999923892319,"[-0.135724, 0.01504, 0.476535, 0.080904, 0.070532, 0.428671]"
CONTROL,3.4099999237805605,"[-0.135724, 0.01504, 0.476535, 0.080904, 0.070532, 0.428671]"
CONTROL,3.414999923668802,"[-0.135724, 0.01504, 0.476535, 0.080904, 0.070532, 0.428671]"
CONTROL,3.419999923557043,"[-0.137286, 0.019516, 0.4812, 0.077439, 0.068006, 0.427356]"
CONTROL,3.4249999234452844,"[-0.137286, 0.019516, 0.4812, 0.077439, 0.068006, 0.427356]"
CONTROL,3.4299999233335257,"[-0.137286, 0.019516, 0.4812, 0.077439, 0.068006, 0.427356]"
CONTROL,3.434999923221767,"[-0.137286, 0.019516, 0.4812, 0.077439, 0.068006, 0.427356]"
CONTROL,3.4399999231100082,"[-0.138762, 0.023965, 0.485884, 0.073778, 0.065349, 0.426328]"
CONTROL,3.4449999229982495,"[-0.138762, 0.023965, 0.485884, 0.073778, 0.065349, 0.426328]"
CONTROL,3.449999922886491,"[-0.138762, 0.023965, 0.485884, 0.073778, 0.065349, 0.426328]"
CONTROL,3.454999922774732,"[-0.138762, 0.023965, 0.485884, 0.073778, 0.065349, 0.426328]"
CONTROL,3.4599999226629734,"[-0.140149, 0.02838, 0.490581, 0.069931, 0.062564, 0.425591]"
CONTROL,3.4649999225512147,"[-0.140149, 0.02838, 0.490581, 0.069931, 0.062564, 0.425591]"
CONTROL,3.469999922439456,"[-0.140149, 0.02838, 0.490581, 0.069931, 0.062564, 0.425591]"
CONTROL,3.4749999223276973,"[-0.140149, 0.02838, 0.490581, 0.069931, 0.062564, 0.425591]"
CONTROL,3.4799999222159386,"[-0.141449, 0.032754, 0.495288, 0.065908, 0.059659, 0.425148]"
CONTROL,3.48499992210418,"[-0.141449, 0.032754, 0.495288, 0.065908, 0.059659, 0.425148]"
CONTROL,3.489999921992421,"[-0.141449, 0.032754, 0.495288, 0.065908, 0.059659, 0.425148]"
CONTROL,3.4949999218806624,"[-0.141449, 0.032754, 0.495288, 0.065908, 0.059659, 0.425148]"
CONTROL,3.4999999217689037,"[-0.142658, 0.037082, 0.5, 0.061717, 0.056639, 0.425]"
CONTROL,3.504999921657145,"[-0.142658, 0.037082, 0.5, 0.061717, 0.056639, 0.425]"
CONTROL,3.5099999215453863,"[-0.142658, 0.037082, 0.5, 0.061717, 0.056639, 0.425]"
CONTROL,3.5149999214336276,"[-0.142658, 0.037082, 0.5, 0.061717, 0.056639, 0.425]"
CONTROL,3.519999921321869,"[-0.143778, 0.041357, 0.504712, 0.057371, 0.053509, 0.425148]"
CONTROL,3.52499992121011,"[-0.143778, 0.041357, 0.504712, 0.057371, 0.053509, 0.425148]"
CONTROL,3.5299999210983515,"[-0.143778, 0.041357, 0.504712, 0.057371, 0.053509, 0.425148]"
CONTROL,3.5349999209865928,"[-0.143778, 0.041357, 0.504712, 0.057371, 0.053509, 0.425148]"
CONTROL,3.539999920874834,"[-0.144807, 0.045573, 0.509419, 0.05288, 0.050275, 0.425591]"
CONTROL,3.5449999207630754,"[-0.144807, 0.045573, 0.509419, 0.05288, 0.050275, 0.425591]"
CONTROL,3.5499999206513166,"[-0.144807, 0.045573, 0.509419, 0.05288, 0.050275, 0.425591]"
CONTROL,3.554999920539558,"[-0.144807, 0.045573, 0.509419, 0.05288, 0.050275, 0.425591]"
CONTROL,3.5599999204277992,"[-0.145745, 0.049725, 0.514116, 0.048256, 0.046944, 0.426328]"
CONTROL,3.5649999203160405,"[-0.145745, 0.049725, 0.514116, 0.048256, 0.046944, 0.426328]"
CONTROL,3.569999920204282,"[-0.145745, 0.049725, 0.514116, 0.048256, 0.046944, 0.426328]"
CONTROL,3.574999920092523,"[-0.145745, 0.049725, 0.514116, 0.048256, 0.046944, 0.426328]"
CONTROL,3.5799999199807644,"[-0.14659, 0.053806, 0.5188, 0.043509, 0.043523, 0.427356]"
CONTROL,3.5849999198690057,"[-0.14659, 0.053806, 0.5188, 0.043509, 0.043523, 0.427356]"
CONTROL,3.589999919757247,"[-0.14659, 0.053806, 0.5188, 0.043509, 0.043523, 0.427356]"
CONTROL,3.5949999196454883,"[-0.14659, 0.053806, 0.5188, 0.043509, 0.043523, 0.427356]"
CONTROL,3.5999999195337296,"[-0.147343, 0.05781, 0.523465, 0.038653, 0.040017, 0.428671]"
CONTROL,3.604999919421971,"[-0.147343, 0.05781, 0.523465, 0.038653, 0.040017, 0.428671]"
CONTROL,3.609999919310212,"[-0.147343, 0.05781, 0.523465, 0.038653, 0.040017, 0.428671]"
CONTROL,3.6149999191984534,"[-0.147343, 0.05781, 0.523465, 0.038653, 0.040017, 0.428671]"
CONTROL,3.6199999190866947,"[-0.148003, 0.061733, 0.528107, 0.033699, 0.036434, 0.430267]"
CONTROL,3.624999918974936,"[-0.148003, 0.061733, 0.528107, 0.033699, 0.036434, 0.430267]"
CONTROL,3.6299999188631773,"[-0.148003, 0.061733, 0.528107, 0.033699, 0.036434, 0.430267]"
CONTROL,3.6349999187514186,"[-0.148003, 0.061733, 0.528107, 0.033699, 0.036434, 0.430267]"
CONTROL,3.63999991863966,"[-0.148569, 0.065567, 0.532721, 0.02866, 0.03278, 0.432138]"
CONTROL,3.644999918527901,"[-0.148569, 0.065567, 0.532721, 0.02866, 0.03278, 0.432138]"
CONTROL,3.6499999184161425,"[-0.148569, 0.065567, 0.532721, 0.02866, 0.03278, 0.432138]"
CONTROL,3.6549999183043838,"[-0.148569, 0.065567, 0.532721, 0.02866, 0.03278, 0.432138]"
CONTROL,3.659999918192625,"[-0.149042, 0.069309, 0.537303, 0.023548, 0.029063, 0.434277]"
CONTROL,3.6649999180808663,"[-0.149042, 0.069309, 0.537303, 0.023548, 0.029063, 0.434277]"
CONTROL,3.6699999179691076,"[-0.149042, 0.069309, 0.537303, 0.023548, 0.029063, 0.434277]"
CONTROL,3.674999917857349,"[-0.149042, 0.069309, 0.537303, 0.023548, 0.029063, 0.434277]"
CONTROL,3.67999991774559,"[-0.14942, 0.072952, 0.541849, 0.018377, 0.02529, 0.436675]"
CONTROL,3.6849999176338315,"[-0.14942, 0.072952, 0.541849, 0.018377, 0.02529, 0.436675]"
CONTROL,3.689999917522073,"[-0.14942, 0.072952, 0.541849, 0.018377, 0.02529, 0.436675]"
CONTROL,3.694999917410314,"[-0.14942, 0.072952, 0.541849, 0.018377, 0.02529, 0.436675]"
CONTROL,3.6999999172985554,"[-0.149704, 0.076491, 0.546353, 0.01316, 0.021468, 0.439324]"
CONTROL,3.7049999171867967,"[-0.149704, 0.076491, 0.546353, 0.01316, 0.021468, 0.439324]"
CONTROL,3.709999917075038,"[-0.149704, 0.076491, 0.546353, 0.01316, 0.021468, 0.439324]"
CONTROL,3.7149999169632792,"[-0.149704, 0.076491, 0.546353, 0.01316, 0.021468, 0.439324]"
CONTROL,3.7199999168515205,"[-0.149893, 0.079921, 0.550811, 0.007909, 0.017604, 0.442212]"
CONTROL,3.724999916739762,"[-0.149893, 0.079921, 0.550811, 0.007909, 0.017604, 0.442212]"
CONTROL,3.729999916628003,"[-0.149893, 0.079921, 0.550811, 0.007909, 0.017604, 0.442212]"
CONTROL,3.7349999165162444,"[-0.149893, 0.079921, 0.550811, 0.007909, 0.017604, 0.442212]"
CONTROL,3.7399999164044857,"[-0.149988, 0.083238, 0.555219, 0.002639, 0.013707, 0.445327]"
CONTROL,3.744999916292727,"[-0.149988, 0.083238, 0.555219, 0.002639, 0.013707, 0.445327]"
CONTROL,3.7499999161809683,"[-0.149988, 0.083238, 0.555219, 0.002639, 0.013707, 0.445327]"
CONTROL,3.7549999160692096,"[-0.149988, 0.083238, 0.555219, 0.002639, 0.013707, 0.445327]"
CONTROL,3.759999915957451,"[-0.149988, 0.086437, 0.559572, -0.002639, 0.009782, 0.448659]"
CONTROL,3.764999915845692,"[-0.149988, 0.086437, 0.559572, -0.002639, 0.009782, 0.448659]"
CONTROL,3.7699999157339334,"[-0.149988, 0.086437, 0.559572, -0.002639, 0.009782, 0.448659]"
CONTROL,3.7749999156221747,"[-0.149988, 0.086437, 0.559572, -0.002639, 0.009782, 0.448659]"
CONTROL,3.779999915510416,"[-0.149893, 0.089513, 0.563867, -0.007909, 0.005839, 0.452193]"
CONTROL,3.7849999153986573,"[-0.149893, 0.089513, 0.563867, -0.007909, 0.005839, 0.452193]"
CONTROL,3.7899999152868986,"[-0.149893, 0.089513, 0.563867, -0.007909, 0.005839, 0.452193]"
CONTROL,3.79499991517514,"[-0.149893, 0.089513, 0.563867, -0.007909, 0.005839, 0.452193]"
CONTROL,3.799999915063381,"[-0.149704, 0.092462, 0.568099, -0.01316, 0.001885, 0.455916]"
CONTROL,3.8049999149516225,"[-0.149704, 0.092462, 0.568099, -0.01316, 0.001885, 0.455916]"
CONTROL,3.8099999148398638,"[-0.149704, 0.092462, 0.568099, -0.01316, 0.001885, 0.455916]"
CONTROL,3.814999914728105,"[-0.149704, 0.092462, 0.568099, -0.01316, 0.001885, 0.455916]"
CONTROL,3.8199999146163464,"[-0.14942, 0.095279, 0.572263, -0.018377, -0.002073, 0.459813]"
CONTROL,3.8249999145045877,"[-0.14942, 0.095279, 0.572263, -0.018377, -0.002073, 0.459813]"
CONTROL,3.829999914392829,"[-0.14942, 0.095279, 0.572263, -0.018377, -0.002073, 0.459813]"
CONTROL,3.8349999142810702,"[-0.14942, 0.095279, 0.572263, -0.018377, -0.002073, 0.459813]"
CONTROL,3.8399999141693115,"[-0.149042, 0.097961, 0.576356, -0.023548, -0.006027, 0.463868]"
CONTROL,3.844999914057553,"[-0.149042, 0.097961, 0.576356, -0.023548, -0.006027, 0.463868]"
CONTROL,3.849999913945794,"[-0.149042, 0.097961, 0.576356, -0.023548, -0.006027, 0.463868]"
CONTROL,3.8549999138340354,"[-0.149042, 0.097961, 0.576356, -0.023548, -0.006027, 0.463868]"
CONTROL,3.8599999137222767,"[-0.148569, 0.100503, 0.580374, -0.02866, -0.00997, 0.468067]"
CONTROL,3.864999913610518,"[-0.148569, 0.100503, 0.580374, -0.02866, -0.00997, 0.468067]"
CONTROL,3.8699999134987593,"[-0.148569, 0.100503, 0.580374, -0.02866, -0.00997, 0.468067]"
CONTROL,3.8749999133870006,"[-0.148569, 0.100503, 0.580374, -0.02866, -0.00997, 0.468067]"
CONTROL,3.879999913275242,"[-0.148003, 0.102903, 0.584313, -0.033699, -0.013893, 0.472391]"
CONTROL,3.884999913163483,"[-0.148003, 0.102903, 0.584313, -0.033699, -0.013893, 0.472391]"
CONTROL,3.8899999130517244,"[-0.148003, 0.102903, 0.584313, -0.033699, -0.013893, 0.472391]"
CONTROL,3.8949999129399657,"[-0.148003, 0.102903, 0.584313, -0.033699, -0.013893, 0.472391]"
CONTROL,3.899999912828207,"[-0.147343, 0.105157, 0.588168, -0.038653, -0.017789, 0.476824]"
CONTROL,3.9049999127164483,"[-0.147343, 0.105157, 0.588168, -0.038653, -0.017789, 0.476824]"
CONTROL,3.9099999126046896,"[-0.147343, 0.105157, 0.588168, -0.038653, -0.017789, 0.476824]"
CONTROL,3.914999912492931,"[-0.147343, 0.105157, 0.588168, -0.038653, -0.017789, 0.476824]"
CONTROL,3.919999912381172,"[-0.14659, 0.107261, 0.591936, -0.043509, -0.021651, 0.481348]"
CONTROL,3.9249999122694135,"[-0.14659, 0.107261, 0.591936, -0.043509, -0.021651, 0.481348]"
CONTROL,3.9299999121576548,"[-0.14659, 0.107261, 0.591936, -0.043509, -0.021651, 0.481348]"
CONTROL,3.934999912045896,"[-0.14659, 0.107261, 0.591936, -0.043509, -0.021651, 0.481348]"
CONTROL,3.9399999119341373,"[-0.145745, 0.109213, 0.595614, -0.048256, -0.025471, 0.485946]"
CONTROL,3.9449999118223786,"[-0.145745, 0.109213, 0.595614, -0.048256, -0.025471, 0.485946]"
CONTROL,3.94999991171062,"[-0.145745, 0.109213, 0.595614, -0.048256, -0.025471, 0.485946]"
CONTROL,3.954999911598861,"[-0.145745, 0.109213, 0.595614, -0.048256, -0.025471, 0.485946]"
CONTROL,3.9599999114871025,"[-0.144807, 0.111009, 0.599197, -0.05288, -0.029242, 0.4906]"
CONTROL,3.964999911375344,"[-0.144807, 0.111009, 0.599197, -0.05288, -0.029242, 0.4906]"
CONTROL,3.969999911263585,"[-0.144807, 0.111009, 0.599197, -0.05288, -0.029242, 0.4906]"
CONTROL,3.9749999111518264,"[-0.144807, 0.111009, 0.599197, -0.05288, -0.029242, 0.4906]"
CONTROL,3.9799999110400677,"[-0.143778, 0.112648, 0.602682, -0.057371, -0.032956, 0.495291]"
CONTROL,3.984999910928309,"[-0.143778, 0.112648, 0.602682, -0.057371, -0.032956, 0.495291]"
CONTROL,3.9899999108165503,"[-0.143778, 0.112648, 0.602682, -0.057371, -0.032956, 0.495291]"
CONTROL,3.9949999107047915,"[-0.143778, 0.112648, 0.602682, -0.057371, -0.032956, 0.495291]"
CONTROL,3.999999910593033,"[-0.142658, 0.114127, 0.606066, -0.061717, -0.036606, 0.5]"
CONTROL,4.004999910481274,"[-0.142658, 0.114127, 0.606066, -0.061717, -0.036606, 0.5]"
CONTROL,4.009999910369515,"[-0.142658, 0.114127, 0.606066, -0.061717, -0.036606, 0.5]"
CONTROL,4.014999910257757,"[-0.142658, 0.114127, 0.606066, -0.061717, -0.036606, 0.5]"
CONTROL,4.019999910145998,"[-0.141449, 0.115443, 0.609345, -0.065908, -0.040186, 0.504709]"
CONTROL,4.024999910034239,"[-0.141449, 0.115443, 0.609345, -0.065908, -0.040186, 0.504709]"
CONTROL,4.029999909922481,"[-0.141449, 0.115443, 0.609345, -0.065908, -0.040186, 0.504709]"
CONTROL,4.034999909810722,"[-0.141449, 0.115443, 0.609345, -0.065908, -0.040186, 0.504709]"
CONTROL,4.039999909698963,"[-0.140149, 0.116596, 0.612517, -0.069931, -0.043688, 0.5094]"
CONTROL,4.0449999095872045,"[-0.140149, 0.116596, 0.612517, -0.069931, -0.043688, 0.5094]"
CONTROL,4.049999909475446,"[-0.140149, 0.116596, 0.612517, -0.069931, -0.043688, 0.5094]"
CONTROL,4.054999909363687,"[-0.140149, 0.116596, 0.612517, -0.069931, -0.043688, 0.5094]"
CONTROL,4.059999909251928,"[-0.138762, 0.117583, 0.615577, -0.073778, -0.047105, 0.514054]"
CONTROL,4.06499990914017,"[-0.138762, 0.117583, 0.615577, -0.073778, -0.047105, 0.514054]"
CONTROL,4.069999909028411,"[-0.138762, 0.117583, 0.615577, -0.073778, -0.047105, 0.514054]"
CONTROL,4.074999908916652,"[-0.138762, 0.117583, 0.615577, -0.073778, -0.047105, 0.514054]"
CONTROL,4.0799999088048935,"[-0.137286, 0.118402, 0.618523, -0.077439, -0.050431, 0.518652]"
CONTROL,4.084999908693135,"[-0.137286, 0.118402, 0.618523, -0.077439, -0.050431, 0.518652]"
CONTROL,4.089999908581376,"[-0.137286, 0.118402, 0.618523, -0.077439, -0.050431, 0.518652]"
CONTROL,4.094999908469617,"[-0.137286, 0.118402, 0.618523, -0.077439, -0.050431, 0.518652]"
CONTROL,4.099999908357859,"[-0.135724, 0.119054, 0.621353, -0.080904, -0.05366, 0.523176]"
CONTROL,4.1049999082461,"[-0.135724, 0.119054, 0.621353, -0.080904, -0.05366, 0.523176]"
CONTROL,4.109999908134341,"[-0.135724, 0.119054, 0.621353, -0.080904, -0.05366, 0.523176]"
CONTROL,4.1149999080225825,"[-0.135724, 0.119054, 0.621353, -0.080904, -0.05366, 0.523176]"
CONTROL,4.119999907910824,"[-0.134076, 0.119536, 0.624062, -0.084165, -0.056785, 0.527609]"
CONTROL,4.124999907799065,"[-0.134076, 0.119536, 0.624062, -0.084165, -0.056785, 0.527609]"
CONTROL,4.129999907687306,"[-0.134076, 0.119536, 0.624062, -0.084165, -0.056785, 0.527609]"
CONTROL,4.134999907575548,"[-0.134076, 0.119536, 0.624062, -0.084165, -0.056785, 0.527609]"
CONTROL,4.139999907463789,"[-0.132344, 0.119848, 0.626649, -0.087213, -0.0598, 0.531933]"
CONTROL,4.14499990735203,"[-0.132344, 0.119848, 0.626649, -0.087213, -0.0598, 0.531933]"
CONTROL,4.149999907240272,"[-0.132344, 0.119848, 0.626649, -0.087213, -0.0598, 0.531933]"
CONTROL,4.154999907128513,"[-0.132344, 0.119848, 0.626649, -0.087213, -0.0598, 0.531933]"
CONTROL,4.159999907016754,"[-0.130528, 0.119991, 0.629111, -0.09004, -0.0627, 0.536132]"
CONTROL,4.164999906904995,"[-0.130528, 0.119991, 0.629111, -0.09004, -0.0627, 0.536132]"
CONTROL,4.169999906793237,"[-0.130528, 0.119991, 0.629111, -0.09004, -0.0627, 0.536132]"
CONTROL,4.174999906681478,"[-0.130528, 0.119991, 0.629111, -0.09004, -0.0627, 0.536132]"
CONTROL,4.179999906569719,"[-0.128629, 0.119962, 0.631446, -0.092641, -0.065478, 0.540187]"
CONTROL,4.184999906457961,"[-0.128629, 0.119962, 0.631446, -0.092641, -0.065478, 0.540187]"
CONTROL,4.189999906346202,"[-0.128629, 0.119962, 0.631446, -0.092641, -0.065478, 0.540187]"
CONTROL,4.194999906234443,"[-0.128629, 0.119962, 0.631446, -0.092641, -0.065478, 0.540187]"
CONTROL,4.1999999061226845,"[-0.126649, 0.119763, 0.633651, -0.095007, -0.06813, 0.544084]"
CONTROL,4.204999906010926,"[-0.126649, 0.119763, 0.633651, -0.095007, -0.06813, 0.544084]"
CONTROL,4.209999905899167,"[-0.126649, 0.119763, 0.633651, -0.095007, -0.06813, 0.544084]"
CONTROL,4.214999905787408,"[-0.126649, 0.119763, 0.633651, -0.095007, -0.06813, 0.544084]"
CONTROL,4.21999990567565,"[-0.124589, 0.119394, 0.635724, -0.097133, -0.070649, 0.547807]"
CONTROL,4.224999905563891,"[-0.124589, 0.119394, 0.635724, -0.097133, -0.070649, 0.547807]"
CONTROL,4.229999905452132,"[-0.124589, 0.119394, 0.635724, -0.097133, -0.070649, 0.547807]"
CONTROL,4.2349999053403735,"[-0.124589, 0.119394, 0.635724, -0.097133, -0.070649, 0.547807]"
CONTROL,4.239999905228615,"[-0.122451, 0.118855, 0.637663, -0.099014, -0.073032, 0.551341]"
CONTROL,4.244999905116856,"[-0.122451, 0.118855, 0.637663, -0.099014, -0.073032, 0.551341]"
CONTROL,4.249999905005097,"[-0.122451, 0.118855, 0.637663, -0.099014, -0.073032, 0.551341]"
CONTROL,4.254999904893339,"[-0.122451, 0.118855, 0.637663, -0.099014, -0.073032, 0.551341]"
CONTROL,4.25999990478158,"[-0.120235, 0.118148, 0.639466, -0.100645, -0.075274, 0.554673]"
CONTROL,4.264999904669821,"[-0.120235, 0.118148, 0.639466, -0.100645, -0.075274, 0.554673]"
CONTROL,4.2699999045580626,"[-0.120235, 0.118148, 0.639466, -0.100645, -0.075274, 0.554673]"
CONTROL,4.274999904446304,"[-0.120235, 0.118148, 0.639466, -0.100645, -0.075274, 0.554673]"
CONTROL,4.279999904334545,"[-0.117943, 0.117272, 0.641132, -0.102021, -0.077371, 0.557788]"
CONTROL,4.284999904222786,"[-0.117943, 0.117272, 0.641132, -0.102021, -0.077371, 0.557788]"
CONTROL,4.289999904111028,"[-0.117943, 0.117272, 0.641132, -0.102021, -0.077371, 0.557788]"
CONTROL,4.294999903999269,"[-0.117943, 0.117272, 0.641132, -0.102021, -0.077371, 0.557788]"
CONTROL,4.29999990388751,"[-0.115577, 0.11623, 0.642658, -0.10314, -0.079317, 0.560676]"
CONTROL,4.304999903775752,"[-0.115577, 0.11623, 0.642658, -0.10314, -0.079317, 0.560676]"
CONTROL,4.309999903663993,"[-0.115577, 0.11623, 0.642658, -0.10314, -0.079317, 0.560676]"
CONTROL,4.314999903552234,"[-0.115577, 0.11623, 0.642658, -0.10314, -0.079317, 0.560676]"
CONTROL,4.3199999034404755,"[-0.113138, 0.115023, 0.644044, -0.103998, -0.081111, 0.563325]"
CONTROL,4.324999903328717,"[-0.113138, 0.115023, 0.644044, -0.103998, -0.081111, 0.563325]"
CONTROL,4.329999903216958,"[-0.113138, 0.115023, 0.644044, -0.103998, -0.081111, 0.563325]"
CONTROL,4.334999903105199,"[-0.113138, 0.115023, 0.644044, -0.103998, -0.081111, 0.563325]"
CONTROL,4.339999902993441,"[-0.110627, 0.113652, 0.645287, -0.104594, -0.082747, 0.565723]"
CONTROL,4.344999902881682,"[-0.110627, 0.113652, 0.645287, -0.104594, -0.082747, 0.565723]"
CONTROL,4.349999902769923,"[-0.110627, 0.113652, 0.645287, -0.104594, -0.082747, 0.565723]"
CONTROL,4.3549999026581645,"[-0.110627, 0.113652, 0.645287, -0.104594, -0.082747, 0.565723]"
CONTROL,4.359999902546406,"[-0.108046, 0.112119, 0.646388, -0.104925, -0.084223, 0.567862]"
CONTROL,4.364999902434647,"[-0.108046, 0.112119, 0.646388, -0.104925, -0.084223, 0.567862]"
CONTROL,4.369999902322888,"[-0.108046, 0.112119, 0.646388, -0.104925, -0.084223, 0.567862]"
CONTROL,4.37499990221113,"[-0.108046, 0.112119, 0.646388, -0.104925, -0.084223, 0.567862]"
CONTROL,4.379999902099371,"[-0.105397, 0.110428, 0.647343, -0.104992, -0.085537, 0.569733]"
CONTROL,4.384999901987612,"[-0.105397, 0.110428, 0.647343, -0.104992, -0.085537, 0.569733]"
CONTROL,4.3899999018758535,"[-0.105397, 0.110428, 0.647343, -0.104992, -0.085537, 0.569733]"
CONTROL,4.394999901764095,"[-0.105397, 0.110428, 0.647343, -0.104992, -0.085537, 0.569733]"
CONTROL,4.399999901652336,"[-0.102682, 0.108579, 0.648153, -0.104793, -0.086685, 0.571329]"
CONTROL,4.404999901540577,"[-0.102682, 0.108579, 0.648153, -0.104793, -0.086685, 0.571329]"
CONTROL,4.409999901428819,"[-0.102682, 0.108579, 0.648153, -0.104793, -0.086685, 0.571329]"
CONTROL,4.41499990131706,"[-0.102682, 0.108579, 0.648153, -0.104793, -0.086685, 0.571329]"
CONTROL,4.419999901205301,"[-0.099902, 0.106576, 0.648817, -0.104329, -0.087665, 0.572644]"
CONTROL,4.424999901093543,"[-0.099902, 0.106576, 0.648817, -0.104329, -0.087665, 0.572644]"
CONTROL,4.429999900981784,"[-0.099902, 0.106576, 0.648817, -0.104329, -0.087665, 0.572644]"
CONTROL,4.434999900870025,"[-0.099902, 0.106576, 0.648817, -0.104329, -0.087665, 0.572644]"
CONTROL,4.4399999007582664,"[-0.097058, 0.104422, 0.649334, -0.103602, -0.088476, 0.573672]"
CONTROL,4.444999900646508,"[-0.097058, 0.104422, 0.649334, -0.103602, -0.088476, 0.573672]"
CONTROL,4.449999900534749,"[-0.097058, 0.104422, 0.649334, -0.103602, -0.088476, 0.573672]"
CONTROL,4.45499990042299,"[-0.097058, 0.104422, 0.649334, -0.103602, -0.088476, 0.573672]"
CONTROL,4.459999900311232,"[-0.094154, 0.102119, 0.649704, -0.102613, -0.089115, 0.574409]"
CONTROL,4.464999900199473,"[-0.094154, 0.102119, 0.649704, -0.102613, -0.089115, 0.574409]"
CONTROL,4.469999900087714,"[-0.094154, 0.102119, 0.649704, -0.102613, -0.089115, 0.574409]"
CONTROL,4.4749998999759555,"[-0.094154, 0.102119, 0.649704, -0.102613, -0.089115, 0.574409]"
CONTROL,4.479999899864197,"[-0.09119, 0.099672, 0.649926, -0.101365, -0.089583, 0.574852]"
CONTROL,4.484999899752438,"[-0.09119, 0.099672, 0.649926, -0.101365, -0.089583, 0.574852]"
CONTROL,4.489999899640679,"[-0.09119, 0.099672, 0.649926, -0.101365, -0.089583, 0.574852]"
CONTROL,4.494999899528921,"[-0.09119, 0.099672, 0.649926, -0.101365, -0.089583, 0.574852]"
CONTROL,4.499999899417162,"[-0.088168, 0.097082, 0.65, -0.099861, -0.089877, 0.575]"
CONTROL,4.504999899305403,"[-0.088168, 0.097082, 0.65, -0.099861, -0.089877, 0.575]"
CONTROL,4.5099998991936445,"[-0.088168, 0.097082, 0.65, -0.099861, -0.089877, 0.575]"
CONTROL,4.514999899081886,"[-0.088168, 0.097082, 0.65, -0.099861, -0.089877, 0.575]"
CONTROL,4.519999898970127,"[-0.08509, 0.094355, 0.649926, -0.098105, -0.089997, 0.574852]"
CONTROL,4.524999898858368,"[-0.08509, 0.094355, 0.649926, -0.098105, -0.089997, 0.574852]"
CONTROL,4.52999989874661,"[-0.08509, 0.094355, 0.649926, -0.098105, -0.089997, 0.574852]"
CONTROL,4.534999898634851,"[-0.08509, 0.094355, 0.649926, -0.098105, -0.089997, 0.574852]"
CONTROL,4.539999898523092,"[-0.081959, 0.091493, 0.649704, -0.0961, -0.089943, 0.574409]"
CONTROL,4.544999898411334,"[-0.081959, 0.091493, 0.649704, -0.0961, -0.089943, 0.574409]"
CONTROL,4.549999898299575,"[-0.081959, 0.091493, 0.649704, -0.0961, -0.089943, 0.574409]"
CONTROL,4.554999898187816,"[-0.081959, 0.091493, 0.649704, -0.0961, -0.089943, 0.574409]"
CONTROL,4.559999898076057,"[-0.078776, 0.088502, 0.649334, -0.093853, -0.089715, 0.573672]"
CONTROL,4.564999897964299,"[-0.078776, 0.088502, 0.649334, -0.093853, -0.089715, 0.573672]"
CONTROL,4.56999989785254,"[-0.078776, 0.088502, 0.649334, -0.093853, -0.089715, 0.573672]"
CONTROL,4.574999897740781,"[-0.078776, 0.088502, 0.649334, -0.093853, -0.089715, 0.573672]"
CONTROL,4.579999897629023,"[-0.075543, 0.085384, 0.648817, -0.091369, -0.089314, 0.572644]"
CONTROL,4.584999897517264,"[-0.075543, 0.085384, 0.648817, -0.091369, -0.089314, 0.572644]"
CONTROL,4.589999897405505,"[-0.075543, 0.085384, 0.648817, -0.091369, -0.089314, 0.572644]"
CONTROL,4.5949998972937465,"[-0.075543, 0.085384, 0.648817, -0.091369, -0.089314, 0.572644]"
CONTROL,4.599999897181988,"[-0.072263, 0.082146, 0.648153, -0.088654, -0.08874, 0.571329]"
CONTROL,4.604999897070229,"[-0.072263, 0.082146, 0.648153, -0.088654, -0.08874, 0.571329]"
CONTROL,4.60999989695847,"[-0.072263, 0.082146, 0.648153, -0.088654, -0.08874, 0.571329]"
CONTROL,4.614999896846712,"[-0.072263, 0.082146, 0.648153, -0.088654, -0.08874, 0.571329]"
CONTROL,4.619999896734953,"[-0.068937, 0.07879, 0.647343, -0.085716, -0.087994, 0.569733]"
CONTROL,4.624999896623194,"[-0.068937, 0.07879, 0.647343, -0.085716, -0.087994, 0.569733]"
CONTROL,4.6299998965114355,"[-0.068937, 0.07879, 0.647343, -0.085716, -0.087994, 0.569733]"
CONTROL,4.634999896399677,"[-0.068937, 0.07879, 0.647343, -0.085716, -0.087994, 0.569733]"
CONTROL,4.639999896287918,"[-0.065567, 0.075323, 0.646388, -0.08256, -0.087078, 0.567862]"
CONTROL,4.644999896176159,"[-0.065567, 0.075323, 0.646388, -0.08256, -0.087078, 0.567862]"
CONTROL,4.649999896064401,"[-0.065567, 0.075323, 0.646388, -0.08256, -0.087078, 0.567862]"
CONTROL,4.654999895952642,"[-0.065567, 0.075323, 0.646388, -0.08256, -0.087078, 0.567862]"
CONTROL,4.659999895840883,"[-0.062156, 0.071749, 0.645287, -0.079196, -0.085994, 0.565723]"
CONTROL,4.6649998957291245,"[-0.062156, 0.071749, 0.645287, -0.079196, -0.085994, 0.565723]"
CONTROL,4.669999895617366,"[-0.062156, 0.071749, 0.645287, -0.079196, -0.085994, 0.565723]"
CONTROL,4.674999895505607,"[-0.062156, 0.071749, 0.645287, -0.079196, -0.085994, 0.565723]"
CONTROL,4.679999895393848,"[-0.058706, 0.068072, 0.644044, -0.075632, -0.084743, 0.563325]"
CONTROL,4.68499989528209,"[-0.058706, 0.068072, 0.644044, -0.075632, -0.084743, 0.563325]"
CONTROL,4.689999895170331,"[-0.058706, 0.068072, 0.644044, -0.075632, -0.084743, 0.563325]"
CONTROL,4.694999895058572,"[-0.058706, 0.068072, 0.644044, -0.075632, -0.084743, 0.563325]"
CONTROL,4.699999894946814,"[-0.055219, 0.064299, 0.642658, -0.071877, -0.083328, 0.560676]"
CONTROL,4.704999894835055,"[-0.055219, 0.064299, 0.642658, -0.071877, -0.083328, 0.560676]"
CONTROL,4.709999894723296,"[-0.055219, 0.064299, 0.642658, -0.071877, -0.083328, 0.560676]"
CONTROL,4.7149998946115375,"[-0.055219, 0.064299, 0.642658, -0.071877, -0.083328, 0.560676]"
CONTROL,4.719999894499779,"[-0.051696, 0.060435, 0.641132, -0.067941, -0.081753, 0.557788]"
CONTROL,4.72499989438802,"[-0.051696, 0.060435, 0.641132, -0.067941, -0.081753, 0.557788]"
CONTROL,4.729999894276261,"[-0.051696, 0.060435, 0.641132, -0.067941, -0.081753, 0.557788]"
CONTROL,4.734999894164503,"[-0.051696, 0.060435, 0.641132, -0.067941, -0.081753, 0.557788]"
CONTROL,4.739999894052744,"[-0.048142, 0.056484, 0.639466, -0.063833, -0.080019, 0.554673]"
CONTROL,4.744999893940985,"[-0.048142, 0.056484, 0.639466, -0.063833, -0.080019, 0.554673]"
CONTROL,4.7499998938292265,"[-0.048142, 0.056484, 0.639466, -0.063833, -0.080019, 0.554673]"
CONTROL,4.754999893717468,"[-0.048142, 0.056484, 0.639466, -0.063833, -0.080019, 0.554673]"
CONTROL,4.759999893605709,"[-0.044556, 0.052454, 0.637663, -0.059563, -0.07813, 0.551341]"
CONTROL,4.76499989349395,"[-0.044556, 0.052454, 0.637663, -0.059563, -0.07813, 0.551341]"
CONTROL,4.769999893382192,"[-0.044556, 0.052454, 0.637663, -0.059563, -0.07813, 0.551341]"
CONTROL,4.774999893270433,"[-0.044556, 0.052454, 0.637663, -0.059563, -0.07813, 0.551341]"
CONTROL,4.779999893158674,"[-0.040943, 0.048349, 0.635724, -0.055143, -0.07609, 0.547807]"
CONTROL,4.7849998930469155,"[-0.040943, 0.048349, 0.635724, -0.055143, -0.07609, 0.547807]"
CONTROL,4.789999892935157,"[-0.040943, 0.048349, 0.635724, -0.055143, -0.07609, 0.547807]"
CONTROL,4.794999892823398,"[-0.040943, 0.048349, 0.635724, -0.055143, -0.07609, 0.547807]"
CONTROL,4.799999892711639,"[-0.037303, 0.044175, 0.633651, -0.050584, -0.073903, 0.544084]"
CONTROL,4.804999892599881,"[-0.037303, 0.044175, 0.633651, -0.050584, -0.073903, 0.544084]"
CONTROL,4.809999892488122,"[-0.037303, 0.044175, 0.633651, -0.050584, -0.073903, 0.544084]"
CONTROL,4.814999892376363,"[-0.037303, 0.044175, 0.633651, -0.050584, -0.073903, 0.544084]"
CONTROL,4.819999892264605,"[-0.033641, 0.039938, 0.631446, -0.045897, -0.071574, 0.540187]"
CONTROL,4.824999892152846,"[-0.033641, 0.039938, 0.631446, -0.045897, -0.071574, 0.540187]"
CONTROL,4.829999892041087,"[-0.033641, 0.039938, 0.631446, -0.045897, -0.071574, 0.540187]"
CONTROL,4.834999891929328,"[-0.033641, 0.039938, 0.631446, -0.045897, -0.071574, 0.540187]"
CONTROL,4.83999989181757,"[-0.029956, 0.035645, 0.629111, -0.041094, -0.069105, 0.536132]"
CONTROL,4.844999891705811,"[-0.029956, 0.035645, 0.629111, -0.041094, -0.069105, 0.536132]"
CONTROL,4.849999891594052,"[-0.029956, 0.035645, 0.629111, -0.041094, -0.069105, 0.536132]"
CONTROL,4.854999891482294,"[-0.029956, 0.035645, 0.629111, -0.041094, -0.069105, 0.536132]"
CONTROL,4.859999891370535,"[-0.026253, 0.031301, 0.626649, -0.036188, -0.066503, 0.531933]"
CONTROL,4.864999891258776,"[-0.026253, 0.031301, 0.626649, -0.036188, -0.066503, 0.531933]"
CONTROL,4.8699998911470175,"[-0.026253, 0.031301, 0.626649, -0.036188, -0.066503, 0.531933]"
CONTROL,4.874999891035259,"[-0.026253, 0.031301, 0.626649, -0.036188, -0.066503, 0.531933]"
CONTROL,4.8799998909235,"[-0.022534, 0.026912, 0.624062, -0.031189, -0.063773, 0.527609]"
CONTROL,4.884999890811741,"[-0.022534, 0.026912, 0.624062, -0.031189, -0.063773, 0.527609]"
CONTROL,4.889999890699983,"[-0.022534, 0.026912, 0.624062, -0.031189, -0.063773, 0.527609]"
CONTROL,4.894999890588224,"[-0.022534, 0.026912, 0.624062, -0.031189, -0.063773, 0.527609]"
CONTROL,4.899999890476465,"[-0.0188, 0.022486, 0.621353, -0.026112, -0.060919, 0.523176]"
CONTROL,4.9049998903647065,"[-0.0188, 0.022486, 0.621353, -0.026112, -0.060919, 0.523176]"
CONTROL,4.909999890252948,"[-0.0188, 0.022486, 0.621353, -0.026112, -0.060919, 0.523176]"
CONTROL,4.914999890141189,"[-0.0188, 0.022486, 0.621353, -0.026112, -0.060919, 0.523176]"
CONTROL,4.91999989002943,"[-0.015054, 0.018027, 0.618523, -0.02097, -0.057947, 0.518652]"
CONTROL,4.924999889917672,"[-0.015054, 0.018027, 0.618523, -0.02097, -0.057947, 0.518652]"
CONTROL,4.929999889805913,"[-0.015054, 0.018027, 0.618523, -0.02097, -0.057947, 0.518652]"
CONTROL,4.934999889694154,"[-0.015054, 0.018027, 0.618523, -0.02097, -0.057947, 0.518652]"
CONTROL,4.9399998895823956,"[-0.011299, 0.013543, 0.615577, -0.015774, -0.054863, 0.514054]"
CONTROL,4.944999889470637,"[-0.011299, 0.013543, 0.615577, -0.015774, -0.054863, 0.514054]"
CONTROL,4.949999889358878,"[-0.011299, 0.013543, 0.615577, -0.015774, -0.054863, 0.514054]"
CONTROL,4.954999889247119,"[-0.011299, 0.013543, 0.615577, -0.015774, -0.054863, 0.514054]"
CONTROL,4.959999889135361,"[-0.007537, 0.009039, 0.612517, -0.010538, -0.051673, 0.5094]"
CONTROL,4.964999889023602,"[-0.007537, 0.009039, 0.612517, -0.010538, -0.051673, 0.5094]"
CONTROL,4.969999888911843,"[-0.007537, 0.009039, 0.612517, -0.010538, -0.051673, 0.5094]"
CONTROL,4.974999888800085,"[-0.007537, 0.009039, 0.612517, -0.010538, -0.051673, 0.5094]"
CONTROL,4.979999888688326,"[-0.00377, 0.004523, 0.609345, -0.005276, -0.048383, 0.504709]"
CONTROL,4.984999888576567,"[-0.00377, 0.004523, 0.609345, -0.005276, -0.048383, 0.504709]"
CONTROL,4.9899998884648085,"[-0.00377, 0.004523, 0.609345, -0.005276, -0.048383, 0.504709]"
CONTROL,4.99499988835305,"[-0.00377, 0.004523, 0.609345, -0.005276, -0.048383, 0.504709]"
CONTROL,4.999999888241291,"[-0.0, 0.0, 0.606066, -0.0, -0.045, 0.5]"
CONTROL,5.004999888129532,"[-0.0, 0.0, 0.606066, -0.0, -0.045, 0.5]"
CONTROL,5.009999888017774,"[-0.0, 0.0, 0.606066, -0.0, -0.045, 0.5]"
CONTROL,5.014999887906015,"[-0.0, 0.0, 0.606066, -0.0, -0.045, 0.5]"
CONTROL,5.019999887794256,"[0.00377, -0.004523, 0.602682, 0.005276, -0.04153, 0.495291]"
CONTROL,5.0249998876824975,"[0.00377, -0.004523, 0.602682, 0.005276, -0.04153, 0.495291]"
CONTROL,5.029999887570739,"[0.00377, -0.004523, 0.602682, 0.005276, -0.04153, 0.495291]"
CONTROL,5.03499988745898,"[0.00377, -0.004523, 0.602682, 0.005276, -0.04153, 0.495291]"
CONTROL,5.039999887347221,"[0.007537, -0.009039, 0.599197, 0.010538, -0.037979, 0.4906]"
CONTROL,5.044999887235463,"[0.007537, -0.009039, 0.599197, 0.010538, -0.037979, 0.4906]"
CONTROL,5.049999887123704,"[0.007537, -0.009039, 0.599197, 0.010538, -0.037979, 0.4906]"
CONTROL,5.054999887011945,"[0.007537, -0.009039, 0.599197, 0.010538, -0.037979, 0.4906]"
CONTROL,5.0599998869001865,"[0.011299, -0.013543, 0.595614, 0.015774, -0.034354, 0.485946]"
CONTROL,5.064999886788428,"[0.011299, -0.013543, 0.595614, 0.015774, -0.034354, 0.485946]"
CONTROL,5.069999886676669,"[0.011299, -0.013543, 0.595614, 0.015774, -0.034354, 0.485946]"
CONTROL,5.07499988656491,"[0.011299, -0.013543, 0.595614, 0.015774, -0.034354, 0.485946]"
CONTROL,5.079999886453152,"[0.015054, -0.018027, 0.591936, 0.02097, -0.030664, 0.481348]"
CONTROL,5.084999886341393,"[0.015054, -0.018027, 0.591936, 0.02097, -0.030664, 0.481348]"
CONTROL,5.089999886229634,"[0.015054, -0.018027, 0.591936, 0.02097, -0.030664, 0.481348]"
CONTROL,5.094999886117876,"[0.015054, -0.018027, 0.591936, 0.02097, -0.030664, 0.481348]"
CONTROL,5.099999886006117,"[0.0188, -0.022486, 0.588168, 0.026112, -0.026914, 0.476824]"
CONTROL,5.104999885894358,"[0.0188, -0.022486, 0.588168, 0.026112, -0.026914, 0.476824]"
CONTROL,5.1099998857825994,"[0.0188, -0.022486, 0.588168, 0.026112, -0.026914, 0.476824]"
CONTROL,5.114999885670841,"[0.0188, -0.022486, 0.588168, 0.026112, -0.026914, 0.476824]"
CONTROL,5.119999885559082,"[0.022534, -0.026912, 0.584313, 0.031189, -0.023112, 0.472391]"
CONTROL,5.124999885447323,"[0.022534, -0.026912, 0.584313, 0.031189, -0.023112, 0.472391]"
CONTROL,5.129999885335565,"[0.022534, -0.026912, 0.584313, 0.031189, -0.023112, 0.472391]"
CONTROL,5.134999885223806,"[0.022534, -0.026912, 0.584313, 0.031189, -0.023112, 0.472391]"
CONTROL,5.139999885112047,"[0.026253, -0.031301, 0.580374, 0.036188, -0.019265, 0.468067]"
CONTROL,5.1449998850002885,"[0.026253, -0.031301, 0.580374, 0.036188, -0.019265, 0.468067]"
CONTROL,5.14999988488853,"[0.026253, -0.031301, 0.580374, 0.036188, -0.019265, 0.468067]"
CONTROL,5.154999884776771,"[0.026253, -0.031301, 0.580374, 0.036188, -0.019265, 0.468067]"
CONTROL,5.159999884665012,"[0.029956, -0.035645, 0.576356, 0.041094, -0.015381, 0.463868]"
CONTROL,5.164999884553254,"[0.029956, -0.035645, 0.576356, 0.041094, -0.015381, 0.463868]"
CONTROL,5.169999884441495,"[0.029956, -0.035645, 0.576356, 0.041094, -0.015381, 0.463868]"
CONTROL,5.174999884329736,"[0.029956, -0.035645, 0.576356, 0.041094, -0.015381, 0.463868]"
CONTROL,5.1799998842179775,"[0.033641, -0.039938, 0.572263, 0.045897, -0.011467, 0.459813]"
CONTROL,5.184999884106219,"[0.033641, -0.039938, 0.572263, 0.045897, -0.011467, 0.459813]"
CONTROL,5.18999988399446,"[0.033641, -0.039938, 0.572263, 0.045897, -0.011467, 0.459813]"
CONTROL,5.194999883882701,"[0.033641, -0.039938, 0.572263, 0.045897, -0.011467, 0.459813]"
CONTROL,5.199999883770943,"[0.037303, -0.044175, 0.568099, 0.050584, -0.007531, 0.455916]"
CONTROL,5.204999883659184,"[0.037303, -0.044175, 0.568099, 0.050584, -0.007531, 0.455916]"
CONTROL,5.209999883547425,"[0.037303, -0.044175, 0.568099, 0.050584, -0.007531, 0.455916]"
CONTROL,5.214999883435667,"[0.037303, -0.044175, 0.568099, 0.050584, -0.007531, 0.455916]"
CONTROL,5.219999883323908,"[0.040943, -0.048349, 0.563867, 0.055143, -0.00358, 0.452193]"
CONTROL,5.224999883212149,"[0.040943, -0.048349, 0.563867, 0.055143, -0.00358, 0.452193]"
CONTROL,5.22999988310039,"[0.040943, -0.048349, 0.563867, 0.055143, -0.00358, 0.452193]"
CONTROL,5.234999882988632,"[0.040943, -0.048349, 0.563867, 0.055143, -0.00358, 0.452193]"
CONTROL,5.239999882876873,"[0.044556, -0.052454, 0.559572, 0.059563, 0.000377, 0.448659]"
CONTROL,5.244999882765114,"[0.044556, -0.052454, 0.559572, 0.059563, 0.000377, 0.448659]"
CONTROL,5.249999882653356,"[0.044556, -0.052454, 0.559572, 0.059563, 0.000377, 0.448659]"
CONTROL,5.254999882541597,"[0.044556, -0.052454, 0.559572, 0.059563, 0.000377, 0.448659]"
CONTROL,5.259999882429838,"[0.048142, -0.056484, 0.555219, 0.063833, 0.004334, 0.445327]"
CONTROL,5.2649998823180795,"[0.048142, -0.056484, 0.555219, 0.063833, 0.004334, 0.445327]"
CONTROL,5.269999882206321,"[0.048142, -0.056484, 0.555219, 0.063833, 0.004334, 0.445327]"
CONTROL,5.274999882094562,"[0.048142, -0.056484, 0.555219, 0.063833, 0.004334, 0.445327]"
CONTROL,5.279999881982803,"[0.051696, -0.060435, 0.550811, 0.067941, 0.008282, 0.442212]"
CONTROL,5.284999881871045,"[0.051696, -0.060435, 0.550811, 0.067941, 0.008282, 0.442212]"
CONTROL,5.289999881759286,"[0.051696, -0.060435, 0.550811, 0.067941, 0.008282, 0.442212]"
CONTROL,5.294999881647527,"[0.051696, -0.060435, 0.550811, 0.067941, 0.008282, 0.442212]"
CONTROL,5.2999998815357685,"[0.055219, -0.064299, 0.546353, 0.071877, 0.012214, 0.439324]"
CONTROL,5.30499988142401,"[0.055219, -0.064299, 0.546353, 0.071877, 0.012214, 0.439324]"
CONTROL,5.309999881312251,"[0.055219, -0.064299, 0.546353, 0.071877, 0.012214, 0.439324]"
CONTROL,5.314999881200492,"[0.055219, -0.064299, 0.546353, 0.071877, 0.012214, 0.439324]"
CONTROL,5.319999881088734,"[0.058706, -0.068072, 0.541849, 0.075632, 0.016123, 0.436675]"
CONTROL,5.324999880976975,"[0.058706, -0.068072, 0.541849, 0.075632, 0.016123, 0.436675]"
CONTROL,5.329999880865216,"[0.058706, -0.068072, 0.541849, 0.075632, 0.016123, 0.436675]"
CONTROL,5.3349998807534575,"[0.058706, -0.068072, 0.541849, 0.075632, 0.016123, 0.436675]"
CONTROL,5.339999880641699,"[0.062156, -0.071749, 0.537303, 0.079196, 0.020001, 0.434277]"
CONTROL,5.34499988052994,"[0.062156, -0.071749, 0.537303, 0.079196, 0.020001, 0.434277]"
CONTROL,5.349999880418181,"[0.062156, -0.071749, 0.537303, 0.079196, 0.020001, 0.434277]"
CONTROL,5.354999880306423,"[0.062156, -0.071749, 0.537303, 0.079196, 0.020001, 0.434277]"
CONTROL,5.359999880194664,"[0.065567, -0.075323, 0.532721, 0.08256, 0.023839, 0.432138]"
CONTROL,5.364999880082905,"[0.065567, -0.075323, 0.532721, 0.08256, 0.023839, 0.432138]"
CONTROL,5.369999879971147,"[0.065567, -0.075323, 0.532721, 0.08256, 0.023839, 0.432138]"
CONTROL,5.374999879859388,"[0.065567, -0.075323, 0.532721, 0.08256, 0.023839, 0.432138]"
CONTROL,5.379999879747629,"[0.068937, -0.07879, 0.528107, 0.085716, 0.027632, 0.430267]"
CONTROL,5.3849998796358705,"[0.068937, -0.07879, 0.528107, 0.085716, 0.027632, 0.430267]"
CONTROL,5.389999879524112,"[0.068937, -0.07879, 0.528107, 0.085716, 0.027632, 0.430267]"
CONTROL,5.394999879412353,"[0.068937, -0.07879, 0.528107, 0.085716, 0.027632, 0.430267]"
CONTROL,5.399999879300594,"[0.072263, -0.082146, 0.523465, 0.088654, 0.031371, 0.428671]"
CONTROL,5.404999879188836,"[0.072263, -0.082146, 0.523465, 0.088654, 0.031371, 0.428671]"
CONTROL,5.409999879077077,"[0.072263, -0.082146, 0.523465, 0.088654, 0.031371, 0.428671]"
CONTROL,5.414999878965318,"[0.072263, -0.082146, 0.523465, 0.088654, 0.031371, 0.428671]"
CONTROL,5.4199998788535595,"[0.075543, -0.085384, 0.5188, 0.091369, 0.03505, 0.427356]"
CONTROL,5.424999878741801,"[0.075543, -0.085384, 0.5188, 0.091369, 0.03505, 0.427356]"
CONTROL,5.429999878630042,"[0.075543, -0.085384, 0.5188, 0.091369, 0.03505, 0.427356]"
CONTROL,5.434999878518283,"[0.075543, -0.085384, 0.5188, 0.091369, 0.03505, 0.427356]"
CONTROL,5.439999878406525,"[0.078776, -0.088502, 0.514116, 0.093853, 0.038661, 0.426328]"
CONTROL,5.444999878294766,"[0.078776, -0.088502, 0.514116, 0.093853, 0.038661, 0.426328]"
CONTROL,5.449999878183007,"[0.078776, -0.088502, 0.514116, 0.093853, 0.038661, 0.426328]"
CONTROL,5.4549998780712485,"[0.078776, -0.088502, 0.514116, 0.093853, 0.038661, 0.426328]"
CONTROL,5.45999987795949,"[0.081959, -0.091493, 0.509419, 0.0961, 0.042197, 0.425591]"
CONTROL,5.464999877847731,"[0.081959, -0.091493, 0.509419, 0.0961, 0.042197, 0.425591]"
CONTROL,5.469999877735972,"[0.081959, -0.091493, 0.509419, 0.0961, 0.042197, 0.425591]"
CONTROL,5.474999877624214,"[0.081959, -0.091493, 0.509419, 0.0961, 0.042197, 0.425591]"
CONTROL,5.479999877512455,"[0.08509, -0.094355, 0.504712, 0.098105, 0.045651, 0.425148]"
CONTROL,5.484999877400696,"[0.08509, -0.094355, 0.504712, 0.098105, 0.045651, 0.425148]"
CONTROL,5.489999877288938,"[0.08509, -0.094355, 0.504712, 0.098105, 0.045651, 0.425148]"
CONTROL,5.494999877177179,"[0.08509, -0.094355, 0.504712, 0.098105, 0.045651, 0.425148]"
CONTROL,5.49999987706542,"[0.088168, -0.097082, 0.5, 0.099861, 0.049018, 0.425]"
CONTROL,5.504999876953661,"[0.088168, -0.097082, 0.5, 0.099861, 0.049018, 0.425]"
CONTROL,5.509999876841903,"[0.088168, -0.097082, 0.5, 0.099861, 0.049018, 0.425]"
CONTROL,5.514999876730144,"[0.088168, -0.097082, 0.5, 0.099861, 0.049018, 0.425]"
CONTROL,5.519999876618385,"[0.09119, -0.099672, 0.495288, 0.101365, 0.052289, 0.425148]"
CONTROL,5.524999876506627,"[0.09119, -0.099672, 0.495288, 0.101365, 0.052289, 0.425148]"
CONTROL,5.529999876394868,"[0.09119, -0.099672, 0.495288, 0.101365, 0.052289, 0.425148]"
CONTROL,5.534999876283109,"[0.09119, -0.099672, 0.495288, 0.101365, 0.052289, 0.425148]"
CONTROL,5.5399998761713505,"[0.094154, -0.102119, 0.490581, 0.102613, 0.055459, 0.425591]"
CONTROL,5.544999876059592,"[0.094154, -0.102119, 0.490581, 0.102613, 0.055459, 0.425591]"
CONTROL,5.549999875947833,"[0.094154, -0.102119, 0.490581, 0.102613, 0.055459, 0.425591]"
CONTROL,5.554999875836074,"[0.094154, -0.102119, 0.490581, 0.102613, 0.055459, 0.425591]"
CONTROL,5.559999875724316,"[0.097058, -0.104422, 0.485884, 0.103602, 0.058522, 0.426328]"
CONTROL,5.564999875612557,"[0.097058, -0.104422, 0.485884, 0.103602, 0.058522, 0.426328]"
CONTROL,5.569999875500798,"[0.097058, -0.104422, 0.485884, 0.103602, 0.058522, 0.426328]"
CONTROL,5.5749998753890395,"[0.097058, -0.104422, 0.485884, 0.103602, 0.058522, 0.426328]"
CONTROL,5.579999875277281,"[0.099902, -0.106576, 0.4812, 0.104329, 0.061472, 0.427356]"
CONTROL,5.584999875165522,"[0.099902, -0.106576, 0.4812, 0.104329, 0.061472, 0.427356]"
CONTROL,5.589999875053763,"[0.099902, -0.106576, 0.4812, 0.104329, 0.061472, 0.427356]"
CONTROL,5.594999874942005,"[0.099902, -0.106576, 0.4812, 0.104329, 0.061472, 0.427356]"
CONTROL,5.599999874830246,"[0.102682, -0.108579, 0.476535, 0.104793, 0.064303, 0.428671]"
CONTROL,5.604999874718487,"[0.102682, -0.108579, 0.476535, 0.104793, 0.064303, 0.428671]"
CONTROL,5.6099998746067286,"[0.102682, -0.108579, 0.476535, 0.104793, 0.064303, 0.428671]"
CONTROL,5.61499987449497,"[0.102682, -0.108579, 0.476535, 0.104793, 0.064303, 0.428671]"
CONTROL,5.619999874383211,"[0.105397, -0.110428, 0.471893, 0.104992, 0.067009, 0.430267]"
CONTROL,5.624999874271452,"[0.105397, -0.110428, 0.471893, 0.104992, 0.067009, 0.430267]"
CONTROL,5.629999874159694,"[0.105397, -0.110428, 0.471893, 0.104992, 0.067009, 0.430267]"
CONTROL,5.634999874047935,"[0.105397, -0.110428, 0.471893, 0.104992, 0.067009, 0.430267]"
CONTROL,5.639999873936176,"[0.108046, -0.112119, 0.467279, 0.104925, 0.069586, 0.432138]"
CONTROL,5.644999873824418,"[0.108046, -0.112119, 0.467279, 0.104925, 0.069586, 0.432138]"
CONTROL,5.649999873712659,"[0.108046, -0.112119, 0.467279, 0.104925, 0.069586, 0.432138]"
CONTROL,5.6549998736009,"[0.108046, -0.112119, 0.467279, 0.104925, 0.069586, 0.432138]"
CONTROL,5.6599998734891415,"[0.110627, -0.113652, 0.462697, 0.104594, 0.072028, 0.434277]"
CONTROL,5.664999873377383,"[0.110627, -0.113652, 0.462697, 0.104594, 0.072028, 0.434277]"
CONTROL,5.669999873265624,"[0.110627, -0.113652, 0.462697, 0.104594, 0.072028, 0.434277]"
CONTROL,5.674999873153865,"[0.110627, -0.113652, 0.462697, 0.104594, 0.072028, 0.434277]"
CONTROL,5.679999873042107,"[0.113138, -0.115023, 0.458151, 0.103998, 0.074331, 0.436675]"
CONTROL,5.684999872930348,"[0.113138, -0.115023, 0.458151, 0.103998, 0.074331, 0.436675]"
CONTROL,5.689999872818589,"[0.113138, -0.115023, 0.458151, 0.103998, 0.074331, 0.436675]"
CONTROL,5.6949998727068305,"[0.113138, -0.115023, 0.458151, 0.103998, 0.074331, 0.436675]"
CONTROL,5.699999872595072,"[0.115577, -0.11623, 0.453647, 0.10314, 0.07649, 0.439324]"
CONTROL,5.704999872483313,"[0.115577, -0.11623, 0.453647, 0.10314, 0.07649, 0.439324]"
CONTROL,5.709999872371554,"[0.115577, -0.11623, 0.453647, 0.10314, 0.07649, 0.439324]"
CONTROL,5.714999872259796,"[0.115577, -0.11623, 0.453647, 0.10314, 0.07649, 0.439324]"
CONTROL,5.719999872148037,"[0.117943, -0.117272, 0.449189, 0.102021, 0.078502, 0.442212]"
CONTROL,5.724999872036278,"[0.117943, -0.117272, 0.449189, 0.102021, 0.078502, 0.442212]"
CONTROL,5.7299998719245195,"[0.117943, -0.117272, 0.449189, 0.102021, 0.078502, 0.442212]"
CONTROL,5.734999871812761,"[0.117943, -0.117272, 0.449189, 0.102021, 0.078502, 0.442212]"
CONTROL,5.739999871701002,"[0.120235, -0.118148, 0.444781, 0.100645, 0.080361, 0.445327]"
CONTROL,5.744999871589243,"[0.120235, -0.118148, 0.444781, 0.100645, 0.080361, 0.445327]"
CONTROL,5.749999871477485,"[0.120235, -0.118148, 0.444781, 0.100645, 0.080361, 0.445327]"
CONTROL,5.754999871365726,"[0.120235, -0.118148, 0.444781, 0.100645, 0.080361, 0.445327]"
CONTROL,5.759999871253967,"[0.122451, -0.118855, 0.440428, 0.099014, 0.082065, 0.448659]"
CONTROL,5.764999871142209,"[0.122451, -0.118855, 0.440428, 0.099014, 0.082065, 0.448659]"
CONTROL,5.76999987103045,"[0.122451, -0.118855, 0.440428, 0.099014, 0.082065, 0.448659]"
CONTROL,5.774999870918691,"[0.122451, -0.118855, 0.440428, 0.099014, 0.082065, 0.448659]"
CONTROL,5.7799998708069324,"[0.124589, -0.119394, 0.436133, 0.097133, 0.08361, 0.452193]"
CONTROL,5.784999870695174,"[0.124589, -0.119394, 0.436133, 0.097133, 0.08361, 0.452193]"
CONTROL,5.789999870583415,"[0.124589, -0.119394, 0.436133, 0.097133, 0.08361, 0.452193]"
CONTROL,5.794999870471656,"[0.124589, -0.119394, 0.436133, 0.097133, 0.08361, 0.452193]"
CONTROL,5.799999870359898,"[0.126649, -0.119763, 0.431901, 0.095007, 0.084994, 0.455916]"
CONTROL,5.804999870248139,"[0.126649, -0.119763, 0.431901, 0.095007, 0.084994, 0.455916]"
CONTROL,5.80999987013638,"[0.126649, -0.119763, 0.431901, 0.095007, 0.084994, 0.455916]"
CONTROL,5.8149998700246215,"[0.126649, -0.119763, 0.431901, 0.095007, 0.084994, 0.455916]"
CONTROL,5.819999869912863,"[0.128629, -0.119962, 0.427737, 0.092641, 0.086213, 0.459813]"
CONTROL,5.824999869801104,"[0.128629, -0.119962, 0.427737, 0.092641, 0.086213, 0.459813]"
CONTROL,5.829999869689345,"[0.128629, -0.119962, 0.427737, 0.092641, 0.086213, 0.459813]"
CONTROL,5.834999869577587,"[0.128629, -0.119962, 0.427737, 0.092641, 0.086213, 0.459813]"
CONTROL,5.839999869465828,"[0.130528, -0.119991, 0.423644, 0.09004, 0.087265, 0.463868]"
CONTROL,5.844999869354069,"[0.130528, -0.119991, 0.423644, 0.09004, 0.087265, 0.463868]"
CONTROL,5.8499998692423105,"[0.130528, -0.119991, 0.423644, 0.09004, 0.087265, 0.463868]"
CONTROL,5.854999869130552,"[0.130528, -0.119991, 0.423644, 0.09004, 0.087265, 0.463868]"
CONTROL,5.859999869018793,"[0.132344, -0.119848, 0.419626, 0.087213, 0.088149, 0.468067]"
CONTROL,5.864999868907034,"[0.132344, -0.119848, 0.419626, 0.087213, 0.088149, 0.468067]"
CONTROL,5.869999868795276,"[0.132344, -0.119848, 0.419626, 0.087213, 0.088149, 0.468067]"
CONTROL,5.874999868683517,"[0.132344, -0.119848, 0.419626, 0.087213, 0.088149, 0.468067]"
CONTROL,5.879999868571758,"[0.134076, -0.119536, 0.415687, 0.084165, 0.088862, 0.472391]"
CONTROL,5.88499986846,"[0.134076, -0.119536, 0.415687, 0.084165, 0.088862, 0.472391]"
CONTROL,5.889999868348241,"[0.134076, -0.119536, 0.415687, 0.084165, 0.088862, 0.472391]"
CONTROL,5.894999868236482,"[0.134076, -0.119536, 0.415687, 0.084165, 0.088862, 0.472391]"
CONTROL,5.899999868124723,"[0.135724, -0.119054, 0.411832, 0.080904, 0.089404, 0.476824]"
CONTROL,5.904999868012965,"[0.135724, -0.119054, 0.411832, 0.080904, 0.089404, 0.476824]"
CONTROL,5.909999867901206,"[0.135724, -0.119054, 0.411832, 0.080904, 0.089404, 0.476824]"
CONTROL,5.914999867789447,"[0.135724, -0.119054, 0.411832, 0.080904, 0.089404, 0.476824]"
CONTROL,5.919999867677689,"[0.137286, -0.118402, 0.408064, 0.077439, 0.089772, 0.481348]"
CONTROL,5.92499986756593,"[0.137286, -0.118402, 0.408064, 0.077439, 0.089772, 0.481348]"
CONTROL,5.929999867454171,"[0.137286, -0.118402, 0.408064, 0.077439, 0.089772, 0.481348]"
CONTROL,5.9349998673424125,"[0.137286, -0.118402, 0.408064, 0.077439, 0.089772, 0.481348]"
CONTROL,5.939999867230654,"[0.138762, -0.117583, 0.404386, 0.073778, 0.089967, 0.485946]"
CONTROL,5.944999867118895,"[0.138762, -0.117583, 0.404386, 0.073778, 0.089967, 0.485946]"
CONTROL,5.949999867007136,"[0.138762, -0.117583, 0.404386, 0.073778, 0.089967, 0.485946]"
CONTROL,5.954999866895378,"[0.138762, -0.117583, 0.404386, 0.073778, 0.089967, 0.485946]"
CONTROL,5.959999866783619,"[0.140149, -0.116596, 0.400803, 0.069931, 0.089987, 0.4906]"
CONTROL,5.96499986667186,"[0.140149, -0.116596, 0.400803, 0.069931, 0.089987, 0.4906]"
CONTROL,5.9699998665601015,"[0.140149, -0.116596, 0.400803, 0.069931, 0.089987, 0.4906]"
CONTROL,5.974999866448343,"[0.140149, -0.116596, 0.400803, 0.069931, 0.089987, 0.4906]"
CONTROL,5.979999866336584,"[0.141449, -0.115443, 0.397318, 0.065908, 0.089834, 0.495291]"
CONTROL,5.984999866224825,"[0.141449, -0.115443, 0.397318, 0.065908, 0.089834, 0.495291]"
CONTROL,5.989999866113067,"[0.141449, -0.115443, 0.397318, 0.065908, 0.089834, 0.495291]"
CONTROL,5.994999866001308,"[0.141449, -0.115443, 0.397318, 0.065908, 0.089834, 0.495291]"
CONTROL,5.999999865889549,"[0.142658, -0.114127, 0.393934, 0.061717, 0.089507, 0.5]"
CONTROL,6.0049998657777905,"[0.142658, -0.114127, 0.393934, 0.061717, 0.089507, 0.5]"
CONTROL,6.009999865666032,"[0.142658, -0.114127, 0.393934, 0.061717, 0.089507, 0.5]"
CONTROL,6.014999865554273,"[0.142658, -0.114127, 0.393934, 0.061717, 0.089507, 0.5]"
CONTROL,6.019999865442514,"[0.143778, -0.112648, 0.390655, 0.057371, 0.089007, 0.504709]"
CONTROL,6.024999865330756,"[0.143778, -0.112648, 0.390655, 0.057371, 0.089007, 0.504709]"
CONTROL,6.029999865218997,"[0.143778, -0.112648, 0.390655, 0.057371, 0.089007, 0.504709]"
CONTROL,6.034999865107238,"[0.143778, -0.112648, 0.390655, 0.057371, 0.089007, 0.504709]"
CONTROL,6.03999986499548,"[0.144807, -0.111009, 0.387483, 0.05288, 0.088334, 0.5094]"
CONTROL,6.044999864883721,"[0.144807, -0.111009, 0.387483, 0.05288, 0.088334, 0.5094]"
CONTROL,6.049999864771962,"[0.144807, -0.111009, 0.387483, 0.05288, 0.088334, 0.5094]"
CONTROL,6.0549998646602035,"[0.144807, -0.111009, 0.387483, 0.05288, 0.088334, 0.5094]"
CONTROL,6.059999864548445,"[0.145745, -0.109213, 0.384423, 0.048256, 0.087491, 0.514054]"
CONTROL,6.064999864436686,"[0.145745, -0.109213, 0.384423, 0.048256, 0.087491, 0.514054]"
CONTROL,6.069999864324927,"[0.145745, -0.109213, 0.384423, 0.048256, 0.087491, 0.514054]"
CONTROL,6.074999864213169,"[0.145745, -0.109213, 0.384423, 0.048256, 0.087491, 0.514054]"
CONTROL,6.07999986410141,"[0.14659, -0.107261, 0.381477, 0.043509, 0.086479, 0.518652]"
CONTROL,6.084999863989651,"[0.14659, -0.107261, 0.381477, 0.043509, 0.086479, 0.518652]"
CONTROL,6.0899998638778925,"[0.14659, -0.107261, 0.381477, 0.043509, 0.086479, 0.518652]"
CONTROL,6.094999863766134,"[0.14659, -0.107261, 0.381477, 0.043509, 0.086479, 0.518652]"
CONTROL,6.099999863654375,"[0.147343, -0.105157, 0.378647, 0.038653, 0.085299, 0.523176]"
CONTROL,6.104999863542616,"[0.147343, -0.105157, 0.378647, 0.038653, 0.085299, 0.523176]"
CONTROL,6.109999863430858,"[0.147343, -0.105157, 0.378647, 0.038653, 0.085299, 0.523176]"
CONTROL,6.114999863319099,"[0.147343, -0.105157, 0.378647, 0.038653, 0.085299, 0.523176]"
CONTROL,6.11999986320734,"[0.148003, -0.102903, 0.375938, 0.033699, 0.083955, 0.527609]"
CONTROL,6.1249998630955815,"[0.148003, -0.102903, 0.375938, 0.033699, 0.083955, 0.527609]"
CONTROL,6.129999862983823,"[0.148003, -0.102903, 0.375938, 0.033699, 0.083955, 0.527609]"
CONTROL,6.134999862872064,"[0.148003, -0.102903, 0.375938, 0.033699, 0.083955, 0.527609]"
CONTROL,6.139999862760305,"[0.148569, -0.100503, 0.373351, 0.02866, 0.082447, 0.531933]"
CONTROL,6.144999862648547,"[0.148569, -0.100503, 0.373351, 0.02866, 0.082447, 0.531933]"
CONTROL,6.149999862536788,"[0.148569, -0.100503, 0.373351, 0.02866, 0.082447, 0.531933]"
CONTROL,6.154999862425029,"[0.148569, -0.100503, 0.373351, 0.02866, 0.082447, 0.531933]"
CONTROL,6.159999862313271,"[0.149042, -0.097961, 0.370889, 0.023548, 0.080781, 0.536132]"
CONTROL,6.164999862201512,"[0.149042, -0.097961, 0.370889, 0.023548, 0.080781, 0.536132]"
CONTROL,6.169999862089753,"[0.149042, -0.097961, 0.370889, 0.023548, 0.080781, 0.536132]"
CONTROL,6.174999861977994,"[0.149042, -0.097961, 0.370889, 0.023548, 0.080781, 0.536132]"
CONTROL,6.179999861866236,"[0.14942, -0.095279, 0.368554, 0.018377, 0.078958, 0.540187]"
CONTROL,6.184999861754477,"[0.14942, -0.095279, 0.368554, 0.018377, 0.078958, 0.540187]"
CONTROL,6.189999861642718,"[0.14942, -0.095279, 0.368554, 0.018377, 0.078958, 0.540187]"
CONTROL,6.19499986153096,"[0.14942, -0.095279, 0.368554, 0.018377, 0.078958, 0.540187]"
CONTROL,6.199999861419201,"[0.149704, -0.092462, 0.366349, 0.01316, 0.076983, 0.544084]"
CONTROL,6.204999861307442,"[0.149704, -0.092462, 0.366349, 0.01316, 0.076983, 0.544084]"
CONTROL,6.2099998611956835,"[0.149704, -0.092462, 0.366349, 0.01316, 0.076983, 0.544084]"
CONTROL,6.214999861083925,"[0.149704, -0.092462, 0.366349, 0.01316, 0.076983, 0.544084]"
CONTROL,6.219999860972166,"[0.149893, -0.089513, 0.364276, 0.007909, 0.074858, 0.547807]"
CONTROL,6.224999860860407,"[0.149893, -0.089513, 0.364276, 0.007909, 0.074858, 0.547807]"
CONTROL,6.229999860748649,"[0.149893, -0.089513, 0.364276, 0.007909, 0.074858, 0.547807]"
CONTROL,6.23499986063689,"[0.149893, -0.089513, 0.364276, 0.007909, 0.074858, 0.547807]"
CONTROL,6.239999860525131,"[0.149988, -0.086437, 0.362337, 0.002639, 0.072589, 0.551341]"
CONTROL,6.2449998604133725,"[0.149988, -0.086437, 0.362337, 0.002639, 0.072589, 0.551341]"
CONTROL,6.249999860301614,"[0.149988, -0.086437, 0.362337, 0.002639, 0.072589, 0.551341]"
CONTROL,6.254999860189855,"[0.149988, -0.086437, 0.362337, 0.002639, 0.072589, 0.551341]"
CONTROL,6.259999860078096,"[0.149988, -0.083238, 0.360534, -0.002639, 0.07018, 0.554673]"
CONTROL,6.264999859966338,"[0.149988, -0.083238, 0.360534, -0.002639, 0.07018, 0.554673]"
CONTROL,6.269999859854579,"[0.149988, -0.083238, 0.360534, -0.002639, 0.07018, 0.554673]"
CONTROL,6.27499985974282,"[0.149988, -0.083238, 0.360534, -0.002639, 0.07018, 0.554673]"
CONTROL,6.2799998596310616,"[0.149893, -0.079921, 0.358868, -0.007909, 0.067635, 0.557788]"
CONTROL,6.284999859519303,"[0.149893, -0.079921, 0.358868, -0.007909, 0.067635, 0.557788]"
CONTROL,6.289999859407544,"[0.149893, -0.079921, 0.358868, -0.007909, 0.067635, 0.557788]"
CONTROL,6.294999859295785,"[0.149893, -0.079921, 0.358868, -0.007909, 0.067635, 0.557788]"
CONTROL,6.299999859184027,"[0.149704, -0.076491, 0.357342, -0.01316, 0.064958, 0.560676]"
CONTROL,6.304999859072268,"[0.149704, -0.076491, 0.357342, -0.01316, 0.064958, 0.560676]"
CONTROL,6.309999858960509,"[0.149704, -0.076491, 0.357342, -0.01316, 0.064958, 0.560676]"
CONTROL,6.314999858848751,"[0.149704, -0.076491, 0.357342, -0.01316, 0.064958, 0.560676]"
CONTROL,6.319999858736992,"[0.14942, -0.072952, 0.355956, -0.018377, 0.062157, 0.563325]"
CONTROL,6.324999858625233,"[0.14942, -0.072952, 0.355956, -0.018377, 0.062157, 0.563325]"
CONTROL,6.3299998585134745,"[0.14942, -0.072952, 0.355956, -0.018377, 0.062157, 0.563325]"
CONTROL,6.334999858401716,"[0.14942, -0.072952, 0.355956, -0.018377, 0.062157, 0.563325]"
CONTROL,6.339999858289957,"[0.149042, -0.069309, 0.354713, -0.023548, 0.059235, 0.565723]"
CONTROL,6.344999858178198,"[0.149042, -0.069309, 0.354713, -0.023548, 0.059235, 0.565723]"
CONTROL,6.34999985806644,"[0.149042, -0.069309, 0.354713, -0.023548, 0.059235, 0.565723]"
CONTROL,6.354999857954681,"[0.149042, -0.069309, 0.354713, -0.023548, 0.059235, 0.565723]"
CONTROL,6.359999857842922,"[0.148569, -0.065567, 0.353612, -0.02866, 0.056198, 0.567862]"
CONTROL,6.3649998577311635,"[0.148569, -0.065567, 0.353612, -0.02866, 0.056198, 0.567862]"
CONTROL,6.369999857619405,"[0.148569, -0.065567, 0.353612, -0.02866, 0.056198, 0.567862]"
CONTROL,6.374999857507646,"[0.148569, -0.065567, 0.353612, -0.02866, 0.056198, 0.567862]"
CONTROL,6.379999857395887,"[0.148003, -0.061733, 0.352657, -0.033699, 0.053053, 0.569733]"
CONTROL,6.384999857284129,"[0.148003, -0.061733, 0.352657, -0.033699, 0.053053, 0.569733]"
CONTROL,6.38999985717237,"[0.148003, -0.061733, 0.352657, -0.033699, 0.053053, 0.569733]"
CONTROL,6.394999857060611,"[0.148003, -0.061733, 0.352657, -0.033699, 0.053053, 0.569733]"
CONTROL,6.3999998569488525,"[0.147343, -0.05781, 0.351847, -0.038653, 0.049805, 0.571329]"
CONTROL,6.404999856837094,"[0.147343, -0.05781, 0.351847, -0.038653, 0.049805, 0.571329]"
CONTROL,6.409999856725335,"[0.147343, -0.05781, 0.351847, -0.038653, 0.049805, 0.571329]"
CONTROL,6.414999856613576,"[0.147343, -0.05781, 0.351847, -0.038653, 0.049805, 0.571329]"
CONTROL,6.419999856501818,"[0.14659, -0.053806, 0.351183, -0.043509, 0.046461, 0.572644]"
CONTROL,6.424999856390059,"[0.14659, -0.053806, 0.351183, -0.043509, 0.046461, 0.572644]"
CONTROL,6.4299998562783,"[0.14659, -0.053806, 0.351183, -0.043509, 0.046461, 0.572644]"
CONTROL,6.434999856166542,"[0.14659, -0.053806, 0.351183, -0.043509, 0.046461, 0.572644]"
CONTROL,6.439999856054783,"[0.145745, -0.049725, 0.350666, -0.048256, 0.043027, 0.573672]"
CONTROL,6.444999855943024,"[0.145745, -0.049725, 0.350666, -0.048256, 0.043027, 0.573672]"
CONTROL,6.4499998558312654,"[0.145745, -0.049725, 0.350666, -0.048256, 0.043027, 0.573672]"
CONTROL,6.454999855719507,"[0.145745, -0.049725, 0.350666, -0.048256, 0.043027, 0.573672]"
CONTROL,6.459999855607748,"[0.144807, -0.045573, 0.350296, -0.05288, 0.03951, 0.574409]"
CONTROL,6.464999855495989,"[0.144807, -0.045573, 0.350296, -0.05288, 0.03951, 0.574409]"
CONTROL,6.469999855384231,"[0.144807, -0.045573, 0.350296, -0.05288, 0.03951, 0.574409]"
CONTROL,6.474999855272472,"[0.144807, -0.045573, 0.350296, -0.05288, 0.03951, 0.574409]"
CONTROL,6.479999855160713,"[0.143778, -0.041357, 0.350074, -0.057371, 0.035916, 0.574852]"
CONTROL,6.4849998550489545,"[0.143778, -0.041357, 0.350074, -0.057371, 0.035916, 0.574852]"
CONTROL,6.489999854937196,"[0.143778, -0.041357, 0.350074, -0.057371, 0.035916, 0.574852]"
CONTROL,6.494999854825437,"[0.143778, -0.041357, 0.350074, -0.057371, 0.035916, 0.574852]"
CONTROL,6.499999854713678,"[0.142658, -0.037082, 0.35, -0.061717, 0.032253, 0.575]"
CONTROL,6.50499985460192,"[0.142658, -0.037082, 0.35, -0.061717, 0.032253, 0.575]"
CONTROL,6.509999854490161,"[0.142658, -0.037082, 0.35, -0.061717, 0.032253, 0.575]"
CONTROL,6.514999854378402,"[0.142658, -0.037082, 0.35, -0.061717, 0.032253, 0.575]"
CONTROL,6.5199998542666435,"[0.141449, -0.032754, 0.350074, -0.065908, 0.028528, 0.574852]"
CONTROL,6.524999854154885,"[0.141449, -0.032754, 0.350074, -0.065908, 0.028528, 0.574852]"
CONTROL,6.529999854043126,"[0.141449, -0.032754, 0.350074, -0.065908, 0.028528, 0.574852]"
CONTROL,6.534999853931367,"[0.141449, -0.032754, 0.350074, -0.065908, 0.028528, 0.574852]"
CONTROL,6.539999853819609,"[0.140149, -0.02838, 0.350296, -0.069931, 0.024747, 0.574409]"
CONTROL,6.54499985370785,"[0.140149, -0.02838, 0.350296, -0.069931, 0.024747, 0.574409]"
CONTROL,6.549999853596091,"[0.140149, -0.02838, 0.350296, -0.069931, 0.024747, 0.574409]"
CONTROL,6.554999853484333,"[0.140149, -0.02838, 0.350296, -0.069931, 0.024747, 0.574409]"
CONTROL,6.559999853372574,"[0.138762, -0.023965, 0.350666, -0.073778, 0.020918, 0.573672]"
CONTROL,6.564999853260815,"[0.138762, -0.023965, 0.350666, -0.073778, 0.020918, 0.573672]"
CONTROL,6.569999853149056,"[0.138762, -0.023965, 0.350666, -0.073778, 0.020918, 0.573672]"
CONTROL,6.574999853037298,"[0.138762, -0.023965, 0.350666, -0.073778, 0.020918, 0.573672]"
CONTROL,6.579999852925539,"[0.137286, -0.019516, 0.351183, -0.077439, 0.017049, 0.572644]"
CONTROL,6.58499985281378,"[0.137286, -0.019516, 0.351183, -0.077439, 0.017049, 0.572644]"
CONTROL,6.589999852702022,"[0.137286, -0.019516, 0.351183, -0.077439, 0.017049, 0.572644]"
CONTROL,6.594999852590263,"[0.137286, -0.019516, 0.351183, -0.077439, 0.017049, 0.572644]"
CONTROL,6.599999852478504,"[0.135724, -0.01504, 0.351847, -0.080904, 0.013147, 0.571329]"
CONTROL,6.6049998523667455,"[0.135724, -0.01504, 0.351847, -0.080904, 0.013147, 0.571329]"
CONTROL,6.609999852254987,"[0.135724, -0.01504, 0.351847, -0.080904, 0.013147, 0.571329]"
CONTROL,6.614999852143228,"[0.135724, -0.01504, 0.351847, -0.080904, 0.013147, 0.571329]"
CONTROL,6.619999852031469,"[0.134076, -0.010542, 0.352657, -0.084165, 0.00922, 0.569733]"
CONTROL,6.624999851919711,"[0.134076, -0.010542, 0.352657, -0.084165, 0.00922, 0.569733]"
CONTROL,6.629999851807952,"[0.134076, -0.010542, 0.352657, -0.084165, 0.00922, 0.569733]"
CONTROL,6.634999851696193,"[0.134076, -0.010542, 0.352657, -0.084165, 0.00922, 0.569733]"
CONTROL,6.6399998515844345,"[0.132344, -0.006029, 0.353612, -0.087213, 0.005275, 0.567862]"
CONTROL,6.644999851472676,"[0.132344, -0.006029, 0.353612, -0.087213, 0.005275, 0.567862]"
CONTROL,6.649999851360917,"[0.132344, -0.006029, 0.353612, -0.087213, 0.005275, 0.567862]"
CONTROL,6.654999851249158,"[0.132344, -0.006029, 0.353612, -0.087213, 0.005275, 0.567862]"
CONTROL,6.6599998511374,"[0.130528, -0.001508, 0.354713, -0.09004, 0.001319, 0.565723]"
CONTROL,6.664999851025641,"[0.130528, -0.001508, 0.354713, -0.09004, 0.001319, 0.565723]"
CONTROL,6.669999850913882,"[0.130528, -0.001508, 0.354713, -0.09004, 0.001319, 0.565723]"
CONTROL,6.6749998508021235,"[0.130528, -0.001508, 0.354713, -0.09004, 0.001319, 0.565723]"
CONTROL,6.679999850690365,"[0.128629, 0.003016, 0.355956, -0.092641, -0.002639, 0.563325]"
CONTROL,6.684999850578606,"[0.128629, 0.003016, 0.355956, -0.092641, -0.002639, 0.563325]"
CONTROL,6.689999850466847,"[0.128629, 0.003016, 0.355956, -0.092641, -0.002639, 0.563325]"
CONTROL,6.694999850355089,"[0.128629, 0.003016, 0.355956, -0.092641, -0.002639, 0.563325]"
CONTROL,6.69999985024333,"[0.126649, 0.007535, 0.357342, -0.095007, -0.006591, 0.560676]"
CONTROL,6.704999850131571,"[0.126649, 0.007535, 0.357342, -0.095007, -0.006591, 0.560676]"
CONTROL,6.709999850019813,"[0.126649, 0.007535, 0.357342, -0.095007, -0.006591, 0.560676]"
CONTROL,6.714999849908054,"[0.126649, 0.007535, 0.357342, -0.095007, -0.006591, 0.560676]"
CONTROL,6.719999849796295,"[0.124589, 0.012043, 0.358868, -0.097133, -0.010532, 0.557788]"
CONTROL,6.7249998496845365,"[0.124589, 0.012043, 0.358868, -0.097133, -0.010532, 0.557788]"
CONTROL,6.729999849572778,"[0.124589, 0.012043, 0.358868, -0.097133, -0.010532, 0.557788]"
CONTROL,6.734999849461019,"[0.124589, 0.012043, 0.358868, -0.097133, -0.010532, 0.557788]"
CONTROL,6.73999984934926,"[0.122451, 0.016535, 0.360534, -0.099014, -0.014451, 0.554673]"
CONTROL,6.744999849237502,"[0.122451, 0.016535, 0.360534, -0.099014, -0.014451, 0.554673]"
CONTROL,6.749999849125743,"[0.122451, 0.016535, 0.360534, -0.099014, -0.014451, 0.554673]"
CONTROL,6.754999849013984,"[0.122451, 0.016535, 0.360534, -0.099014, -0.014451, 0.554673]"
CONTROL,6.7599998489022255,"[0.120235, 0.021003, 0.362337, -0.100645, -0.018343, 0.551341]"
CONTROL,6.764999848790467,"[0.120235, 0.021003, 0.362337, -0.100645, -0.018343, 0.551341]"
CONTROL,6.769999848678708,"[0.120235, 0.021003, 0.362337, -0.100645, -0.018343, 0.551341]"
CONTROL,6.774999848566949,"[0.120235, 0.021003, 0.362337, -0.100645, -0.018343, 0.551341]"
CONTROL,6.779999848455191,"[0.117943, 0.025441, 0.364276, -0.102021, -0.022199, 0.547807]"
CONTROL,6.784999848343432,"[0.117943, 0.025441, 0.364276, -0.102021, -0.022199, 0.547807]"
CONTROL,6.789999848231673,"[0.117943, 0.025441, 0.364276, -0.102021, -0.022199, 0.547807]"
CONTROL,6.7949998481199145,"[0.117943, 0.025441, 0.364276, -0.102021, -0.022199, 0.547807]"
CONTROL,6.799999848008156,"[0.115577, 0.029843, 0.366349, -0.10314, -0.026013, 0.544084]"
CONTROL,6.804999847896397,"[0.115577, 0.029843, 0.366349, -0.10314, -0.026013, 0.544084]"
CONTROL,6.809999847784638,"[0.115577, 0.029843, 0.366349, -0.10314, -0.026013, 0.544084]"
CONTROL,6.81499984767288,"[0.115577, 0.029843, 0.366349, -0.10314, -0.026013, 0.544084]"
CONTROL,6.819999847561121,"[0.113138, 0.034202, 0.368554, -0.103998, -0.029776, 0.540187]"
CONTROL,6.824999847449362,"[0.113138, 0.034202, 0.368554, -0.103998, -0.029776, 0.540187]"
CONTROL,6.829999847337604,"[0.113138, 0.034202, 0.368554, -0.103998, -0.029776, 0.540187]"
CONTROL,6.834999847225845,"[0.113138, 0.034202, 0.368554, -0.103998, -0.029776, 0.540187]"
CONTROL,6.839999847114086,"[0.110627, 0.038513, 0.370889, -0.104594, -0.033481, 0.536132]"
CONTROL,6.844999847002327,"[0.110627, 0.038513, 0.370889, -0.104594, -0.033481, 0.536132]"
CONTROL,6.849999846890569,"[0.110627, 0.038513, 0.370889, -0.104594, -0.033481, 0.536132]"
CONTROL,6.85499984677881,"[0.110627, 0.038513, 0.370889, -0.104594, -0.033481, 0.536132]"
CONTROL,6.859999846667051,"[0.108046, 0.042769, 0.373351, -0.104925, -0.037122, 0.531933]"
CONTROL,6.864999846555293,"[0.108046, 0.042769, 0.373351, -0.104925, -0.037122, 0.531933]"
CONTROL,6.869999846443534,"[0.108046, 0.042769, 0.373351, -0.104925, -0.037122, 0.531933]"
CONTROL,6.874999846331775,"[0.108046, 0.042769, 0.373351, -0.104925, -0.037122, 0.531933]"
CONTROL,6.8799998462200165,"[0.105397, 0.046965, 0.375938, -0.104992, -0.040691, 0.527609]"
CONTROL,6.884999846108258,"[0.105397, 0.046965, 0.375938, -0.104992, -0.040691, 0.527609]"
CONTROL,6.889999845996499,"[0.105397, 0.046965, 0.375938, -0.104992, -0.040691, 0.527609]"
CONTROL,6.89499984588474,"[0.105397, 0.046965, 0.375938, -0.104992, -0.040691, 0.527609]"
CONTROL,6.899999845772982,"[0.102682, 0.051094, 0.378647, -0.104793, -0.044181, 0.523176]"
CONTROL,6.904999845661223,"[0.102682, 0.051094, 0.378647, -0.104793, -0.044181, 0.523176]"
CONTROL,6.909999845549464,"[0.102682, 0.051094, 0.378647, -0.104793, -0.044181, 0.523176]"
CONTROL,6.9149998454377055,"[0.102682, 0.051094, 0.378647, -0.104793, -0.044181, 0.523176]"
CONTROL,6.919999845325947,"[0.099902, 0.05515, 0.381477, -0.104329, -0.047586, 0.518652]"
CONTROL,6.924999845214188,"[0.099902, 0.05515, 0.381477, -0.104329, -0.047586, 0.518652]"
CONTROL,6.929999845102429,"[0.099902, 0.05515, 0.381477, -0.104329, -0.047586, 0.518652]"
CONTROL,6.934999844990671,"[0.099902, 0.05515, 0.381477, -0.104329, -0.047586, 0.518652]"
CONTROL,6.939999844878912,"[0.097058, 0.059127, 0.384423, -0.103602, -0.050899, 0.514054]"
CONTROL,6.944999844767153,"[0.097058, 0.059127, 0.384423, -0.103602, -0.050899, 0.514054]"
CONTROL,6.9499998446553946,"[0.097058, 0.059127, 0.384423, -0.103602, -0.050899, 0.514054]"
CONTROL,6.954999844543636,"[0.097058, 0.059127, 0.384423, -0.103602, -0.050899, 0.514054]"
CONTROL,6.959999844431877,"[0.094154, 0.063021, 0.387483, -0.102613, -0.054113, 0.5094]"
CONTROL,6.964999844320118,"[0.094154, 0.063021, 0.387483, -0.102613, -0.054113, 0.5094]"
CONTROL,6.96999984420836,"[0.094154, 0.063021, 0.387483, -0.102613, -0.054113, 0.5094]"
CONTROL,6.974999844096601,"[0.094154, 0.063021, 0.387483, -0.102613, -0.054113, 0.5094]"
CONTROL,6.979999843984842,"[0.09119, 0.066825, 0.390655, -0.101365, -0.057223, 0.504709]"
CONTROL,6.984999843873084,"[0.09119, 0.066825, 0.390655, -0.101365, -0.057223, 0.504709]"
CONTROL,6.989999843761325,"[0.09119, 0.066825, 0.390655, -0.101365, -0.057223, 0.504709]"
CONTROL,6.994999843649566,"[0.09119, 0.066825, 0.390655, -0.101365, -0.057223, 0.504709]"
CONTROL,6.9999998435378075,"[0.088168, 0.070534, 0.393934, -0.099861, -0.060222, 0.5]"
CONTROL,7.004999843426049,"[0.088168, 0.070534, 0.393934, -0.099861, -0.060222, 0.5]"
CONTROL,7.00999984331429,"[0.088168, 0.070534, 0.393934, -0.099861, -0.060222, 0.5]"
CONTROL,7.014999843202531,"[0.088168, 0.070534, 0.393934, -0.099861, -0.060222, 0.5]"
CONTROL,7.019999843090773,"[0.08509, 0.074143, 0.397318, -0.098105, -0.063104, 0.495291]"
CONTROL,7.024999842979014,"[0.08509, 0.074143, 0.397318, -0.098105, -0.063104, 0.495291]"
CONTROL,7.029999842867255,"[0.08509, 0.074143, 0.397318, -0.098105, -0.063104, 0.495291]"
CONTROL,7.0349998427554965,"[0.08509, 0.074143, 0.397318, -0.098105, -0.063104, 0.495291]"
CONTROL,7.039999842643738,"[0.081959, 0.077647, 0.400803, -0.0961, -0.065865, 0.4906]"
CONTROL,7.044999842531979,"[0.081959, 0.077647, 0.400803, -0.0961, -0.065865, 0.4906]"
CONTROL,7.04999984242022,"[0.081959, 0.077647, 0.400803, -0.0961, -0.065865, 0.4906]"
CONTROL,7.054999842308462,"[0.081959, 0.077647, 0.400803, -0.0961, -0.065865, 0.4906]"
CONTROL,7.059999842196703,"[0.078776, 0.08104, 0.404386, -0.093853, -0.068498, 0.485946]"
CONTROL,7.064999842084944,"[0.078776, 0.08104, 0.404386, -0.093853, -0.068498, 0.485946]"
CONTROL,7.0699998419731855,"[0.078776, 0.08104, 0.404386, -0.093853, -0.068498, 0.485946]"
CONTROL,7.074999841861427,"[0.078776, 0.08104, 0.404386, -0.093853, -0.068498, 0.485946]"
CONTROL,7.079999841749668,"[0.075543, 0.084318, 0.408064, -0.091369, -0.070998, 0.481348]"
CONTROL,7.084999841637909,"[0.075543, 0.084318, 0.408064, -0.091369, -0.070998, 0.481348]"
CONTROL,7.089999841526151,"[0.075543, 0.084318, 0.408064, -0.091369, -0.070998, 0.481348]"
CONTROL,7.094999841414392,"[0.075543, 0.084318, 0.408064, -0.091369, -0.070998, 0.481348]"
CONTROL,7.099999841302633,"[0.072263, 0.087476, 0.411832, -0.088654, -0.073362, 0.476824]"
CONTROL,7.104999841190875,"[0.072263, 0.087476, 0.411832, -0.088654, -0.073362, 0.476824]"
CONTROL,7.109999841079116,"[0.072263, 0.087476, 0.411832, -0.088654, -0.073362, 0.476824]"
CONTROL,7.114999840967357,"[0.072263, 0.087476, 0.411832, -0.088654, -0.073362, 0.476824]"
CONTROL,7.1199998408555984,"[0.068937, 0.09051, 0.415687, -0.085716, -0.075583, 0.472391]"
CONTROL,7.12499984074384,"[0.068937, 0.09051, 0.415687, -0.085716, -0.075583, 0.472391]"
CONTROL,7.129999840632081,"[0.068937, 0.09051, 0.415687, -0.085716, -0.075583, 0.472391]"
CONTROL,7.134999840520322,"[0.068937, 0.09051, 0.415687, -0.085716, -0.075583, 0.472391]"
CONTROL,7.139999840408564,"[0.065567, 0.093415, 0.419626, -0.08256, -0.077658, 0.468067]"
CONTROL,7.144999840296805,"[0.065567, 0.093415, 0.419626, -0.08256, -0.077658, 0.468067]"
CONTROL,7.149999840185046,"[0.065567, 0.093415, 0.419626, -0.08256, -0.077658, 0.468067]"
CONTROL,7.1549998400732875,"[0.065567, 0.093415, 0.419626, -0.08256, -0.077658, 0.468067]"
CONTROL,7.159999839961529,"[0.062156, 0.096188, 0.423644, -0.079196, -0.079583, 0.463868]"
CONTROL,7.16499983984977,"[0.062156, 0.096188, 0.423644, -0.079196, -0.079583, 0.463868]"
CONTROL,7.169999839738011,"[0.062156, 0.096188, 0.423644, -0.079196, -0.079583, 0.463868]"
CONTROL,7.174999839626253,"[0.062156, 0.096188, 0.423644, -0.079196, -0.079583, 0.463868]"
CONTROL,7.179999839514494,"[0.058706, 0.098824, 0.427737, -0.075632, -0.081354, 0.459813]"
CONTROL,7.184999839402735,"[0.058706, 0.098824, 0.427737, -0.075632, -0.081354, 0.459813]"
CONTROL,7.1899998392909765,"[0.058706, 0.098824, 0.427737, -0.075632, -0.081354, 0.459813]"
CONTROL,7.194999839179218,"[0.058706, 0.098824, 0.427737, -0.075632, -0.081354, 0.459813]"
CONTROL,7.199999839067459,"[0.055219, 0.101319, 0.431901, -0.071877, -0.082968, 0.455916]"
CONTROL,7.2049998389557,"[0.055219, 0.101319, 0.431901, -0.071877, -0.082968, 0.455916]"
CONTROL,7.209999838843942,"[0.055219, 0.101319, 0.431901, -0.071877, -0.082968, 0.455916]"
CONTROL,7.214999838732183,"[0.055219, 0.101319, 0.431901, -0.071877, -0.082968, 0.455916]"
CONTROL,7.219999838620424,"[0.051696, 0.103671, 0.436133, -0.067941, -0.084421, 0.452193]"
CONTROL,7.224999838508666,"[0.051696, 0.103671, 0.436133, -0.067941, -0.084421, 0.452193]"
CONTROL,7.229999838396907,"[0.051696, 0.103671, 0.436133, -0.067941, -0.084421, 0.452193]"
CONTROL,7.234999838285148,"[0.051696, 0.103671, 0.436133, -0.067941, -0.084421, 0.452193]"
CONTROL,7.239999838173389,"[0.048142, 0.105875, 0.440428, -0.063833, -0.085711, 0.448659]"
CONTROL,7.244999838061631,"[0.048142, 0.105875, 0.440428, -0.063833, -0.085711, 0.448659]"
CONTROL,7.249999837949872,"[0.048142, 0.105875, 0.440428, -0.063833, -0.085711, 0.448659]"
CONTROL,7.254999837838113,"[0.048142, 0.105875, 0.440428, -0.063833, -0.085711, 0.448659]"
CONTROL,7.259999837726355,"[0.044556, 0.107929, 0.444781, -0.059563, -0.086835, 0.445327]"
CONTROL,7.264999837614596,"[0.044556, 0.107929, 0.444781, -0.059563, -0.086835, 0.445327]"
CONTROL,7.269999837502837,"[0.044556, 0.107929, 0.444781, -0.059563, -0.086835, 0.445327]"
CONTROL,7.2749998373910785,"[0.044556, 0.107929, 0.444781, -0.059563, -0.086835, 0.445327]"
CONTROL,7.27999983727932,"[0.040943, 0.109829, 0.449189, -0.055143, -0.087791, 0.442212]"
CONTROL,7.284999837167561,"[0.040943, 0.109829, 0.449189, -0.055143, -0.087791, 0.442212]"
CONTROL,7.289999837055802,"[0.040943, 0.109829, 0.449189, -0.055143, -0.087791, 0.442212]"
CONTROL,7.294999836944044,"[0.040943, 0.109829, 0.449189, -0.055143, -0.087791, 0.442212]"
CONTROL,7.299999836832285,"[0.037303, 0.111573, 0.453647, -0.050584, -0.088578, 0.439324]"
CONTROL,7.304999836720526,"[0.037303, 0.111573, 0.453647, -0.050584, -0.088578, 0.439324]"
CONTROL,7.3099998366087675,"[0.037303, 0.111573, 0.453647, -0.050584, -0.088578, 0.439324]"
CONTROL,7.314999836497009,"[0.037303, 0.111573, 0.453647, -0.050584, -0.088578, 0.439324]"
CONTROL,7.31999983638525,"[0.033641, 0.113159, 0.458151, -0.045897, -0.089193, 0.436675]"
CONTROL,7.324999836273491,"[0.033641, 0.113159, 0.458151, -0.045897, -0.089193, 0.436675]"
CONTROL,7.329999836161733,"[0.033641, 0.113159, 0.458151, -0.045897, -0.089193, 0.436675]"
CONTROL,7.334999836049974,"[0.033641, 0.113159, 0.458151, -0.045897, -0.089193, 0.436675]"
CONTROL,7.339999835938215,"[0.029956, 0.114584, 0.462697, -0.041094, -0.089635, 0.434277]"
CONTROL,7.3449998358264565,"[0.029956, 0.114584, 0.462697, -0.041094, -0.089635, 0.434277]"
CONTROL,7.349999835714698,"[0.029956, 0.114584, 0.462697, -0.041094, -0.089635, 0.434277]"
CONTROL,7.354999835602939,"[0.029956, 0.114584, 0.462697, -0.041094, -0.089635, 0.434277]"
CONTROL,7.35999983549118,"[0.026253, 0.115846, 0.467279, -0.036188, -0.089904, 0.432138]"
CONTROL,7.364999835379422,"[0.026253, 0.115846, 0.467279, -0.036188, -0.089904, 0.432138]"
CONTROL,7.369999835267663,"[0.026253, 0.115846, 0.467279, -0.036188, -0.089904, 0.432138]"
CONTROL,7.374999835155904,"[0.026253, 0.115846, 0.467279, -0.036188, -0.089904, 0.432138]"
CONTROL,7.379999835044146,"[0.022534, 0.116943, 0.471893, -0.031189, -0.09, 0.430267]"
CONTROL,7.384999834932387,"[0.022534, 0.116943, 0.471893, -0.031189, -0.09, 0.430267]"
CONTROL,7.389999834820628,"[0.022534, 0.116943, 0.471893, -0.031189, -0.09, 0.430267]"
CONTROL,7.3949998347088695,"[0.022534, 0.116943, 0.471893, -0.031189, -0.09, 0.430267]"
CONTROL,7.399999834597111,"[0.0188, 0.117874, 0.476535, -0.026112, -0.089921, 0.428671]"
CONTROL,7.404999834485352,"[0.0188, 0.117874, 0.476535, -0.026112, -0.089921, 0.428671]"
CONTROL,7.409999834373593,"[0.0188, 0.117874, 0.476535, -0.026112, -0.089921, 0.428671]"
CONTROL,7.414999834261835,"[0.0188, 0.117874, 0.476535, -0.026112, -0.089921, 0.428671]"
CONTROL,7.419999834150076,"[0.015054, 0.118638, 0.4812, -0.02097, -0.089668, 0.427356]"
CONTROL,7.424999834038317,"[0.015054, 0.118638, 0.4812, -0.02097, -0.089668, 0.427356]"
CONTROL,7.4299998339265585,"[0.015054, 0.118638, 0.4812, -0.02097, -0.089668, 0.427356]"
CONTROL,7.4349998338148,"[0.015054, 0.118638, 0.4812, -0.02097, -0.089668, 0.427356]"
CONTROL,7.439999833703041,"[0.011299, 0.119233, 0.485884, -0.015774, -0.089242, 0.426328]"
CONTROL,7.444999833591282,"[0.011299, 0.119233, 0.485884, -0.015774, -0.089242, 0.426328]"
CONTROL,7.449999833479524,"[0.011299, 0.119233, 0.485884, -0.015774, -0.089242, 0.426328]"
CONTROL,7.454999833367765,"[0.011299, 0.119233, 0.485884, -0.015774, -0.089242, 0.426328]"
CONTROL,7.459999833256006,"[0.007537, 0.119659, 0.490581, -0.010538, -0.088644, 0.425591]"
CONTROL,7.4649998331442475,"[0.007537, 0.119659, 0.490581, -0.010538, -0.088644, 0.425591]"
CONTROL,7.469999833032489,"[0.007537, 0.119659, 0.490581, -0.010538, -0.088644, 0.425591]"
CONTROL,7.47499983292073,"[0.007537, 0.119659, 0.490581, -0.010538, -0.088644, 0.425591]"
CONTROL,7.479999832808971,"[0.00377, 0.119915, 0.495288, -0.005276, -0.087873, 0.425148]"
CONTROL,7.484999832697213,"[0.00377, 0.119915, 0.495288, -0.005276, -0.087873, 0.425148]"
CONTROL,7.489999832585454,"[0.00377, 0.119915, 0.495288, -0.005276, -0.087873, 0.425148]"
CONTROL,7.494999832473695,"[0.00377, 0.119915, 0.495288, -0.005276, -0.087873, 0.425148]"
CONTROL,7.499999832361937,"[0.0, 0.12, 0.5, -0.0, -0.086933, 0.425]"
CONTROL,7.504999832250178,"[0.0, 0.12, 0.5, -0.0, -0.086933, 0.425]"
CONTROL,7.509999832138419,"[0.0, 0.12, 0.5, -0.0, -0.086933, 0.425]"
CONTROL,7.51499983202666,"[0.0, 0.12, 0.5, -0.0, -0.086933, 0.425]"
CONTROL,7.519999831914902,"[-0.00377, 0.119915, 0.504712, 0.005276, -0.085825, 0.425148]"
CONTROL,7.524999831803143,"[-0.00377, 0.119915, 0.504712, 0.005276, -0.085825, 0.425148]"
CONTROL,7.529999831691384,"[-0.00377, 0.119915, 0.504712, 0.005276, -0.085825, 0.425148]"
CONTROL,7.534999831579626,"[-0.00377, 0.119915, 0.504712, 0.005276, -0.085825, 0.425148]"
CONTROL,7.539999831467867,"[-0.007537, 0.119659, 0.509419, 0.010538, -0.084551, 0.425591]"
CONTROL,7.544999831356108,"[-0.007537, 0.119659, 0.509419, 0.010538, -0.084551, 0.425591]"
CONTROL,7.5499998312443495,"[-0.007537, 0.119659, 0.509419, 0.010538, -0.084551, 0.425591]"
CONTROL,7.554999831132591,"[-0.007537, 0.119659, 0.509419, 0.010538, -0.084551, 0.425591]"
CONTROL,7.559999831020832,"[-0.011299, 0.119233, 0.514116, 0.015774, -0.083113, 0.426328]"
CONTROL,7.564999830909073,"[-0.011299, 0.119233, 0.514116, 0.015774, -0.083113, 0.426328]"
CONTROL,7.569999830797315,"[-0.011299, 0.119233, 0.514116, 0.015774, -0.083113, 0.426328]"
CONTROL,7.574999830685556,"[-0.011299, 0.119233, 0.514116, 0.015774, -0.083113, 0.426328]"
CONTROL,7.579999830573797,"[-0.015054, 0.118638, 0.5188, 0.02097, -0.081515, 0.427356]"
CONTROL,7.5849998304620385,"[-0.015054, 0.118638, 0.5188, 0.02097, -0.081515, 0.427356]"
CONTROL,7.58999983035028,"[-0.015054, 0.118638, 0.5188, 0.02097, -0.081515, 0.427356]"
CONTROL,7.594999830238521,"[-0.015054, 0.118638, 0.5188, 0.02097, -0.081515, 0.427356]"
CONTROL,7.599999830126762,"[-0.0188, 0.117874, 0.523465, 0.026112, -0.079758, 0.428671]"
CONTROL,7.604999830015004,"[-0.0188, 0.117874, 0.523465, 0.026112, -0.079758, 0.428671]"
CONTROL,7.609999829903245,"[-0.0188, 0.117874, 0.523465, 0.026112, -0.079758, 0.428671]"
CONTROL,7.614999829791486,"[-0.0188, 0.117874, 0.523465, 0.026112, -0.079758, 0.428671]"
CONTROL,7.6199998296797276,"[-0.022534, 0.116943, 0.528107, 0.031189, -0.077848, 0.430267]"
CONTROL,7.624999829567969,"[-0.022534, 0.116943, 0.528107, 0.031189, -0.077848, 0.430267]"
CONTROL,7.62999982945621,"[-0.022534, 0.116943, 0.528107, 0.031189, -0.077848, 0.430267]"
CONTROL,7.634999829344451,"[-0.022534, 0.116943, 0.528107, 0.031189, -0.077848, 0.430267]"
CONTROL,7.639999829232693,"[-0.026253, 0.115846, 0.532721, 0.036188, -0.075787, 0.432138]"
CONTROL,7.644999829120934,"[-0.026253, 0.115846, 0.532721, 0.036188, -0.075787, 0.432138]"
CONTROL,7.649999829009175,"[-0.026253, 0.115846, 0.532721, 0.036188, -0.075787, 0.432138]"
CONTROL,7.654999828897417,"[-0.026253, 0.115846, 0.532721, 0.036188, -0.075787, 0.432138]"
CONTROL,7.659999828785658,"[-0.029956, 0.114584, 0.537303, 0.041094, -0.073579, 0.434277]"
CONTROL,7.664999828673899,"[-0.029956, 0.114584, 0.537303, 0.041094, -0.073579, 0.434277]"
CONTROL,7.6699998285621405,"[-0.029956, 0.114584, 0.537303, 0.041094, -0.073579, 0.434277]"
CONTROL,7.674999828450382,"[-0.029956, 0.114584, 0.537303, 0.041094, -0.073579, 0.434277]"
CONTROL,7.679999828338623,"[-0.033641, 0.113159, 0.541849, 0.045897, -0.071229, 0.436675]"
CONTROL,7.684999828226864,"[-0.033641, 0.113159, 0.541849, 0.045897, -0.071229, 0.436675]"
CONTROL,7.689999828115106,"[-0.033641, 0.113159, 0.541849, 0.045897, -0.071229, 0.436675]"
CONTROL,7.694999828003347,"[-0.033641, 0.113159, 0.541849, 0.045897, -0.071229, 0.436675]"
CONTROL,7.699999827891588,"[-0.037303, 0.111573, 0.546353, 0.050584, -0.068742, 0.439324]"
CONTROL,7.7049998277798295,"[-0.037303, 0.111573, 0.546353, 0.050584, -0.068742, 0.439324]"
CONTROL,7.709999827668071,"[-0.037303, 0.111573, 0.546353, 0.050584, -0.068742, 0.439324]"
CONTROL,7.714999827556312,"[-0.037303, 0.111573, 0.546353, 0.050584, -0.068742, 0.439324]"
CONTROL,7.719999827444553,"[-0.040943, 0.109829, 0.550811, 0.055143, -0.066121, 0.442212]"
CONTROL,7.724999827332795,"[-0.040943, 0.109829, 0.550811, 0.055143, -0.066121, 0.442212]"
CONTROL,7.729999827221036,"[-0.040943, 0.109829, 0.550811, 0.055143, -0.066121, 0.442212]"
CONTROL,7.734999827109277,"[-0.040943, 0.109829, 0.550811, 0.055143, -0.066121, 0.442212]"
CONTROL,7.7399998269975185,"[-0.044556, 0.107929, 0.555219, 0.059563, -0.063372, 0.445327]"
CONTROL,7.74499982688576,"[-0.044556, 0.107929, 0.555219, 0.059563, -0.063372, 0.445327]"
CONTROL,7.749999826774001,"[-0.044556, 0.107929, 0.555219, 0.059563, -0.063372, 0.445327]"
CONTROL,7.754999826662242,"[-0.044556, 0.107929, 0.555219, 0.059563, -0.063372, 0.445327]"
CONTROL,7.759999826550484,"[-0.048142, 0.105875, 0.559572, 0.063833, -0.060501, 0.448659]"
CONTROL,7.764999826438725,"[-0.048142, 0.105875, 0.559572, 0.063833, -0.060501, 0.448659]"
CONTROL,7.769999826326966,"[-0.048142, 0.105875, 0.559572, 0.063833, -0.060501, 0.448659]"
CONTROL,7.774999826215208,"[-0.048142, 0.105875, 0.559572, 0.063833, -0.060501, 0.448659]"
CONTROL,7.779999826103449,"[-0.051696, 0.103671, 0.563867, 0.067941, -0.057513, 0.452193]"
CONTROL,7.78499982599169,"[-0.051696, 0.103671, 0.563867, 0.067941, -0.057513, 0.452193]"
CONTROL,7.7899998258799314,"[-0.051696, 0.103671, 0.563867, 0.067941, -0.057513, 0.452193]"
CONTROL,7.794999825768173,"[-0.051696, 0.103671, 0.563867, 0.067941, -0.057513, 0.452193]"
CONTROL,7.799999825656414,"[-0.055219, 0.101319, 0.568099, 0.071877, -0.054414, 0.455916]"
CONTROL,7.804999825544655,"[-0.055219, 0.101319, 0.568099, 0.071877, -0.054414, 0.455916]"
CONTROL,7.809999825432897,"[-0.055219, 0.101319, 0.568099, 0.071877, -0.054414, 0.455916]"
CONTROL,7.814999825321138,"[-0.055219, 0.101319, 0.568099, 0.071877, -0.054414, 0.455916]"
CONTROL,7.819999825209379,"[-0.058706, 0.098824, 0.572263, 0.075632, -0.051209, 0.459813]"
CONTROL,7.8249998250976205,"[-0.058706, 0.098824, 0.572263, 0.075632, -0.051209, 0.459813]"
CONTROL,7.829999824985862,"[-0.058706, 0.098824, 0.572263, 0.075632, -0.051209, 0.459813]"
CONTROL,7.834999824874103,"[-0.058706, 0.098824, 0.572263, 0.075632, -0.051209, 0.459813]"
CONTROL,7.839999824762344,"[-0.062156, 0.096188, 0.576356, 0.079196, -0.047906, 0.463868]"
CONTROL,7.844999824650586,"[-0.062156, 0.096188, 0.576356, 0.079196, -0.047906, 0.463868]"
CONTROL,7.849999824538827,"[-0.062156, 0.096188, 0.576356, 0.079196, -0.047906, 0.463868]"
CONTROL,7.854999824427068,"[-0.062156, 0.096188, 0.576356, 0.079196, -0.047906, 0.463868]"
CONTROL,7.8599998243153095,"[-0.065567, 0.093415, 0.580374, 0.08256, -0.044509, 0.468067]"
CONTROL,7.864999824203551,"[-0.065567, 0.093415, 0.580374, 0.08256, -0.044509, 0.468067]"
CONTROL,7.869999824091792,"[-0.065567, 0.093415, 0.580374, 0.08256, -0.044509, 0.468067]"
CONTROL,7.874999823980033,"[-0.065567, 0.093415, 0.580374, 0.08256, -0.044509, 0.468067]"
CONTROL,7.879999823868275,"[-0.068937, 0.09051, 0.584313, 0.085716, -0.041027, 0.472391]"
CONTROL,7.884999823756516,"[-0.068937, 0.09051, 0.584313, 0.085716, -0.041027, 0.472391]"
CONTROL,7.889999823644757,"[-0.068937, 0.09051, 0.584313, 0.085716, -0.041027, 0.472391]"
CONTROL,7.894999823532999,"[-0.068937, 0.09051, 0.584313, 0.085716, -0.041027, 0.472391]"
CONTROL,7.89999982342124,"[-0.072263, 0.087476, 0.588168, 0.088654, -0.037465, 0.476824]"
CONTROL,7.904999823309481,"[-0.072263, 0.087476, 0.588168, 0.088654, -0.037465, 0.476824]"
CONTROL,7.909999823197722,"[-0.072263, 0.087476, 0.588168, 0.088654, -0.037465, 0.476824]"
CONTROL,7.914999823085964,"[-0.072263, 0.087476, 0.588168, 0.088654, -0.037465, 0.476824]"
CONTROL,7.919999822974205,"[-0.075543, 0.084318, 0.591936, 0.091369, -0.033831, 0.481348]"
CONTROL,7.924999822862446,"[-0.075543, 0.084318, 0.591936, 0.091369, -0.033831, 0.481348]"
CONTROL,7.929999822750688,"[-0.075543, 0.084318, 0.591936, 0.091369, -0.033831, 0.481348]"
CONTROL,7.934999822638929,"[-0.075543, 0.084318, 0.591936, 0.091369, -0.033831, 0.481348]"
CONTROL,7.93999982252717,"[-0.078776, 0.08104, 0.595614, 0.093853, -0.030131, 0.485946]"
CONTROL,7.9449998224154115,"[-0.078776, 0.08104, 0.595614, 0.093853, -0.030131, 0.485946]"
CONTROL,7.949999822303653,"[-0.078776, 0.08104, 0.595614, 0.093853, -0.030131, 0.485946]"
CONTROL,7.954999822191894,"[-0.078776, 0.08104, 0.595614, 0.093853, -0.030131, 0.485946]"
CONTROL,7.959999822080135,"[-0.081959, 0.077647, 0.599197, 0.0961, -0.026374, 0.4906]"
CONTROL,7.964999821968377,"[-0.081959, 0.077647, 0.599197, 0.0961, -0.026374, 0.4906]"
CONTROL,7.969999821856618,"[-0.081959, 0.077647, 0.599197, 0.0961, -0.026374, 0.4906]"
CONTROL,7.974999821744859,"[-0.081959, 0.077647, 0.599197, 0.0961, -0.026374, 0.4906]"
CONTROL,7.9799998216331005,"[-0.08509, 0.074143, 0.602682, 0.098105, -0.022565, 0.495291]"
CONTROL,7.984999821521342,"[-0.08509, 0.074143, 0.602682, 0.098105, -0.022565, 0.495291]"
CONTROL,7.989999821409583,"[-0.08509, 0.074143, 0.602682, 0.098105, -0.022565, 0.495291]"
CONTROL,7.994999821297824,"[-0.08509, 0.074143, 0.602682, 0.098105, -0.022565, 0.495291]"
CONTROL,7.999999821186066,"[-0.088168, 0.070534, 0.606066, 0.099861, -0.018712, 0.5]"
CONTROL,8.004999821074307,"[-0.088168, 0.070534, 0.606066, 0.099861, -0.018712, 0.5]"
CONTROL,8.009999820962548,"[-0.088168, 0.070534, 0.606066, 0.099861, -0.018712, 0.5]"
CONTROL,8.01499982085079,"[-0.088168, 0.070534, 0.606066, 0.099861, -0.018712, 0.5]"
CONTROL,8.01999982073903,"[-0.09119, 0.066825, 0.609345, 0.101365, -0.014823, 0.504709]"
CONTROL,8.024999820627272,"[-0.09119, 0.066825, 0.609345, 0.101365, -0.014823, 0.504709]"
CONTROL,8.029999820515513,"[-0.09119, 0.066825, 0.609345, 0.101365, -0.014823, 0.504709]"
CONTROL,8.034999820403755,"[-0.09119, 0.066825, 0.609345, 0.101365, -0.014823, 0.504709]"
CONTROL,8.039999820291996,"[-0.094154, 0.063021, 0.612517, 0.102613, -0.010906, 0.5094]"
CONTROL,8.044999820180237,"[-0.094154, 0.063021, 0.612517, 0.102613, -0.010906, 0.5094]"
CONTROL,8.049999820068479,"[-0.094154, 0.063021, 0.612517, 0.102613, -0.010906, 0.5094]"
CONTROL,8.05499981995672,"[-0.094154, 0.063021, 0.612517, 0.102613, -0.010906, 0.5094]"
CONTROL,8.059999819844961,"[-0.097058, 0.059127, 0.615577, 0.103602, -0.006967, 0.514054]"
CONTROL,8.064999819733202,"[-0.097058, 0.059127, 0.615577, 0.103602, -0.006967, 0.514054]"
CONTROL,8.069999819621444,"[-0.097058, 0.059127, 0.615577, 0.103602, -0.006967, 0.514054]"
CONTROL,8.074999819509685,"[-0.097058, 0.059127, 0.615577, 0.103602, -0.006967, 0.514054]"
CONTROL,8.079999819397926,"[-0.099902, 0.05515, 0.618523, 0.104329, -0.003015, 0.518652]"
CONTROL,8.084999819286168,"[-0.099902, 0.05515, 0.618523, 0.104329, -0.003015, 0.518652]"
CONTROL,8.089999819174409,"[-0.099902, 0.05515, 0.618523, 0.104329, -0.003015, 0.518652]"
CONTROL,8.09499981906265,"[-0.099902, 0.05515, 0.618523, 0.104329, -0.003015, 0.518652]"
CONTROL,8.099999818950891,"[-0.102682, 0.051094, 0.621353, 0.104793, 0.000942, 0.523176]"
CONTROL,8.104999818839133,"[-0.102682, 0.051094, 0.621353, 0.104793, 0.000942, 0.523176]"
CONTROL,8.109999818727374,"[-0.102682, 0.051094, 0.621353, 0.104793, 0.000942, 0.523176]"
CONTROL,8.114999818615615,"[-0.102682, 0.051094, 0.621353, 0.104793, 0.000942, 0.523176]"
CONTROL,8.119999818503857,"[-0.105397, 0.046965, 0.624062, 0.104992, 0.004898, 0.527609]"
CONTROL,8.124999818392098,"[-0.105397, 0.046965, 0.624062, 0.104992, 0.004898, 0.527609]"
CONTROL,8.12999981828034,"[-0.105397, 0.046965, 0.624062, 0.104992, 0.004898, 0.527609]"
CONTROL,8.13499981816858,"[-0.105397, 0.046965, 0.624062, 0.104992, 0.004898, 0.527609]"
CONTROL,8.139999818056822,"[-0.108046, 0.042769, 0.626649, 0.104925, 0.008845, 0.531933]"
CONTROL,8.144999817945063,"[-0.108046, 0.042769, 0.626649, 0.104925, 0.008845, 0.531933]"
CONTROL,8.149999817833304,"[-0.108046, 0.042769, 0.626649, 0.104925, 0.008845, 0.531933]"
CONTROL,8.154999817721546,"[-0.108046, 0.042769, 0.626649, 0.104925, 0.008845, 0.531933]"
CONTROL,8.159999817609787,"[-0.110627, 0.038513, 0.629111, 0.104594, 0.012774, 0.536132]"
CONTROL,8.164999817498028,"[-0.110627, 0.038513, 0.629111, 0.104594, 0.012774, 0.536132]"
CONTROL,8.16999981738627,"[-0.110627, 0.038513, 0.629111, 0.104594, 0.012774, 0.536132]"
CONTROL,8.17499981727451,"[-0.110627, 0.038513, 0.629111, 0.104594, 0.012774, 0.536132]"
CONTROL,8.179999817162752,"[-0.113138, 0.034202, 0.631446, 0.103998, 0.016679, 0.540187]"
CONTROL,8.184999817050993,"[-0.113138, 0.034202, 0.631446, 0.103998, 0.016679, 0.540187]"
CONTROL,8.189999816939235,"[-0.113138, 0.034202, 0.631446, 0.103998, 0.016679, 0.540187]"
CONTROL,8.194999816827476,"[-0.113138, 0.034202, 0.631446, 0.103998, 0.016679, 0.540187]"
CONTROL,8.199999816715717,"[-0.115577, 0.029843, 0.633651, 0.10314, 0.020552, 0.544084]"
CONTROL,8.204999816603959,"[-0.115577, 0.029843, 0.633651, 0.10314, 0.020552, 0.544084]"
CONTROL,8.2099998164922,"[-0.115577, 0.029843, 0.633651, 0.10314, 0.020552, 0.544084]"
CONTROL,8.214999816380441,"[-0.115577, 0.029843, 0.633651, 0.10314, 0.020552, 0.544084]"
CONTROL,8.219999816268682,"[-0.117943, 0.025441, 0.635724, 0.102021, 0.024384, 0.547807]"
CONTROL,8.224999816156924,"[-0.117943, 0.025441, 0.635724, 0.102021, 0.024384, 0.547807]"
CONTROL,8.229999816045165,"[-0.117943, 0.025441, 0.635724, 0.102021, 0.024384, 0.547807]"
CONTROL,8.234999815933406,"[-0.117943, 0.025441, 0.635724, 0.102021, 0.024384, 0.547807]"
CONTROL,8.239999815821648,"[-0.120235, 0.021003, 0.637663, 0.100645, 0.02817, 0.551341]"
CONTROL,8.244999815709889,"[-0.120235, 0.021003, 0.637663, 0.100645, 0.02817, 0.551341]"
CONTROL,8.24999981559813,"[-0.120235, 0.021003, 0.637663, 0.100645, 0.02817, 0.551341]"
CONTROL,8.254999815486372,"[-0.120235, 0.021003, 0.637663, 0.100645, 0.02817, 0.551341]"
CONTROL,8.259999815374613,"[-0.122451, 0.016535, 0.639466, 0.099014, 0.031901, 0.554673]"
CONTROL,8.264999815262854,"[-0.122451, 0.016535, 0.639466, 0.099014, 0.031901, 0.554673]"
CONTROL,8.269999815151095,"[-0.122451, 0.016535, 0.639466, 0.099014, 0.031901, 0.554673]"
CONTROL,8.274999815039337,"[-0.122451, 0.016535, 0.639466, 0.099014, 0.031901, 0.554673]"
CONTROL,8.279999814927578,"[-0.124589, 0.012043, 0.641132, 0.097133, 0.03557, 0.557788]"
CONTROL,8.28499981481582,"[-0.124589, 0.012043, 0.641132, 0.097133, 0.03557, 0.557788]"
CONTROL,8.28999981470406,"[-0.124589, 0.012043, 0.641132, 0.097133, 0.03557, 0.557788]"
CONTROL,8.294999814592302,"[-0.124589, 0.012043, 0.641132, 0.097133, 0.03557, 0.557788]"
CONTROL,8.299999814480543,"[-0.126649, 0.007535, 0.642658, 0.095007, 0.039171, 0.560676]"
CONTROL,8.304999814368784,"[-0.126649, 0.007535, 0.642658, 0.095007, 0.039171, 0.560676]"
CONTROL,8.309999814257026,"[-0.126649, 0.007535, 0.642658, 0.095007, 0.039171, 0.560676]"
CONTROL,8.314999814145267,"[-0.126649, 0.007535, 0.642658, 0.095007, 0.039171, 0.560676]"
CONTROL,8.319999814033508,"[-0.128629, 0.003016, 0.644044, 0.092641, 0.042696, 0.563325]"
CONTROL,8.32499981392175,"[-0.128629, 0.003016, 0.644044, 0.092641, 0.042696, 0.563325]"
CONTROL,8.32999981380999,"[-0.128629, 0.003016, 0.644044, 0.092641, 0.042696, 0.563325]"
CONTROL,8.334999813698232,"[-0.128629, 0.003016, 0.644044, 0.092641, 0.042696, 0.563325]"
CONTROL,8.339999813586473,"[-0.130528, -0.001508, 0.645287, 0.09004, 0.046138, 0.565723]"
CONTROL,8.344999813474715,"[-0.130528, -0.001508, 0.645287, 0.09004, 0.046138, 0.565723]"
CONTROL,8.349999813362956,"[-0.130528, -0.001508, 0.645287, 0.09004, 0.046138, 0.565723]"
CONTROL,8.354999813251197,"[-0.130528, -0.001508, 0.645287, 0.09004, 0.046138, 0.565723]"
CONTROL,8.359999813139439,"[-0.132344, -0.006029, 0.646388, 0.087213, 0.049491, 0.567862]"
CONTROL,8.36499981302768,"[-0.132344, -0.006029, 0.646388, 0.087213, 0.049491, 0.567862]"
CONTROL,8.369999812915921,"[-0.132344, -0.006029, 0.646388, 0.087213, 0.049491, 0.567862]"
CONTROL,8.374999812804163,"[-0.132344, -0.006029, 0.646388, 0.087213, 0.049491, 0.567862]"
CONTROL,8.379999812692404,"[-0.134076, -0.010542, 0.647343, 0.084165, 0.052748, 0.569733]"
CONTROL,8.384999812580645,"[-0.134076, -0.010542, 0.647343, 0.084165, 0.052748, 0.569733]"
CONTROL,8.389999812468886,"[-0.134076, -0.010542, 0.647343, 0.084165, 0.052748, 0.569733]"
CONTROL,8.394999812357128,"[-0.134076, -0.010542, 0.647343, 0.084165, 0.052748, 0.569733]"
CONTROL,8.399999812245369,"[-0.135724, -0.01504, 0.648153, 0.080904, 0.055903, 0.571329]"
CONTROL,8.40499981213361,"[-0.135724, -0.01504, 0.648153, 0.080904, 0.055903, 0.571329]"
CONTROL,8.409999812021852,"[-0.135724, -0.01504, 0.648153, 0.080904, 0.055903, 0.571329]"
CONTROL,8.414999811910093,"[-0.135724, -0.01504, 0.648153, 0.080904, 0.055903, 0.571329]"
CONTROL,8.419999811798334,"[-0.137286, -0.019516, 0.648817, 0.077439, 0.05895, 0.572644]"
CONTROL,8.424999811686575,"[-0.137286, -0.019516, 0.648817, 0.077439, 0.05895, 0.572644]"
CONTROL,8.429999811574817,"[-0.137286, -0.019516, 0.648817, 0.077439, 0.05895, 0.572644]"
CONTROL,8.434999811463058,"[-0.137286, -0.019516, 0.648817, 0.077439, 0.05895, 0.572644]"
CONTROL,8.4399998113513,"[-0.138762, -0.023965, 0.649334, 0.073778, 0.061884, 0.573672]"
CONTROL,8.44499981123954,"[-0.138762, -0.023965, 0.649334, 0.073778, 0.061884, 0.573672]"
CONTROL,8.449999811127782,"[-0.138762, -0.023965, 0.649334, 0.073778, 0.061884, 0.573672]"
CONTROL,8.454999811016023,"[-0.138762, -0.023965, 0.649334, 0.073778, 0.061884, 0.573672]"
CONTROL,8.459999810904264,"[-0.140149, -0.02838, 0.649704, 0.069931, 0.064697, 0.574409]"
CONTROL,8.464999810792506,"[-0.140149, -0.02838, 0.649704, 0.069931, 0.064697, 0.574409]"
CONTROL,8.469999810680747,"[-0.140149, -0.02838, 0.649704, 0.069931, 0.064697, 0.574409]"
CONTROL,8.474999810568988,"[-0.140149, -0.02838, 0.649704, 0.069931, 0.064697, 0.574409]"
CONTROL,8.47999981045723,"[-0.141449, -0.032754, 0.649926, 0.065908, 0.067385, 0.574852]"
CONTROL,8.484999810345471,"[-0.141449, -0.032754, 0.649926, 0.065908, 0.067385, 0.574852]"
CONTROL,8.489999810233712,"[-0.141449, -0.032754, 0.649926, 0.065908, 0.067385, 0.574852]"
CONTROL,8.494999810121953,"[-0.141449, -0.032754, 0.649926, 0.065908, 0.067385, 0.574852]"
CONTROL,8.499999810010195,"[-0.142658, -0.037082, 0.65, 0.061717, 0.069943, 0.575]"
CONTROL,8.504999809898436,"[-0.142658, -0.037082, 0.65, 0.061717, 0.069943, 0.575]"
CONTROL,8.509999809786677,"[-0.142658, -0.037082, 0.65, 0.061717, 0.069943, 0.575]"
CONTROL,8.514999809674919,"[-0.142658, -0.037082, 0.65, 0.061717, 0.069943, 0.575]"
CONTROL,8.51999980956316,"[-0.143778, -0.041357, 0.649926, 0.057371, 0.072366, 0.574852]"
CONTROL,8.524999809451401,"[-0.143778, -0.041357, 0.649926, 0.057371, 0.072366, 0.574852]"
CONTROL,8.529999809339643,"[-0.143778, -0.041357, 0.649926, 0.057371, 0.072366, 0.574852]"
CONTROL,8.534999809227884,"[-0.143778, -0.041357, 0.649926, 0.057371, 0.072366, 0.574852]"
CONTROL,8.539999809116125,"[-0.144807, -0.045573, 0.649704, 0.05288, 0.074648, 0.574409]"
CONTROL,8.544999809004366,"[-0.144807, -0.045573, 0.649704, 0.05288, 0.074648, 0.574409]"
CONTROL,8.549999808892608,"[-0.144807, -0.045573, 0.649704, 0.05288, 0.074648, 0.574409]"
CONTROL,8.554999808780849,"[-0.144807, -0.045573, 0.649704, 0.05288, 0.074648, 0.574409]"
CONTROL,8.55999980866909,"[-0.145745, -0.049725, 0.649334, 0.048256, 0.076787, 0.573672]"
CONTROL,8.564999808557332,"[-0.145745, -0.049725, 0.649334, 0.048256, 0.076787, 0.573672]"
CONTROL,8.569999808445573,"[-0.145745, -0.049725, 0.649334, 0.048256, 0.076787, 0.573672]"
CONTROL,8.574999808333814,"[-0.145745, -0.049725, 0.649334, 0.048256, 0.076787, 0.573672]"
CONTROL,8.579999808222055,"[-0.14659, -0.053806, 0.648817, 0.043509, 0.078777, 0.572644]"
CONTROL,8.584999808110297,"[-0.14659, -0.053806, 0.648817, 0.043509, 0.078777, 0.572644]"
CONTROL,8.589999807998538,"[-0.14659, -0.053806, 0.648817, 0.043509, 0.078777, 0.572644]"
CONTROL,8.59499980788678,"[-0.14659, -0.053806, 0.648817, 0.043509, 0.078777, 0.572644]"
CONTROL,8.59999980777502,"[-0.147343, -0.05781, 0.648153, 0.038653, 0.080614, 0.571329]"
CONTROL,8.604999807663262,"[-0.147343, -0.05781, 0.648153, 0.038653, 0.080614, 0.571329]"
CONTROL,8.609999807551503,"[-0.147343, -0.05781, 0.648153, 0.038653, 0.080614, 0.571329]"
CONTROL,8.614999807439744,"[-0.147343, -0.05781, 0.648153, 0.038653, 0.080614, 0.571329]"
CONTROL,8.619999807327986,"[-0.148003, -0.061733, 0.647343, 0.033699, 0.082296, 0.569733]"
CONTROL,8.624999807216227,"[-0.148003, -0.061733, 0.647343, 0.033699, 0.082296, 0.569733]"
CONTROL,8.629999807104468,"[-0.148003, -0.061733, 0.647343, 0.033699, 0.082296, 0.569733]"
CONTROL,8.63499980699271,"[-0.148003, -0.061733, 0.647343, 0.033699, 0.082296, 0.569733]"
CONTROL,8.639999806880951,"[-0.148569, -0.065567, 0.646388, 0.02866, 0.083818, 0.567862]"
CONTROL,8.644999806769192,"[-0.148569, -0.065567, 0.646388, 0.02866, 0.083818, 0.567862]"
CONTROL,8.649999806657434,"[-0.148569, -0.065567, 0.646388, 0.02866, 0.083818, 0.567862]"
CONTROL,8.654999806545675,"[-0.148569, -0.065567, 0.646388, 0.02866, 0.083818, 0.567862]"
CONTROL,8.659999806433916,"[-0.149042, -0.069309, 0.645287, 0.023548, 0.085178, 0.565723]"
CONTROL,8.664999806322157,"[-0.149042, -0.069309, 0.645287, 0.023548, 0.085178, 0.565723]"
CONTROL,8.669999806210399,"[-0.149042, -0.069309, 0.645287, 0.023548, 0.085178, 0.565723]"
CONTROL,8.67499980609864,"[-0.149042, -0.069309, 0.645287, 0.023548, 0.085178, 0.565723]"
CONTROL,8.679999805986881,"[-0.14942, -0.072952, 0.644044, 0.018377, 0.086374, 0.563325]"
CONTROL,8.684999805875123,"[-0.14942, -0.072952, 0.644044, 0.018377, 0.086374, 0.563325]"
CONTROL,8.689999805763364,"[-0.14942, -0.072952, 0.644044, 0.018377, 0.086374, 0.563325]"
CONTROL,8.694999805651605,"[-0.14942, -0.072952, 0.644044, 0.018377, 0.086374, 0.563325]"
CONTROL,8.699999805539846,"[-0.149704, -0.076491, 0.642658, 0.01316, 0.087402, 0.560676]"
CONTROL,8.704999805428088,"[-0.149704, -0.076491, 0.642658, 0.01316, 0.087402, 0.560676]"
CONTROL,8.709999805316329,"[-0.149704, -0.076491, 0.642658, 0.01316, 0.087402, 0.560676]"
CONTROL,8.71499980520457,"[-0.149704, -0.076491, 0.642658, 0.01316, 0.087402, 0.560676]"
CONTROL,8.719999805092812,"[-0.149893, -0.079921, 0.641132, 0.007909, 0.088261, 0.557788]"
CONTROL,8.724999804981053,"[-0.149893, -0.079921, 0.641132, 0.007909, 0.088261, 0.557788]"
CONTROL,8.729999804869294,"[-0.149893, -0.079921, 0.641132, 0.007909, 0.088261, 0.557788]"
CONTROL,8.734999804757535,"[-0.149893, -0.079921, 0.641132, 0.007909, 0.088261, 0.557788]"
CONTROL,8.739999804645777,"[-0.149988, -0.083238, 0.639466, 0.002639, 0.08895, 0.554673]"
CONTROL,8.744999804534018,"[-0.149988, -0.083238, 0.639466, 0.002639, 0.08895, 0.554673]"
CONTROL,8.74999980442226,"[-0.149988, -0.083238, 0.639466, 0.002639, 0.08895, 0.554673]"
CONTROL,8.7549998043105,"[-0.149988, -0.083238, 0.639466, 0.002639, 0.08895, 0.554673]"
CONTROL,8.759999804198742,"[-0.149988, -0.086437, 0.637663, -0.002639, 0.089467, 0.551341]"
CONTROL,8.764999804086983,"[-0.149988, -0.086437, 0.637663, -0.002639, 0.089467, 0.551341]"
CONTROL,8.769999803975224,"[-0.149988, -0.086437, 0.637663, -0.002639, 0.089467, 0.551341]"
CONTROL,8.774999803863466,"[-0.149988, -0.086437, 0.637663, -0.002639, 0.089467, 0.551341]"
CONTROL,8.779999803751707,"[-0.149893, -0.089513, 0.635724, -0.007909, 0.08981, 0.547807]"
CONTROL,8.784999803639948,"[-0.149893, -0.089513, 0.635724, -0.007909, 0.08981, 0.547807]"
CONTROL,8.78999980352819,"[-0.149893, -0.089513, 0.635724, -0.007909, 0.08981, 0.547807]"
CONTROL,8.794999803416431,"[-0.149893, -0.089513, 0.635724, -0.007909, 0.08981, 0.547807]"
CONTROL,8.799999803304672,"[-0.149704, -0.092462, 0.633651, -0.01316, 0.08998, 0.544084]"
CONTROL,8.804999803192914,"[-0.149704, -0.092462, 0.633651, -0.01316, 0.08998, 0.544084]"
CONTROL,8.809999803081155,"[-0.149704, -0.092462, 0.633651, -0.01316, 0.08998, 0.544084]"
CONTROL,8.814999802969396,"[-0.149704, -0.092462, 0.633651, -0.01316, 0.08998, 0.544084]"
CONTROL,8.819999802857637,"[-0.14942, -0.095279, 0.631446, -0.018377, 0.089976, 0.540187]"
CONTROL,8.824999802745879,"[-0.14942, -0.095279, 0.631446, -0.018377, 0.089976, 0.540187]"
CONTROL,8.82999980263412,"[-0.14942, -0.095279, 0.631446, -0.018377, 0.089976, 0.540187]"
CONTROL,8.834999802522361,"[-0.14942, -0.095279, 0.631446, -0.018377, 0.089976, 0.540187]"
CONTROL,8.839999802410603,"[-0.149042, -0.097961, 0.629111, -0.023548, 0.089798, 0.536132]"
CONTROL,8.844999802298844,"[-0.149042, -0.097961, 0.629111, -0.023548, 0.089798, 0.536132]"
CONTROL,8.849999802187085,"[-0.149042, -0.097961, 0.629111, -0.023548, 0.089798, 0.536132]"
CONTROL,8.854999802075326,"[-0.149042, -0.097961, 0.629111, -0.023548, 0.089798, 0.536132]"
CONTROL,8.859999801963568,"[-0.148569, -0.100503, 0.626649, -0.02866, 0.089446, 0.531933]"
CONTROL,8.864999801851809,"[-0.148569, -0.100503, 0.626649, -0.02866, 0.089446, 0.531933]"
CONTROL,8.86999980174005,"[-0.148569, -0.100503, 0.626649, -0.02866, 0.089446, 0.531933]"
CONTROL,8.874999801628292,"[-0.148569, -0.100503, 0.626649, -0.02866, 0.089446, 0.531933]"
CONTROL,8.879999801516533,"[-0.148003, -0.102903, 0.624062, -0.033699, 0.088921, 0.527609]"
CONTROL,8.884999801404774,"[-0.148003, -0.102903, 0.624062, -0.033699, 0.088921, 0.527609]"
CONTROL,8.889999801293015,"[-0.148003, -0.102903, 0.624062, -0.033699, 0.088921, 0.527609]"
CONTROL,8.894999801181257,"[-0.148003, -0.102903, 0.624062, -0.033699, 0.088921, 0.527609]"
CONTROL,8.899999801069498,"[-0.147343, -0.105157, 0.621353, -0.038653, 0.088224, 0.523176]"
CONTROL,8.90499980095774,"[-0.147343, -0.105157, 0.621353, -0.038653, 0.088224, 0.523176]"
CONTROL,8.90999980084598,"[-0.147343, -0.105157, 0.621353, -0.038653, 0.088224, 0.523176]"
CONTROL,8.914999800734222,"[-0.147343, -0.105157, 0.621353, -0.038653, 0.088224, 0.523176]"
CONTROL,8.919999800622463,"[-0.14659, -0.107261, 0.618523, -0.043509, 0.087357, 0.518652]"
CONTROL,8.924999800510705,"[-0.14659, -0.107261, 0.618523, -0.043509, 0.087357, 0.518652]"
CONTROL,8.929999800398946,"[-0.14659, -0.107261, 0.618523, -0.043509, 0.087357, 0.518652]"
CONTROL,8.934999800287187,"[-0.14659, -0.107261, 0.618523, -0.043509, 0.087357, 0.518652]"
CONTROL,8.939999800175428,"[-0.145745, -0.109213, 0.615577, -0.048256, 0.08632, 0.514054]"
CONTROL,8.94499980006367,"[-0.145745, -0.109213, 0.615577, -0.048256, 0.08632, 0.514054]"
CONTROL,8.949999799951911,"[-0.145745, -0.109213, 0.615577, -0.048256, 0.08632, 0.514054]"
CONTROL,8.954999799840152,"[-0.145745, -0.109213, 0.615577, -0.048256, 0.08632, 0.514054]"
CONTROL,8.959999799728394,"[-0.144807, -0.111009, 0.612517, -0.05288, 0.085117, 0.5094]"
CONTROL,8.964999799616635,"[-0.144807, -0.111009, 0.612517, -0.05288, 0.085117, 0.5094]"
CONTROL,8.969999799504876,"[-0.144807, -0.111009, 0.612517, -0.05288, 0.085117, 0.5094]"
CONTROL,8.974999799393117,"[-0.144807, -0.111009, 0.612517, -0.05288, 0.085117, 0.5094]"
CONTROL,8.979999799281359,"[-0.143778, -0.112648, 0.609345, -0.057371, 0.083749, 0.504709]"
CONTROL,8.9849997991696,"[-0.143778, -0.112648, 0.609345, -0.057371, 0.083749, 0.504709]"
CONTROL,8.989999799057841,"[-0.143778, -0.112648, 0.609345, -0.057371, 0.083749, 0.504709]"
CONTROL,8.994999798946083,"[-0.143778, -0.112648, 0.609345, -0.057371, 0.083749, 0.504709]"
CONTROL,8.999999798834324,"[-0.142658, -0.114127, 0.606066, -0.061717, 0.082219, 0.5]"
CONTROL,9.004999798722565,"[-0.142658, -0.114127, 0.606066, -0.061717, 0.082219, 0.5]"
CONTROL,9.009999798610806,"[-0.142658, -0.114127, 0.606066, -0.061717, 0.082219, 0.5]"
CONTROL,9.014999798499048,"[-0.142658, -0.114127, 0.606066, -0.061717, 0.082219, 0.5]"
CONTROL,9.019999798387289,"[-0.141449, -0.115443, 0.602682, -0.065908, 0.08053, 0.495291]"
CONTROL,9.02499979827553,"[-0.141449, -0.115443, 0.602682, -0.065908, 0.08053, 0.495291]"
CONTROL,9.029999798163772,"[-0.141449, -0.115443, 0.602682, -0.065908, 0.08053, 0.495291]"
CONTROL,9.034999798052013,"[-0.141449, -0.115443, 0.602682, -0.065908, 0.08053, 0.495291]"
CONTROL,9.039999797940254,"[-0.140149, -0.116596, 0.599197, -0.069931, 0.078685, 0.4906]"
CONTROL,9.044999797828496,"[-0.140149, -0.116596, 0.599197, -0.069931, 0.078685, 0.4906]"
CONTROL,9.049999797716737,"[-0.140149, -0.116596, 0.599197, -0.069931, 0.078685, 0.4906]"
CONTROL,9.054999797604978,"[-0.140149, -0.116596, 0.599197, -0.069931, 0.078685, 0.4906]"
CONTROL,9.05999979749322,"[-0.138762, -0.117583, 0.595614, -0.073778, 0.076688, 0.485946]"
CONTROL,9.06499979738146,"[-0.138762, -0.117583, 0.595614, -0.073778, 0.076688, 0.485946]"
CONTROL,9.069999797269702,"[-0.138762, -0.117583, 0.595614, -0.073778, 0.076688, 0.485946]"
CONTROL,9.074999797157943,"[-0.138762, -0.117583, 0.595614, -0.073778, 0.076688, 0.485946]"
CONTROL,9.079999797046185,"[-0.137286, -0.118402, 0.591936, -0.077439, 0.074543, 0.481348]"
CONTROL,9.084999796934426,"[-0.137286, -0.118402, 0.591936, -0.077439, 0.074543, 0.481348]"
CONTROL,9.089999796822667,"[-0.137286, -0.118402, 0.591936, -0.077439, 0.074543, 0.481348]"
CONTROL,9.094999796710908,"[-0.137286, -0.118402, 0.591936, -0.077439, 0.074543, 0.481348]"
CONTROL,9.09999979659915,"[-0.135724, -0.119054, 0.588168, -0.080904, 0.072254, 0.476824]"
CONTROL,9.104999796487391,"[-0.135724, -0.119054, 0.588168, -0.080904, 0.072254, 0.476824]"
CONTROL,9.109999796375632,"[-0.135724, -0.119054, 0.588168, -0.080904, 0.072254, 0.476824]"
CONTROL,9.114999796263874,"[-0.135724, -0.119054, 0.588168, -0.080904, 0.072254, 0.476824]"
CONTROL,9.119999796152115,"[-0.134076, -0.119536, 0.584313, -0.084165, 0.069824, 0.472391]"
CONTROL,9.124999796040356,"[-0.134076, -0.119536, 0.584313, -0.084165, 0.069824, 0.472391]"
CONTROL,9.129999795928597,"[-0.134076, -0.119536, 0.584313, -0.084165, 0.069824, 0.472391]"
CONTROL,9.134999795816839,"[-0.134076, -0.119536, 0.584313, -0.084165, 0.069824, 0.472391]"
CONTROL,9.13999979570508,"[-0.132344, -0.119848, 0.580374, -0.087213, 0.06726, 0.468067]"
CONTROL,9.144999795593321,"[-0.132344, -0.119848, 0.580374, -0.087213, 0.06726, 0.468067]"
CONTROL,9.149999795481563,"[-0.132344, -0.119848, 0.580374, -0.087213, 0.06726, 0.468067]"
CONTROL,9.154999795369804,"[-0.132344, -0.119848, 0.580374, -0.087213, 0.06726, 0.468067]"
CONTROL,9.159999795258045,"[-0.130528, -0.119991, 0.576356, -0.09004, 0.064566, 0.463868]"
CONTROL,9.164999795146286,"[-0.130528, -0.119991, 0.576356, -0.09004, 0.064566, 0.463868]"
CONTROL,9.169999795034528,"[-0.130528, -0.119991, 0.576356, -0.09004, 0.064566, 0.463868]"
CONTROL,9.174999794922769,"[-0.130528, -0.119991, 0.576356, -0.09004, 0.064566, 0.463868]"
CONTROL,9.17999979481101,"[-0.128629, -0.119962, 0.572263, -0.092641, 0.061747, 0.459813]"
CONTROL,9.184999794699252,"[-0.128629, -0.119962, 0.572263, -0.092641, 0.061747, 0.459813]"
CONTROL,9.189999794587493,"[-0.128629, -0.119962, 0.572263, -0.092641, 0.061747, 0.459813]"
CONTROL,9.194999794475734,"[-0.128629, -0.119962, 0.572263, -0.092641, 0.061747, 0.459813]"
CONTROL,9.199999794363976,"[-0.126649, -0.119763, 0.568099, -0.095007, 0.058808, 0.455916]"
CONTROL,9.204999794252217,"[-0.126649, -0.119763, 0.568099, -0.095007, 0.058808, 0.455916]"
CONTROL,9.209999794140458,"[-0.126649, -0.119763, 0.568099, -0.095007, 0.058808, 0.455916]"
CONTROL,9.2149997940287,"[-0.126649, -0.119763, 0.568099, -0.095007, 0.058808, 0.455916]"
CONTROL,9.21999979391694,"[-0.124589, -0.119394, 0.563867, -0.097133, 0.055755, 0.452193]"
CONTROL,9.224999793805182,"[-0.124589, -0.119394, 0.563867, -0.097133, 0.055755, 0.452193]"
CONTROL,9.229999793693423,"[-0.124589, -0.119394, 0.563867, -0.097133, 0.055755, 0.452193]"
CONTROL,9.234999793581665,"[-0.124589, -0.119394, 0.563867, -0.097133, 0.055755, 0.452193]"
CONTROL,9.239999793469906,"[-0.122451, -0.118855, 0.559572, -0.099014, 0.052595, 0.448659]"
CONTROL,9.244999793358147,"[-0.122451, -0.118855, 0.559572, -0.099014, 0.052595, 0.448659]"
CONTROL,9.249999793246388,"[-0.122451, -0.118855, 0.559572, -0.099014, 0.052595, 0.448659]"
CONTROL,9.25499979313463,"[-0.122451, -0.118855, 0.559572, -0.099014, 0.052595, 0.448659]"
CONTROL,9.259999793022871,"[-0.120235, -0.118148, 0.555219, -0.100645, 0.049333, 0.445327]"
CONTROL,9.264999792911112,"[-0.120235, -0.118148, 0.555219, -0.100645, 0.049333, 0.445327]"
CONTROL,9.269999792799354,"[-0.120235, -0.118148, 0.555219, -0.100645, 0.049333, 0.445327]"
CONTROL,9.274999792687595,"[-0.120235, -0.118148, 0.555219, -0.100645, 0.049333, 0.445327]"
CONTROL,9.279999792575836,"[-0.117943, -0.117272, 0.550811, -0.102021, 0.045976, 0.442212]"
CONTROL,9.284999792464077,"[-0.117943, -0.117272, 0.550811, -0.102021, 0.045976, 0.442212]"
CONTROL,9.289999792352319,"[-0.117943, -0.117272, 0.550811, -0.102021, 0.045976, 0.442212]"
CONTROL,9.29499979224056,"[-0.117943, -0.117272, 0.550811, -0.102021, 0.045976, 0.442212]"
CONTROL,9.299999792128801,"[-0.115577, -0.11623, 0.546353, -0.10314, 0.04253, 0.439324]"
CONTROL,9.304999792017043,"[-0.115577, -0.11623, 0.546353, -0.10314, 0.04253, 0.439324]"
CONTROL,9.309999791905284,"[-0.115577, -0.11623, 0.546353, -0.10314, 0.04253, 0.439324]"
CONTROL,9.314999791793525,"[-0.115577, -0.11623, 0.546353, -0.10314, 0.04253, 0.439324]"
CONTROL,9.319999791681767,"[-0.113138, -0.115023, 0.541849, -0.103998, 0.039001, 0.436675]"
CONTROL,9.324999791570008,"[-0.113138, -0.115023, 0.541849, -0.103998, 0.039001, 0.436675]"
CONTROL,9.329999791458249,"[-0.113138, -0.115023, 0.541849, -0.103998, 0.039001, 0.436675]"
CONTROL,9.33499979134649,"[-0.113138, -0.115023, 0.541849, -0.103998, 0.039001, 0.436675]"
CONTROL,9.339999791234732,"[-0.110627, -0.113652, 0.537303, -0.104594, 0.035397, 0.434277]"
CONTROL,9.344999791122973,"[-0.110627, -0.113652, 0.537303, -0.104594, 0.035397, 0.434277]"
CONTROL,9.349999791011214,"[-0.110627, -0.113652, 0.537303, -0.104594, 0.035397, 0.434277]"
CONTROL,9.354999790899456,"[-0.110627, -0.113652, 0.537303, -0.104594, 0.035397, 0.434277]"
CONTROL,9.359999790787697,"[-0.108046, -0.112119, 0.532721, -0.104925, 0.031725, 0.432138]"
CONTROL,9.364999790675938,"[-0.108046, -0.112119, 0.532721, -0.104925, 0.031725, 0.432138]"
CONTROL,9.36999979056418,"[-0.108046, -0.112119, 0.532721, -0.104925, 0.031725, 0.432138]"
CONTROL,9.37499979045242,"[-0.108046, -0.112119, 0.532721, -0.104925, 0.031725, 0.432138]"
CONTROL,9.379999790340662,"[-0.105397, -0.110428, 0.528107, -0.104992, 0.027991, 0.430267]"
CONTROL,9.384999790228903,"[-0.105397, -0.110428, 0.528107, -0.104992, 0.027991, 0.430267]"
CONTROL,9.389999790117145,"[-0.105397, -0.110428, 0.528107, -0.104992, 0.027991, 0.430267]"
CONTROL,9.394999790005386,"[-0.105397, -0.110428, 0.528107, -0.104992, 0.027991, 0.430267]"
CONTROL,9.399999789893627,"[-0.102682, -0.108579, 0.523465, -0.104793, 0.024203, 0.428671]"
CONTROL,9.404999789781868,"[-0.102682, -0.108579, 0.523465, -0.104793, 0.024203, 0.428671]"
CONTROL,9.40999978967011,"[-0.102682, -0.108579, 0.523465, -0.104793, 0.024203, 0.428671]"
CONTROL,9.414999789558351,"[-0.102682, -0.108579, 0.523465, -0.104793, 0.024203, 0.428671]"
CONTROL,9.419999789446592,"[-0.099902, -0.106576, 0.5188, -0.104329, 0.020368, 0.427356]"
CONTROL,9.424999789334834,"[-0.099902, -0.106576, 0.5188, -0.104329, 0.020368, 0.427356]"
CONTROL,9.429999789223075,"[-0.099902, -0.106576, 0.5188, -0.104329, 0.020368, 0.427356]"
CONTROL,9.434999789111316,"[-0.099902, -0.106576, 0.5188, -0.104329, 0.020368, 0.427356]"
CONTROL,9.439999788999557,"[-0.097058, -0.104422, 0.514116, -0.103602, 0.016494, 0.426328]"
CONTROL,9.444999788887799,"[-0.097058, -0.104422, 0.514116, -0.103602, 0.016494, 0.426328]"
CONTROL,9.44999978877604,"[-0.097058, -0.104422, 0.514116, -0.103602, 0.016494, 0.426328]"
CONTROL,9.454999788664281,"[-0.097058, -0.104422, 0.514116, -0.103602, 0.016494, 0.426328]"
CONTROL,9.459999788552523,"[-0.094154, -0.102119, 0.509419, -0.102613, 0.012588, 0.425591]"
CONTROL,9.464999788440764,"[-0.094154, -0.102119, 0.509419, -0.102613, 0.012588, 0.425591]"
CONTROL,9.469999788329005,"[-0.094154, -0.102119, 0.509419, -0.102613, 0.012588, 0.425591]"
CONTROL,9.474999788217247,"[-0.094154, -0.102119, 0.509419, -0.102613, 0.012588, 0.425591]"
CONTROL,9.479999788105488,"[-0.09119, -0.099672, 0.504712, -0.101365, 0.008657, 0.425148]"
CONTROL,9.48499978799373,"[-0.09119, -0.099672, 0.504712, -0.101365, 0.008657, 0.425148]"
CONTROL,9.48999978788197,"[-0.09119, -0.099672, 0.504712, -0.101365, 0.008657, 0.425148]"
CONTROL,9.494999787770212,"[-0.09119, -0.099672, 0.504712, -0.101365, 0.008657, 0.425148]"
CONTROL,9.499999787658453,"[-0.088168, -0.097082, 0.5, -0.099861, 0.00471, 0.425]"
CONTROL,9.504999787546694,"[-0.088168, -0.097082, 0.5, -0.099861, 0.00471, 0.425]"
CONTROL,9.509999787434936,"[-0.088168, -0.097082, 0.5, -0.099861, 0.00471, 0.425]"
CONTROL,9.514999787323177,"[-0.088168, -0.097082, 0.5, -0.099861, 0.00471, 0.425]"
CONTROL,9.519999787211418,"[-0.08509, -0.094355, 0.495288, -0.098105, 0.000754, 0.425148]"
CONTROL,9.52499978709966,"[-0.08509, -0.094355, 0.495288, -0.098105, 0.000754, 0.425148]"
CONTROL,9.5299997869879,"[-0.08509, -0.094355, 0.495288, -0.098105, 0.000754, 0.425148]"
CONTROL,9.534999786876142,"[-0.08509, -0.094355, 0.495288, -0.098105, 0.000754, 0.425148]"
CONTROL,9.539999786764383,"[-0.081959, -0.091493, 0.490581, -0.0961, -0.003204, 0.425591]"
CONTROL,9.544999786652625,"[-0.081959, -0.091493, 0.490581, -0.0961, -0.003204, 0.425591]"
CONTROL,9.549999786540866,"[-0.081959, -0.091493, 0.490581, -0.0961, -0.003204, 0.425591]"
CONTROL,9.554999786429107,"[-0.081959, -0.091493, 0.490581, -0.0961, -0.003204, 0.425591]"
CONTROL,9.559999786317348,"[-0.078776, -0.088502, 0.485884, -0.093853, -0.007155, 0.426328]"
CONTROL,9.56499978620559,"[-0.078776, -0.088502, 0.485884, -0.093853, -0.007155, 0.426328]"
CONTROL,9.569999786093831,"[-0.078776, -0.088502, 0.485884, -0.093853, -0.007155, 0.426328]"
CONTROL,9.574999785982072,"[-0.078776, -0.088502, 0.485884, -0.093853, -0.007155, 0.426328]"
CONTROL,9.579999785870314,"[-0.075543, -0.085384, 0.4812, -0.091369, -0.011093, 0.427356]"
CONTROL,9.584999785758555,"[-0.075543, -0.085384, 0.4812, -0.091369, -0.011093, 0.427356]"
CONTROL,9.589999785646796,"[-0.075543, -0.085384, 0.4812, -0.091369, -0.011093, 0.427356]"
CONTROL,9.594999785535038,"[-0.075543, -0.085384, 0.4812, -0.091369, -0.011093, 0.427356]"
CONTROL,9.599999785423279,"[-0.072263, -0.082146, 0.476535, -0.088654, -0.015009, 0.428671]"
CONTROL,9.60499978531152,"[-0.072263, -0.082146, 0.476535, -0.088654, -0.015009, 0.428671]"
CONTROL,9.609999785199761,"[-0.072263, -0.082146, 0.476535, -0.088654, -0.015009, 0.428671]"
CONTROL,9.614999785088003,"[-0.072263, -0.082146, 0.476535, -0.088654, -0.015009, 0.428671]"
CONTROL,9.619999784976244,"[-0.068937, -0.07879, 0.471893, -0.085716, -0.018896, 0.430267]"
CONTROL,9.624999784864485,"[-0.068937, -0.07879, 0.471893, -0.085716, -0.018896, 0.430267]"
CONTROL,9.629999784752727,"[-0.068937, -0.07879, 0.471893, -0.085716, -0.018896, 0.430267]"
CONTROL,9.634999784640968,"[-0.068937, -0.07879, 0.471893, -0.085716, -0.018896, 0.430267]"
CONTROL,9.63999978452921,"[-0.065567, -0.075323, 0.467279, -0.08256, -0.022747, 0.432138]"
CONTROL,9.64499978441745,"[-0.065567, -0.075323, 0.467279, -0.08256, -0.022747, 0.432138]"
CONTROL,9.649999784305692,"[-0.065567, -0.075323, 0.467279, -0.08256, -0.022747, 0.432138]"
CONTROL,9.654999784193933,"[-0.065567, -0.075323, 0.467279, -0.08256, -0.022747, 0.432138]"
CONTROL,9.659999784082174,"[-0.062156, -0.071749, 0.462697, -0.079196, -0.026554, 0.434277]"
CONTROL,9.664999783970416,"[-0.062156, -0.071749, 0.462697, -0.079196, -0.026554, 0.434277]"
CONTROL,9.669999783858657,"[-0.062156, -0.071749, 0.462697, -0.079196, -0.026554, 0.434277]"
CONTROL,9.674999783746898,"[-0.062156, -0.071749, 0.462697, -0.079196, -0.026554, 0.434277]"
CONTROL,9.67999978363514,"[-0.058706, -0.068072, 0.458151, -0.075632, -0.030309, 0.436675]"
CONTROL,9.68499978352338,"[-0.058706, -0.068072, 0.458151, -0.075632, -0.030309, 0.436675]"
CONTROL,9.689999783411622,"[-0.058706, -0.068072, 0.458151, -0.075632, -0.030309, 0.436675]"
CONTROL,9.694999783299863,"[-0.058706, -0.068072, 0.458151, -0.075632, -0.030309, 0.436675]"
CONTROL,9.699999783188105,"[-0.055219, -0.064299, 0.453647, -0.071877, -0.034006, 0.439324]"
CONTROL,9.704999783076346,"[-0.055219, -0.064299, 0.453647, -0.071877, -0.034006, 0.439324]"
CONTROL,9.709999782964587,"[-0.055219, -0.064299, 0.453647, -0.071877, -0.034006, 0.439324]"
CONTROL,9.714999782852829,"[-0.055219, -0.064299, 0.453647, -0.071877, -0.034006, 0.439324]"
CONTROL,9.71999978274107,"[-0.051696, -0.060435, 0.449189, -0.067941, -0.037637, 0.442212]"
CONTROL,9.724999782629311,"[-0.051696, -0.060435, 0.449189, -0.067941, -0.037637, 0.442212]"
CONTROL,9.729999782517552,"[-0.051696, -0.060435, 0.449189, -0.067941, -0.037637, 0.442212]"
CONTROL,9.734999782405794,"[-0.051696, -0.060435, 0.449189, -0.067941, -0.037637, 0.442212]"
CONTROL,9.739999782294035,"[-0.048142, -0.056484, 0.444781, -0.063833, -0.041195, 0.445327]"
CONTROL,9.744999782182276,"[-0.048142, -0.056484, 0.444781, -0.063833, -0.041195, 0.445327]"
CONTROL,9.749999782070518,"[-0.048142, -0.056484, 0.444781, -0.063833, -0.041195, 0.445327]"
CONTROL,9.754999781958759,"[-0.048142, -0.056484, 0.444781, -0.063833, -0.041195, 0.445327]"
CONTROL,9.759999781847,"[-0.044556, -0.052454, 0.440428, -0.059563, -0.044673, 0.448659]"
CONTROL,9.764999781735241,"[-0.044556, -0.052454, 0.440428, -0.059563, -0.044673, 0.448659]"
CONTROL,9.769999781623483,"[-0.044556, -0.052454, 0.440428, -0.059563, -0.044673, 0.448659]"
CONTROL,9.774999781511724,"[-0.044556, -0.052454, 0.440428, -0.059563, -0.044673, 0.448659]"
CONTROL,9.779999781399965,"[-0.040943, -0.048349, 0.436133, -0.055143, -0.048065, 0.452193]"
CONTROL,9.784999781288207,"[-0.040943, -0.048349, 0.436133, -0.055143, -0.048065, 0.452193]"
CONTROL,9.789999781176448,"[-0.040943, -0.048349, 0.436133, -0.055143, -0.048065, 0.452193]"
CONTROL,9.79499978106469,"[-0.040943, -0.048349, 0.436133, -0.055143, -0.048065, 0.452193]"
CONTROL,9.79999978095293,"[-0.037303, -0.044175, 0.431901, -0.050584, -0.051364, 0.455916]"
CONTROL,9.804999780841172,"[-0.037303, -0.044175, 0.431901, -0.050584, -0.051364, 0.455916]"
CONTROL,9.809999780729413,"[-0.037303, -0.044175, 0.431901, -0.050584, -0.051364, 0.455916]"
CONTROL,9.814999780617654,"[-0.037303, -0.044175, 0.431901, -0.050584, -0.051364, 0.455916]"
CONTROL,9.819999780505896,"[-0.033641, -0.039938, 0.427737, -0.045897, -0.054564, 0.459813]"
CONTROL,9.824999780394137,"[-0.033641, -0.039938, 0.427737, -0.045897, -0.054564, 0.459813]"
CONTROL,9.829999780282378,"[-0.033641, -0.039938, 0.427737, -0.045897, -0.054564, 0.459813]"
CONTROL,9.83499978017062,"[-0.033641, -0.039938, 0.427737, -0.045897, -0.054564, 0.459813]"
CONTROL,9.83999978005886,"[-0.029956, -0.035645, 0.423644, -0.041094, -0.057658, 0.463868]"
CONTROL,9.844999779947102,"[-0.029956, -0.035645, 0.423644, -0.041094, -0.057658, 0.463868]"
CONTROL,9.849999779835343,"[-0.029956, -0.035645, 0.423644, -0.041094, -0.057658, 0.463868]"
CONTROL,9.854999779723585,"[-0.029956, -0.035645, 0.423644, -0.041094, -0.057658, 0.463868]"
CONTROL,9.859999779611826,"[-0.026253, -0.031301, 0.419626, -0.036188, -0.060641, 0.468067]"
CONTROL,9.864999779500067,"[-0.026253, -0.031301, 0.419626, -0.036188, -0.060641, 0.468067]"
CONTROL,9.869999779388309,"[-0.026253, -0.031301, 0.419626, -0.036188, -0.060641, 0.468067]"
CONTROL,9.87499977927655,"[-0.026253, -0.031301, 0.419626, -0.036188, -0.060641, 0.468067]"
CONTROL,9.879999779164791,"[-0.022534, -0.026912, 0.415687, -0.031189, -0.063506, 0.472391]"
CONTROL,9.884999779053032,"[-0.022534, -0.026912, 0.415687, -0.031189, -0.063506, 0.472391]"
CONTROL,9.889999778941274,"[-0.022534, -0.026912, 0.415687, -0.031189, -0.063506, 0.472391]"
CONTROL,9.894999778829515,"[-0.022534, -0.026912, 0.415687, -0.031189, -0.063506, 0.472391]"
CONTROL,9.899999778717756,"[-0.0188, -0.022486, 0.411832, -0.026112, -0.066249, 0.476824]"
CONTROL,9.904999778605998,"[-0.0188, -0.022486, 0.411832, -0.026112, -0.066249, 0.476824]"
CONTROL,9.909999778494239,"[-0.0188, -0.022486, 0.411832, -0.026112, -0.066249, 0.476824]"
CONTROL,9.91499977838248,"[-0.0188, -0.022486, 0.411832, -0.026112, -0.066249, 0.476824]"
CONTROL,9.919999778270721,"[-0.015054, -0.018027, 0.408064, -0.02097, -0.068863, 0.481348]"
CONTROL,9.924999778158963,"[-0.015054, -0.018027, 0.408064, -0.02097, -0.068863, 0.481348]"
CONTROL,9.929999778047204,"[-0.015054, -0.018027, 0.408064, -0.02097, -0.068863, 0.481348]"
CONTROL,9.934999777935445,"[-0.015054, -0.018027, 0.408064, -0.02097, -0.068863, 0.481348]"
CONTROL,9.939999777823687,"[-0.011299, -0.013543, 0.404386, -0.015774, -0.071344, 0.485946]"
CONTROL,9.944999777711928,"[-0.011299, -0.013543, 0.404386, -0.015774, -0.071344, 0.485946]"
CONTROL,9.94999977760017,"[-0.011299, -0.013543, 0.404386, -0.015774, -0.071344, 0.485946]"
CONTROL,9.95499977748841,"[-0.011299, -0.013543, 0.404386, -0.015774, -0.071344, 0.485946]"
CONTROL,9.959999777376652,"[-0.007537, -0.009039, 0.400803, -0.010538, -0.073688, 0.4906]"
CONTROL,9.964999777264893,"[-0.007537, -0.009039, 0.400803, -0.010538, -0.073688, 0.4906]"
CONTROL,9.969999777153134,"[-0.007537, -0.009039, 0.400803, -0.010538, -0.073688, 0.4906]"
CONTROL,9.974999777041376,"[-0.007537, -0.009039, 0.400803, -0.010538, -0.073688, 0.4906]"
CONTROL,9.979999776929617,"[-0.00377, -0.004523, 0.397318, -0.005276, -0.075888, 0.495291]"
CONTROL,9.984999776817858,"[-0.00377, -0.004523, 0.397318, -0.005276, -0.075888, 0.495291]"
CONTROL,9.9899997767061,"[-0.00377, -0.004523, 0.397318, -0.005276, -0.075888, 0.495291]"
CONTROL,9.99499977659434,"[-0.00377, -0.004523, 0.397318, -0.005276, -0.075888, 0.495291]"
CONTROL,9.999999776482582,"[-0.0, -0.0, 0.393934, -0.0, -0.077942, 0.5]"
CONTROL,10.004999776370823,"[-0.0, -0.0, 0.393934, -0.0, -0.077942, 0.5]"
CONTROL,10.009999776259065,"[-0.0, -0.0, 0.393934, -0.0, -0.077942, 0.5]"
CONTROL,10.014999776147306,"[-0.0, -0.0, 0.393934, -0.0, -0.077942, 0.5]"
CONTROL,10.019999776035547,"[0.00377, 0.004523, 0.390655, 0.005276, -0.079845, 0.504709]"
CONTROL,10.024999775923789,"[0.00377, 0.004523, 0.390655, 0.005276, -0.079845, 0.504709]"
CONTROL,10.02999977581203,"[0.00377, 0.004523, 0.390655, 0.005276, -0.079845, 0.504709]"
CONTROL,10.034999775700271,"[0.00377, 0.004523, 0.390655, 0.005276, -0.079845, 0.504709]"
CONTROL,10.039999775588512,"[0.007537, 0.009039, 0.387483, 0.010538, -0.081594, 0.5094]"
CONTROL,10.044999775476754,"[0.007537, 0.009039, 0.387483, 0.010538, -0.081594, 0.5094]"
CONTROL,10.049999775364995,"[0.007537, 0.009039, 0.387483, 0.010538, -0.081594, 0.5094]"
CONTROL,10.054999775253236,"[0.007537, 0.009039, 0.387483, 0.010538, -0.081594, 0.5094]"
CONTROL,10.059999775141478,"[0.011299, 0.013543, 0.384423, 0.015774, -0.083185, 0.514054]"
CONTROL,10.064999775029719,"[0.011299, 0.013543, 0.384423, 0.015774, -0.083185, 0.514054]"
CONTROL,10.06999977491796,"[0.011299, 0.013543, 0.384423, 0.015774, -0.083185, 0.514054]"
CONTROL,10.074999774806201,"[0.011299, 0.013543, 0.384423, 0.015774, -0.083185, 0.514054]"
CONTROL,10.079999774694443,"[0.015054, 0.018027, 0.381477, 0.02097, -0.084615, 0.518652]"
CONTROL,10.084999774582684,"[0.015054, 0.018027, 0.381477, 0.02097, -0.084615, 0.518652]"
CONTROL,10.089999774470925,"[0.015054, 0.018027, 0.381477, 0.02097, -0.084615, 0.518652]"
CONTROL,10.094999774359167,"[0.015054, 0.018027, 0.381477, 0.02097, -0.084615, 0.518652]"
CONTROL,10.099999774247408,"[0.0188, 0.022486, 0.378647, 0.026112, -0.085882, 0.523176]"
CONTROL,10.10499977413565,"[0.0188, 0.022486, 0.378647, 0.026112, -0.085882, 0.523176]"
CONTROL,10.10999977402389,"[0.0188, 0.022486, 0.378647, 0.026112, -0.085882, 0.523176]"
CONTROL,10.114999773912132,"[0.0188, 0.022486, 0.378647, 0.026112, -0.085882, 0.523176]"
CONTROL,10.119999773800373,"[0.022534, 0.026912, 0.375938, 0.031189, -0.086982, 0.527609]"
CONTROL,10.124999773688614,"[0.022534, 0.026912, 0.375938, 0.031189, -0.086982, 0.527609]"
CONTROL,10.129999773576856,"[0.022534, 0.026912, 0.375938, 0.031189, -0.086982, 0.527609]"
CONTROL,10.134999773465097,"[0.022534, 0.026912, 0.375938, 0.031189, -0.086982, 0.527609]"
CONTROL,10.139999773353338,"[0.026253, 0.031301, 0.373351, 0.036188, -0.087914, 0.531933]"
CONTROL,10.14499977324158,"[0.026253, 0.031301, 0.373351, 0.036188, -0.087914, 0.531933]"
CONTROL,10.14999977312982,"[0.026253, 0.031301, 0.373351, 0.036188, -0.087914, 0.531933]"
CONTROL,10.154999773018062,"[0.026253, 0.031301, 0.373351, 0.036188, -0.087914, 0.531933]"
CONTROL,10.159999772906303,"[0.029956, 0.035645, 0.370889, 0.041094, -0.088676, 0.536132]"
CONTROL,10.164999772794545,"[0.029956, 0.035645, 0.370889, 0.041094, -0.088676, 0.536132]"
CONTROL,10.169999772682786,"[0.029956, 0.035645, 0.370889, 0.041094, -0.088676, 0.536132]"
CONTROL,10.174999772571027,"[0.029956, 0.035645, 0.370889, 0.041094, -0.088676, 0.536132]"
CONTROL,10.179999772459269,"[0.033641, 0.039938, 0.368554, 0.045897, -0.089267, 0.540187]"
CONTROL,10.18499977234751,"[0.033641, 0.039938, 0.368554, 0.045897, -0.089267, 0.540187]"
CONTROL,10.189999772235751,"[0.033641, 0.039938, 0.368554, 0.045897, -0.089267, 0.540187]"
CONTROL,10.194999772123992,"[0.033641, 0.039938, 0.368554, 0.045897, -0.089267, 0.540187]"
CONTROL,10.199999772012234,"[0.037303, 0.044175, 0.366349, 0.050584, -0.089684, 0.544084]"
CONTROL,10.204999771900475,"[0.037303, 0.044175, 0.366349, 0.050584, -0.089684, 0.544084]"
CONTROL,10.209999771788716,"[0.037303, 0.044175, 0.366349, 0.050584, -0.089684, 0.544084]"
CONTROL,10.214999771676958,"[0.037303, 0.044175, 0.366349, 0.050584, -0.089684, 0.544084]"
CONTROL,10.219999771565199,"[0.040943, 0.048349, 0.364276, 0.055143, -0.089929, 0.547807]"
CONTROL,10.22499977145344,"[0.040943, 0.048349, 0.364276, 0.055143, -0.089929, 0.547807]"
CONTROL,10.229999771341681,"[0.040943, 0.048349, 0.364276, 0.055143, -0.089929, 0.547807]"
CONTROL,10.234999771229923,"[0.040943, 0.048349, 0.364276, 0.055143, -0.089929, 0.547807]"
CONTROL,10.239999771118164,"[0.044556, 0.052454, 0.362337, 0.059563, -0.089999, 0.551341]"
CONTROL,10.244999771006405,"[0.044556, 0.052454, 0.362337, 0.059563, -0.089999, 0.551341]"
CONTROL,10.249999770894647,"[0.044556, 0.052454, 0.362337, 0.059563, -0.089999, 0.551341]"
CONTROL,10.254999770782888,"[0.044556, 0.052454, 0.362337, 0.059563, -0.089999, 0.551341]"
CONTROL,10.25999977067113,"[0.048142, 0.056484, 0.360534, 0.063833, -0.089896, 0.554673]"
CONTROL,10.26499977055937,"[0.048142, 0.056484, 0.360534, 0.063833, -0.089896, 0.554673]"
CONTROL,10.269999770447612,"[0.048142, 0.056484, 0.360534, 0.063833, -0.089896, 0.554673]"
CONTROL,10.274999770335853,"[0.048142, 0.056484, 0.360534, 0.063833, -0.089896, 0.554673]"
CONTROL,10.279999770224094,"[0.051696, 0.060435, 0.358868, 0.067941, -0.089618, 0.557788]"
CONTROL,10.284999770112336,"[0.051696, 0.060435, 0.358868, 0.067941, -0.089618, 0.557788]"
CONTROL,10.289999770000577,"[0.051696, 0.060435, 0.358868, 0.067941, -0.089618, 0.557788]"
CONTROL,10.294999769888818,"[0.051696, 0.060435, 0.358868, 0.067941, -0.089618, 0.557788]"
CONTROL,10.29999976977706,"[0.055219, 0.064299, 0.357342, 0.071877, -0.089167, 0.560676]"
CONTROL,10.3049997696653,"[0.055219, 0.064299, 0.357342, 0.071877, -0.089167, 0.560676]"
CONTROL,10.309999769553542,"[0.055219, 0.064299, 0.357342, 0.071877, -0.089167, 0.560676]"
CONTROL,10.314999769441783,"[0.055219, 0.064299, 0.357342, 0.071877, -0.089167, 0.560676]"
CONTROL,10.319999769330025,"[0.058706, 0.068072, 0.355956, 0.075632, -0.088544, 0.563325]"
CONTROL,10.324999769218266,"[0.058706, 0.068072, 0.355956, 0.075632, -0.088544, 0.563325]"
CONTROL,10.329999769106507,"[0.058706, 0.068072, 0.355956, 0.075632, -0.088544, 0.563325]"
CONTROL,10.334999768994749,"[0.058706, 0.068072, 0.355956, 0.075632, -0.088544, 0.563325]"
CONTROL,10.33999976888299,"[0.062156, 0.071749, 0.354713, 0.079196, -0.08775, 0.565723]"
CONTROL,10.344999768771231,"[0.062156, 0.071749, 0.354713, 0.079196, -0.08775, 0.565723]"
CONTROL,10.349999768659472,"[0.062156, 0.071749, 0.354713, 0.079196, -0.08775, 0.565723]"
CONTROL,10.354999768547714,"[0.062156, 0.071749, 0.354713, 0.079196, -0.08775, 0.565723]"
CONTROL,10.359999768435955,"[0.065567, 0.075323, 0.353612, 0.08256, -0.086785, 0.567862]"
CONTROL,10.364999768324196,"[0.065567, 0.075323, 0.353612, 0.08256, -0.086785, 0.567862]"
CONTROL,10.369999768212438,"[0.065567, 0.075323, 0.353612, 0.08256, -0.086785, 0.567862]"
CONTROL,10.374999768100679,"[0.065567, 0.075323, 0.353612, 0.08256, -0.086785, 0.567862]"
CONTROL,10.37999976798892,"[0.068937, 0.07879, 0.352657, 0.085716, -0.085653, 0.569733]"
CONTROL,10.384999767877162,"[0.068937, 0.07879, 0.352657, 0.085716, -0.085653, 0.569733]"
CONTROL,10.389999767765403,"[0.068937, 0.07879, 0.352657, 0.085716, -0.085653, 0.569733]"
CONTROL,10.394999767653644,"[0.068937, 0.07879, 0.352657, 0.085716, -0.085653, 0.569733]"
CONTROL,10.399999767541885,"[0.072263, 0.082146, 0.351847, 0.088654, -0.084355, 0.571329]"
CONTROL,10.404999767430127,"[0.072263, 0.082146, 0.351847, 0.088654, -0.084355, 0.571329]"
CONTROL,10.409999767318368,"[0.072263, 0.082146, 0.351847, 0.088654, -0.084355, 0.571329]"
CONTROL,10.41499976720661,"[0.072263, 0.082146, 0.351847, 0.088654, -0.084355, 0.571329]"
CONTROL,10.41999976709485,"[0.075543, 0.085384, 0.351183, 0.091369, -0.082894, 0.572644]"
CONTROL,10.424999766983092,"[0.075543, 0.085384, 0.351183, 0.091369, -0.082894, 0.572644]"
CONTROL,10.429999766871333,"[0.075543, 0.085384, 0.351183, 0.091369, -0.082894, 0.572644]"
CONTROL,10.434999766759574,"[0.075543, 0.085384, 0.351183, 0.091369, -0.082894, 0.572644]"
CONTROL,10.439999766647816,"[0.078776, 0.088502, 0.350666, 0.093853, -0.081273, 0.573672]"
CONTROL,10.444999766536057,"[0.078776, 0.088502, 0.350666, 0.093853, -0.081273, 0.573672]"
CONTROL,10.449999766424298,"[0.078776, 0.088502, 0.350666, 0.093853, -0.081273, 0.573672]"
CONTROL,10.45499976631254,"[0.078776, 0.088502, 0.350666, 0.093853, -0.081273, 0.573672]"
CONTROL,10.45999976620078,"[0.081959, 0.091493, 0.350296, 0.0961, -0.079495, 0.574409]"
CONTROL,10.464999766089022,"[0.081959, 0.091493, 0.350296, 0.0961, -0.079495, 0.574409]"
CONTROL,10.469999765977263,"[0.081959, 0.091493, 0.350296, 0.0961, -0.079495, 0.574409]"
CONTROL,10.474999765865505,"[0.081959, 0.091493, 0.350296, 0.0961, -0.079495, 0.574409]"
CONTROL,10.479999765753746,"[0.08509, 0.094355, 0.350074, 0.098105, -0.077563, 0.574852]"
CONTROL,10.484999765641987,"[0.08509, 0.094355, 0.350074, 0.098105, -0.077563, 0.574852]"
CONTROL,10.489999765530229,"[0.08509, 0.094355, 0.350074, 0.098105, -0.077563, 0.574852]"
CONTROL,10.49499976541847,"[0.08509, 0.094355, 0.350074, 0.098105, -0.077563, 0.574852]"
CONTROL,10.499999765306711,"[0.088168, 0.097082, 0.35, 0.099861, -0.07548, 0.575]"
CONTROL,10.504999765194952,"[0.088168, 0.097082, 0.35, 0.099861, -0.07548, 0.575]"
CONTROL,10.509999765083194,"[0.088168, 0.097082, 0.35, 0.099861, -0.07548, 0.575]"
CONTROL,10.514999764971435,"[0.088168, 0.097082, 0.35, 0.099861, -0.07548, 0.575]"
CONTROL,10.519999764859676,"[0.09119, 0.099672, 0.350074, 0.101365, -0.073252, 0.574852]"
CONTROL,10.524999764747918,"[0.09119, 0.099672, 0.350074, 0.101365, -0.073252, 0.574852]"
CONTROL,10.529999764636159,"[0.09119, 0.099672, 0.350074, 0.101365, -0.073252, 0.574852]"
CONTROL,10.5349997645244,"[0.09119, 0.099672, 0.350074, 0.101365, -0.073252, 0.574852]"
CONTROL,10.539999764412642,"[0.094154, 0.102119, 0.350296, 0.102613, -0.070882, 0.574409]"
CONTROL,10.544999764300883,"[0.094154, 0.102119, 0.350296, 0.102613, -0.070882, 0.574409]"
CONTROL,10.549999764189124,"[0.094154, 0.102119, 0.350296, 0.102613, -0.070882, 0.574409]"
CONTROL,10.554999764077365,"[0.094154, 0.102119, 0.350296, 0.102613, -0.070882, 0.574409]"
CONTROL,10.559999763965607,"[0.097058, 0.104422, 0.350666, 0.103602, -0.068375, 0.573672]"
CONTROL,10.564999763853848,"[0.097058, 0.104422, 0.350666, 0.103602, -0.068375, 0.573672]"
CONTROL,10.56999976374209,"[0.097058, 0.104422, 0.350666, 0.103602, -0.068375, 0.573672]"
CONTROL,10.57499976363033,"[0.097058, 0.104422, 0.350666, 0.103602, -0.068375, 0.573672]"
CONTROL,10.579999763518572,"[0.099902, 0.106576, 0.351183, 0.104329, -0.065736, 0.572644]"
CONTROL,10.584999763406813,"[0.099902, 0.106576, 0.351183, 0.104329, -0.065736, 0.572644]"
CONTROL,10.589999763295054,"[0.099902, 0.106576, 0.351183, 0.104329, -0.065736, 0.572644]"
CONTROL,10.594999763183296,"[0.099902, 0.106576, 0.351183, 0.104329, -0.065736, 0.572644]"
CONTROL,10.599999763071537,"[0.102682, 0.108579, 0.351847, 0.104793, -0.06297, 0.571329]"
CONTROL,10.604999762959778,"[0.102682, 0.108579, 0.351847, 0.104793, -0.06297, 0.571329]"
CONTROL,10.60999976284802,"[0.102682, 0.108579, 0.351847, 0.104793, -0.06297, 0.571329]"
CONTROL,10.614999762736261,"[0.102682, 0.108579, 0.351847, 0.104793, -0.06297, 0.571329]"
CONTROL,10.619999762624502,"[0.105397, 0.110428, 0.352657, 0.104992, -0.060082, 0.569733]"
CONTROL,10.624999762512743,"[0.105397, 0.110428, 0.352657, 0.104992, -0.060082, 0.569733]"
CONTROL,10.629999762400985,"[0.105397, 0.110428, 0.352657, 0.104992, -0.060082, 0.569733]"
CONTROL,10.634999762289226,"[0.105397, 0.110428, 0.352657, 0.104992, -0.060082, 0.569733]"
CONTROL,10.639999762177467,"[0.108046, 0.112119, 0.353612, 0.104925, -0.057077, 0.567862]"
CONTROL,10.644999762065709,"[0.108046, 0.112119, 0.353612, 0.104925, -0.057077, 0.567862]"
CONTROL,10.64999976195395,"[0.108046, 0.112119, 0.353612, 0.104925, -0.057077, 0.567862]"
CONTROL,10.654999761842191,"[0.108046, 0.112119, 0.353612, 0.104925, -0.057077, 0.567862]"
CONTROL,10.659999761730433,"[0.110627, 0.113652, 0.354713, 0.104594, -0.053962, 0.565723]"
CONTROL,10.664999761618674,"[0.110627, 0.113652, 0.354713, 0.104594, -0.053962, 0.565723]"
CONTROL,10.669999761506915,"[0.110627, 0.113652, 0.354713, 0.104594, -0.053962, 0.565723]"
CONTROL,10.674999761395156,"[0.110627, 0.113652, 0.354713, 0.104594, -0.053962, 0.565723]"
CONTROL,10.679999761283398,"[0.113138, 0.115023, 0.355956, 0.103998, -0.050743, 0.563325]"
CONTROL,10.684999761171639,"[0.113138, 0.115023, 0.355956, 0.103998, -0.050743, 0.563325]"
CONTROL,10.68999976105988,"[0.113138, 0.115023, 0.355956, 0.103998, -0.050743, 0.563325]"
CONTROL,10.694999760948122,"[0.113138, 0.115023, 0.355956, 0.103998, -0.050743, 0.563325]"
CONTROL,10.699999760836363,"[0.115577, 0.11623, 0.357342, 0.10314, -0.047426, 0.560676]"
CONTROL,10.704999760724604,"[0.115577, 0.11623, 0.357342, 0.10314, -0.047426, 0.560676]"
CONTROL,10.709999760612845,"[0.115577, 0.11623, 0.357342, 0.10314, -0.047426, 0.560676]"
CONTROL,10.714999760501087,"[0.115577, 0.11623, 0.357342, 0.10314, -0.047426, 0.560676]"
CONTROL,10.719999760389328,"[0.117943, 0.117272, 0.358868, 0.102021, -0.044017, 0.557788]"
CONTROL,10.72499976027757,"[0.117943, 0.117272, 0.358868, 0.102021, -0.044017, 0.557788]"
CONTROL,10.72999976016581,"[0.117943, 0.117272, 0.358868, 0.102021, -0.044017, 0.557788]"
CONTROL,10.734999760054052,"[0.117943, 0.117272, 0.358868, 0.102021, -0.044017, 0.557788]"
CONTROL,10.739999759942293,"[0.120235, 0.118148, 0.360534, 0.100645, -0.040523, 0.554673]"
CONTROL,10.744999759830534,"[0.120235, 0.118148, 0.360534, 0.100645, -0.040523, 0.554673]"
CONTROL,10.749999759718776,"[0.120235, 0.118148, 0.360534, 0.100645, -0.040523, 0.554673]"
CONTROL,10.754999759607017,"[0.120235, 0.118148, 0.360534, 0.100645, -0.040523, 0.554673]"
CONTROL,10.759999759495258,"[0.122451, 0.118855, 0.362337, 0.099014, -0.03695, 0.551341]"
CONTROL,10.7649997593835,"[0.122451, 0.118855, 0.362337, 0.099014, -0.03695, 0.551341]"
CONTROL,10.769999759271741,"[0.122451, 0.118855, 0.362337, 0.099014, -0.03695, 0.551341]"
CONTROL,10.774999759159982,"[0.122451, 0.118855, 0.362337, 0.099014, -0.03695, 0.551341]"
CONTROL,10.779999759048223,"[0.124589, 0.119394, 0.364276, 0.097133, -0.033306, 0.547807]"
CONTROL,10.784999758936465,"[0.124589, 0.119394, 0.364276, 0.097133, -0.033306, 0.547807]"
CONTROL,10.789999758824706,"[0.124589, 0.119394, 0.364276, 0.097133, -0.033306, 0.547807]"
CONTROL,10.794999758712947,"[0.124589, 0.119394, 0.364276, 0.097133, -0.033306, 0.547807]"
CONTROL,10.799999758601189,"[0.126649, 0.119763, 0.366349, 0.095007, -0.029598, 0.544084]"
CONTROL,10.80499975848943,"[0.126649, 0.119763, 0.366349, 0.095007, -0.029598, 0.544084]"
CONTROL,10.809999758377671,"[0.126649, 0.119763, 0.366349, 0.095007, -0.029598, 0.544084]"
CONTROL,10.814999758265913,"[0.126649, 0.119763, 0.366349, 0.095007, -0.029598, 0.544084]"
CONTROL,10.819999758154154,"[0.128629, 0.119962, 0.368554, 0.092641, -0.025832, 0.540187]"
CONTROL,10.824999758042395,"[0.128629, 0.119962, 0.368554, 0.092641, -0.025832, 0.540187]"
CONTROL,10.829999757930636,"[0.128629, 0.119962, 0.368554, 0.092641, -0.025832, 0.540187]"
CONTROL,10.834999757818878,"[0.128629, 0.119962, 0.368554, 0.092641, -0.025832, 0.540187]"
CONTROL,10.839999757707119,"[0.130528, 0.119991, 0.370889, 0.09004, -0.022017, 0.536132]"
CONTROL,10.84499975759536,"[0.130528, 0.119991, 0.370889, 0.09004, -0.022017, 0.536132]"
CONTROL,10.849999757483602,"[0.130528, 0.119991, 0.370889, 0.09004, -0.022017, 0.536132]"
CONTROL,10.854999757371843,"[0.130528, 0.119991, 0.370889, 0.09004, -0.022017, 0.536132]"
CONTROL,10.859999757260084,"[0.132344, 0.119848, 0.373351, 0.087213, -0.018159, 0.531933]"
CONTROL,10.864999757148325,"[0.132344, 0.119848, 0.373351, 0.087213, -0.018159, 0.531933]"
CONTROL,10.869999757036567,"[0.132344, 0.119848, 0.373351, 0.087213, -0.018159, 0.531933]"
CONTROL,10.874999756924808,"[0.132344, 0.119848, 0.373351, 0.087213, -0.018159, 0.531933]"
CONTROL,10.87999975681305,"[0.134076, 0.119536, 0.375938, 0.084165, -0.014265, 0.527609]"
CONTROL,10.88499975670129,"[0.134076, 0.119536, 0.375938, 0.084165, -0.014265, 0.527609]"
CONTROL,10.889999756589532,"[0.134076, 0.119536, 0.375938, 0.084165, -0.014265, 0.527609]"
CONTROL,10.894999756477773,"[0.134076, 0.119536, 0.375938, 0.084165, -0.014265, 0.527609]"
CONTROL,10.899999756366014,"[0.135724, 0.119054, 0.378647, 0.080904, -0.010344, 0.523176]"
CONTROL,10.904999756254256,"[0.135724, 0.119054, 0.378647, 0.080904, -0.010344, 0.523176]"
CONTROL,10.909999756142497,"[0.135724, 0.119054, 0.378647, 0.080904, -0.010344, 0.523176]"
CONTROL,10.914999756030738,"[0.135724, 0.119054, 0.378647, 0.080904, -0.010344, 0.523176]"
CONTROL,10.91999975591898,"[0.137286, 0.118402, 0.381477, 0.077439, -0.006403, 0.518652]"
CONTROL,10.924999755807221,"[0.137286, 0.118402, 0.381477, 0.077439, -0.006403, 0.518652]"
CONTROL,10.929999755695462,"[0.137286, 0.118402, 0.381477, 0.077439, -0.006403, 0.518652]"
CONTROL,10.934999755583704,"[0.137286, 0.118402, 0.381477, 0.077439, -0.006403, 0.518652]"
CONTROL,10.939999755471945,"[0.138762, 0.117583, 0.384423, 0.073778, -0.00245, 0.514054]"
CONTROL,10.944999755360186,"[0.138762, 0.117583, 0.384423, 0.073778, -0.00245, 0.514054]"
CONTROL,10.949999755248427,"[0.138762, 0.117583, 0.384423, 0.073778, -0.00245, 0.514054]"
CONTROL,10.954999755136669,"[0.138762, 0.117583, 0.384423, 0.073778, -0.00245, 0.514054]"
CONTROL,10.95999975502491,"[0.140149, 0.116596, 0.387483, 0.069931, 0.001508, 0.5094]"
CONTROL,10.964999754913151,"[0.140149, 0.116596, 0.387483, 0.069931, 0.001508, 0.5094]"
CONTROL,10.969999754801393,"[0.140149, 0.116596, 0.387483, 0.069931, 0.001508, 0.5094]"
CONTROL,10.974999754689634,"[0.140149, 0.116596, 0.387483, 0.069931, 0.001508, 0.5094]"
CONTROL,10.979999754577875,"[0.141449, 0.115443, 0.390655, 0.065908, 0.005463, 0.504709]"
CONTROL,10.984999754466116,"[0.141449, 0.115443, 0.390655, 0.065908, 0.005463, 0.504709]"
CONTROL,10.989999754354358,"[0.141449, 0.115443, 0.390655, 0.065908, 0.005463, 0.504709]"
CONTROL,10.994999754242599,"[0.141449, 0.115443, 0.390655, 0.065908, 0.005463, 0.504709]"
CONTROL,10.99999975413084,"[0.142658, 0.114127, 0.393934, 0.061717, 0.009408, 0.5]"
CONTROL,11.004999754019082,"[0.142658, 0.114127, 0.393934, 0.061717, 0.009408, 0.5]"
CONTROL,11.009999753907323,"[0.142658, 0.114127, 0.393934, 0.061717, 0.009408, 0.5]"
CONTROL,11.014999753795564,"[0.142658, 0.114127, 0.393934, 0.061717, 0.009408, 0.5]"
CONTROL,11.019999753683805,"[0.143778, 0.112648, 0.397318, 0.057371, 0.013334, 0.495291]"
CONTROL,11.024999753572047,"[0.143778, 0.112648, 0.397318, 0.057371, 0.013334, 0.495291]"
CONTROL,11.029999753460288,"[0.143778, 0.112648, 0.397318, 0.057371, 0.013334, 0.495291]"
CONTROL,11.03499975334853,"[0.143778, 0.112648, 0.397318, 0.057371, 0.013334, 0.495291]"
CONTROL,11.03999975323677,"[0.144807, 0.111009, 0.400803, 0.05288, 0.017234, 0.4906]"
CONTROL,11.044999753125012,"[0.144807, 0.111009, 0.400803, 0.05288, 0.017234, 0.4906]"
CONTROL,11.049999753013253,"[0.144807, 0.111009, 0.400803, 0.05288, 0.017234, 0.4906]"
CONTROL,11.054999752901495,"[0.144807, 0.111009, 0.400803, 0.05288, 0.017234, 0.4906]"
CONTROL,11.059999752789736,"[0.145745, 0.109213, 0.404386, 0.048256, 0.021102, 0.485946]"
CONTROL,11.064999752677977,"[0.145745, 0.109213, 0.404386, 0.048256, 0.021102, 0.485946]"
CONTROL,11.069999752566218,"[0.145745, 0.109213, 0.404386, 0.048256, 0.021102, 0.485946]"
CONTROL,11.07499975245446,"[0.145745, 0.109213, 0.404386, 0.048256, 0.021102, 0.485946]"
CONTROL,11.079999752342701,"[0.14659, 0.107261, 0.408064, 0.043509, 0.024928, 0.481348]"
CONTROL,11.084999752230942,"[0.14659, 0.107261, 0.408064, 0.043509, 0.024928, 0.481348]"
CONTROL,11.089999752119184,"[0.14659, 0.107261, 0.408064, 0.043509, 0.024928, 0.481348]"
CONTROL,11.094999752007425,"[0.14659, 0.107261, 0.408064, 0.043509, 0.024928, 0.481348]"
CONTROL,11.099999751895666,"[0.147343, 0.105157, 0.411832, 0.038653, 0.028706, 0.476824]"
CONTROL,11.104999751783907,"[0.147343, 0.105157, 0.411832, 0.038653, 0.028706, 0.476824]"
CONTROL,11.109999751672149,"[0.147343, 0.105157, 0.411832, 0.038653, 0.028706, 0.476824]"
CONTROL,11.11499975156039,"[0.147343, 0.105157, 0.411832, 0.038653, 0.028706, 0.476824]"
CONTROL,11.119999751448631,"[0.148003, 0.102903, 0.415687, 0.033699, 0.032429, 0.472391]"
CONTROL,11.124999751336873,"[0.148003, 0.102903, 0.415687, 0.033699, 0.032429, 0.472391]"
CONTROL,11.129999751225114,"[0.148003, 0.102903, 0.415687, 0.033699, 0.032429, 0.472391]"
CONTROL,11.134999751113355,"[0.148003, 0.102903, 0.415687, 0.033699, 0.032429, 0.472391]"
CONTROL,11.139999751001596,"[0.148569, 0.100503, 0.419626, 0.02866, 0.036089, 0.468067]"
CONTROL,11.144999750889838,"[0.148569, 0.100503, 0.419626, 0.02866, 0.036089, 0.468067]"
CONTROL,11.149999750778079,"[0.148569, 0.100503, 0.419626, 0.02866, 0.036089, 0.468067]"
CONTROL,11.15499975066632,"[0.148569, 0.100503, 0.419626, 0.02866, 0.036089, 0.468067]"
CONTROL,11.159999750554562,"[0.149042, 0.097961, 0.423644, 0.023548, 0.039679, 0.463868]"
CONTROL,11.164999750442803,"[0.149042, 0.097961, 0.423644, 0.023548, 0.039679, 0.463868]"
CONTROL,11.169999750331044,"[0.149042, 0.097961, 0.423644, 0.023548, 0.039679, 0.463868]"
CONTROL,11.174999750219285,"[0.149042, 0.097961, 0.423644, 0.023548, 0.039679, 0.463868]"
CONTROL,11.179999750107527,"[0.14942, 0.095279, 0.427737, 0.018377, 0.043193, 0.459813]"
CONTROL,11.184999749995768,"[0.14942, 0.095279, 0.427737, 0.018377, 0.043193, 0.459813]"
CONTROL,11.18999974988401,"[0.14942, 0.095279, 0.427737, 0.018377, 0.043193, 0.459813]"
CONTROL,11.19499974977225,"[0.14942, 0.095279, 0.427737, 0.018377, 0.043193, 0.459813]"
CONTROL,11.199999749660492,"[0.149704, 0.092462, 0.431901, 0.01316, 0.046622, 0.455916]"
CONTROL,11.204999749548733,"[0.149704, 0.092462, 0.431901, 0.01316, 0.046622, 0.455916]"
CONTROL,11.209999749436975,"[0.149704, 0.092462, 0.431901, 0.01316, 0.046622, 0.455916]"
CONTROL,11.214999749325216,"[0.149704, 0.092462, 0.431901, 0.01316, 0.046622, 0.455916]"
CONTROL,11.219999749213457,"[0.149893, 0.089513, 0.436133, 0.007909, 0.049962, 0.452193]"
CONTROL,11.224999749101698,"[0.149893, 0.089513, 0.436133, 0.007909, 0.049962, 0.452193]"
CONTROL,11.22999974898994,"[0.149893, 0.089513, 0.436133, 0.007909, 0.049962, 0.452193]"
CONTROL,11.234999748878181,"[0.149893, 0.089513, 0.436133, 0.007909, 0.049962, 0.452193]"
CONTROL,11.239999748766422,"[0.149988, 0.086437, 0.440428, 0.002639, 0.053205, 0.448659]"
CONTROL,11.244999748654664,"[0.149988, 0.086437, 0.440428, 0.002639, 0.053205, 0.448659]"
CONTROL,11.249999748542905,"[0.149988, 0.086437, 0.440428, 0.002639, 0.053205, 0.448659]"
CONTROL,11.254999748431146,"[0.149988, 0.086437, 0.440428, 0.002639, 0.053205, 0.448659]"
CONTROL,11.259999748319387,"[0.149988, 0.083238, 0.444781, -0.002639, 0.056345, 0.445327]"
CONTROL,11.264999748207629,"[0.149988, 0.083238, 0.444781, -0.002639, 0.056345, 0.445327]"
CONTROL,11.26999974809587,"[0.149988, 0.083238, 0.444781, -0.002639, 0.056345, 0.445327]"
CONTROL,11.274999747984111,"[0.149988, 0.083238, 0.444781, -0.002639, 0.056345, 0.445327]"
CONTROL,11.279999747872353,"[0.149893, 0.079921, 0.449189, -0.007909, 0.059377, 0.442212]"
CONTROL,11.284999747760594,"[0.149893, 0.079921, 0.449189, -0.007909, 0.059377, 0.442212]"
CONTROL,11.289999747648835,"[0.149893, 0.079921, 0.449189, -0.007909, 0.059377, 0.442212]"
CONTROL,11.294999747537076,"[0.149893, 0.079921, 0.449189, -0.007909, 0.059377, 0.442212]"
CONTROL,11.299999747425318,"[0.149704, 0.076491, 0.453647, -0.01316, 0.062293, 0.439324]"
CONTROL,11.304999747313559,"[0.149704, 0.076491, 0.453647, -0.01316, 0.062293, 0.439324]"
CONTROL,11.3099997472018,"[0.149704, 0.076491, 0.453647, -0.01316, 0.062293, 0.439324]"
CONTROL,11.314999747090042,"[0.149704, 0.076491, 0.453647, -0.01316, 0.062293, 0.439324]"
CONTROL,11.319999746978283,"[0.14942, 0.072952, 0.458151, -0.018377, 0.065089, 0.436675]"
CONTROL,11.324999746866524,"[0.14942, 0.072952, 0.458151, -0.018377, 0.065089, 0.436675]"
CONTROL,11.329999746754766,"[0.14942, 0.072952, 0.458151, -0.018377, 0.065089, 0.436675]"
CONTROL,11.334999746643007,"[0.14942, 0.072952, 0.458151, -0.018377, 0.065089, 0.436675]"
CONTROL,11.339999746531248,"[0.149042, 0.069309, 0.462697, -0.023548, 0.067759, 0.434277]"
CONTROL,11.34499974641949,"[0.149042, 0.069309, 0.462697, -0.023548, 0.067759, 0.434277]"
CONTROL,11.34999974630773,"[0.149042, 0.069309, 0.462697, -0.023548, 0.067759, 0.434277]"
CONTROL,11.354999746195972,"[0.149042, 0.069309, 0.462697, -0.023548, 0.067759, 0.434277]"
CONTROL,11.359999746084213,"[0.148569, 0.065567, 0.467279, -0.02866, 0.070298, 0.432138]"
CONTROL,11.364999745972455,"[0.148569, 0.065567, 0.467279, -0.02866, 0.070298, 0.432138]"
CONTROL,11.369999745860696,"[0.148569, 0.065567, 0.467279, -0.02866, 0.070298, 0.432138]"
CONTROL,11.374999745748937,"[0.148569, 0.065567, 0.467279, -0.02866, 0.070298, 0.432138]"
CONTROL,11.379999745637178,"[0.148003, 0.061733, 0.471893, -0.033699, 0.072701, 0.430267]"
CONTROL,11.38499974552542,"[0.148003, 0.061733, 0.471893, -0.033699, 0.072701, 0.430267]"
CONTROL,11.389999745413661,"[0.148003, 0.061733, 0.471893, -0.033699, 0.072701, 0.430267]"
CONTROL,11.394999745301902,"[0.148003, 0.061733, 0.471893, -0.033699, 0.072701, 0.430267]"
CONTROL,11.399999745190144,"[0.147343, 0.05781, 0.476535, -0.038653, 0.074963, 0.428671]"
CONTROL,11.404999745078385,"[0.147343, 0.05781, 0.476535, -0.038653, 0.074963, 0.428671]"
CONTROL,11.409999744966626,"[0.147343, 0.05781, 0.476535, -0.038653, 0.074963, 0.428671]"
CONTROL,11.414999744854867,"[0.147343, 0.05781, 0.476535, -0.038653, 0.074963, 0.428671]"
CONTROL,11.419999744743109,"[0.14659, 0.053806, 0.4812, -0.043509, 0.07708, 0.427356]"
CONTROL,11.42499974463135,"[0.14659, 0.053806, 0.4812, -0.043509, 0.07708, 0.427356]"
CONTROL,11.429999744519591,"[0.14659, 0.053806, 0.4812, -0.043509, 0.07708, 0.427356]"
CONTROL,11.434999744407833,"[0.14659, 0.053806, 0.4812, -0.043509, 0.07708, 0.427356]"
CONTROL,11.439999744296074,"[0.145745, 0.049725, 0.485884, -0.048256, 0.079049, 0.426328]"
CONTROL,11.444999744184315,"[0.145745, 0.049725, 0.485884, -0.048256, 0.079049, 0.426328]"
CONTROL,11.449999744072556,"[0.145745, 0.049725, 0.485884, -0.048256, 0.079049, 0.426328]"
CONTROL,11.454999743960798,"[0.145745, 0.049725, 0.485884, -0.048256, 0.079049, 0.426328]"
CONTROL,11.459999743849039,"[0.144807, 0.045573, 0.490581, -0.05288, 0.080864, 0.425591]"
CONTROL,11.46499974373728,"[0.144807, 0.045573, 0.490581, -0.05288, 0.080864, 0.425591]"
CONTROL,11.469999743625522,"[0.144807, 0.045573, 0.490581, -0.05288, 0.080864, 0.425591]"
CONTROL,11.474999743513763,"[0.144807, 0.045573, 0.490581, -0.05288, 0.080864, 0.425591]"
CONTROL,11.479999743402004,"[0.143778, 0.041357, 0.495288, -0.057371, 0.082523, 0.425148]"
CONTROL,11.484999743290246,"[0.143778, 0.041357, 0.495288, -0.057371, 0.082523, 0.425148]"
CONTROL,11.489999743178487,"[0.143778, 0.041357, 0.495288, -0.057371, 0.082523, 0.425148]"
CONTROL,11.494999743066728,"[0.143778, 0.041357, 0.495288, -0.057371, 0.082523, 0.425148]"
CONTROL,11.49999974295497,"[0.142658, 0.037082, 0.5, -0.061717, 0.084022, 0.425]"
CONTROL,11.50499974284321,"[0.142658, 0.037082, 0.5, -0.061717, 0.084022, 0.425]"
CONTROL,11.509999742731452,"[0.142658, 0.037082, 0.5, -0.061717, 0.084022, 0.425]"
CONTROL,11.514999742619693,"[0.142658, 0.037082, 0.5, -0.061717, 0.084022, 0.425]"
CONTROL,11.519999742507935,"[0.141449, 0.032754, 0.504712, -0.065908, 0.085359, 0.425148]"
CONTROL,11.524999742396176,"[0.141449, 0.032754, 0.504712, -0.065908, 0.085359, 0.425148]"
CONTROL,11.529999742284417,"[0.141449, 0.032754, 0.504712, -0.065908, 0.085359, 0.425148]"
CONTROL,11.534999742172658,"[0.141449, 0.032754, 0.504712, -0.065908, 0.085359, 0.425148]"
CONTROL,11.5399997420609,"[0.140149, 0.02838, 0.509419, -0.069931, 0.086531, 0.425591]"
CONTROL,11.544999741949141,"[0.140149, 0.02838, 0.509419, -0.069931, 0.086531, 0.425591]"
CONTROL,11.549999741837382,"[0.140149, 0.02838, 0.509419, -0.069931, 0.086531, 0.425591]"
CONTROL,11.554999741725624,"[0.140149, 0.02838, 0.509419, -0.069931, 0.086531, 0.425591]"
CONTROL,11.559999741613865,"[0.138762, 0.023965, 0.514116, -0.073778, 0.087535, 0.426328]"
CONTROL,11.564999741502106,"[0.138762, 0.023965, 0.514116, -0.073778, 0.087535, 0.426328]"
CONTROL,11.569999741390347,"[0.138762, 0.023965, 0.514116, -0.073778, 0.087535, 0.426328]"
CONTROL,11.574999741278589,"[0.138762, 0.023965, 0.514116, -0.073778, 0.087535, 0.426328]"
CONTROL,11.57999974116683,"[0.137286, 0.019516, 0.5188, -0.077439, 0.08837, 0.427356]"
CONTROL,11.584999741055071,"[0.137286, 0.019516, 0.5188, -0.077439, 0.08837, 0.427356]"
CONTROL,11.589999740943313,"[0.137286, 0.019516, 0.5188, -0.077439, 0.08837, 0.427356]"
CONTROL,11.594999740831554,"[0.137286, 0.019516, 0.5188, -0.077439, 0.08837, 0.427356]"
CONTROL,11.599999740719795,"[0.135724, 0.01504, 0.523465, -0.080904, 0.089035, 0.428671]"
CONTROL,11.604999740608037,"[0.135724, 0.01504, 0.523465, -0.080904, 0.089035, 0.428671]"
CONTROL,11.609999740496278,"[0.135724, 0.01504, 0.523465, -0.080904, 0.089035, 0.428671]"
CONTROL,11.614999740384519,"[0.135724, 0.01504, 0.523465, -0.080904, 0.089035, 0.428671]"
CONTROL,11.61999974027276,"[0.134076, 0.010542, 0.528107, -0.084165, 0.089526, 0.430267]"
CONTROL,11.624999740161002,"[0.134076, 0.010542, 0.528107, -0.084165, 0.089526, 0.430267]"
CONTROL,11.629999740049243,"[0.134076, 0.010542, 0.528107, -0.084165, 0.089526, 0.430267]"
CONTROL,11.634999739937484,"[0.134076, 0.010542, 0.528107, -0.084165, 0.089526, 0.430267]"
CONTROL,11.639999739825726,"[0.132344, 0.006029, 0.532721, -0.087213, 0.089845, 0.432138]"
CONTROL,11.644999739713967,"[0.132344, 0.006029, 0.532721, -0.087213, 0.089845, 0.432138]"
CONTROL,11.649999739602208,"[0.132344, 0.006029, 0.532721, -0.087213, 0.089845, 0.432138]"
CONTROL,11.65499973949045,"[0.132344, 0.006029, 0.532721, -0.087213, 0.089845, 0.432138]"
CONTROL,11.65999973937869,"[0.130528, 0.001508, 0.537303, -0.09004, 0.08999, 0.434277]"
CONTROL,11.664999739266932,"[0.130528, 0.001508, 0.537303, -0.09004, 0.08999, 0.434277]"
CONTROL,11.669999739155173,"[0.130528, 0.001508, 0.537303, -0.09004, 0.08999, 0.434277]"
CONTROL,11.674999739043415,"[0.130528, 0.001508, 0.537303, -0.09004, 0.08999, 0.434277]"
CONTROL,11.679999738931656,"[0.128629, -0.003016, 0.541849, -0.092641, 0.089961, 0.436675]"
CONTROL,11.684999738819897,"[0.128629, -0.003016, 0.541849, -0.092641, 0.089961, 0.436675]"
CONTROL,11.689999738708138,"[0.128629, -0.003016, 0.541849, -0.092641, 0.089961, 0.436675]"
CONTROL,11.69499973859638,"[0.128629, -0.003016, 0.541849, -0.092641, 0.089961, 0.436675]"
CONTROL,11.699999738484621,"[0.126649, -0.007535, 0.546353, -0.095007, 0.089758, 0.439324]"
CONTROL,11.704999738372862,"[0.126649, -0.007535, 0.546353, -0.095007, 0.089758, 0.439324]"
CONTROL,11.709999738261104,"[0.126649, -0.007535, 0.546353, -0.095007, 0.089758, 0.439324]"
CONTROL,11.714999738149345,"[0.126649, -0.007535, 0.546353, -0.095007, 0.089758, 0.439324]"
CONTROL,11.719999738037586,"[0.124589, -0.012043, 0.550811, -0.097133, 0.089382, 0.442212]"
CONTROL,11.724999737925828,"[0.124589, -0.012043, 0.550811, -0.097133, 0.089382, 0.442212]"
CONTROL,11.729999737814069,"[0.124589, -0.012043, 0.550811, -0.097133, 0.089382, 0.442212]"
CONTROL,11.73499973770231,"[0.124589, -0.012043, 0.550811, -0.097133, 0.089382, 0.442212]"
CONTROL,11.739999737590551,"[0.122451, -0.016535, 0.555219, -0.099014, 0.088832, 0.445327]"
CONTROL,11.744999737478793,"[0.122451, -0.016535, 0.555219, -0.099014, 0.088832, 0.445327]"
CONTROL,11.749999737367034,"[0.122451, -0.016535, 0.555219, -0.099014, 0.088832, 0.445327]"
CONTROL,11.754999737255275,"[0.122451, -0.016535, 0.555219, -0.099014, 0.088832, 0.445327]"
CONTROL,11.759999737143517,"[0.120235, -0.021003, 0.559572, -0.100645, 0.088111, 0.448659]"
CONTROL,11.764999737031758,"[0.120235, -0.021003, 0.559572, -0.100645, 0.088111, 0.448659]"
CONTROL,11.76999973692,"[0.120235, -0.021003, 0.559572, -0.100645, 0.088111, 0.448659]"
CONTROL,11.77499973680824,"[0.120235, -0.021003, 0.559572, -0.100645, 0.088111, 0.448659]"
CONTROL,11.779999736696482,"[0.117943, -0.025441, 0.563867, -0.102021, 0.087219, 0.452193]"
CONTROL,11.784999736584723,"[0.117943, -0.025441, 0.563867, -0.102021, 0.087219, 0.452193]"
CONTROL,11.789999736472964,"[0.117943, -0.025441, 0.563867, -0.102021, 0.087219, 0.452193]"
CONTROL,11.794999736361206,"[0.117943, -0.025441, 0.563867, -0.102021, 0.087219, 0.452193]"
CONTROL,11.799999736249447,"[0.115577, -0.029843, 0.568099, -0.10314, 0.086159, 0.455916]"
CONTROL,11.804999736137688,"[0.115577, -0.029843, 0.568099, -0.10314, 0.086159, 0.455916]"
CONTROL,11.80999973602593,"[0.115577, -0.029843, 0.568099, -0.10314, 0.086159, 0.455916]"
CONTROL,11.81499973591417,"[0.115577, -0.029843, 0.568099, -0.10314, 0.086159, 0.455916]"
CONTROL,11.819999735802412,"[0.113138, -0.034202, 0.572263, -0.103998, 0.084932, 0.459813]"
CONTROL,11.824999735690653,"[0.113138, -0.034202, 0.572263, -0.103998, 0.084932, 0.459813]"
CONTROL,11.829999735578895,"[0.113138, -0.034202, 0.572263, -0.103998, 0.084932, 0.459813]"
CONTROL,11.834999735467136,"[0.113138, -0.034202, 0.572263, -0.103998, 0.084932, 0.459813]"
CONTROL,11.839999735355377,"[0.110627, -0.038513, 0.576356, -0.104594, 0.08354, 0.463868]"
CONTROL,11.844999735243618,"[0.110627, -0.038513, 0.576356, -0.104594, 0.08354, 0.463868]"
CONTROL,11.84999973513186,"[0.110627, -0.038513, 0.576356, -0.104594, 0.08354, 0.463868]"
CONTROL,11.854999735020101,"[0.110627, -0.038513, 0.576356, -0.104594, 0.08354, 0.463868]"
CONTROL,11.859999734908342,"[0.108046, -0.042769, 0.580374, -0.104925, 0.081987, 0.468067]"
CONTROL,11.864999734796584,"[0.108046, -0.042769, 0.580374, -0.104925, 0.081987, 0.468067]"
CONTROL,11.869999734684825,"[0.108046, -0.042769, 0.580374, -0.104925, 0.081987, 0.468067]"
CONTROL,11.874999734573066,"[0.108046, -0.042769, 0.580374, -0.104925, 0.081987, 0.468067]"
CONTROL,11.879999734461308,"[0.105397, -0.046965, 0.584313, -0.104992, 0.080276, 0.472391]"
CONTROL,11.884999734349549,"[0.105397, -0.046965, 0.584313, -0.104992, 0.080276, 0.472391]"
CONTROL,11.88999973423779,"[0.105397, -0.046965, 0.584313, -0.104992, 0.080276, 0.472391]"
CONTROL,11.894999734126031,"[0.105397, -0.046965, 0.584313, -0.104992, 0.080276, 0.472391]"
CONTROL,11.899999734014273,"[0.102682, -0.051094, 0.588168, -0.104793, 0.078409, 0.476824]"
CONTROL,11.904999733902514,"[0.102682, -0.051094, 0.588168, -0.104793, 0.078409, 0.476824]"
CONTROL,11.909999733790755,"[0.102682, -0.051094, 0.588168, -0.104793, 0.078409, 0.476824]"
CONTROL,11.914999733678997,"[0.102682, -0.051094, 0.588168, -0.104793, 0.078409, 0.476824]"
CONTROL,11.919999733567238,"[0.099902, -0.05515, 0.591936, -0.104329, 0.076391, 0.481348]"
CONTROL,11.92499973345548,"[0.099902, -0.05515, 0.591936, -0.104329, 0.076391, 0.481348]"
CONTROL,11.92999973334372,"[0.099902, -0.05515, 0.591936, -0.104329, 0.076391, 0.481348]"
CONTROL,11.934999733231962,"[0.099902, -0.05515, 0.591936, -0.104329, 0.076391, 0.481348]"
CONTROL,11.939999733120203,"[0.097058, -0.059127, 0.595614, -0.103602, 0.074225, 0.485946]"
CONTROL,11.944999733008444,"[0.097058, -0.059127, 0.595614, -0.103602, 0.074225, 0.485946]"
CONTROL,11.949999732896686,"[0.097058, -0.059127, 0.595614, -0.103602, 0.074225, 0.485946]"
CONTROL,11.954999732784927,"[0.097058, -0.059127, 0.595614, -0.103602, 0.074225, 0.485946]"
CONTROL,11.959999732673168,"[0.094154, -0.063021, 0.599197, -0.102613, 0.071915, 0.4906]"
CONTROL,11.96499973256141,"[0.094154, -0.063021, 0.599197, -0.102613, 0.071915, 0.4906]"
CONTROL,11.96999973244965,"[0.094154, -0.063021, 0.599197, -0.102613, 0.071915, 0.4906]"
CONTROL,11.974999732337892,"[0.094154, -0.063021, 0.599197, -0.102613, 0.071915, 0.4906]"
CONTROL,11.979999732226133,"[0.09119, -0.066825, 0.602682, -0.101365, 0.069466, 0.495291]"
CONTROL,11.984999732114375,"[0.09119, -0.066825, 0.602682, -0.101365, 0.069466, 0.495291]"
CONTROL,11.989999732002616,"[0.09119, -0.066825, 0.602682, -0.101365, 0.069466, 0.495291]"
CONTROL,11.994999731890857,"[0.09119, -0.066825, 0.602682, -0.101365, 0.069466, 0.495291]"
CONTROL,11.999999731779099,"[0.088168, -0.070534, 0.606066, -0.099861, 0.066883, 0.5]"
CONTROL,12.00499973166734,"[0.088168, -0.070534, 0.606066, -0.099861, 0.066883, 0.5]"
CONTROL,12.009999731555581,"[0.088168, -0.070534, 0.606066, -0.099861, 0.066883, 0.5]"
CONTROL,12.014999731443822,"[0.088168, -0.070534, 0.606066, -0.099861, 0.066883, 0.5]"
CONTROL,12.019999731332064,"[0.08509, -0.074143, 0.609345, -0.098105, 0.064171, 0.504709]"
CONTROL,12.024999731220305,"[0.08509, -0.074143, 0.609345, -0.098105, 0.064171, 0.504709]"
CONTROL,12.029999731108546,"[0.08509, -0.074143, 0.609345, -0.098105, 0.064171, 0.504709]"
CONTROL,12.034999730996788,"[0.08509, -0.074143, 0.609345, -0.098105, 0.064171, 0.504709]"
CONTROL,12.039999730885029,"[0.081959, -0.077647, 0.612517, -0.0961, 0.061334, 0.5094]"
CONTROL,12.04499973077327,"[0.081959, -0.077647, 0.612517, -0.0961, 0.061334, 0.5094]"
CONTROL,12.049999730661511,"[0.081959, -0.077647, 0.612517, -0.0961, 0.061334, 0.5094]"
CONTROL,12.054999730549753,"[0.081959, -0.077647, 0.612517, -0.0961, 0.061334, 0.5094]"
CONTROL,12.059999730437994,"[0.078776, -0.08104, 0.615577, -0.093853, 0.058379, 0.514054]"
CONTROL,12.064999730326235,"[0.078776, -0.08104, 0.615577, -0.093853, 0.058379, 0.514054]"
CONTROL,12.069999730214477,"[0.078776, -0.08104, 0.615577, -0.093853, 0.058379, 0.514054]"
CONTROL,12.074999730102718,"[0.078776, -0.08104, 0.615577, -0.093853, 0.058379, 0.514054]"
CONTROL,12.07999972999096,"[0.075543, -0.084318, 0.618523, -0.091369, 0.05531, 0.518652]"
CONTROL,12.0849997298792,"[0.075543, -0.084318, 0.618523, -0.091369, 0.05531, 0.518652]"
CONTROL,12.089999729767442,"[0.075543, -0.084318, 0.618523, -0.091369, 0.05531, 0.518652]"
CONTROL,12.094999729655683,"[0.075543, -0.084318, 0.618523, -0.091369, 0.05531, 0.518652]"
CONTROL,12.099999729543924,"[0.072263, -0.087476, 0.621353, -0.088654, 0.052135, 0.523176]"
CONTROL,12.104999729432166,"[0.072263, -0.087476, 0.621353, -0.088654, 0.052135, 0.523176]"
CONTROL,12.109999729320407,"[0.072263, -0.087476, 0.621353, -0.088654, 0.052135, 0.523176]"
CONTROL,12.114999729208648,"[0.072263, -0.087476, 0.621353, -0.088654, 0.052135, 0.523176]"
CONTROL,12.11999972909689,"[0.068937, -0.09051, 0.624062, -0.085716, 0.048859, 0.527609]"
CONTROL,12.12499972898513,"[0.068937, -0.09051, 0.624062, -0.085716, 0.048859, 0.527609]"
CONTROL,12.129999728873372,"[0.068937, -0.09051, 0.624062, -0.085716, 0.048859, 0.527609]"
CONTROL,12.134999728761613,"[0.068937, -0.09051, 0.624062, -0.085716, 0.048859, 0.527609]"
CONTROL,12.139999728649855,"[0.065567, -0.093415, 0.626649, -0.08256, 0.045489, 0.531933]"
CONTROL,12.144999728538096,"[0.065567, -0.093415, 0.626649, -0.08256, 0.045489, 0.531933]"
CONTROL,12.149999728426337,"[0.065567, -0.093415, 0.626649, -0.08256, 0.045489, 0.531933]"
CONTROL,12.154999728314579,"[0.065567, -0.093415, 0.626649, -0.08256, 0.045489, 0.531933]"
CONTROL,12.15999972820282,"[0.062156, -0.096188, 0.629111, -0.079196, 0.04203, 0.536132]"
CONTROL,12.164999728091061,"[0.062156, -0.096188, 0.629111, -0.079196, 0.04203, 0.536132]"
CONTROL,12.169999727979302,"[0.062156, -0.096188, 0.629111, -0.079196, 0.04203, 0.536132]"
CONTROL,12.174999727867544,"[0.062156, -0.096188, 0.629111, -0.079196, 0.04203, 0.536132]"
CONTROL,12.179999727755785,"[0.058706, -0.098824, 0.631446, -0.075632, 0.038491, 0.540187]"
CONTROL,12.184999727644026,"[0.058706, -0.098824, 0.631446, -0.075632, 0.038491, 0.540187]"
CONTROL,12.189999727532268,"[0.058706, -0.098824, 0.631446, -0.075632, 0.038491, 0.540187]"
CONTROL,12.194999727420509,"[0.058706, -0.098824, 0.631446, -0.075632, 0.038491, 0.540187]"
CONTROL,12.19999972730875,"[0.055219, -0.101319, 0.633651, -0.071877, 0.034876, 0.544084]"
CONTROL,12.204999727196991,"[0.055219, -0.101319, 0.633651, -0.071877, 0.034876, 0.544084]"
CONTROL,12.209999727085233,"[0.055219, -0.101319, 0.633651, -0.071877, 0.034876, 0.544084]"
CONTROL,12.214999726973474,"[0.055219, -0.101319, 0.633651, -0.071877, 0.034876, 0.544084]"
CONTROL,12.219999726861715,"[0.051696, -0.103671, 0.635724, -0.067941, 0.031195, 0.547807]"
CONTROL,12.224999726749957,"[0.051696, -0.103671, 0.635724, -0.067941, 0.031195, 0.547807]"
CONTROL,12.229999726638198,"[0.051696, -0.103671, 0.635724, -0.067941, 0.031195, 0.547807]"
CONTROL,12.23499972652644,"[0.051696, -0.103671, 0.635724, -0.067941, 0.031195, 0.547807]"
CONTROL,12.23999972641468,"[0.048142, -0.105875, 0.637663, -0.063833, 0.027453, 0.551341]"
CONTROL,12.244999726302922,"[0.048142, -0.105875, 0.637663, -0.063833, 0.027453, 0.551341]"
CONTROL,12.249999726191163,"[0.048142, -0.105875, 0.637663, -0.063833, 0.027453, 0.551341]"
CONTROL,12.254999726079404,"[0.048142, -0.105875, 0.637663, -0.063833, 0.027453, 0.551341]"
CONTROL,12.259999725967646,"[0.044556, -0.107929, 0.639466, -0.059563, 0.023658, 0.554673]"
CONTROL,12.264999725855887,"[0.044556, -0.107929, 0.639466, -0.059563, 0.023658, 0.554673]"
CONTROL,12.269999725744128,"[0.044556, -0.107929, 0.639466, -0.059563, 0.023658, 0.554673]"
CONTROL,12.27499972563237,"[0.044556, -0.107929, 0.639466, -0.059563, 0.023658, 0.554673]"
CONTROL,12.27999972552061,"[0.040943, -0.109829, 0.641132, -0.055143, 0.019817, 0.557788]"
CONTROL,12.284999725408852,"[0.040943, -0.109829, 0.641132, -0.055143, 0.019817, 0.557788]"
CONTROL,12.289999725297093,"[0.040943, -0.109829, 0.641132, -0.055143, 0.019817, 0.557788]"
CONTROL,12.294999725185335,"[0.040943, -0.109829, 0.641132, -0.055143, 0.019817, 0.557788]"
CONTROL,12.299999725073576,"[0.037303, -0.111573, 0.642658, -0.050584, 0.015938, 0.560676]"
CONTROL,12.304999724961817,"[0.037303, -0.111573, 0.642658, -0.050584, 0.015938, 0.560676]"
CONTROL,12.309999724850059,"[0.037303, -0.111573, 0.642658, -0.050584, 0.015938, 0.560676]"
CONTROL,12.3149997247383,"[0.037303, -0.111573, 0.642658, -0.050584, 0.015938, 0.560676]"
CONTROL,12.319999724626541,"[0.033641, -0.113159, 0.644044, -0.045897, 0.012028, 0.563325]"
CONTROL,12.324999724514782,"[0.033641, -0.113159, 0.644044, -0.045897, 0.012028, 0.563325]"
CONTROL,12.329999724403024,"[0.033641, -0.113159, 0.644044, -0.045897, 0.012028, 0.563325]"
CONTROL,12.334999724291265,"[0.033641, -0.113159, 0.644044, -0.045897, 0.012028, 0.563325]"
CONTROL,12.339999724179506,"[0.029956, -0.114584, 0.645287, -0.041094, 0.008094, 0.565723]"
CONTROL,12.344999724067748,"[0.029956, -0.114584, 0.645287, -0.041094, 0.008094, 0.565723]"
CONTROL,12.349999723955989,"[0.029956, -0.114584, 0.645287, -0.041094, 0.008094, 0.565723]"
CONTROL,12.35499972384423,"[0.029956, -0.114584, 0.645287, -0.041094, 0.008094, 0.565723]"
CONTROL,12.359999723732471,"[0.026253, -0.115846, 0.646388, -0.036188, 0.004145, 0.567862]"
CONTROL,12.364999723620713,"[0.026253, -0.115846, 0.646388, -0.036188, 0.004145, 0.567862]"
CONTROL,12.369999723508954,"[0.026253, -0.115846, 0.646388, -0.036188, 0.004145, 0.567862]"
CONTROL,12.374999723397195,"[0.026253, -0.115846, 0.646388, -0.036188, 0.004145, 0.567862]"
CONTROL,12.379999723285437,"[0.022534, -0.116943, 0.647343, -0.031189, 0.000188, 0.569733]"
CONTROL,12.384999723173678,"[0.022534, -0.116943, 0.647343, -0.031189, 0.000188, 0.569733]"
CONTROL,12.38999972306192,"[0.022534, -0.116943, 0.647343, -0.031189, 0.000188, 0.569733]"
CONTROL,12.39499972295016,"[0.022534, -0.116943, 0.647343, -0.031189, 0.000188, 0.569733]"
CONTROL,12.399999722838402,"[0.0188, -0.117874, 0.648153, -0.026112, -0.003769, 0.571329]"
CONTROL,12.404999722726643,"[0.0188, -0.117874, 0.648153, -0.026112, -0.003769, 0.571329]"
CONTROL,12.409999722614884,"[0.0188, -0.117874, 0.648153, -0.026112, -0.003769, 0.571329]"
CONTROL,12.414999722503126,"[0.0188, -0.117874, 0.648153, -0.026112, -0.003769, 0.571329]"
CONTROL,12.419999722391367,"[0.015054, -0.118638, 0.648817, -0.02097, -0.007719, 0.572644]"
CONTROL,12.424999722279608,"[0.015054, -0.118638, 0.648817, -0.02097, -0.007719, 0.572644]"
CONTROL,12.42999972216785,"[0.015054, -0.118638, 0.648817, -0.02097, -0.007719, 0.572644]"
CONTROL,12.43499972205609,"[0.015054, -0.118638, 0.648817, -0.02097, -0.007719, 0.572644]"
CONTROL,12.439999721944332,"[0.011299, -0.119233, 0.649334, -0.015774, -0.011654, 0.573672]"
CONTROL,12.444999721832573,"[0.011299, -0.119233, 0.649334, -0.015774, -0.011654, 0.573672]"
CONTROL,12.449999721720815,"[0.011299, -0.119233, 0.649334, -0.015774, -0.011654, 0.573672]"
CONTROL,12.454999721609056,"[0.011299, -0.119233, 0.649334, -0.015774, -0.011654, 0.573672]"
CONTROL,12.459999721497297,"[0.007537, -0.119659, 0.649704, -0.010538, -0.015566, 0.574409]"
CONTROL,12.464999721385539,"[0.007537, -0.119659, 0.649704, -0.010538, -0.015566, 0.574409]"
CONTROL,12.46999972127378,"[0.007537, -0.119659, 0.649704, -0.010538, -0.015566, 0.574409]"
CONTROL,12.474999721162021,"[0.007537, -0.119659, 0.649704, -0.010538, -0.015566, 0.574409]"
CONTROL,12.479999721050262,"[0.00377, -0.119915, 0.649926, -0.005276, -0.019449, 0.574852]"
CONTROL,12.484999720938504,"[0.00377, -0.119915, 0.649926, -0.005276, -0.019449, 0.574852]"
CONTROL,12.489999720826745,"[0.00377, -0.119915, 0.649926, -0.005276, -0.019449, 0.574852]"
CONTROL,12.494999720714986,"[0.00377, -0.119915, 0.649926, -0.005276, -0.019449, 0.574852]"
CONTROL,12.499999720603228,"[0.0, -0.12, 0.65, -0.0, -0.023294, 0.575]"
CONTROL,12.504999720491469,"[0.0, -0.12, 0.65, -0.0, -0.023294, 0.575]"
CONTROL,12.50999972037971,"[0.0, -0.12, 0.65, -0.0, -0.023294, 0.575]"
CONTROL,12.514999720267951,"[0.0, -0.12, 0.65, -0.0, -0.023294, 0.575]"
CONTROL,12.519999720156193,"[-0.00377, -0.119915, 0.649926, 0.005276, -0.027093, 0.574852]"
CONTROL,12.524999720044434,"[-0.00377, -0.119915, 0.649926, 0.005276, -0.027093, 0.574852]"
CONTROL,12.529999719932675,"[-0.00377, -0.119915, 0.649926, 0.005276, -0.027093, 0.574852]"
CONTROL,12.534999719820917,"[-0.00377, -0.119915, 0.649926, 0.005276, -0.027093, 0.574852]"
CONTROL,12.539999719709158,"[-0.007537, -0.119659, 0.649704, 0.010538, -0.030841, 0.574409]"
CONTROL,12.5449997195974,"[-0.007537, -0.119659, 0.649704, 0.010538, -0.030841, 0.574409]"
CONTROL,12.54999971948564,"[-0.007537, -0.119659, 0.649704, 0.010538, -0.030841, 0.574409]"
CONTROL,12.554999719373882,"[-0.007537, -0.119659, 0.649704, 0.010538, -0.030841, 0.574409]"
CONTROL,12.559999719262123,"[-0.011299, -0.119233, 0.649334, 0.015774, -0.034529, 0.573672]"
CONTROL,12.564999719150364,"[-0.011299, -0.119233, 0.649334, 0.015774, -0.034529, 0.573672]"
CONTROL,12.569999719038606,"[-0.011299, -0.119233, 0.649334, 0.015774, -0.034529, 0.573672]"
CONTROL,12.574999718926847,"[-0.011299, -0.119233, 0.649334, 0.015774, -0.034529, 0.573672]"
CONTROL,12.579999718815088,"[-0.015054, -0.118638, 0.648817, 0.02097, -0.038149, 0.572644]"
CONTROL,12.58499971870333,"[-0.015054, -0.118638, 0.648817, 0.02097, -0.038149, 0.572644]"
CONTROL,12.58999971859157,"[-0.015054, -0.118638, 0.648817, 0.02097, -0.038149, 0.572644]"
CONTROL,12.594999718479812,"[-0.015054, -0.118638, 0.648817, 0.02097, -0.038149, 0.572644]"
CONTROL,12.599999718368053,"[-0.0188, -0.117874, 0.648153, 0.026112, -0.041697, 0.571329]"
CONTROL,12.604999718256295,"[-0.0188, -0.117874, 0.648153, 0.026112, -0.041697, 0.571329]"
CONTROL,12.609999718144536,"[-0.0188, -0.117874, 0.648153, 0.026112, -0.041697, 0.571329]"
CONTROL,12.614999718032777,"[-0.0188, -0.117874, 0.648153, 0.026112, -0.041697, 0.571329]"
CONTROL,12.619999717921019,"[-0.022534, -0.116943, 0.647343, 0.031189, -0.045163, 0.569733]"
CONTROL,12.62499971780926,"[-0.022534, -0.116943, 0.647343, 0.031189, -0.045163, 0.569733]"
CONTROL,12.629999717697501,"[-0.022534, -0.116943, 0.647343, 0.031189, -0.045163, 0.569733]"
CONTROL,12.634999717585742,"[-0.022534, -0.116943, 0.647343, 0.031189, -0.045163, 0.569733]"
CONTROL,12.639999717473984,"[-0.026253, -0.115846, 0.646388, 0.036188, -0.048542, 0.567862]"
CONTROL,12.644999717362225,"[-0.026253, -0.115846, 0.646388, 0.036188, -0.048542, 0.567862]"
CONTROL,12.649999717250466,"[-0.026253, -0.115846, 0.646388, 0.036188, -0.048542, 0.567862]"
CONTROL,12.654999717138708,"[-0.026253, -0.115846, 0.646388, 0.036188, -0.048542, 0.567862]"
CONTROL,12.659999717026949,"[-0.029956, -0.114584, 0.645287, 0.041094, -0.051828, 0.565723]"
CONTROL,12.66499971691519,"[-0.029956, -0.114584, 0.645287, 0.041094, -0.051828, 0.565723]"
CONTROL,12.669999716803432,"[-0.029956, -0.114584, 0.645287, 0.041094, -0.051828, 0.565723]"
CONTROL,12.674999716691673,"[-0.029956, -0.114584, 0.645287, 0.041094, -0.051828, 0.565723]"
CONTROL,12.679999716579914,"[-0.033641, -0.113159, 0.644044, 0.045897, -0.055013, 0.563325]"
CONTROL,12.684999716468155,"[-0.033641, -0.113159, 0.644044, 0.045897, -0.055013, 0.563325]"
CONTROL,12.689999716356397,"[-0.033641, -0.113159, 0.644044, 0.045897, -0.055013, 0.563325]"
CONTROL,12.694999716244638,"[-0.033641, -0.113159, 0.644044, 0.045897, -0.055013, 0.563325]"
CONTROL,12.69999971613288,"[-0.037303, -0.111573, 0.642658, 0.050584, -0.058091, 0.560676]"
CONTROL,12.70499971602112,"[-0.037303, -0.111573, 0.642658, 0.050584, -0.058091, 0.560676]"
CONTROL,12.709999715909362,"[-0.037303, -0.111573, 0.642658, 0.050584, -0.058091, 0.560676]"
CONTROL,12.714999715797603,"[-0.037303, -0.111573, 0.642658, 0.050584, -0.058091, 0.560676]"
CONTROL,12.719999715685844,"[-0.040943, -0.109829, 0.641132, 0.055143, -0.061057, 0.557788]"
CONTROL,12.724999715574086,"[-0.040943, -0.109829, 0.641132, 0.055143, -0.061057, 0.557788]"
CONTROL,12.729999715462327,"[-0.040943, -0.109829, 0.641132, 0.055143, -0.061057, 0.557788]"
CONTROL,12.734999715350568,"[-0.040943, -0.109829, 0.641132, 0.055143, -0.061057, 0.557788]"
CONTROL,12.73999971523881,"[-0.044556, -0.107929, 0.639466, 0.059563, -0.063906, 0.554673]"
CONTROL,12.74499971512705,"[-0.044556, -0.107929, 0.639466, 0.059563, -0.063906, 0.554673]"
CONTROL,12.749999715015292,"[-0.044556, -0.107929, 0.639466, 0.059563, -0.063906, 0.554673]"
CONTROL,12.754999714903533,"[-0.044556, -0.107929, 0.639466, 0.059563, -0.063906, 0.554673]"
CONTROL,12.759999714791775,"[-0.048142, -0.105875, 0.637663, 0.063833, -0.06663, 0.551341]"
CONTROL,12.764999714680016,"[-0.048142, -0.105875, 0.637663, 0.063833, -0.06663, 0.551341]"
CONTROL,12.769999714568257,"[-0.048142, -0.105875, 0.637663, 0.063833, -0.06663, 0.551341]"
CONTROL,12.774999714456499,"[-0.048142, -0.105875, 0.637663, 0.063833, -0.06663, 0.551341]"
CONTROL,12.77999971434474,"[-0.051696, -0.103671, 0.635724, 0.067941, -0.069226, 0.547807]"
CONTROL,12.784999714232981,"[-0.051696, -0.103671, 0.635724, 0.067941, -0.069226, 0.547807]"
CONTROL,12.789999714121222,"[-0.051696, -0.103671, 0.635724, 0.067941, -0.069226, 0.547807]"
CONTROL,12.794999714009464,"[-0.051696, -0.103671, 0.635724, 0.067941, -0.069226, 0.547807]"
CONTROL,12.799999713897705,"[-0.055219, -0.101319, 0.633651, 0.071877, -0.071688, 0.544084]"
CONTROL,12.804999713785946,"[-0.055219, -0.101319, 0.633651, 0.071877, -0.071688, 0.544084]"
CONTROL,12.809999713674188,"[-0.055219, -0.101319, 0.633651, 0.071877, -0.071688, 0.544084]"
CONTROL,12.814999713562429,"[-0.055219, -0.101319, 0.633651, 0.071877, -0.071688, 0.544084]"
CONTROL,12.81999971345067,"[-0.058706, -0.098824, 0.631446, 0.075632, -0.074011, 0.540187]"
CONTROL,12.824999713338912,"[-0.058706, -0.098824, 0.631446, 0.075632, -0.074011, 0.540187]"
CONTROL,12.829999713227153,"[-0.058706, -0.098824, 0.631446, 0.075632, -0.074011, 0.540187]"
CONTROL,12.834999713115394,"[-0.058706, -0.098824, 0.631446, 0.075632, -0.074011, 0.540187]"
CONTROL,12.839999713003635,"[-0.062156, -0.096188, 0.629111, 0.079196, -0.076191, 0.536132]"
CONTROL,12.844999712891877,"[-0.062156, -0.096188, 0.629111, 0.079196, -0.076191, 0.536132]"
CONTROL,12.849999712780118,"[-0.062156, -0.096188, 0.629111, 0.079196, -0.076191, 0.536132]"
CONTROL,12.85499971266836,"[-0.062156, -0.096188, 0.629111, 0.079196, -0.076191, 0.536132]"
CONTROL,12.8599997125566,"[-0.065567, -0.093415, 0.626649, 0.08256, -0.078223, 0.531933]"
CONTROL,12.864999712444842,"[-0.065567, -0.093415, 0.626649, 0.08256, -0.078223, 0.531933]"
CONTROL,12.869999712333083,"[-0.065567, -0.093415, 0.626649, 0.08256, -0.078223, 0.531933]"
CONTROL,12.874999712221324,"[-0.065567, -0.093415, 0.626649, 0.08256, -0.078223, 0.531933]"
CONTROL,12.879999712109566,"[-0.068937, -0.09051, 0.624062, 0.085716, -0.080105, 0.527609]"
CONTROL,12.884999711997807,"[-0.068937, -0.09051, 0.624062, 0.085716, -0.080105, 0.527609]"
CONTROL,12.889999711886048,"[-0.068937, -0.09051, 0.624062, 0.085716, -0.080105, 0.527609]"
CONTROL,12.89499971177429,"[-0.068937, -0.09051, 0.624062, 0.085716, -0.080105, 0.527609]"
CONTROL,12.899999711662531,"[-0.072263, -0.087476, 0.621353, 0.088654, -0.081831, 0.523176]"
CONTROL,12.904999711550772,"[-0.072263, -0.087476, 0.621353, 0.088654, -0.081831, 0.523176]"
CONTROL,12.909999711439013,"[-0.072263, -0.087476, 0.621353, 0.088654, -0.081831, 0.523176]"
CONTROL,12.914999711327255,"[-0.072263, -0.087476, 0.621353, 0.088654, -0.081831, 0.523176]"
CONTROL,12.919999711215496,"[-0.075543, -0.084318, 0.618523, 0.091369, -0.083399, 0.518652]"
CONTROL,12.924999711103737,"[-0.075543, -0.084318, 0.618523, 0.091369, -0.083399, 0.518652]"
CONTROL,12.929999710991979,"[-0.075543, -0.084318, 0.618523, 0.091369, -0.083399, 0.518652]"
CONTROL,12.93499971088022,"[-0.075543, -0.084318, 0.618523, 0.091369, -0.083399, 0.518652]"
CONTROL,12.939999710768461,"[-0.078776, -0.08104, 0.615577, 0.093853, -0.084806, 0.514054]"
CONTROL,12.944999710656703,"[-0.078776, -0.08104, 0.615577, 0.093853, -0.084806, 0.514054]"
CONTROL,12.949999710544944,"[-0.078776, -0.08104, 0.615577, 0.093853, -0.084806, 0.514054]"
CONTROL,12.954999710433185,"[-0.078776, -0.08104, 0.615577, 0.093853, -0.084806, 0.514054]"
CONTROL,12.959999710321426,"[-0.081959, -0.077647, 0.612517, 0.0961, -0.086049, 0.5094]"
CONTROL,12.964999710209668,"[-0.081959, -0.077647, 0.612517, 0.0961, -0.086049, 0.5094]"
CONTROL,12.969999710097909,"[-0.081959, -0.077647, 0.612517, 0.0961, -0.086049, 0.5094]"
CONTROL,12.97499970998615,"[-0.081959, -0.077647, 0.612517, 0.0961, -0.086049, 0.5094]"
CONTROL,12.979999709874392,"[-0.08509, -0.074143, 0.609345, 0.098105, -0.087125, 0.504709]"
CONTROL,12.984999709762633,"[-0.08509, -0.074143, 0.609345, 0.098105, -0.087125, 0.504709]"
CONTROL,12.989999709650874,"[-0.08509, -0.074143, 0.609345, 0.098105, -0.087125, 0.504709]"
CONTROL,12.994999709539115,"[-0.08509, -0.074143, 0.609345, 0.098105, -0.087125, 0.504709]"
CONTROL,12.999999709427357,"[-0.088168, -0.070534, 0.606066, 0.099861, -0.088033, 0.5]"
CONTROL,13.004999709315598,"[-0.088168, -0.070534, 0.606066, 0.099861, -0.088033, 0.5]"
CONTROL,13.00999970920384,"[-0.088168, -0.070534, 0.606066, 0.099861, -0.088033, 0.5]"
CONTROL,13.01499970909208,"[-0.088168, -0.070534, 0.606066, 0.099861, -0.088033, 0.5]"
CONTROL,13.019999708980322,"[-0.09119, -0.066825, 0.602682, 0.101365, -0.088771, 0.495291]"
CONTROL,13.024999708868563,"[-0.09119, -0.066825, 0.602682, 0.101365, -0.088771, 0.495291]"
CONTROL,13.029999708756804,"[-0.09119, -0.066825, 0.602682, 0.101365, -0.088771, 0.495291]"
CONTROL,13.034999708645046,"[-0.09119, -0.066825, 0.602682, 0.101365, -0.088771, 0.495291]"
CONTROL,13.039999708533287,"[-0.094154, -0.063021, 0.599197, 0.102613, -0.089337, 0.4906]"
CONTROL,13.044999708421528,"[-0.094154, -0.063021, 0.599197, 0.102613, -0.089337, 0.4906]"
CONTROL,13.04999970830977,"[-0.094154, -0.063021, 0.599197, 0.102613, -0.089337, 0.4906]"
CONTROL,13.054999708198011,"[-0.094154, -0.063021, 0.599197, 0.102613, -0.089337, 0.4906]"
CONTROL,13.059999708086252,"[-0.097058, -0.059127, 0.595614, 0.103602, -0.08973, 0.485946]"
CONTROL,13.064999707974494,"[-0.097058, -0.059127, 0.595614, 0.103602, -0.08973, 0.485946]"
CONTROL,13.069999707862735,"[-0.097058, -0.059127, 0.595614, 0.103602, -0.08973, 0.485946]"
CONTROL,13.074999707750976,"[-0.097058, -0.059127, 0.595614, 0.103602, -0.08973, 0.485946]"
CONTROL,13.079999707639217,"[-0.099902, -0.05515, 0.591936, 0.104329, -0.089949, 0.481348]"
CONTROL,13.084999707527459,"[-0.099902, -0.05515, 0.591936, 0.104329, -0.089949, 0.481348]"
CONTROL,13.0899997074157,"[-0.099902, -0.05515, 0.591936, 0.104329, -0.089949, 0.481348]"
CONTROL,13.094999707303941,"[-0.099902, -0.05515, 0.591936, 0.104329, -0.089949, 0.481348]"
CONTROL,13.099999707192183,"[-0.102682, -0.051094, 0.588168, 0.104793, -0.089995, 0.476824]"
CONTROL,13.104999707080424,"[-0.102682, -0.051094, 0.588168, 0.104793, -0.089995, 0.476824]"
CONTROL,13.109999706968665,"[-0.102682, -0.051094, 0.588168, 0.104793, -0.089995, 0.476824]"
CONTROL,13.114999706856906,"[-0.102682, -0.051094, 0.588168, 0.104793, -0.089995, 0.476824]"
CONTROL,13.119999706745148,"[-0.105397, -0.046965, 0.584313, 0.104992, -0.089867, 0.472391]"
CONTROL,13.124999706633389,"[-0.105397, -0.046965, 0.584313, 0.104992, -0.089867, 0.472391]"
CONTROL,13.12999970652163,"[-0.105397, -0.046965, 0.584313, 0.104992, -0.089867, 0.472391]"
CONTROL,13.134999706409872,"[-0.105397, -0.046965, 0.584313, 0.104992, -0.089867, 0.472391]"
CONTROL,13.139999706298113,"[-0.108046, -0.042769, 0.580374, 0.104925, -0.089564, 0.468067]"
CONTROL,13.144999706186354,"[-0.108046, -0.042769, 0.580374, 0.104925, -0.089564, 0.468067]"
CONTROL,13.149999706074595,"[-0.108046, -0.042769, 0.580374, 0.104925, -0.089564, 0.468067]"
CONTROL,13.154999705962837,"[-0.108046, -0.042769, 0.580374, 0.104925, -0.089564, 0.468067]"
CONTROL,13.159999705851078,"[-0.110627, -0.038513, 0.576356, 0.104594, -0.089089, 0.463868]"
CONTROL,13.16499970573932,"[-0.110627, -0.038513, 0.576356, 0.104594, -0.089089, 0.463868]"
CONTROL,13.16999970562756,"[-0.110627, -0.038513, 0.576356, 0.104594, -0.089089, 0.463868]"
CONTROL,13.174999705515802,"[-0.110627, -0.038513, 0.576356, 0.104594, -0.089089, 0.463868]"
CONTROL,13.179999705404043,"[-0.113138, -0.034202, 0.572263, 0.103998, -0.088441, 0.459813]"
CONTROL,13.184999705292284,"[-0.113138, -0.034202, 0.572263, 0.103998, -0.088441, 0.459813]"
CONTROL,13.189999705180526,"[-0.113138, -0.034202, 0.572263, 0.103998, -0.088441, 0.459813]"
CONTROL,13.194999705068767,"[-0.113138, -0.034202, 0.572263, 0.103998, -0.088441, 0.459813]"
CONTROL,13.199999704957008,"[-0.115577, -0.029843, 0.568099, 0.10314, -0.087622, 0.455916]"
CONTROL,13.20499970484525,"[-0.115577, -0.029843, 0.568099, 0.10314, -0.087622, 0.455916]"
CONTROL,13.209999704733491,"[-0.115577, -0.029843, 0.568099, 0.10314, -0.087622, 0.455916]"
CONTROL,13.214999704621732,"[-0.115577, -0.029843, 0.568099, 0.10314, -0.087622, 0.455916]"
CONTROL,13.219999704509974,"[-0.117943, -0.025441, 0.563867, 0.102021, -0.086634, 0.452193]"
CONTROL,13.224999704398215,"[-0.117943, -0.025441, 0.563867, 0.102021, -0.086634, 0.452193]"
CONTROL,13.229999704286456,"[-0.117943, -0.025441, 0.563867, 0.102021, -0.086634, 0.452193]"
CONTROL,13.234999704174697,"[-0.117943, -0.025441, 0.563867, 0.102021, -0.086634, 0.452193]"
CONTROL,13.239999704062939,"[-0.120235, -0.021003, 0.559572, 0.100645, -0.085478, 0.448659]"
CONTROL,13.24499970395118,"[-0.120235, -0.021003, 0.559572, 0.100645, -0.085478, 0.448659]"
CONTROL,13.249999703839421,"[-0.120235, -0.021003, 0.559572, 0.100645, -0.085478, 0.448659]"
CONTROL,13.254999703727663,"[-0.120235, -0.021003, 0.559572, 0.100645, -0.085478, 0.448659]"
CONTROL,13.259999703615904,"[-0.122451, -0.016535, 0.555219, 0.099014, -0.084157, 0.445327]"
CONTROL,13.264999703504145,"[-0.122451, -0.016535, 0.555219, 0.099014, -0.084157, 0.445327]"
CONTROL,13.269999703392386,"[-0.122451, -0.016535, 0.555219, 0.099014, -0.084157, 0.445327]"
CONTROL,13.274999703280628,"[-0.122451, -0.016535, 0.555219, 0.099014, -0.084157, 0.445327]"
CONTROL,13.279999703168869,"[-0.124589, -0.012043, 0.550811, 0.097133, -0.082673, 0.442212]"
CONTROL,13.28499970305711,"[-0.124589, -0.012043, 0.550811, 0.097133, -0.082673, 0.442212]"
CONTROL,13.289999702945352,"[-0.124589, -0.012043, 0.550811, 0.097133, -0.082673, 0.442212]"
CONTROL,13.294999702833593,"[-0.124589, -0.012043, 0.550811, 0.097133, -0.082673, 0.442212]"
CONTROL,13.299999702721834,"[-0.126649, -0.007535, 0.546353, 0.095007, -0.081029, 0.439324]"
CONTROL,13.304999702610075,"[-0.126649, -0.007535, 0.546353, 0.095007, -0.081029, 0.439324]"
CONTROL,13.309999702498317,"[-0.126649, -0.007535, 0.546353, 0.095007, -0.081029, 0.439324]"
CONTROL,13.314999702386558,"[-0.126649, -0.007535, 0.546353, 0.095007, -0.081029, 0.439324]"
CONTROL,13.3199997022748,"[-0.128629, -0.003016, 0.541849, 0.092641, -0.079228, 0.436675]"
CONTROL,13.32499970216304,"[-0.128629, -0.003016, 0.541849, 0.092641, -0.079228, 0.436675]"
CONTROL,13.329999702051282,"[-0.128629, -0.003016, 0.541849, 0.092641, -0.079228, 0.436675]"
CONTROL,13.334999701939523,"[-0.128629, -0.003016, 0.541849, 0.092641, -0.079228, 0.436675]"
