type,timestamp,positions
CONTROL,44.41800001586671,"[0.0, 0.0, 0.606066, 0.0, 0.077942, 0.5]"
CONTROL,20256.756999970094,"[0.00377, 0.004523, 0.609345, 0.005276, 0.079845, 0.504709]"
CONTROL,40343.552999956955,"[0.007537, 0.009039, 0.612517, 0.010538, 0.081594, 0.5094]"
CONTROL,60425.03599996962,"[0.011299, 0.013543, 0.615577, 0.015774, 0.083185, 0.514054]"
CONTROL,80503.03200002418,"[0.015054, 0.018027, 0.618523, 0.02097, 0.084615, 0.518652]"
CONTROL,100584.19500001037,"[0.0188, 0.022486, 0.621353, 0.026112, 0.085882, 0.523176]"
CONTROL,120664.59100014981,"[0.022534, 0.026912, 0.624062, 0.031189, 0.086982, 0.527609]"
CONTROL,140744.634000157,"[0.026253, 0.031301, 0.626649, 0.036188, 0.087914, 0.531933]"
CONTROL,160823.81399996846,"[0.029956, 0.035645, 0.629111, 0.041094, 0.088676, 0.536132]"
CONTROL,180902.77000010246,"[0.033641, 0.039938, 0.631446, 0.045897, 0.089267, 0.540187]"
CONTROL,200981.5010001148,"[0.037303, 0.044175, 0.633651, 0.050584, 0.089684, 0.544084]"
CONTROL,221059.5280000689,"[0.040943, 0.048349, 0.635724, 0.055143, 0.089929, 0.547807]"
CONTROL,241139.89200009202,"[0.044556, 0.052454, 0.637663, 0.059563, 0.089999, 0.551341]"
CONTROL,261220.73600004113,"[0.048142, 0.056484, 0.639466, 0.063833, 0.089896, 0.554673]"
CONTROL,281303.24400012795,"[0.051696, 0.060435, 0.641132, 0.067941, 0.089618, 0.557788]"
CONTROL,301384.4390000031,"[0.055219, 0.064299, 0.642658, 0.071877, 0.089167, 0.560676]"
CONTROL,321464.3230001002,"[0.058706, 0.068072, 0.644044, 0.075632, 0.088544, 0.563325]"
CONTROL,341544.1429999646,"[0.062156, 0.071749, 0.645287, 0.079196, 0.08775, 0.565723]"
CONTROL,361624.441999993,"[0.065567, 0.075323, 0.646388, 0.08256, 0.086785, 0.567862]"
CONTROL,381703.49400002125,"[0.068937, 0.07879, 0.647343, 0.085716, 0.085653, 0.569733]"
CONTROL,401783.346000002,"[0.072263, 0.082146, 0.648153, 0.088654, 0.084355, 0.571329]"
CONTROL,421863.4530000145,"[0.075543, 0.085384, 0.648817, 0.091369, 0.082894, 0.572644]"
CONTROL,441946.44100002735,"[0.078776, 0.088502, 0.649334, 0.093853, 0.081273, 0.573672]"
CONTROL,462025.3010000397,"[0.081959, 0.091493, 0.649704, 0.0961, 0.079495, 0.574409]"
CONTROL,482104.9600000151,"[0.08509, 0.094355, 0.649926, 0.098105, 0.077563, 0.574852]"
CONTROL,502184.1720001703,"[0.088168, 0.097082, 0.65, 0.099861, 0.07548, 0.575]"
CONTROL,522264.21600016695,"[0.09119, 0.099672, 0.649926, 0.101365, 0.073252, 0.574852]"
CONTROL,542344.1310001635,"[0.094154, 0.102119, 0.649704, 0.102613, 0.070882, 0.574409]"
CONTROL,562422.5110000225,"[0.097058, 0.104422, 0.649334, 0.103602, 0.068375, 0.573672]"
CONTROL,582503.4179999875,"[0.099902, 0.106576, 0.648817, 0.104329, 0.065736, 0.572644]"
CONTROL,602582.534000021,"[0.102682, 0.108579, 0.648153, 0.104793, 0.06297, 0.571329]"
CONTROL,622662.0980000916,"[0.105397, 0.110428, 0.647343, 0.104992, 0.060082, 0.569733]"
CONTROL,642743.8690000145,"[0.108046, 0.112119, 0.646388, 0.104925, 0.057077, 0.567862]"
CONTROL,662823.8490000057,"[0.110627, 0.113652, 0.645287, 0.104594, 0.053962, 0.565723]"
CONTROL,682903.2850000658,"[0.113138, 0.115023, 0.644044, 0.103998, 0.050743, 0.563325]"
CONTROL,702983.4879999725,"[0.115577, 0.11623, 0.642658, 0.10314, 0.047426, 0.560676]"
CONTROL,723065.3880001227,"[0.117943, 0.117272, 0.641132, 0.102021, 0.044017, 0.557788]"
CONTROL,743145.1120000929,"[0.120235, 0.118148, 0.639466, 0.100645, 0.040523, 0.554673]"
CONTROL,763224.9000000684,"[0.122451, 0.118855, 0.637663, 0.099014, 0.03695, 0.551341]"
CONTROL,783305.3910001126,"[0.124589, 0.119394, 0.635724, 0.097133, 0.033306, 0.547807]"
CONTROL,803383.8349999769,"[0.126649, 0.119763, 0.633651, 0.095007, 0.029598, 0.544084]"
CONTROL,823464.6140001587,"[0.128629, 0.119962, 0.631446, 0.092641, 0.025832, 0.540187]"
CONTROL,843544.3060000126,"[0.130528, 0.119991, 0.629111, 0.09004, 0.022017, 0.536132]"
CONTROL,863624.3500000092,"[0.132344, 0.119848, 0.626649, 0.087213, 0.018159, 0.531933]"
CONTROL,883703.5290000585,"[0.134076, 0.119536, 0.624062, 0.084165, 0.014265, 0.527609]"
CONTROL,903783.477000161,"[0.135724, 0.119054, 0.621353, 0.080904, 0.010344, 0.523176]"
CONTROL,923862.9129999935,"[0.137286, 0.118402, 0.618523, 0.077439, 0.006403, 0.518652]"
CONTROL,943943.4360001541,"[0.138762, 0.117583, 0.615577, 0.073778, 0.00245, 0.514054]"
CONTROL,964023.2240001296,"[0.140149, 0.116596, 0.612517, 0.069931, -0.001508, 0.5094]"
CONTROL,984101.636000105,"[0.141449, 0.115443, 0.609345, 0.065908, -0.005463, 0.504709]"
CONTROL,1004181.4870000962,"[0.142658, 0.114127, 0.606066, 0.061717, -0.009408, 0.5]"
CONTROL,1024359.775999983,"[0.143778, 0.112648, 0.602682, 0.057371, -0.013334, 0.495291]"
CONTROL,1044438.7000000007,"[0.144807, 0.111009, 0.599197, 0.05288, -0.017234, 0.4906]"
CONTROL,1064518.4550000976,"[0.145745, 0.109213, 0.595614, 0.048256, -0.021102, 0.485946]"
CONTROL,1084597.2829999938,"[0.14659, 0.107261, 0.591936, 0.043509, -0.024928, 0.481348]"
CONTROL,1104676.4630000326,"[0.147343, 0.105157, 0.588168, 0.038653, -0.028706, 0.476824]"
CONTROL,1124755.7379999761,"[0.148003, 0.102903, 0.584313, 0.033699, -0.032429, 0.472391]"
CONTROL,1144836.1019999993,"[0.148569, 0.100503, 0.580374, 0.02866, -0.036089, 0.468067]"
CONTROL,1164916.5290000383,"[0.149042, 0.097961, 0.576356, 0.023548, -0.039679, 0.463868]"
CONTROL,1184995.7730000825,"[0.14942, 0.095279, 0.572263, 0.018377, -0.043193, 0.459813]"
CONTROL,1205076.3610000103,"[0.149704, 0.092462, 0.568099, 0.01316, -0.046622, 0.455916]"
CONTROL,1225154.5480000915,"[0.149893, 0.089513, 0.563867, 0.007909, -0.049962, 0.452193]"
CONTROL,1245234.3039999504,"[0.149988, 0.086437, 0.559572, 0.002639, -0.053205, 0.448659]"
CONTROL,1265315.0200001164,"[0.149988, 0.083238, 0.555219, -0.002639, -0.056345, 0.445327]"
CONTROL,1285395.0000001078,"[0.149893, 0.079921, 0.550811, -0.007909, -0.059377, 0.442212]"
CONTROL,1305474.659000083,"[0.149704, 0.076491, 0.546353, -0.01316, -0.062293, 0.439324]"
CONTROL,1325542.2229999567,"[0.14942, 0.072952, 0.541849, -0.018377, -0.065089, 0.436675]"
CONTROL,1345621.7220000327,"[0.149042, 0.069309, 0.537303, -0.023548, -0.067759, 0.434277]"
CONTROL,1365696.3260000339,"[0.148569, 0.065567, 0.532721, -0.02866, -0.070298, 0.432138]"
CONTROL,1385769.6170000508,"[0.148003, 0.061733, 0.528107, -0.033699, -0.072701, 0.430267]"
CONTROL,1405842.5250000255,"[0.147343, 0.05781, 0.523465, -0.038653, -0.074963, 0.428671]"
CONTROL,1425916.4879999843,"[0.14659, 0.053806, 0.5188, -0.043509, -0.07708, 0.427356]"
CONTROL,1445991.7320000385,"[0.145745, 0.049725, 0.514116, -0.048256, -0.079049, 0.426328]"
CONTROL,1466065.535000098,"[0.144807, 0.045573, 0.509419, -0.05288, -0.080864, 0.425591]"
CONTROL,1486140.6510001416,"[0.143778, 0.041357, 0.504712, -0.057371, -0.082523, 0.425148]"
CONTROL,1506215.2860000425,"[0.142658, 0.037082, 0.5, -0.061717, -0.084022, 0.425]"
CONTROL,1526290.146000065,"[0.141449, 0.032754, 0.495288, -0.065908, -0.085359, 0.425148]"
CONTROL,1546364.2050001454,"[0.140149, 0.02838, 0.490581, -0.069931, -0.086531, 0.425591]"
CONTROL,1566438.3929999985,"[0.138762, 0.023965, 0.485884, -0.073778, -0.087535, 0.426328]"
CONTROL,1586512.2279999468,"[0.137286, 0.019516, 0.4812, -0.077439, -0.08837, 0.427356]"
CONTROL,1606585.9350001118,"[0.135724, 0.01504, 0.476535, -0.080904, -0.089035, 0.428671]"
CONTROL,1626661.5950000868,"[0.134076, 0.010542, 0.471893, -0.084165, -0.089526, 0.430267]"
CONTROL,1646735.7819999505,"[0.132344, 0.006029, 0.467279, -0.087213, -0.089845, 0.432138]"
CONTROL,1666812.4980001266,"[0.130528, 0.001508, 0.462697, -0.09004, -0.08999, 0.434277]"
CONTROL,1686887.805999959,"[0.128629, -0.003016, 0.458151, -0.092641, -0.089961, 0.436675]"
CONTROL,1706961.801000034,"[0.126649, -0.007535, 0.453647, -0.095007, -0.089758, 0.439324]"
CONTROL,1727045.9090000258,"[0.124589, -0.012043, 0.449189, -0.097133, -0.089382, 0.442212]"
CONTROL,1747125.0890000646,"[0.122451, -0.016535, 0.444781, -0.099014, -0.088832, 0.445327]"
CONTROL,1767202.9880000083,"[0.120235, -0.021003, 0.440428, -0.100645, -0.088111, 0.448659]"
CONTROL,1787283.7360000631,"[0.117943, -0.025441, 0.436133, -0.102021, -0.087219, 0.452193]"
CONTROL,1807364.06799997,"[0.115577, -0.029843, 0.431901, -0.10314, -0.086159, 0.455916]"
CONTROL,1827444.4640001094,"[0.113138, -0.034202, 0.427737, -0.103998, -0.084932, 0.459813]"
CONTROL,1847523.7720001587,"[0.110627, -0.038513, 0.423644, -0.104594, -0.08354, 0.463868]"
CONTROL,1867603.3350000125,"[0.108046, -0.042769, 0.419626, -0.104925, -0.081987, 0.468067]"
CONTROL,1887683.1869999932,"[0.105397, -0.046965, 0.415687, -0.104992, -0.080276, 0.472391]"
CONTROL,1907762.1430001273,"[0.102682, -0.051094, 0.411832, -0.104793, -0.078409, 0.476824]"
CONTROL,1927841.4190000603,"[0.099902, -0.05515, 0.408064, -0.104329, -0.076391, 0.481348]"
CONTROL,1947921.5579999618,"[0.097058, -0.059127, 0.404386, -0.103602, -0.074225, 0.485946]"
CONTROL,1967999.1380000957,"[0.094154, -0.063021, 0.400803, -0.102613, -0.071915, 0.4906]"
CONTROL,1988078.446000145,"[0.09119, -0.066825, 0.397318, -0.101365, -0.069466, 0.495291]"
CONTROL,2008158.1700001152,"[0.088168, -0.070534, 0.393934, -0.099861, -0.066883, 0.5]"
CONTROL,2028334.5059999647,"[0.08509, -0.074143, 0.390655, -0.098105, -0.064171, 0.504709]"
CONTROL,2048411.6380000615,"[0.081959, -0.077647, 0.387483, -0.0961, -0.061334, 0.5094]"
CONTROL,2068487.2330000417,"[0.078776, -0.08104, 0.384423, -0.093853, -0.058379, 0.514054]"
CONTROL,2088561.7410001487,"[0.075543, -0.084318, 0.381477, -0.091369, -0.05531, 0.518652]"
CONTROL,2108633.847999954,"[0.072263, -0.087476, 0.378647, -0.088654, -0.052135, 0.523176]"
CONTROL,2128707.94000014,"[0.068937, -0.09051, 0.375938, -0.085716, -0.048859, 0.527609]"
CONTROL,2148781.8390000938,"[0.065567, -0.093415, 0.373351, -0.08256, -0.045489, 0.531933]"
CONTROL,2168855.451000127,"[0.062156, -0.096188, 0.370889, -0.079196, -0.04203, 0.536132]"
CONTROL,2188929.1899999534,"[0.058706, -0.098824, 0.368554, -0.075632, -0.038491, 0.540187]"
CONTROL,2209003.4740001555,"[0.055219, -0.101319, 0.366349, -0.071877, -0.034876, 0.544084]"
CONTROL,2229077.373000109,"[0.051696, -0.103671, 0.364276, -0.067941, -0.031195, 0.547807]"
CONTROL,2249160.2970001167,"[0.048142, -0.105875, 0.362337, -0.063833, -0.027453, 0.551341]"
CONTROL,2269235.445000049,"[0.044556, -0.107929, 0.360534, -0.059563, -0.023658, 0.554673]"
CONTROL,2289310.496000098,"[0.040943, -0.109829, 0.358868, -0.055143, -0.019817, 0.557788]"
CONTROL,2309385.7400001525,"[0.037303, -0.111573, 0.357342, -0.050584, -0.015938, 0.560676]"
CONTROL,2329461.816000048,"[0.033641, -0.113159, 0.355956, -0.045897, -0.012028, 0.563325]"
CONTROL,2349536.5789999594,"[0.029956, -0.114584, 0.354713, -0.041094, -0.008094, 0.565723]"
CONTROL,2369611.151000072,"[0.026253, -0.115846, 0.353612, -0.036188, -0.004145, 0.567862]"
CONTROL,2389684.473999978,"[0.022534, -0.116943, 0.352657, -0.031189, -0.000188, 0.569733]"
CONTROL,2409759.8460000427,"[0.0188, -0.117874, 0.351847, -0.026112, 0.003769, 0.571329]"
CONTROL,2429839.986000161,"[0.015054, -0.118638, 0.351183, -0.02097, 0.007719, 0.572644]"
CONTROL,2449918.2060001204,"[0.011299, -0.119233, 0.350666, -0.015774, 0.011654, 0.573672]"
CONTROL,2469997.897999974,"[0.007537, -0.119659, 0.350296, -0.010538, 0.015566, 0.574409]"
CONTROL,2490076.917000124,"[0.00377, -0.119915, 0.350074, -0.005276, 0.019449, 0.574852]"
CONTROL,2510156.0650000465,"[0.0, -0.12, 0.35, -0.0, 0.023294, 0.575]"
CONTROL,2530235.212999969,"[-0.00377, -0.119915, 0.350074, 0.005276, 0.027093, 0.574852]"
CONTROL,2550316.185000156,"[-0.007537, -0.119659, 0.350296, 0.010538, 0.030841, 0.574409]"
CONTROL,2570396.293000158,"[-0.011299, -0.119233, 0.350666, 0.015774, 0.034529, 0.573672]"
CONTROL,2590476.6250000647,"[-0.015054, -0.118638, 0.351183, 0.02097, 0.038149, 0.572644]"
CONTROL,2610556.41300004,"[-0.0188, -0.117874, 0.351847, 0.026112, 0.041697, 0.571329]"
CONTROL,2630636.681000169,"[-0.022534, -0.116943, 0.352657, 0.031189, 0.045163, 0.569733]"
CONTROL,2650716.5320001603,"[-0.026253, -0.115846, 0.353612, 0.036188, 0.048542, 0.567862]"
CONTROL,2670796.4480001465,"[-0.029956, -0.114584, 0.354713, 0.041094, 0.051828, 0.565723]"
CONTROL,2690874.5400000955,"[-0.033641, -0.113159, 0.355956, 0.045897, 0.055013, 0.563325]"
CONTROL,2710951.224000155,"[-0.037303, -0.111573, 0.357342, 0.050584, 0.058091, 0.560676]"
CONTROL,2731030.692000104,"[-0.040943, -0.109829, 0.358868, 0.055143, 0.061057, 0.557788]"
CONTROL,2751109.744000132,"[-0.044556, -0.107929, 0.360534, 0.059563, 0.063906, 0.554673]"
CONTROL,2771189.4030001075,"[-0.048142, -0.105875, 0.362337, 0.063833, 0.06663, 0.551341]"
CONTROL,2791267.4630001676,"[-0.051696, -0.103671, 0.364276, 0.067941, 0.069226, 0.547807]"
CONTROL,2811345.971000037,"[-0.055219, -0.101319, 0.366349, 0.071877, 0.071688, 0.544084]"
CONTROL,2831425.3109999755,"[-0.058706, -0.098824, 0.368554, 0.075632, 0.074011, 0.540187]"
CONTROL,2851503.6589999455,"[-0.062156, -0.096188, 0.370889, 0.079196, 0.076191, 0.536132]"
CONTROL,2871583.127000122,"[-0.065567, -0.093415, 0.373351, 0.08256, 0.078223, 0.531933]"
CONTROL,2891662.6259999704,"[-0.068937, -0.09051, 0.375938, 0.085716, 0.080105, 0.527609]"
CONTROL,2911743.4060001415,"[-0.072263, -0.087476, 0.378647, 0.088654, 0.081831, 0.523176]"
CONTROL,2931822.2020001486,"[-0.075543, -0.084318, 0.381477, 0.091369, 0.083399, 0.518652]"
CONTROL,2951900.3259999864,"[-0.078776, -0.08104, 0.384423, 0.093853, 0.084806, 0.514054]"
CONTROL,2971979.218000115,"[-0.081959, -0.077647, 0.387483, 0.0961, 0.086049, 0.5094]"
CONTROL,2992063.0700000855,"[-0.08509, -0.074143, 0.390655, 0.098105, 0.087125, 0.504709]"
CONTROL,3012144.7460001037,"[-0.088168, -0.070534, 0.393934, 0.099861, 0.088033, 0.5]"
CONTROL,3032305.4980001417,"[-0.09119, -0.066825, 0.397318, 0.101365, 0.088771, 0.495291]"
CONTROL,3052390.437999975,"[-0.094154, -0.063021, 0.400803, 0.102613, 0.089337, 0.4906]"
CONTROL,3072468.9139999556,"[-0.097058, -0.059127, 0.404386, 0.103602, 0.08973, 0.485946]"
CONTROL,3092549.566000116,"[-0.099902, -0.05515, 0.408064, 0.104329, 0.089949, 0.481348]"
CONTROL,3112630.377999949,"[-0.102682, -0.051094, 0.411832, 0.104793, 0.089995, 0.476824]"
CONTROL,3132710.933999988,"[-0.105397, -0.046965, 0.415687, 0.104992, 0.089867, 0.472391]"
CONTROL,3152791.745000059,"[-0.108046, -0.042769, 0.419626, 0.104925, 0.089564, 0.468067]"
CONTROL,3172871.6610000446,"[-0.110627, -0.038513, 0.423644, 0.104594, 0.089089, 0.463868]"
CONTROL,3192952.3450000943,"[-0.113138, -0.034202, 0.427737, 0.103998, 0.088441, 0.459813]"
CONTROL,3213032.0690000644,"[-0.115577, -0.029843, 0.431901, 0.10314, 0.087622, 0.455916]"
CONTROL,3233111.409000003,"[-0.117943, -0.025441, 0.436133, 0.102021, 0.086634, 0.452193]"
CONTROL,3253190.876999952,"[-0.120235, -0.021003, 0.440428, 0.100645, 0.085478, 0.448659]"
CONTROL,3273269.92899998,"[-0.122451, -0.016535, 0.444781, 0.099014, 0.084157, 0.445327]"
CONTROL,3293347.5090001137,"[-0.124589, -0.012043, 0.449189, 0.097133, 0.082673, 0.442212]"
CONTROL,3313427.233000084,"[-0.126649, -0.007535, 0.453647, 0.095007, 0.081029, 0.439324]"
CONTROL,3333505.8049999587,"[-0.128629, -0.003016, 0.458151, 0.092641, 0.079228, 0.436675]"
CONTROL,3353585.241000019,"[-0.130528, 0.001508, 0.462697, 0.09004, 0.077274, 0.434277]"
CONTROL,3373664.516999952,"[-0.132344, 0.006029, 0.467279, 0.087213, 0.075171, 0.432138]"
CONTROL,3393743.665000102,"[-0.134076, 0.010542, 0.471893, 0.084165, 0.072922, 0.430267]"
CONTROL,3413823.3240000773,"[-0.135724, 0.01504, 0.476535, 0.080904, 0.070532, 0.428671]"
CONTROL,3433904.0410000053,"[-0.137286, 0.019516, 0.4812, 0.077439, 0.068006, 0.427356]"
CONTROL,3453983.060000155,"[-0.138762, 0.023965, 0.485884, 0.073778, 0.065349, 0.426328]"
CONTROL,3474062.4319999823,"[-0.140149, 0.02838, 0.490581, 0.069931, 0.062564, 0.425591]"
CONTROL,3494142.1559999525,"[-0.141449, 0.032754, 0.495288, 0.065908, 0.059659, 0.425148]"
CONTROL,3514222.4240000816,"[-0.142658, 0.037082, 0.5, 0.061717, 0.056639, 0.425]"
CONTROL,3534302.1160001624,"[-0.143778, 0.041357, 0.504712, 0.057371, 0.053509, 0.425148]"
CONTROL,3554381.744000011,"[-0.144807, 0.045573, 0.509419, 0.05288, 0.050275, 0.425591]"
CONTROL,3574459.996000087,"[-0.145745, 0.049725, 0.514116, 0.048256, 0.046944, 0.426328]"
CONTROL,3594539.912000073,"[-0.14659, 0.053806, 0.5188, 0.043509, 0.043523, 0.427356]"
CONTROL,3614619.604000154,"[-0.147343, 0.05781, 0.523465, 0.038653, 0.040017, 0.428671]"
CONTROL,3634698.624000066,"[-0.148003, 0.061733, 0.528107, 0.033699, 0.036434, 0.430267]"
CONTROL,3654778.124000131,"[-0.148569, 0.065567, 0.532721, 0.02866, 0.03278, 0.432138]"
CONTROL,3674857.6560000856,"[-0.149042, 0.069309, 0.537303, 0.023548, 0.029063, 0.434277]"
CONTROL,3694937.8920000982,"[-0.14942, 0.072952, 0.541849, 0.018377, 0.02529, 0.436675]"
CONTROL,3715017.296000042,"[-0.149704, 0.076491, 0.546353, 0.01316, 0.021468, 0.439324]"
CONTROL,3735095.3879999905,"[-0.149893, 0.079921, 0.550811, 0.007909, 0.017604, 0.442212]"
CONTROL,3755174.3760000137,"[-0.149988, 0.083238, 0.555219, 0.002639, 0.013707, 0.445327]"
CONTROL,3775254.2600001106,"[-0.149988, 0.086437, 0.559572, -0.002639, 0.009782, 0.448659]"
CONTROL,3795335.0400000545,"[-0.149893, 0.089513, 0.563867, -0.007909, 0.005839, 0.452193]"
CONTROL,3815414.6680001304,"[-0.149704, 0.092462, 0.568099, -0.01316, 0.001885, 0.455916]"
CONTROL,3835494.072000074,"[-0.14942, 0.095279, 0.572263, -0.018377, -0.002073, 0.459813]"
CONTROL,3855573.98800006,"[-0.149042, 0.097961, 0.576356, -0.023548, -0.006027, 0.463868]"
CONTROL,3875652.7200000617,"[-0.148569, 0.100503, 0.580374, -0.02866, -0.00997, 0.468067]"
CONTROL,3895732.6680001644,"[-0.148003, 0.102903, 0.584313, -0.033699, -0.013893, 0.472391]"
CONTROL,3915812.0399999917,"[-0.147343, 0.105157, 0.588168, -0.038653, -0.017789, 0.476824]"
CONTROL,3935891.4440001626,"[-0.14659, 0.107261, 0.591936, -0.043509, -0.021651, 0.481348]"
CONTROL,3955969.856000138,"[-0.145745, 0.109213, 0.595614, -0.048256, -0.025471, 0.485946]"
CONTROL,3976050.444000066,"[-0.144807, 0.111009, 0.599197, -0.05288, -0.029242, 0.4906]"
CONTROL,3996130.455999946,"[-0.143778, 0.112648, 0.602682, -0.057371, -0.032956, 0.495291]"
CONTROL,4016210.340000043,"[-0.142658, 0.114127, 0.606066, -0.061717, -0.036606, 0.5]"
CONTROL,4036371.251999981,"[-0.141449, 0.115443, 0.609345, -0.065908, -0.040186, 0.504709]"
CONTROL,4056450.464000136,"[-0.140149, 0.116596, 0.612517, -0.069931, -0.043688, 0.5094]"
CONTROL,4076529.6439999472,"[-0.138762, 0.117583, 0.615577, -0.073778, -0.047105, 0.514054]"
CONTROL,4096607.7040000074,"[-0.137286, 0.118402, 0.618523, -0.077439, -0.050431, 0.518652]"
CONTROL,4116687.9080001307,"[-0.135724, 0.119054, 0.621353, -0.080904, -0.05366, 0.523176]"
CONTROL,4136767.9520001276,"[-0.134076, 0.119536, 0.624062, -0.084165, -0.056785, 0.527609]"
CONTROL,4156847.5159999705,"[-0.132344, 0.119848, 0.626649, -0.087213, -0.0598, 0.531933]"
CONTROL,4176927.016000036,"[-0.130528, 0.119991, 0.629111, -0.09004, -0.0627, 0.536132]"
CONTROL,4197007.188000043,"[-0.128629, 0.119962, 0.631446, -0.092641, -0.065478, 0.540187]"
CONTROL,4217088.544000035,"[-0.126649, 0.119763, 0.633651, -0.095007, -0.06813, 0.544084]"
CONTROL,4237169.195999968,"[-0.124589, 0.119394, 0.635724, -0.097133, -0.070649, 0.547807]"
CONTROL,4257249.623999996,"[-0.122451, 0.118855, 0.637663, -0.099014, -0.073032, 0.551341]"
CONTROL,4277330.692000078,"[-0.120235, 0.118148, 0.639466, -0.100645, -0.075274, 0.554673]"
CONTROL,4297408.752000137,"[-0.117943, 0.117272, 0.641132, -0.102021, -0.077371, 0.557788]"
CONTROL,4317486.716000075,"[-0.115577, 0.11623, 0.642658, -0.10314, -0.079317, 0.560676]"
CONTROL,4337567.33600012,"[-0.113138, 0.115023, 0.644044, -0.103998, -0.081111, 0.563325]"
CONTROL,4357646.612000053,"[-0.110627, 0.113652, 0.645287, -0.104594, -0.082747, 0.565723]"
CONTROL,4377726.815999949,"[-0.108046, 0.112119, 0.646388, -0.104925, -0.084223, 0.567862]"
CONTROL,4397802.188000014,"[-0.105397, 0.110428, 0.647343, -0.104992, -0.085537, 0.569733]"
CONTROL,4417875.416000015,"[-0.102682, 0.108579, 0.648153, -0.104793, -0.086685, 0.571329]"
CONTROL,4437949.028000048,"[-0.099902, 0.106576, 0.648817, -0.104329, -0.087665, 0.572644]"
CONTROL,4458023.023000123,"[-0.097058, 0.104422, 0.649334, -0.103602, -0.088476, 0.573672]"
CONTROL,4478096.635000156,"[-0.094154, 0.102119, 0.649704, -0.102613, -0.089115, 0.574409]"
CONTROL,4498171.175000153,"[-0.09119, 0.099672, 0.649926, -0.101365, -0.089583, 0.574852]"
CONTROL,4518245.106999984,"[-0.088168, 0.097082, 0.65, -0.099861, -0.089877, 0.575]"
CONTROL,4538318.623000123,"[-0.08509, 0.094355, 0.649926, -0.098105, -0.089997, 0.574852]"
CONTROL,4558392.234000166,"[-0.081959, 0.091493, 0.649704, -0.0961, -0.089943, 0.574409]"
CONTROL,4578465.653999956,"[-0.078776, 0.088502, 0.649334, -0.093853, -0.089715, 0.573672]"
CONTROL,4598539.906000041,"[-0.075543, 0.085384, 0.648817, -0.091369, -0.089314, 0.572644]"
CONTROL,4618613.357999948,"[-0.072263, 0.082146, 0.648153, -0.088654, -0.08874, 0.571329]"
CONTROL,4638687.577000155,"[-0.068937, 0.07879, 0.647343, -0.085716, -0.087994, 0.569733]"
CONTROL,4658761.188999961,"[-0.065567, 0.075323, 0.646388, -0.08256, -0.087078, 0.567862]"
CONTROL,4678835.920999972,"[-0.062156, 0.071749, 0.645287, -0.079196, -0.085994, 0.565723]"
CONTROL,4698910.237000064,"[-0.058706, 0.068072, 0.644044, -0.075632, -0.084743, 0.563325]"
CONTROL,4718984.425000144,"[-0.055219, 0.064299, 0.642658, -0.071877, -0.083328, 0.560676]"
CONTROL,4739075.477000142,"[-0.051696, 0.060435, 0.641132, -0.067941, -0.081753, 0.557788]"
CONTROL,4759157.57000007,"[-0.048142, 0.056484, 0.639466, -0.063833, -0.080019, 0.554673]"
CONTROL,4779238.478000024,"[-0.044556, 0.052454, 0.637663, -0.059563, -0.07813, 0.551341]"
CONTROL,4799318.170000106,"[-0.040943, 0.048349, 0.635724, -0.055143, -0.07609, 0.547807]"
CONTROL,4819398.918000161,"[-0.037303, 0.044175, 0.633651, -0.050584, -0.073903, 0.544084]"
CONTROL,4839479.250000068,"[-0.033641, 0.039938, 0.631446, -0.045897, -0.071574, 0.540187]"
CONTROL,4859559.134000164,"[-0.029956, 0.035645, 0.629111, -0.041094, -0.069105, 0.536132]"
CONTROL,4879653.131000169,"[-0.026253, 0.031301, 0.626649, -0.036188, -0.066503, 0.531933]"
CONTROL,4899731.926999948,"[-0.022534, 0.026912, 0.624062, -0.031189, -0.063773, 0.527609]"
CONTROL,4919811.523000135,"[-0.0188, 0.022486, 0.621353, -0.026112, -0.060919, 0.523176]"
CONTROL,4939891.247000105,"[-0.015054, 0.018027, 0.618523, -0.02097, -0.057947, 0.518652]"
CONTROL,4959970.9070000695,"[-0.011299, 0.013543, 0.615577, -0.015774, -0.054863, 0.514054]"
CONTROL,4980050.151000114,"[-0.007537, 0.009039, 0.612517, -0.010538, -0.051673, 0.5094]"
CONTROL,5000131.732,"[-0.00377, 0.004523, 0.609345, -0.005276, -0.048383, 0.504709]"
CONTROL,5020212.064000134,"[-0.0, 0.0, 0.606066, -0.0, -0.045, 0.5]"
CONTROL,5040363.599000102,"[0.00377, -0.004523, 0.602682, 0.005276, -0.04153, 0.495291]"
CONTROL,5060442.93900004,"[0.007537, -0.009039, 0.599197, 0.010538, -0.037979, 0.4906]"
CONTROL,5080522.471999984,"[0.011299, -0.013543, 0.595614, 0.015774, -0.034354, 0.485946]"
CONTROL,5100601.075999975,"[0.015054, -0.018027, 0.591936, 0.02097, -0.030664, 0.481348]"
CONTROL,5120680.608000157,"[0.0188, -0.022486, 0.588168, 0.026112, -0.026914, 0.476824]"
CONTROL,5140759.979999985,"[0.022534, -0.026912, 0.584313, 0.031189, -0.023112, 0.472391]"
CONTROL,5160839.831999965,"[0.026253, -0.031301, 0.580374, 0.036188, -0.019265, 0.468067]"
CONTROL,5180920.228000104,"[0.029956, -0.035645, 0.576356, 0.041094, -0.015381, 0.463868]"
CONTROL,5201000.848000149,"[0.033641, -0.039938, 0.572263, 0.045897, -0.011467, 0.459813]"
CONTROL,5221082.140000135,"[0.037303, -0.044175, 0.568099, 0.050584, -0.007531, 0.455916]"
CONTROL,5241163.015999973,"[0.040943, -0.048349, 0.563867, 0.055143, -0.00358, 0.452193]"
CONTROL,5261246.549000134,"[0.044556, -0.052454, 0.559572, 0.059563, 0.000377, 0.448659]"
CONTROL,5281326.849000152,"[0.048142, -0.056484, 0.555219, 0.063833, 0.004334, 0.445327]"
CONTROL,5301407.181000059,"[0.051696, -0.060435, 0.550811, 0.067941, 0.008282, 0.442212]"
CONTROL,5321487.066000145,"[0.055219, -0.064299, 0.546353, 0.071877, 0.012214, 0.439324]"
CONTROL,5341566.054000168,"[0.058706, -0.068072, 0.541849, 0.075632, 0.016123, 0.436675]"
CONTROL,5361645.8100000275,"[0.062156, -0.071749, 0.537303, 0.079196, 0.020001, 0.434277]"
CONTROL,5381726.845999992,"[0.065567, -0.075323, 0.532721, 0.08256, 0.023839, 0.432138]"
CONTROL,5401807.274000021,"[0.068937, -0.07879, 0.528107, 0.085716, 0.027632, 0.430267]"
CONTROL,5421886.903000086,"[0.072263, -0.082146, 0.523465, 0.088654, 0.031371, 0.428671]"
CONTROL,5441969.283000162,"[0.075543, -0.085384, 0.5188, 0.091369, 0.03505, 0.427356]"
CONTROL,5462048.943000128,"[0.078776, -0.088502, 0.514116, 0.093853, 0.038661, 0.426328]"
CONTROL,5482130.4910001345,"[0.081959, -0.091493, 0.509419, 0.0961, 0.042197, 0.425591]"
CONTROL,5502210.216000094,"[0.08509, -0.094355, 0.504712, 0.098105, 0.045651, 0.425148]"
CONTROL,5522292.564000054,"[0.088168, -0.097082, 0.5, 0.099861, 0.049018, 0.425]"
CONTROL,5542373.72800003,"[0.09119, -0.099672, 0.495288, 0.101365, 0.052289, 0.425148]"
CONTROL,5562454.124000169,"[0.094154, -0.102119, 0.490581, 0.102613, 0.055459, 0.425591]"
CONTROL,5582533.337000086,"[0.097058, -0.104422, 0.485884, 0.103602, 0.058522, 0.426328]"
CONTROL,5602609.82900013,"[0.099902, -0.106576, 0.4812, 0.104329, 0.061472, 0.427356]"
CONTROL,5622690.993000106,"[0.102682, -0.108579, 0.476535, 0.104793, 0.064303, 0.428671]"
CONTROL,5642771.453000023,"[0.105397, -0.110428, 0.471893, 0.104992, 0.067009, 0.430267]"
CONTROL,5662851.529000136,"[0.108046, -0.112119, 0.467279, 0.104925, 0.069586, 0.432138]"
CONTROL,5682932.43800008,"[0.110627, -0.113652, 0.462697, 0.104594, 0.072028, 0.434277]"
CONTROL,5703014.338000002,"[0.113138, -0.115023, 0.458151, 0.103998, 0.074331, 0.436675]"
CONTROL,5723093.454000036,"[0.115577, -0.11623, 0.453647, 0.10314, 0.07649, 0.439324]"
CONTROL,5743173.562000038,"[0.117943, -0.117272, 0.449189, 0.102021, 0.078502, 0.442212]"
CONTROL,5763253.638000151,"[0.120235, -0.118148, 0.444781, 0.100645, 0.080361, 0.445327]"
CONTROL,5783333.427000116,"[0.122451, -0.118855, 0.440428, 0.099014, 0.082065, 0.448659]"
CONTROL,5803413.631000012,"[0.124589, -0.119394, 0.436133, 0.097133, 0.08361, 0.452193]"
CONTROL,5823493.963000147,"[0.126649, -0.119763, 0.431901, 0.095007, 0.084994, 0.455916]"
CONTROL,5843574.103000037,"[0.128629, -0.119962, 0.427737, 0.092641, 0.086213, 0.459813]"
CONTROL,5863655.332000008,"[0.130528, -0.119991, 0.423644, 0.09004, 0.087265, 0.463868]"
CONTROL,5883736.016000058,"[0.132344, -0.119848, 0.419626, 0.087213, 0.088149, 0.468067]"
CONTROL,5903817.595999953,"[0.134076, -0.119536, 0.415687, 0.084165, 0.088862, 0.472391]"
CONTROL,5923897.672000066,"[0.135724, -0.119054, 0.411832, 0.080904, 0.089404, 0.476824]"
CONTROL,5943980.245000148,"[0.137286, -0.118402, 0.408064, 0.077439, 0.089772, 0.481348]"
CONTROL,5964060.129000017,"[0.138762, -0.117583, 0.404386, 0.073778, 0.089967, 0.485946]"
CONTROL,5984140.237000019,"[0.140149, -0.116596, 0.400803, 0.069931, 0.089987, 0.4906]"
CONTROL,6004220.249000127,"[0.141449, -0.115443, 0.397318, 0.065908, 0.089834, 0.495291]"
CONTROL,6024300.806000155,"[0.142658, -0.114127, 0.393934, 0.061717, 0.089507, 0.5]"
CONTROL,6044448.565000039,"[0.143778, -0.112648, 0.390655, 0.057371, 0.089007, 0.504709]"
CONTROL,6064528.1930001145,"[0.144807, -0.111009, 0.387483, 0.05288, 0.088334, 0.5094]"
CONTROL,6084608.942000159,"[0.145745, -0.109213, 0.384423, 0.048256, 0.087491, 0.514054]"
CONTROL,6104691.098000103,"[0.14659, -0.107261, 0.381477, 0.043509, 0.086479, 0.518652]"
CONTROL,6124770.246000025,"[0.147343, -0.105157, 0.378647, 0.038653, 0.085299, 0.523176]"
CONTROL,6144848.306000086,"[0.148003, -0.102903, 0.375938, 0.033699, 0.083955, 0.527609]"
CONTROL,6164927.870000156,"[0.148569, -0.100503, 0.373351, 0.02866, 0.082447, 0.531933]"
CONTROL,6185009.738999952,"[0.149042, -0.097961, 0.370889, 0.023548, 0.080781, 0.536132]"
CONTROL,6205090.83900015,"[0.14942, -0.095279, 0.368554, 0.018377, 0.078958, 0.540187]"
CONTROL,6225170.243000093,"[0.149704, -0.092462, 0.366349, 0.01316, 0.076983, 0.544084]"
CONTROL,6245249.103000105,"[0.149893, -0.089513, 0.364276, 0.007909, 0.074858, 0.547807]"
CONTROL,6265329.371999997,"[0.149988, -0.086437, 0.362337, 0.002639, 0.072589, 0.551341]"
CONTROL,6285410.727999988,"[0.149988, -0.083238, 0.360534, -0.002639, 0.07018, 0.554673]"
CONTROL,6305490.420000069,"[0.149893, -0.079921, 0.358868, -0.007909, 0.067635, 0.557788]"
CONTROL,6325570.721000076,"[0.149704, -0.076491, 0.357342, -0.01316, 0.064958, 0.560676]"
CONTROL,6345649.548999973,"[0.14942, -0.072952, 0.355956, -0.018377, 0.062157, 0.563325]"
CONTROL,6365727.737000043,"[0.149042, -0.069309, 0.354713, -0.023548, 0.059235, 0.565723]"
CONTROL,6385808.102000056,"[0.148569, -0.065567, 0.353612, -0.02866, 0.056198, 0.567862]"
CONTROL,6405890.162000105,"[0.148003, -0.061733, 0.352657, -0.033699, 0.053053, 0.569733]"
CONTROL,6425969.886000075,"[0.147343, -0.05781, 0.351847, -0.038653, 0.049805, 0.571329]"
CONTROL,6446049.098999993,"[0.14659, -0.053806, 0.351183, -0.043509, 0.046461, 0.572644]"
CONTROL,6466127.830999995,"[0.145745, -0.049725, 0.350666, -0.048256, 0.043027, 0.573672]"
CONTROL,6486207.17100016,"[0.144807, -0.045573, 0.350296, -0.05288, 0.03951, 0.574409]"
CONTROL,6506286.5429999875,"[0.143778, -0.041357, 0.350074, -0.057371, 0.035916, 0.574852]"
CONTROL,6526366.395999958,"[0.142658, -0.037082, 0.35, -0.061717, 0.032253, 0.575]"
CONTROL,6546444.872000165,"[0.141449, -0.032754, 0.350074, -0.065908, 0.028528, 0.574852]"
CONTROL,6566524.051999977,"[0.140149, -0.02838, 0.350296, -0.069931, 0.024747, 0.574409]"
CONTROL,6586603.265000122,"[0.138762, -0.023965, 0.350666, -0.073778, 0.020918, 0.573672]"
CONTROL,6606685.836999986,"[0.137286, -0.019516, 0.351183, -0.077439, 0.017049, 0.572644]"
CONTROL,6626766.008999994,"[0.135724, -0.01504, 0.351847, -0.080904, 0.013147, 0.571329]"
CONTROL,6646844.710000096,"[0.134076, -0.010542, 0.352657, -0.084165, 0.00922, 0.569733]"
CONTROL,6666924.626000082,"[0.132344, -0.006029, 0.353612, -0.087213, 0.005275, 0.567862]"
CONTROL,6687004.862000095,"[0.130528, -0.001508, 0.354713, -0.09004, 0.001319, 0.565723]"
CONTROL,6707084.106000138,"[0.128629, 0.003016, 0.355956, -0.092641, -0.002639, 0.563325]"
CONTROL,6727163.383000061,"[0.126649, 0.007535, 0.357342, -0.095007, -0.006591, 0.560676]"
CONTROL,6747242.499000095,"[0.124589, 0.012043, 0.358868, -0.097133, -0.010532, 0.557788]"
CONTROL,6767321.167000091,"[0.122451, 0.016535, 0.360534, -0.099014, -0.014451, 0.554673]"
CONTROL,6787401.820000013,"[0.120235, 0.021003, 0.362337, -0.100645, -0.018343, 0.551341]"
CONTROL,6807480.648000137,"[0.117943, 0.025441, 0.364276, -0.102021, -0.022199, 0.547807]"
CONTROL,6827559.8279999485,"[0.115577, 0.029843, 0.366349, -0.10314, -0.026013, 0.544084]"
CONTROL,6847643.169000094,"[0.113138, 0.034202, 0.368554, -0.103998, -0.029776, 0.540187]"
CONTROL,6867723.693000017,"[0.110627, 0.038513, 0.370889, -0.104594, -0.033481, 0.536132]"
CONTROL,6887805.145000129,"[0.108046, 0.042769, 0.373351, -0.104925, -0.037122, 0.531933]"
CONTROL,6907884.870000089,"[0.105397, 0.046965, 0.375938, -0.104992, -0.040691, 0.527609]"
CONTROL,6927964.945999974,"[0.102682, 0.051094, 0.378647, -0.104793, -0.044181, 0.523176]"
CONTROL,6948044.190000019,"[0.099902, 0.05515, 0.381477, -0.104329, -0.047586, 0.518652]"
CONTROL,6968123.339000158,"[0.097058, 0.059127, 0.384423, -0.103602, -0.050899, 0.514054]"
CONTROL,6988202.999000123,"[0.094154, 0.063021, 0.387483, -0.102613, -0.054113, 0.5094]"
CONTROL,7008283.075000009,"[0.09119, 0.066825, 0.390655, -0.101365, -0.057223, 0.504709]"
CONTROL,7028362.8950001,"[0.088168, 0.070534, 0.393934, -0.099861, -0.060222, 0.5]"
CONTROL,7048510.367000063,"[0.08509, 0.074143, 0.397318, -0.098105, -0.063104, 0.495291]"
CONTROL,7068590.284000038,"[0.081959, 0.077647, 0.400803, -0.0961, -0.065865, 0.4906]"
CONTROL,7088672.344000088,"[0.078776, 0.08104, 0.404386, -0.093853, -0.068498, 0.485946]"
CONTROL,7108752.6119999895,"[0.075543, 0.084318, 0.408064, -0.091369, -0.070998, 0.481348]"
CONTROL,7128833.617000055,"[0.072263, 0.087476, 0.411832, -0.088654, -0.073362, 0.476824]"
CONTROL,7148913.373000141,"[0.068937, 0.09051, 0.415687, -0.085716, -0.075583, 0.472391]"
CONTROL,7168991.496999979,"[0.065567, 0.093415, 0.419626, -0.08256, -0.077658, 0.468067]"
CONTROL,7189070.806000018,"[0.062156, 0.096188, 0.423644, -0.079196, -0.079583, 0.463868]"
CONTROL,7209150.370000089,"[0.058706, 0.098824, 0.427737, -0.075632, -0.081354, 0.459813]"
CONTROL,7229229.710000027,"[0.055219, 0.101319, 0.431901, -0.071877, -0.082968, 0.455916]"
CONTROL,7249309.433999997,"[0.051696, 0.103671, 0.436133, -0.067941, -0.084421, 0.452193]"
CONTROL,7269388.935000052,"[0.048142, 0.105875, 0.440428, -0.063833, -0.085711, 0.448659]"
CONTROL,7289468.627000133,"[0.044556, 0.107929, 0.444781, -0.059563, -0.086835, 0.445327]"
CONTROL,7309550.30400014,"[0.040943, 0.109829, 0.449189, -0.055143, -0.087791, 0.442212]"
CONTROL,7329631.948000042,"[0.037303, 0.111573, 0.453647, -0.050584, -0.088578, 0.439324]"
CONTROL,7349712.249000049,"[0.033641, 0.113159, 0.458151, -0.045897, -0.089193, 0.436675]"
CONTROL,7369791.076999946,"[0.029956, 0.114584, 0.462697, -0.041094, -0.089635, 0.434277]"
CONTROL,7389869.872999952,"[0.026253, 0.115846, 0.467279, -0.036188, -0.089904, 0.432138]"
CONTROL,7409951.485999955,"[0.022534, 0.116943, 0.471893, -0.031189, -0.09, 0.430267]"
CONTROL,7430031.434000057,"[0.0188, 0.117874, 0.476535, -0.026112, -0.089921, 0.428671]"
CONTROL,7450112.375000117,"[0.015054, 0.118638, 0.4812, -0.02097, -0.089668, 0.427356]"
CONTROL,7470196.066999961,"[0.011299, 0.119233, 0.485884, -0.015774, -0.089242, 0.426328]"
CONTROL,7490276.272000073,"[0.007537, 0.119659, 0.490581, -0.010538, -0.088644, 0.425591]"
CONTROL,7510358.268000118,"[0.00377, 0.119915, 0.495288, -0.005276, -0.087873, 0.425148]"
CONTROL,7530438.50500012,"[0.0, 0.12, 0.5, -0.0, -0.086933, 0.425]"
CONTROL,7550519.925000117,"[-0.00377, 0.119915, 0.504712, 0.005276, -0.085825, 0.425148]"
CONTROL,7570599.873999981,"[-0.007537, 0.119659, 0.509419, 0.010538, -0.084551, 0.425591]"
CONTROL,7590679.789999967,"[-0.011299, 0.119233, 0.514116, 0.015774, -0.083113, 0.426328]"
CONTROL,7610758.683000086,"[-0.015054, 0.118638, 0.5188, 0.02097, -0.081515, 0.427356]"
CONTROL,7630839.014999992,"[-0.0188, 0.117874, 0.523465, 0.026112, -0.079758, 0.428671]"
CONTROL,7650920.851000138,"[-0.022534, 0.116943, 0.528107, 0.031189, -0.077848, 0.430267]"
CONTROL,7671000.832000118,"[-0.026253, 0.115846, 0.532721, 0.036188, -0.075787, 0.432138]"
CONTROL,7691080.715999988,"[-0.029956, 0.114584, 0.537303, 0.041094, -0.073579, 0.434277]"
CONTROL,7711160.4409999475,"[-0.033641, 0.113159, 0.541849, 0.045897, -0.071229, 0.436675]"
CONTROL,7731241.47700014,"[-0.037303, 0.111573, 0.546353, 0.050584, -0.068742, 0.439324]"
CONTROL,7751321.33000011,"[-0.040943, 0.109829, 0.550811, 0.055143, -0.066121, 0.442212]"
CONTROL,7771400.350000022,"[-0.044556, 0.107929, 0.555219, 0.059563, -0.063372, 0.445327]"
CONTROL,7791480.042000103,"[-0.048142, 0.105875, 0.559572, 0.063833, -0.060501, 0.448659]"
CONTROL,7811560.631000021,"[-0.051696, 0.103671, 0.563867, 0.067941, -0.057513, 0.452193]"
CONTROL,7831642.755000075,"[-0.055219, 0.101319, 0.568099, 0.071877, -0.054414, 0.455916]"
CONTROL,7851722.25600013,"[-0.058706, 0.098824, 0.572263, 0.075632, -0.051209, 0.459813]"
CONTROL,7871803.420000106,"[-0.062156, 0.096188, 0.576356, 0.079196, -0.047906, 0.463868]"
CONTROL,7891883.08100006,"[-0.065567, 0.093415, 0.580374, 0.08256, -0.044509, 0.468067]"
CONTROL,7911962.197000094,"[-0.068937, 0.09051, 0.584313, 0.085716, -0.041027, 0.472391]"
CONTROL,7932041.377000133,"[-0.072263, 0.087476, 0.588168, 0.088654, -0.037465, 0.476824]"
CONTROL,7952120.590000049,"[-0.075543, 0.084318, 0.591936, 0.091369, -0.033831, 0.481348]"
CONTROL,7972199.322000051,"[-0.078776, 0.08104, 0.595614, 0.093853, -0.030131, 0.485946]"
CONTROL,7992278.887000111,"[-0.081959, 0.077647, 0.599197, 0.0961, -0.026374, 0.4906]"
CONTROL,8012359.987000082,"[-0.08509, 0.074143, 0.602682, 0.098105, -0.022565, 0.495291]"
CONTROL,8032440.896000026,"[-0.088168, 0.070534, 0.606066, 0.099861, -0.018712, 0.5]"
CONTROL,8052594.096000121,"[-0.09119, 0.066825, 0.609345, 0.101365, -0.014823, 0.504709]"
CONTROL,8072673.8519999795,"[-0.094154, 0.063021, 0.612517, 0.102613, -0.010906, 0.5094]"
CONTROL,8092754.185000104,"[-0.097058, 0.059127, 0.615577, 0.103602, -0.006967, 0.514054]"
CONTROL,8112834.901000042,"[-0.099902, 0.05515, 0.618523, 0.104329, -0.003015, 0.518652]"
CONTROL,8132917.3139999965,"[-0.102682, 0.051094, 0.621353, 0.104793, 0.000942, 0.523176]"
CONTROL,8152997.838000147,"[-0.105397, 0.046965, 0.624062, 0.104992, 0.004898, 0.527609]"
CONTROL,8173079.643000165,"[-0.108046, 0.042769, 0.626649, 0.104925, 0.008845, 0.531933]"
CONTROL,8193158.47100006,"[-0.110627, 0.038513, 0.629111, 0.104594, 0.012774, 0.536132]"
CONTROL,8213239.283000121,"[-0.113138, 0.034202, 0.631446, 0.103998, 0.016679, 0.540187]"
CONTROL,8233320.128000059,"[-0.115577, 0.029843, 0.633651, 0.10314, 0.020552, 0.544084]"
CONTROL,8253400.620000093,"[-0.117943, 0.025441, 0.635724, 0.102021, 0.024384, 0.547807]"
CONTROL,8273481.20900001,"[-0.120235, 0.021003, 0.637663, 0.100645, 0.02817, 0.551341]"
CONTROL,8293561.926000166,"[-0.122451, 0.016535, 0.639466, 0.099014, 0.031901, 0.554673]"
CONTROL,8313642.034000168,"[-0.124589, 0.012043, 0.641132, 0.097133, 0.03557, 0.557788]"
CONTROL,8333724.191000101,"[-0.126649, 0.007535, 0.642658, 0.095007, 0.039171, 0.560676]"
CONTROL,8353805.386999966,"[-0.128629, 0.003016, 0.644044, 0.092641, 0.042696, 0.563325]"
CONTROL,8373884.888000021,"[-0.130528, -0.001508, 0.645287, 0.09004, 0.046138, 0.565723]"
CONTROL,8393965.923999986,"[-0.132344, -0.006029, 0.646388, 0.087213, 0.049491, 0.567862]"
CONTROL,8414044.656999977,"[-0.134076, -0.010542, 0.647343, 0.084165, 0.052748, 0.569733]"
CONTROL,8434125.053000117,"[-0.135724, -0.01504, 0.648153, 0.080904, 0.055903, 0.571329]"
CONTROL,8454205.098000102,"[-0.137286, -0.019516, 0.648817, 0.077439, 0.05895, 0.572644]"
CONTROL,8474288.98299995,"[-0.138762, -0.023965, 0.649334, 0.073778, 0.061884, 0.573672]"
CONTROL,8494371.683000054,"[-0.140149, -0.02838, 0.649704, 0.069931, 0.064697, 0.574409]"
CONTROL,8514452.84800002,"[-0.141449, -0.032754, 0.649926, 0.065908, 0.067385, 0.574852]"
CONTROL,8534533.596000073,"[-0.142658, -0.037082, 0.65, 0.061717, 0.069943, 0.575]"
CONTROL,8554615.84900013,"[-0.143778, -0.041357, 0.649926, 0.057371, 0.072366, 0.574852]"
CONTROL,8574695.669999983,"[-0.144807, -0.045573, 0.649704, 0.05288, 0.074648, 0.574409]"
CONTROL,8594776.546000049,"[-0.145745, -0.049725, 0.649334, 0.048256, 0.076787, 0.573672]"
CONTROL,8614859.37500015,"[-0.14659, -0.053806, 0.648817, 0.043509, 0.078777, 0.572644]"
CONTROL,8634939.771000063,"[-0.147343, -0.05781, 0.648153, 0.038653, 0.080614, 0.571329]"
CONTROL,8655021.224000165,"[-0.148003, -0.061733, 0.647343, 0.033699, 0.082296, 0.569733]"
CONTROL,8675101.397000162,"[-0.148569, -0.065567, 0.646388, 0.02866, 0.083818, 0.567862]"
CONTROL,8695182.94500017,"[-0.149042, -0.069309, 0.645287, 0.023548, 0.085178, 0.565723]"
CONTROL,8715263.629999982,"[-0.14942, -0.072952, 0.644044, 0.018377, 0.086374, 0.563325]"
CONTROL,8735345.082000094,"[-0.149704, -0.076491, 0.642658, 0.01316, 0.087402, 0.560676]"
CONTROL,8755425.607000006,"[-0.149893, -0.079921, 0.641132, 0.007909, 0.088261, 0.557788]"
CONTROL,8775505.71500001,"[-0.149988, -0.083238, 0.639466, 0.002639, 0.08895, 0.554673]"
CONTROL,8795587.872000169,"[-0.149988, -0.086437, 0.637663, -0.002639, 0.089467, 0.551341]"
CONTROL,8815668.172999948,"[-0.149893, -0.089513, 0.635724, -0.007909, 0.08981, 0.547807]"
CONTROL,8835744.472999977,"[-0.149704, -0.092462, 0.633651, -0.01316, 0.08998, 0.544084]"
CONTROL,8855824.870000105,"[-0.14942, -0.095279, 0.631446, -0.018377, 0.089976, 0.540187]"
CONTROL,8875906.578000013,"[-0.149042, -0.097961, 0.629111, -0.023548, 0.089798, 0.536132]"
CONTROL,8895988.191000015,"[-0.148569, -0.100503, 0.626649, -0.02866, 0.089446, 0.531933]"
CONTROL,8916068.587000154,"[-0.148003, -0.102903, 0.624062, -0.033699, 0.088921, 0.527609]"
CONTROL,8936149.016000172,"[-0.147343, -0.105157, 0.621353, -0.038653, 0.088224, 0.523176]"
CONTROL,8956228.548000127,"[-0.14659, -0.107261, 0.618523, -0.043509, 0.087357, 0.518652]"
CONTROL,8976309.905000107,"[-0.145745, -0.109213, 0.615577, -0.048256, 0.08632, 0.514054]"
CONTROL,8996392.254000057,"[-0.144807, -0.111009, 0.612517, -0.05288, 0.085117, 0.5094]"
CONTROL,9016473.162000012,"[-0.143778, -0.112648, 0.609345, -0.057371, 0.083749, 0.504709]"
CONTROL,9036562.454999967,"[-0.142658, -0.114127, 0.606066, -0.061717, 0.082219, 0.5]"
CONTROL,9056777.483000133,"[-0.141449, -0.115443, 0.602682, -0.065908, 0.08053, 0.495291]"
CONTROL,9076860.85499995,"[-0.140149, -0.116596, 0.599197, -0.069931, 0.078685, 0.4906]"
CONTROL,9096943.556000043,"[-0.138762, -0.117583, 0.595614, -0.073778, 0.076688, 0.485946]"
CONTROL,9117025.392999949,"[-0.137286, -0.118402, 0.591936, -0.077439, 0.074543, 0.481348]"
CONTROL,9137105.853000093,"[-0.135724, -0.119054, 0.588168, -0.080904, 0.072254, 0.476824]"
CONTROL,9157186.85800016,"[-0.134076, -0.119536, 0.584313, -0.084165, 0.069824, 0.472391]"
CONTROL,9177290.712000059,"[-0.132344, -0.119848, 0.580374, -0.087213, 0.06726, 0.468067]"
CONTROL,9197368.836000124,"[-0.130528, -0.119991, 0.576356, -0.09004, 0.064566, 0.463868]"
CONTROL,9217445.744000088,"[-0.128629, -0.119962, 0.572263, -0.092641, 0.061747, 0.459813]"
CONTROL,9237523.22900009,"[-0.126649, -0.119763, 0.568099, -0.095007, 0.058808, 0.455916]"
CONTROL,9257597.86499998,"[-0.124589, -0.119394, 0.563867, -0.097133, 0.055755, 0.452193]"
CONTROL,9277674.101999993,"[-0.122451, -0.118855, 0.559572, -0.099014, 0.052595, 0.448659]"
CONTROL,9297748.73800011,"[-0.120235, -0.118148, 0.555219, -0.100645, 0.049333, 0.445327]"
CONTROL,9317824.237999957,"[-0.117943, -0.117272, 0.550811, -0.102021, 0.045976, 0.442212]"
CONTROL,9337900.47499997,"[-0.115577, -0.11623, 0.546353, -0.10314, 0.04253, 0.439324]"
CONTROL,9357975.78300003,"[-0.113138, -0.115023, 0.541849, -0.103998, 0.039001, 0.436675]"
CONTROL,9378050.483000152,"[-0.110627, -0.113652, 0.537303, -0.104594, 0.035397, 0.434277]"
CONTROL,9398138.304999975,"[-0.108046, -0.112119, 0.532721, -0.104925, 0.031725, 0.432138]"
CONTROL,9418218.76500012,"[-0.105397, -0.110428, 0.528107, -0.104992, 0.027991, 0.430267]"
CONTROL,9438296.922000064,"[-0.102682, -0.108579, 0.523465, -0.104793, 0.024203, 0.428671]"
CONTROL,9458382.119000135,"[-0.099902, -0.106576, 0.5188, -0.104329, 0.020368, 0.427356]"
CONTROL,9478463.955000052,"[-0.097058, -0.104422, 0.514116, -0.103602, 0.016494, 0.426328]"
CONTROL,9498545.34400015,"[-0.094154, -0.102119, 0.509419, -0.102613, 0.012588, 0.425591]"
CONTROL,9518625.773000168,"[-0.09119, -0.099672, 0.504712, -0.101365, 0.008657, 0.425148]"
CONTROL,9538706.553000111,"[-0.088168, -0.097082, 0.5, -0.099861, 0.00471, 0.425]"
CONTROL,9558788.518000029,"[-0.08509, -0.094355, 0.495288, -0.098105, 0.000754, 0.425148]"
CONTROL,9578868.819000036,"[-0.081959, -0.091493, 0.490581, -0.0961, -0.003204, 0.425591]"
CONTROL,9598950.81500008,"[-0.078776, -0.088502, 0.485884, -0.093853, -0.007155, 0.426328]"
CONTROL,9619030.891999954,"[-0.075543, -0.085384, 0.4812, -0.091369, -0.011093, 0.427356]"
CONTROL,9639112.568999963,"[-0.072263, -0.082146, 0.476535, -0.088654, -0.015009, 0.428671]"
CONTROL,9659194.150000075,"[-0.068937, -0.07879, 0.471893, -0.085716, -0.018896, 0.430267]"
CONTROL,9679278.289999956,"[-0.065567, -0.075323, 0.467279, -0.08256, -0.022747, 0.432138]"
CONTROL,9699360.607000018,"[-0.062156, -0.071749, 0.462697, -0.079196, -0.026554, 0.434277]"
CONTROL,9719443.019999972,"[-0.058706, -0.068072, 0.458151, -0.075632, -0.030309, 0.436675]"
CONTROL,9739524.12100016,"[-0.055219, -0.064299, 0.453647, -0.071877, -0.034006, 0.439324]"
CONTROL,9759604.38900006,"[-0.051696, -0.060435, 0.449189, -0.067941, -0.037637, 0.442212]"
CONTROL,9779684.178000025,"[-0.048142, -0.056484, 0.444781, -0.063833, -0.041195, 0.445327]"
CONTROL,9799764.286000026,"[-0.044556, -0.052454, 0.440428, -0.059563, -0.044673, 0.448659]"
CONTROL,9819844.363000128,"[-0.040943, -0.048349, 0.436133, -0.055143, -0.048065, 0.452193]"
CONTROL,9839924.408000115,"[-0.037303, -0.044175, 0.431901, -0.050584, -0.051364, 0.455916]"
CONTROL,9860005.667999985,"[-0.033641, -0.039938, 0.427737, -0.045897, -0.054564, 0.459813]"
CONTROL,9880086.032999998,"[-0.029956, -0.035645, 0.423644, -0.041094, -0.057658, 0.463868]"
CONTROL,9900166.590000026,"[-0.026253, -0.031301, 0.419626, -0.036188, -0.060641, 0.468067]"
CONTROL,9920245.57800005,"[-0.022534, -0.026912, 0.415687, -0.031189, -0.063506, 0.472391]"
CONTROL,9940325.463000135,"[-0.0188, -0.022486, 0.411832, -0.026112, -0.066249, 0.476824]"
CONTROL,9960405.155999979,"[-0.015054, -0.018027, 0.408064, -0.02097, -0.068863, 0.481348]"
CONTROL,9980484.72000005,"[-0.011299, -0.013543, 0.404386, -0.015774, -0.071344, 0.485946]"
CONTROL,10000564.252999993,"[-0.007537, -0.009039, 0.400803, -0.010538, -0.073688, 0.4906]"
CONTROL,10020643.848999953,"[-0.00377, -0.004523, 0.397318, -0.005276, -0.075888, 0.495291]"
CONTROL,10040724.085999954,"[-0.0, -0.0, 0.393934, -0.0, -0.077942, 0.5]"
CONTROL,10060891.975000003,"[0.00377, 0.004523, 0.390655, 0.005276, -0.079845, 0.504709]"
CONTROL,10080971.827999974,"[0.007537, 0.009039, 0.387483, 0.010538, -0.081594, 0.5094]"
CONTROL,10101052.641000023,"[0.011299, 0.013543, 0.384423, 0.015774, -0.083185, 0.514054]"
CONTROL,10121132.749000026,"[0.015054, 0.018027, 0.381477, 0.02097, -0.084615, 0.518652]"
CONTROL,10141212.314000085,"[0.0188, 0.022486, 0.378647, 0.026112, -0.085882, 0.523176]"
CONTROL,10161292.006000167,"[0.022534, 0.026912, 0.375938, 0.031189, -0.086982, 0.527609]"
CONTROL,10181371.763000015,"[0.026253, 0.031301, 0.373351, 0.036188, -0.087914, 0.531933]"
CONTROL,10201452.640000071,"[0.029956, 0.035645, 0.370889, 0.041094, -0.088676, 0.536132]"
CONTROL,10221534.091999955,"[0.033641, 0.039938, 0.368554, 0.045897, -0.089267, 0.540187]"
CONTROL,10241613.913000038,"[0.037303, 0.044175, 0.366349, 0.050584, -0.089684, 0.544084]"
CONTROL,10261694.437999949,"[0.040943, 0.048349, 0.364276, 0.055143, -0.089929, 0.547807]"
CONTROL,10281775.091000099,"[0.044556, 0.052454, 0.362337, 0.059563, -0.089999, 0.551341]"
CONTROL,10301856.895000128,"[0.048142, 0.056484, 0.360534, 0.063833, -0.089896, 0.554673]"
CONTROL,10321939.244000077,"[0.051696, 0.060435, 0.358868, 0.067941, -0.089618, 0.557788]"
CONTROL,10342020.441000158,"[0.055219, 0.064299, 0.357342, 0.071877, -0.089167, 0.560676]"
CONTROL,10362100.58200004,"[0.058706, 0.068072, 0.355956, 0.075632, -0.088544, 0.563325]"
CONTROL,10382180.242999993,"[0.062156, 0.071749, 0.354713, 0.079196, -0.08775, 0.565723]"
CONTROL,10402261.150999948,"[0.065567, 0.075323, 0.353612, 0.08256, -0.086785, 0.567862]"
CONTROL,10422341.132000156,"[0.068937, 0.07879, 0.352657, 0.085716, -0.085653, 0.569733]"
CONTROL,10442420.889000004,"[0.072263, 0.082146, 0.351847, 0.088654, -0.084355, 0.571329]"
CONTROL,10462500.037000155,"[0.075543, 0.085384, 0.351183, 0.091369, -0.082894, 0.572644]"
CONTROL,10482580.050000025,"[0.078776, 0.088502, 0.350666, 0.093853, -0.081273, 0.573672]"
CONTROL,10502659.295000058,"[0.081959, 0.091493, 0.350296, 0.0961, -0.079495, 0.574409]"
CONTROL,10522739.020000018,"[0.08509, 0.094355, 0.350074, 0.098105, -0.077563, 0.574852]"
CONTROL,10542819.12800002,"[0.088168, 0.097082, 0.35, 0.099861, -0.07548, 0.575]"
CONTROL,10562899.044999994,"[0.09119, 0.099672, 0.350074, 0.101365, -0.073252, 0.574852]"
CONTROL,10582979.314000113,"[0.094154, 0.102119, 0.350296, 0.102613, -0.070882, 0.574409]"
CONTROL,10603058.335000014,"[0.097058, 0.104422, 0.350666, 0.103602, -0.068375, 0.573672]"
CONTROL,10623140.139000043,"[0.099902, 0.106576, 0.351183, 0.104329, -0.065736, 0.572644]"
CONTROL,10643220.088000135,"[0.102682, 0.108579, 0.351847, 0.104793, -0.06297, 0.571329]"
CONTROL,10663299.141000152,"[0.105397, 0.110428, 0.352657, 0.104992, -0.060082, 0.569733]"
CONTROL,10683379.474000048,"[0.108046, 0.112119, 0.353612, 0.104925, -0.057077, 0.567862]"
CONTROL,10703458.749999981,"[0.110627, 0.113652, 0.354713, 0.104594, -0.053962, 0.565723]"
CONTROL,10723538.47500017,"[0.113138, 0.115023, 0.355956, 0.103998, -0.050743, 0.563325]"
CONTROL,10743620.824000118,"[0.115577, 0.11623, 0.357342, 0.10314, -0.047426, 0.560676]"
CONTROL,10763700.261000168,"[0.117943, 0.117272, 0.358868, 0.102021, -0.044017, 0.557788]"
CONTROL,10783779.568999989,"[0.120235, 0.118148, 0.360534, 0.100645, -0.040523, 0.554673]"
CONTROL,10803859.518000081,"[0.122451, 0.118855, 0.362337, 0.099014, -0.03695, 0.551341]"
CONTROL,10823940.011000104,"[0.124589, 0.119394, 0.364276, 0.097133, -0.033306, 0.547807]"
CONTROL,10844019.51100017,"[0.126649, 0.119763, 0.366349, 0.095007, -0.029598, 0.544084]"
CONTROL,10864098.883999987,"[0.128629, 0.119962, 0.368554, 0.092641, -0.025832, 0.540187]"
CONTROL,10884177.265000062,"[0.130528, 0.119991, 0.370889, 0.09004, -0.022017, 0.536132]"
CONTROL,10904257.054000027,"[0.132344, 0.119848, 0.373351, 0.087213, -0.018159, 0.531933]"
CONTROL,10924337.226000033,"[0.134076, 0.119536, 0.375938, 0.084165, -0.014265, 0.527609]"
CONTROL,10944416.566999963,"[0.135724, 0.119054, 0.378647, 0.080904, -0.010344, 0.523176]"
CONTROL,10964495.972000122,"[0.137286, 0.118402, 0.381477, 0.077439, -0.006403, 0.518652]"
CONTROL,10984575.31200006,"[0.138762, 0.117583, 0.384423, 0.073778, -0.00245, 0.514054]"
CONTROL,11004655.389000162,"[0.140149, 0.116596, 0.387483, 0.069931, 0.001508, 0.5094]"
CONTROL,11024736.265999991,"[0.141449, 0.115443, 0.390655, 0.065908, 0.005463, 0.504709]"
CONTROL,11044816.374999981,"[0.142658, 0.114127, 0.393934, 0.061717, 0.009408, 0.5]"
CONTROL,11064969.38300006,"[0.143778, 0.112648, 0.397318, 0.057371, 0.013334, 0.495291]"
CONTROL,11085048.756000105,"[0.144807, 0.111009, 0.400803, 0.05288, 0.017234, 0.4906]"
CONTROL,11105126.720000044,"[0.145745, 0.109213, 0.404386, 0.048256, 0.021102, 0.485946]"
CONTROL,11125206.60500013,"[0.14659, 0.107261, 0.408064, 0.043509, 0.024928, 0.481348]"
CONTROL,11145286.906000137,"[0.147343, 0.105157, 0.411832, 0.038653, 0.028706, 0.476824]"
CONTROL,11165367.143000139,"[0.148003, 0.102903, 0.415687, 0.033699, 0.032429, 0.472391]"
CONTROL,11185447.347000036,"[0.148569, 0.100503, 0.419626, 0.02866, 0.036089, 0.468067]"
CONTROL,11205527.776000053,"[0.149042, 0.097961, 0.423644, 0.023548, 0.039679, 0.463868]"
CONTROL,11225626.253999963,"[0.14942, 0.095279, 0.427737, 0.018377, 0.043193, 0.459813]"
CONTROL,11245703.738999965,"[0.149704, 0.092462, 0.431901, 0.01316, 0.046622, 0.455916]"
CONTROL,11265785.768000115,"[0.149893, 0.089513, 0.436133, 0.007909, 0.049962, 0.452193]"
CONTROL,11285865.844,"[0.149988, 0.086437, 0.440428, 0.002639, 0.053205, 0.448659]"
CONTROL,11305947.392999997,"[0.149988, 0.083238, 0.444781, -0.002639, 0.056345, 0.445327]"
CONTROL,11326027.117999956,"[0.149893, 0.079921, 0.449189, -0.007909, 0.059377, 0.442212]"
CONTROL,11346106.971000154,"[0.149704, 0.076491, 0.453647, -0.01316, 0.062293, 0.439324]"
CONTROL,11366188.039999997,"[0.14942, 0.072952, 0.458151, -0.018377, 0.065089, 0.436675]"
CONTROL,11386268.66100003,"[0.149042, 0.069309, 0.462697, -0.023548, 0.067759, 0.434277]"
CONTROL,11406349.602000091,"[0.148569, 0.065567, 0.467279, -0.02866, 0.070298, 0.432138]"
CONTROL,11426426.510000056,"[0.148003, 0.061733, 0.471893, -0.033699, 0.072701, 0.430267]"
CONTROL,11446507.131000089,"[0.147343, 0.05781, 0.476535, -0.038653, 0.074963, 0.428671]"
CONTROL,11466587.176000075,"[0.14659, 0.053806, 0.4812, -0.043509, 0.07708, 0.427356]"
CONTROL,11486664.884999981,"[0.145745, 0.049725, 0.485884, -0.048256, 0.079049, 0.426328]"
CONTROL,11506745.346000116,"[0.144807, 0.045573, 0.490581, -0.05288, 0.080864, 0.425591]"
CONTROL,11526824.142000124,"[0.143778, 0.041357, 0.495288, -0.057371, 0.082523, 0.425148]"
CONTROL,11546905.051000066,"[0.142658, 0.037082, 0.5, -0.061717, 0.084022, 0.425]"
CONTROL,11566983.848000063,"[0.141449, 0.032754, 0.504712, -0.065908, 0.085359, 0.425148]"
CONTROL,11587063.477000128,"[0.140149, 0.02838, 0.509419, -0.069931, 0.086531, 0.425591]"
CONTROL,11607146.62600003,"[0.138762, 0.023965, 0.514116, -0.073778, 0.087535, 0.426328]"
CONTROL,11627226.927000038,"[0.137286, 0.019516, 0.5188, -0.077439, 0.08837, 0.427356]"
CONTROL,11647306.299000092,"[0.135724, 0.01504, 0.523465, -0.080904, 0.089035, 0.428671]"
CONTROL,11667385.832000036,"[0.134076, 0.010542, 0.528107, -0.084165, 0.089526, 0.430267]"
CONTROL,11687465.492999991,"[0.132344, 0.006029, 0.532721, -0.087213, 0.089845, 0.432138]"
CONTROL,11707545.34599996,"[0.130528, 0.001508, 0.537303, -0.09004, 0.08999, 0.434277]"
CONTROL,11727625.679000085,"[0.128629, -0.003016, 0.541849, -0.092641, 0.089961, 0.436675]"
CONTROL,11747704.860000113,"[0.126649, -0.007535, 0.546353, -0.095007, 0.089758, 0.439324]"
CONTROL,11767785.000000004,"[0.124589, -0.012043, 0.550811, -0.097133, 0.089382, 0.442212]"
CONTROL,11787865.173,"[0.122451, -0.016535, 0.555219, -0.099014, 0.088832, 0.445327]"
CONTROL,11807945.666000023,"[0.120235, -0.021003, 0.559572, -0.100645, 0.088111, 0.448659]"
CONTROL,11828025.999000147,"[0.117943, -0.025441, 0.563867, -0.102021, 0.087219, 0.452193]"
CONTROL,11848106.396000048,"[0.115577, -0.029843, 0.568099, -0.10314, 0.086159, 0.455916]"
CONTROL,11868186.889000071,"[0.113138, -0.034202, 0.572263, -0.103998, 0.084932, 0.459813]"
CONTROL,11888268.886000106,"[0.110627, -0.038513, 0.576356, -0.104594, 0.08354, 0.463868]"
CONTROL,11908350.46699999,"[0.108046, -0.042769, 0.580374, -0.104925, 0.081987, 0.468067]"
CONTROL,11928431.02300003,"[0.105397, -0.046965, 0.584313, -0.104992, 0.080276, 0.472391]"
CONTROL,11948510.268000064,"[0.102682, -0.051094, 0.588168, -0.104793, 0.078409, 0.476824]"
CONTROL,11968588.873000044,"[0.099902, -0.05515, 0.591936, -0.104329, 0.076391, 0.481348]"
CONTROL,11988670.29400003,"[0.097058, -0.059127, 0.595614, -0.103602, 0.074225, 0.485946]"
CONTROL,12008750.275000012,"[0.094154, -0.063021, 0.599197, -0.102613, 0.071915, 0.4906]"
CONTROL,12028832.400000056,"[0.09119, -0.066825, 0.602682, -0.101365, 0.069466, 0.495291]"
CONTROL,12048912.796999957,"[0.088168, -0.070534, 0.606066, -0.099861, 0.066883, 0.5]"
CONTROL,12069061.901000168,"[0.08509, -0.074143, 0.609345, -0.098105, 0.064171, 0.504709]"
CONTROL,12089142.970000012,"[0.081959, -0.077647, 0.612517, -0.0961, 0.061334, 0.5094]"
CONTROL,12109224.423000114,"[0.078776, -0.08104, 0.615577, -0.093853, 0.058379, 0.514054]"
CONTROL,12129304.084000068,"[0.075543, -0.084318, 0.618523, -0.091369, 0.05531, 0.518652]"
CONTROL,12149384.928000018,"[0.072263, -0.087476, 0.621353, -0.088654, 0.052135, 0.523176]"
CONTROL,12169463.885000141,"[0.068937, -0.09051, 0.624062, -0.085716, 0.048859, 0.527609]"
CONTROL,12189543.546000095,"[0.065567, -0.093415, 0.626649, -0.08256, 0.045489, 0.531933]"
CONTROL,12209622.631000003,"[0.062156, -0.096188, 0.629111, -0.079196, 0.04203, 0.536132]"
CONTROL,12229703.795999967,"[0.058706, -0.098824, 0.631446, -0.075632, 0.038491, 0.540187]"
CONTROL,12249782.049000032,"[0.055219, -0.101319, 0.633651, -0.071877, 0.034876, 0.544084]"
CONTROL,12269859.373000145,"[0.051696, -0.103671, 0.635724, -0.067941, 0.031195, 0.547807]"
CONTROL,12289936.377999993,"[0.048142, -0.105875, 0.637663, -0.063833, 0.027453, 0.551341]"
CONTROL,12310012.29499998,"[0.044556, -0.107929, 0.639466, -0.059563, 0.023658, 0.554673]"
CONTROL,12330086.899999969,"[0.040943, -0.109829, 0.641132, -0.055143, 0.019817, 0.557788]"
CONTROL,12350161.567999976,"[0.037303, -0.111573, 0.642658, -0.050584, 0.015938, 0.560676]"
CONTROL,12370236.300999977,"[0.033641, -0.113159, 0.644044, -0.045897, 0.012028, 0.563325]"
CONTROL,12390310.426000042,"[0.029956, -0.114584, 0.645287, -0.041094, 0.008094, 0.565723]"
CONTROL,12410385.030000044,"[0.026253, -0.115846, 0.646388, -0.036188, 0.004145, 0.567862]"
CONTROL,12430459.283000119,"[0.022534, -0.116943, 0.647343, -0.031189, 0.000188, 0.569733]"
CONTROL,12450534.464000156,"[0.0188, -0.117874, 0.648153, -0.026112, -0.003769, 0.571329]"
CONTROL,12470609.964000005,"[0.015054, -0.118638, 0.648817, -0.02097, -0.007719, 0.572644]"
CONTROL,12490685.113000154,"[0.011299, -0.119233, 0.649334, -0.015774, -0.011654, 0.573672]"
CONTROL,12510761.797999976,"[0.007537, -0.119659, 0.649704, -0.010538, -0.015566, 0.574409]"
CONTROL,12530835.92200005,"[0.00377, -0.119915, 0.649926, -0.005276, -0.019449, 0.574852]"
CONTROL,12550909.75899998,"[0.0, -0.12, 0.65, -0.0, -0.023294, 0.575]"
CONTROL,12570984.107999947,"[-0.00377, -0.119915, 0.649926, 0.005276, -0.027093, 0.574852]"
CONTROL,12591058.775999954,"[-0.007537, -0.119659, 0.649704, 0.010538, -0.030841, 0.574409]"
CONTROL,12611134.597000046,"[-0.011299, -0.119233, 0.649334, 0.015774, -0.034529, 0.573672]"
CONTROL,12631208.978000132,"[-0.015054, -0.118638, 0.648817, 0.02097, -0.038149, 0.572644]"
CONTROL,12651283.742000032,"[-0.0188, -0.117874, 0.648153, 0.026112, -0.041697, 0.571329]"
CONTROL,12671358.539000038,"[-0.022534, -0.116943, 0.647343, 0.031189, -0.045163, 0.569733]"
CONTROL,12691432.824000003,"[-0.026253, -0.115846, 0.646388, 0.036188, -0.048542, 0.567862]"
CONTROL,12711507.556000015,"[-0.029956, -0.114584, 0.645287, 0.041094, -0.051828, 0.565723]"
CONTROL,12731582.289000016,"[-0.033641, -0.113159, 0.644044, 0.045897, -0.055013, 0.563325]"
CONTROL,12751654.110000119,"[-0.037303, -0.111573, 0.642658, 0.050584, -0.058091, 0.560676]"
CONTROL,12771728.553999992,"[-0.040943, -0.109829, 0.641132, 0.055143, -0.061057, 0.557788]"
CONTROL,12791802.23100002,"[-0.044556, -0.107929, 0.639466, 0.059563, -0.063906, 0.554673]"
CONTROL,12811876.355000095,"[-0.048142, -0.105875, 0.637663, 0.063833, -0.06663, 0.551341]"
CONTROL,12831950.960000085,"[-0.051696, -0.103671, 0.635724, 0.067941, -0.069226, 0.547807]"
CONTROL,12852024.989000028,"[-0.055219, -0.101319, 0.633651, 0.071877, -0.071688, 0.544084]"
CONTROL,12872098.985000093,"[-0.058706, -0.098824, 0.631446, 0.075632, -0.074011, 0.540187]"
CONTROL,12892171.446000021,"[-0.062156, -0.096188, 0.629111, 0.079196, -0.076191, 0.536132]"
CONTROL,12912246.658999948,"[-0.065567, -0.093415, 0.626649, 0.08256, -0.078223, 0.531933]"
CONTROL,12932320.334999986,"[-0.068937, -0.09051, 0.624062, 0.085716, -0.080105, 0.527609]"
CONTROL,12952395.260000004,"[-0.072263, -0.087476, 0.621353, 0.088654, -0.081831, 0.523176]"
CONTROL,12972469.161000162,"[-0.075543, -0.084318, 0.618523, 0.091369, -0.083399, 0.518652]"
CONTROL,12992546.261000143,"[-0.078776, -0.08104, 0.615577, 0.093853, -0.084806, 0.514054]"
CONTROL,13012620.290000087,"[-0.081959, -0.077647, 0.612517, 0.0961, -0.086049, 0.5094]"
CONTROL,13032695.95100005,"[-0.08509, -0.074143, 0.609345, 0.098105, -0.087125, 0.504709]"
CONTROL,13052770.395000152,"[-0.088168, -0.070534, 0.606066, 0.099861, -0.088033, 0.5]"
CONTROL,13072927.083999958,"[-0.09119, -0.066825, 0.602682, 0.101365, -0.088771, 0.495291]"
CONTROL,13093000.12100016,"[-0.094154, -0.063021, 0.599197, 0.102613, -0.089337, 0.4906]"
CONTROL,13113074.980999954,"[-0.097058, -0.059127, 0.595614, 0.103602, -0.08973, 0.485946]"
CONTROL,13133149.330000151,"[-0.099902, -0.05515, 0.591936, 0.104329, -0.089949, 0.481348]"
CONTROL,13153222.815000163,"[-0.102682, -0.051094, 0.588168, 0.104793, -0.089995, 0.476824]"
CONTROL,13173297.419000164,"[-0.105397, -0.046965, 0.584313, 0.104992, -0.089867, 0.472391]"
CONTROL,13193371.608000007,"[-0.108046, -0.042769, 0.580374, 0.104925, -0.089564, 0.468067]"
CONTROL,13213446.85300005,"[-0.110627, -0.038513, 0.576356, 0.104594, -0.089089, 0.463868]"
CONTROL,13233523.056999957,"[-0.113138, -0.034202, 0.572263, 0.103998, -0.088441, 0.459813]"
CONTROL,13253614.719000097,"[-0.115577, -0.029843, 0.568099, 0.10314, -0.087622, 0.455916]"
CONTROL,13273709.549000159,"[-0.117943, -0.025441, 0.563867, 0.102021, -0.086634, 0.452193]"
CONTROL,13293791.48199996,"[-0.120235, -0.021003, 0.559572, 0.100645, -0.085478, 0.448659]"
CONTROL,13313873.895000143,"[-0.122451, -0.016535, 0.555219, 0.099014, -0.084157, 0.445327]"
CONTROL,13333954.420000054,"[-0.124589, -0.012043, 0.550811, 0.097133, -0.082673, 0.442212]"
CONTROL,13354042.209999988,"[-0.126649, -0.007535, 0.546353, 0.095007, -0.081029, 0.439324]"
CONTROL,13374123.983000118,"[-0.128629, -0.003016, 0.541849, 0.092641, -0.079228, 0.436675]"
CONTROL,13394203.580000067,"[-0.130528, 0.001508, 0.537303, 0.09004, -0.077274, 0.434277]"
CONTROL,13414283.273000138,"[-0.132344, 0.006029, 0.532721, 0.087213, -0.075171, 0.432138]"
CONTROL,13434362.230000034,"[-0.134076, 0.010542, 0.528107, 0.084165, -0.072922, 0.430267]"
CONTROL,13454441.954999993,"[-0.135724, 0.01504, 0.523465, 0.080904, -0.070532, 0.428671]"
CONTROL,13474522.191999994,"[-0.137286, 0.019516, 0.5188, 0.077439, -0.068006, 0.427356]"
CONTROL,13494602.461000113,"[-0.138762, 0.023965, 0.514116, 0.073778, -0.065349, 0.426328]"
CONTROL,13514682.826000126,"[-0.140149, 0.02838, 0.509419, 0.069931, -0.062564, 0.425591]"
CONTROL,13534763.607000059,"[-0.141449, 0.032754, 0.504712, 0.065908, -0.059659, 0.425148]"
CONTROL,13554844.836000029,"[-0.142658, 0.037082, 0.5, 0.061717, -0.056639, 0.425]"
CONTROL,13574924.817000011,"[-0.143778, 0.041357, 0.495288, 0.057371, -0.053509, 0.425148]"
CONTROL,13595005.310000034,"[-0.144807, 0.045573, 0.490581, 0.05288, -0.050275, 0.425591]"
CONTROL,13615085.22700001,"[-0.145745, 0.049725, 0.485884, 0.048256, -0.046944, 0.426328]"
CONTROL,13635164.248000138,"[-0.14659, 0.053806, 0.4812, 0.043509, -0.043523, 0.427356]"
CONTROL,13655246.086000035,"[-0.147343, 0.05781, 0.476535, 0.038653, -0.040017, 0.428671]"
CONTROL,13675326.547000168,"[-0.148003, 0.061733, 0.471893, 0.033699, -0.036434, 0.430267]"
CONTROL,13695407.264000095,"[-0.148569, 0.065567, 0.467279, 0.02866, -0.03278, 0.432138]"
CONTROL,13715486.893000161,"[-0.149042, 0.069309, 0.462697, 0.023548, -0.029063, 0.434277]"
CONTROL,13735566.329999983,"[-0.14942, 0.072952, 0.458151, 0.018377, -0.02529, 0.436675]"
CONTROL,13755646.983000133,"[-0.149704, 0.076491, 0.453647, 0.01316, -0.021468, 0.439324]"
CONTROL,13775726.100000156,"[-0.149893, 0.079921, 0.449189, 0.007909, -0.017604, 0.442212]"
CONTROL,13795807.169,"[-0.149988, 0.083238, 0.444781, 0.002639, -0.013707, 0.445327]"
CONTROL,13815885.934000107,"[-0.149988, 0.086437, 0.440428, -0.002639, -0.009782, 0.448659]"
CONTROL,13835965.62699995,"[-0.149893, 0.089513, 0.436133, -0.007909, -0.005839, 0.452193]"
CONTROL,13856044.456000064,"[-0.149704, 0.092462, 0.431901, -0.01316, -0.001885, 0.455916]"
CONTROL,13876126.453000097,"[-0.14942, 0.095279, 0.427737, -0.018377, 0.002073, 0.459813]"
CONTROL,13896206.242000062,"[-0.149042, 0.097961, 0.423644, -0.023548, 0.006027, 0.463868]"
CONTROL,13916287.375000138,"[-0.148569, 0.100503, 0.419626, -0.02866, 0.00997, 0.468067]"
CONTROL,13936368.315999972,"[-0.148003, 0.102903, 0.415687, -0.033699, 0.013893, 0.472391]"
CONTROL,13956441.8330001,"[-0.147343, 0.105157, 0.411832, -0.038653, 0.017789, 0.476824]"
CONTROL,13976524.43800007,"[-0.14659, 0.107261, 0.408064, -0.043509, 0.021651, 0.481348]"
CONTROL,13996606.051000072,"[-0.145745, 0.109213, 0.404386, -0.048256, 0.025471, 0.485946]"
CONTROL,14016686.191999951,"[-0.144807, 0.111009, 0.400803, -0.05288, 0.029242, 0.4906]"
CONTROL,14036766.077000039,"[-0.143778, 0.112648, 0.397318, -0.057371, 0.032956, 0.495291]"
CONTROL,14056845.002000045,"[-0.142658, 0.114127, 0.393934, -0.061717, 0.036606, 0.5]"
CONTROL,14077007.260000072,"[-0.141449, 0.115443, 0.390655, -0.065908, 0.040186, 0.504709]"
CONTROL,14097089.001000086,"[-0.140149, 0.116596, 0.387483, -0.069931, 0.043688, 0.5094]"
CONTROL,14117168.630000152,"[-0.138762, 0.117583, 0.384423, -0.073778, 0.047105, 0.514054]"
CONTROL,14137248.643000022,"[-0.137286, 0.118402, 0.381477, -0.077439, 0.050431, 0.518652]"
CONTROL,14157329.104000155,"[-0.135724, 0.119054, 0.378647, -0.080904, 0.05366, 0.523176]"
CONTROL,14177408.093000168,"[-0.134076, 0.119536, 0.375938, -0.084165, 0.056785, 0.527609]"
CONTROL,14197488.234000048,"[-0.132344, 0.119848, 0.373351, -0.087213, 0.0598, 0.531933]"
CONTROL,14217569.495000135,"[-0.130528, 0.119991, 0.370889, -0.09004, 0.0627, 0.536132]"
CONTROL,14237649.54000012,"[-0.128629, 0.119962, 0.368554, -0.092641, 0.065478, 0.540187]"
CONTROL,14257730.35300017,"[-0.126649, 0.119763, 0.366349, -0.095007, 0.06813, 0.544084]"
CONTROL,14277809.918000003,"[-0.124589, 0.119394, 0.364276, -0.097133, 0.070649, 0.547807]"
CONTROL,14297889.93200009,"[-0.122451, 0.118855, 0.362337, -0.099014, 0.073032, 0.551341]"
CONTROL,14317971.70499999,"[-0.120235, 0.118148, 0.360534, -0.100645, 0.075274, 0.554673]"
CONTROL,14338050.053999951,"[-0.117943, 0.117272, 0.358868, -0.102021, 0.077371, 0.557788]"
CONTROL,14358129.907000149,"[-0.115577, 0.11623, 0.357342, -0.10314, 0.079317, 0.560676]"
CONTROL,14378208.76800015,"[-0.113138, 0.115023, 0.355956, -0.103998, 0.081111, 0.563325]"
CONTROL,14398288.429000104,"[-0.110627, 0.113652, 0.354713, -0.104594, 0.082747, 0.565723]"
CONTROL,14418367.034000084,"[-0.108046, 0.112119, 0.353612, -0.104925, 0.084223, 0.567862]"
CONTROL,14438448.999000002,"[-0.105397, 0.110428, 0.352657, -0.104992, 0.085537, 0.569733]"
CONTROL,14458532.085000115,"[-0.102682, 0.108579, 0.351847, -0.104793, 0.086685, 0.571329]"
CONTROL,14478612.322000118,"[-0.099902, 0.106576, 0.351183, -0.104329, 0.087665, 0.572644]"
CONTROL,14498691.59900004,"[-0.097058, 0.104422, 0.350666, -0.103602, 0.088476, 0.573672]"
CONTROL,14518771.259999994,"[-0.094154, 0.102119, 0.350296, -0.102613, 0.089115, 0.574409]"
CONTROL,14538850.217000118,"[-0.09119, 0.099672, 0.350074, -0.101365, 0.089583, 0.574852]"
CONTROL,14558929.046000004,"[-0.088168, 0.097082, 0.35, -0.099861, 0.089877, 0.575]"
CONTROL,14579008.483000053,"[-0.08509, 0.094355, 0.350074, -0.098105, 0.089997, 0.574852]"
CONTROL,14599089.649000008,"[-0.081959, 0.091493, 0.350296, -0.0961, 0.089943, 0.574409]"
CONTROL,14619169.501999976,"[-0.078776, 0.088502, 0.350666, -0.093853, 0.089715, 0.573672]"
CONTROL,14639248.011000063,"[-0.075543, 0.085384, 0.351183, -0.091369, 0.089314, 0.572644]"
CONTROL,14659329.43200005,"[-0.072263, 0.082146, 0.351847, -0.088654, 0.08874, 0.571329]"
CONTROL,14679409.029,"[-0.068937, 0.07879, 0.352657, -0.085716, 0.087994, 0.569733]"
CONTROL,14699490.898000022,"[-0.065567, 0.075323, 0.353612, -0.08256, 0.087078, 0.567862]"
CONTROL,14719571.87199996,"[-0.062156, 0.071749, 0.354713, -0.079196, 0.085994, 0.565723]"
CONTROL,14739651.980999952,"[-0.058706, 0.068072, 0.355956, -0.075632, 0.084743, 0.563325]"
CONTROL,14759732.058000054,"[-0.055219, 0.064299, 0.357342, -0.071877, 0.083328, 0.560676]"
CONTROL,14779812.263000168,"[-0.051696, 0.060435, 0.358868, -0.067941, 0.081753, 0.557788]"
CONTROL,14799894.900000026,"[-0.048142, 0.056484, 0.360534, -0.063833, 0.080019, 0.554673]"
CONTROL,14819975.554000165,"[-0.044556, 0.052454, 0.362337, -0.059563, 0.07813, 0.551341]"
CONTROL,14840055.535000147,"[-0.040943, 0.048349, 0.364276, -0.055143, 0.07609, 0.547807]"
CONTROL,14860135.452000123,"[-0.037303, 0.044175, 0.366349, -0.050584, 0.073903, 0.544084]"
CONTROL,14880215.849000024,"[-0.033641, 0.039938, 0.368554, -0.045897, 0.071574, 0.540187]"
CONTROL,14900298.102000078,"[-0.029956, 0.035645, 0.370889, -0.041094, 0.069105, 0.536132]"
CONTROL,14920377.859000156,"[-0.026253, 0.031301, 0.373351, -0.036188, 0.066503, 0.531933]"
CONTROL,14940457.359999983,"[-0.022534, 0.026912, 0.375938, -0.031189, 0.063773, 0.527609]"
CONTROL,14960537.21400017,"[-0.0188, 0.022486, 0.378647, -0.026112, 0.060919, 0.523176]"
CONTROL,14980619.338999987,"[-0.015054, 0.018027, 0.381477, -0.02097, 0.057947, 0.518652]"
CONTROL,15000698.520000014,"[-0.011299, 0.013543, 0.384423, -0.015774, 0.054863, 0.514054]"
CONTROL,15020778.085000075,"[-0.007537, 0.009039, 0.387483, -0.010538, 0.051673, 0.5094]"
CONTROL,15040860.306000013,"[-0.00377, 0.004523, 0.390655, -0.005276, 0.048383, 0.504709]"
CONTROL,15060940.222999988,"[-0.0, 0.0, 0.393934, -0.0, 0.045, 0.5]"
CONTROL,15081096.433000084,"[0.00377, -0.004523, 0.397318, 0.005276, 0.04153, 0.495291]"
CONTROL,15101176.318000171,"[0.007537, -0.009039, 0.400803, 0.010538, 0.037979, 0.4906]"
CONTROL,15121256.363000156,"[0.011299, -0.013543, 0.404386, 0.015774, 0.034354, 0.485946]"
CONTROL,15141336.919999957,"[0.015054, -0.018027, 0.408064, 0.02097, 0.030664, 0.481348]"
CONTROL,15161417.028999949,"[0.0188, -0.022486, 0.411832, 0.026112, 0.026914, 0.476824]"
CONTROL,15181497.329999957,"[0.022534, -0.026912, 0.415687, 0.031189, 0.023112, 0.472391]"
CONTROL,15201577.055000143,"[0.026253, -0.031301, 0.419626, 0.036188, 0.019265, 0.468067]"
CONTROL,15221658.669000136,"[0.029956, -0.035645, 0.423644, 0.041094, 0.015381, 0.463868]"
CONTROL,15241737.530000137,"[0.033641, -0.039938, 0.427737, 0.045897, 0.011467, 0.459813]"
CONTROL,15261817.35099999,"[0.037303, -0.044175, 0.431901, 0.050584, 0.007531, 0.455916]"
CONTROL,15281897.908000018,"[0.040943, -0.048349, 0.436133, 0.055143, 0.00358, 0.452193]"
CONTROL,15301978.466000037,"[0.044556, -0.052454, 0.440428, 0.059563, -0.000377, 0.448659]"
CONTROL,15322058.447000017,"[0.048142, -0.056484, 0.444781, 0.063833, -0.004334, 0.445327]"
CONTROL,15342138.78000014,"[0.051696, -0.060435, 0.449189, 0.067941, -0.008282, 0.442212]"
CONTROL,15362219.145000154,"[0.055219, -0.064299, 0.453647, 0.071877, -0.012214, 0.439324]"
CONTROL,15382298.679000087,"[0.058706, -0.068072, 0.458151, 0.075632, -0.016123, 0.436675]"
CONTROL,15402379.268000005,"[0.062156, -0.071749, 0.462697, 0.079196, -0.020001, 0.434277]"
CONTROL,15422459.697000023,"[0.065567, -0.075323, 0.467279, 0.08256, -0.023839, 0.432138]"
CONTROL,15442540.318000056,"[0.068937, -0.07879, 0.471893, 0.085716, -0.027632, 0.430267]"
CONTROL,15462620.748000063,"[0.072263, -0.082146, 0.476535, 0.088654, -0.031371, 0.428671]"
CONTROL,15482700.729000043,"[0.075543, -0.085384, 0.4812, 0.091369, -0.03505, 0.427356]"
CONTROL,15502780.870000152,"[0.078776, -0.088502, 0.485884, 0.093853, -0.038661, 0.426328]"
CONTROL,15522860.947000027,"[0.081959, -0.091493, 0.490581, 0.0961, -0.042197, 0.425591]"
CONTROL,15542940.513000077,"[0.08509, -0.094355, 0.495288, 0.098105, -0.045651, 0.425148]"
CONTROL,15563019.597999983,"[0.088168, -0.097082, 0.5, 0.099861, -0.049018, 0.425]"
CONTROL,15583098.843000015,"[0.09119, -0.099672, 0.504712, 0.101365, -0.052289, 0.425148]"
CONTROL,15603178.792000107,"[0.094154, -0.102119, 0.509419, 0.102613, -0.055459, 0.425591]"
CONTROL,15623259.573000042,"[0.097058, -0.104422, 0.514116, 0.103602, -0.058522, 0.426328]"
CONTROL,15643340.67499999,"[0.099902, -0.106576, 0.5188, 0.104329, -0.061472, 0.427356]"
CONTROL,15663422.640000135,"[0.102682, -0.108579, 0.523465, 0.104793, -0.064303, 0.428671]"
CONTROL,15683503.101000043,"[0.105397, -0.110428, 0.528107, 0.104992, -0.067009, 0.430267]"
CONTROL,15703582.28300006,"[0.108046, -0.112119, 0.532721, 0.104925, -0.069586, 0.432138]"
CONTROL,15723662.712000078,"[0.110627, -0.113652, 0.537303, 0.104594, -0.072028, 0.434277]"
CONTROL,15743743.23699999,"[0.113138, -0.115023, 0.541849, 0.103998, -0.074331, 0.436675]"
CONTROL,15763823.506000107,"[0.115577, -0.11623, 0.546353, 0.10314, -0.07649, 0.439324]"
CONTROL,15783903.7440001,"[0.117943, -0.117272, 0.550811, 0.102021, -0.078502, 0.442212]"
CONTROL,15803984.205000006,"[0.120235, -0.118148, 0.555219, 0.100645, -0.080361, 0.445327]"
CONTROL,15824065.210000072,"[0.122451, -0.118855, 0.559572, 0.099014, -0.082065, 0.448659]"
CONTROL,15844146.215000138,"[0.124589, -0.119394, 0.563867, 0.097133, -0.08361, 0.452193]"
CONTROL,15864226.74100004,"[0.126649, -0.119763, 0.568099, 0.095007, -0.084994, 0.455916]"
CONTROL,15884307.10600005,"[0.128629, -0.119962, 0.572263, 0.092641, -0.086213, 0.459813]"
CONTROL,15904386.863000127,"[0.130528, -0.119991, 0.576356, 0.09004, -0.087265, 0.463868]"
CONTROL,15924466.55599997,"[0.132344, -0.119848, 0.580374, 0.087213, -0.088149, 0.468067]"
CONTROL,15944552.010000052,"[0.134076, -0.119536, 0.584313, 0.084165, -0.088862, 0.472391]"
CONTROL,15964630.839000165,"[0.135724, -0.119054, 0.588168, 0.080904, -0.089404, 0.476824]"
CONTROL,15984710.50000012,"[0.137286, -0.118402, 0.591936, 0.077439, -0.089772, 0.481348]"
CONTROL,16004795.090000017,"[0.138762, -0.117583, 0.595614, 0.073778, -0.089967, 0.485946]"
CONTROL,16024876.159000088,"[0.140149, -0.116596, 0.599197, 0.069931, -0.089987, 0.4906]"
CONTROL,16044957.48399995,"[0.141449, -0.115443, 0.602682, 0.065908, -0.089834, 0.495291]"
CONTROL,16065038.490000006,"[0.142658, -0.114127, 0.606066, 0.061717, -0.089507, 0.5]"
CONTROL,16085192.107000012,"[0.143778, -0.112648, 0.609345, 0.057371, -0.089007, 0.504709]"
CONTROL,16105272.696000157,"[0.144807, -0.111009, 0.612517, 0.05288, -0.088334, 0.5094]"
CONTROL,16125353.541000094,"[0.145745, -0.109213, 0.615577, 0.048256, -0.087491, 0.514054]"
CONTROL,16145435.539000118,"[0.14659, -0.107261, 0.618523, 0.043509, -0.086479, 0.518652]"
CONTROL,16165516.128000036,"[0.147343, -0.105157, 0.621353, 0.038653, -0.085299, 0.523176]"
CONTROL,16185595.981000006,"[0.148003, -0.102903, 0.624062, 0.033699, -0.083955, 0.527609]"
CONTROL,16205676.69900015,"[0.148569, -0.100503, 0.626649, 0.02866, -0.082447, 0.531933]"
CONTROL,16225756.904000036,"[0.149042, -0.097961, 0.629111, 0.023548, -0.080781, 0.536132]"
CONTROL,16245836.244999964,"[0.14942, -0.095279, 0.631446, 0.018377, -0.078958, 0.540187]"
CONTROL,16265915.330000099,"[0.149704, -0.092462, 0.633651, 0.01316, -0.076983, 0.544084]"
CONTROL,16285994.44800011,"[0.149893, -0.089513, 0.635724, 0.007909, -0.074858, 0.547807]"
CONTROL,16306073.405000007,"[0.149988, -0.086437, 0.637663, 0.002639, -0.072589, 0.551341]"
CONTROL,16326140.842000086,"[0.149988, -0.083238, 0.639466, -0.002639, -0.07018, 0.554673]"
CONTROL,16346220.726999946,"[0.149893, -0.079921, 0.641132, -0.007909, -0.067635, 0.557788]"
CONTROL,16366300.484000022,"[0.149704, -0.076491, 0.642658, -0.01316, -0.064958, 0.560676]"
CONTROL,16386380.850000024,"[0.14942, -0.072952, 0.644044, -0.018377, -0.062157, 0.563325]"
CONTROL,16406464.19100017,"[0.149042, -0.069309, 0.645287, -0.023548, -0.059235, 0.565723]"
CONTROL,16426543.468000092,"[0.148569, -0.065567, 0.646388, -0.02866, -0.056198, 0.567862]"
CONTROL,16446622.874000013,"[0.148003, -0.061733, 0.647343, -0.033699, -0.053053, 0.569733]"
CONTROL,16466703.527000163,"[0.147343, -0.05781, 0.648153, -0.038653, -0.049805, 0.571329]"
CONTROL,16486784.437000096,"[0.14659, -0.053806, 0.648817, -0.043509, -0.046461, 0.572644]"
CONTROL,16506865.442000162,"[0.145745, -0.049725, 0.649334, -0.048256, -0.043027, 0.573672]"
CONTROL,16526945.455000032,"[0.144807, -0.045573, 0.649704, -0.05288, -0.03951, 0.574409]"
CONTROL,16547025.341000108,"[0.143778, -0.041357, 0.649926, -0.057371, -0.035916, 0.574852]"
CONTROL,16567108.105999978,"[0.142658, -0.037082, 0.65, -0.061717, -0.032253, 0.575]"
CONTROL,16587189.17500005,"[0.141449, -0.032754, 0.649926, -0.065908, -0.028528, 0.574852]"
CONTROL,16607267.813000135,"[0.140149, -0.02838, 0.649704, -0.069931, -0.024747, 0.574409]"
CONTROL,16627348.434000168,"[0.138762, -0.023965, 0.649334, -0.073778, -0.020918, 0.573672]"
CONTROL,16647428.127000012,"[0.137286, -0.019516, 0.648817, -0.077439, -0.017049, 0.572644]"
CONTROL,16667507.405000152,"[0.135724, -0.01504, 0.648153, -0.080904, -0.013147, 0.571329]"
CONTROL,16687587.066000106,"[0.134076, -0.010542, 0.647343, -0.084165, -0.00922, 0.569733]"
CONTROL,16707667.14299998,"[0.132344, -0.006029, 0.646388, -0.087213, -0.005275, 0.567862]"
CONTROL,16727746.101000093,"[0.130528, -0.001508, 0.645287, -0.09004, -0.001319, 0.565723]"
CONTROL,16747825.666000154,"[0.128629, 0.003016, 0.644044, -0.092641, 0.002639, 0.563325]"
CONTROL,16767904.974999964,"[0.126649, 0.007535, 0.642658, -0.095007, 0.006591, 0.560676]"
CONTROL,16787984.028999973,"[0.124589, 0.012043, 0.641132, -0.097133, 0.010532, 0.557788]"
CONTROL,16808064.714000013,"[0.122451, 0.016535, 0.639466, -0.099014, 0.014451, 0.554673]"
CONTROL,16828144.374999966,"[0.120235, 0.021003, 0.637663, -0.100645, 0.018343, 0.551341]"
CONTROL,16848223.653000105,"[0.117943, 0.025441, 0.635724, -0.102021, 0.022199, 0.547807]"
CONTROL,16868303.218000166,"[0.115577, 0.029843, 0.633651, -0.10314, 0.026013, 0.544084]"
CONTROL,16888383.16700003,"[0.113138, 0.034202, 0.631446, -0.103998, 0.029776, 0.540187]"
CONTROL,16908463.53300003,"[0.110627, 0.038513, 0.629111, -0.104594, 0.033481, 0.536132]"
CONTROL,16928542.39400003,"[0.108046, 0.042769, 0.626649, -0.104925, 0.037122, 0.531933]"
CONTROL,16948621.862999972,"[0.105397, 0.046965, 0.624062, -0.104992, 0.040691, 0.527609]"
CONTROL,16968701.941000063,"[0.102682, 0.051094, 0.621353, -0.104793, 0.044181, 0.523176]"
CONTROL,16988783.20200015,"[0.099902, 0.05515, 0.618523, -0.104329, 0.047586, 0.518652]"
CONTROL,17008862.7990001,"[0.097058, 0.059127, 0.615577, -0.103602, 0.050899, 0.514054]"
CONTROL,17028943.517000016,"[0.094154, 0.063021, 0.612517, -0.102613, 0.054113, 0.5094]"
CONTROL,17049022.154000115,"[0.09119, 0.066825, 0.609345, -0.101365, 0.057223, 0.504709]"
CONTROL,17069101.303000025,"[0.088168, 0.070534, 0.606066, -0.099861, 0.060222, 0.5]"
CONTROL,17089252.42400005,"[0.08509, 0.074143, 0.602682, -0.098105, 0.063104, 0.495291]"
CONTROL,17109333.3660001,"[0.081959, 0.077647, 0.599197, -0.0961, 0.065865, 0.4906]"
CONTROL,17129413.891000014,"[0.078776, 0.08104, 0.595614, -0.093853, 0.068498, 0.485946]"
CONTROL,17149493.16800016,"[0.075543, 0.084318, 0.591936, -0.091369, 0.070998, 0.481348]"
CONTROL,17169572.318000063,"[0.072263, 0.087476, 0.588168, -0.088654, 0.073362, 0.476824]"
CONTROL,17189652.011000134,"[0.068937, 0.09051, 0.584313, -0.085716, 0.075583, 0.472391]"
CONTROL,17209731.608000085,"[0.065567, 0.093415, 0.580374, -0.08256, 0.077658, 0.468067]"
CONTROL,17229810.885999996,"[0.062156, 0.096188, 0.576356, -0.079196, 0.079583, 0.463868]"
CONTROL,17249890.80299997,"[0.058706, 0.098824, 0.572263, -0.075632, 0.081354, 0.459813]"
CONTROL,17269969.888000105,"[0.055219, 0.101319, 0.568099, -0.071877, 0.082968, 0.455916]"
CONTROL,17290050.958000164,"[0.051696, 0.103671, 0.563867, -0.067941, 0.084421, 0.452193]"
CONTROL,17310129.53100003,"[0.048142, 0.105875, 0.559572, -0.063833, 0.085711, 0.448659]"
CONTROL,17330217.12899995,"[0.044556, 0.107929, 0.555219, -0.059563, 0.086835, 0.445327]"
CONTROL,17350297.783000086,"[0.040943, 0.109829, 0.550811, -0.055143, 0.087791, 0.442212]"
CONTROL,17370378.1480001,"[0.037303, 0.111573, 0.546353, -0.050584, 0.088578, 0.439324]"
CONTROL,17390459.697000097,"[0.033641, 0.113159, 0.541849, -0.045897, 0.089193, 0.436675]"
CONTROL,17410540.351000007,"[0.029956, 0.114584, 0.537303, -0.041094, 0.089635, 0.434277]"
CONTROL,17430620.46,"[0.026253, 0.115846, 0.532721, -0.036188, 0.089904, 0.432138]"
CONTROL,17450699.834000032,"[0.022534, 0.116943, 0.528107, -0.031189, 0.09, 0.430267]"
CONTROL,17470780.519000072,"[0.0188, 0.117874, 0.523465, -0.026112, 0.089921, 0.428671]"
CONTROL,17490860.149000127,"[0.015054, 0.118638, 0.5188, -0.02097, 0.089668, 0.427356]"
CONTROL,17510940.96199995,"[0.011299, 0.119233, 0.514116, -0.015774, 0.089242, 0.426328]"
CONTROL,17531021.200000167,"[0.007537, 0.119659, 0.509419, -0.010538, 0.088644, 0.425591]"
CONTROL,17551105.43700016,"[0.00377, 0.119915, 0.504712, -0.005276, 0.087873, 0.425148]"
CONTROL,17571186.66700012,"[0.0, 0.12, 0.5, -0.0, 0.086933, 0.425]"
CONTROL,17591268.216000117,"[-0.00377, 0.119915, 0.495288, 0.005276, 0.085825, 0.425148]"
CONTROL,17611347.909999948,"[-0.007537, 0.119659, 0.490581, 0.010538, 0.084551, 0.425591]"
CONTROL,17631426.035000004,"[-0.011299, 0.119233, 0.485884, 0.015774, 0.083113, 0.426328]"
CONTROL,17651507.937000133,"[-0.015054, 0.118638, 0.4812, 0.02097, 0.081515, 0.427356]"
CONTROL,17671585.710000046,"[-0.0188, 0.117874, 0.476535, 0.026112, 0.079758, 0.428671]"
CONTROL,17691666.36299997,"[-0.022534, 0.116943, 0.471893, 0.031189, 0.077848, 0.430267]"
CONTROL,17711747.113,"[-0.026253, 0.115846, 0.467279, 0.036188, 0.075787, 0.432138]"
CONTROL,17731829.973999992,"[-0.029956, 0.114584, 0.462697, 0.041094, 0.073579, 0.434277]"
CONTROL,17751909.732000057,"[-0.033641, 0.113159, 0.458151, 0.045897, 0.071229, 0.436675]"
CONTROL,17771989.80900016,"[-0.037303, 0.111573, 0.453647, 0.050584, 0.068742, 0.439324]"
CONTROL,17792070.878999993,"[-0.040943, 0.109829, 0.449189, 0.055143, 0.066121, 0.442212]"
CONTROL,17812151.244000006,"[-0.044556, 0.107929, 0.444781, 0.059563, 0.063372, 0.445327]"
CONTROL,17832231.481999997,"[-0.048142, 0.105875, 0.440428, 0.063833, 0.060501, 0.448659]"
CONTROL,17852312.582999956,"[-0.051696, 0.103671, 0.436133, 0.067941, 0.057513, 0.452193]"
CONTROL,17872391.605000075,"[-0.055219, 0.101319, 0.431901, 0.071877, 0.054414, 0.455916]"
CONTROL,17892471.26600003,"[-0.058706, 0.098824, 0.427737, 0.075632, 0.051209, 0.459813]"
CONTROL,17912550.70300008,"[-0.062156, 0.096188, 0.423644, 0.079196, 0.047906, 0.463868]"
CONTROL,17932630.269000128,"[-0.065567, 0.093415, 0.419626, 0.08256, 0.044509, 0.468067]"
CONTROL,17952710.37800012,"[-0.068937, 0.09051, 0.415687, 0.085716, 0.041027, 0.472391]"
CONTROL,17972790.51999999,"[-0.072263, 0.087476, 0.411832, 0.088654, 0.037465, 0.476824]"
CONTROL,17992870.628999982,"[-0.075543, 0.084318, 0.408064, 0.091369, 0.033831, 0.481348]"
CONTROL,18012951.44300002,"[-0.078776, 0.08104, 0.404386, 0.093853, 0.030131, 0.485946]"
CONTROL,18033030.75200006,"[-0.081959, 0.077647, 0.400803, 0.0961, 0.026374, 0.4906]"
CONTROL,18053110.574000128,"[-0.08509, 0.074143, 0.397318, 0.098105, 0.022565, 0.495291]"
CONTROL,18073192.315000143,"[-0.088168, 0.070534, 0.393934, 0.099861, 0.018712, 0.5]"
CONTROL,18093342.764,"[-0.09119, 0.066825, 0.390655, 0.101365, 0.014823, 0.504709]"
CONTROL,18113423.098000113,"[-0.094154, 0.063021, 0.387483, 0.102613, 0.010906, 0.5094]"
CONTROL,18133502.599000167,"[-0.097058, 0.059127, 0.384423, 0.103602, 0.006967, 0.514054]"
CONTROL,18153582.804000054,"[-0.099902, 0.05515, 0.381477, 0.104329, 0.003015, 0.518652]"
CONTROL,18173662.49800011,"[-0.102682, 0.051094, 0.378647, 0.104793, -0.000942, 0.523176]"
CONTROL,18193739.694999978,"[-0.105397, 0.046965, 0.375938, 0.104992, -0.004898, 0.527609]"
CONTROL,18213824.41300011,"[-0.108046, 0.042769, 0.373351, 0.104925, -0.008845, 0.531933]"
CONTROL,18233905.609999966,"[-0.110627, 0.038513, 0.370889, 0.104594, -0.012774, 0.536132]"
CONTROL,18253986.840000153,"[-0.113138, 0.034202, 0.368554, 0.103998, -0.016679, 0.540187]"
CONTROL,18274066.88500014,"[-0.115577, 0.029843, 0.366349, 0.10314, -0.020552, 0.544084]"
CONTROL,18294146.00300015,"[-0.117943, 0.025441, 0.364276, 0.102021, -0.024384, 0.547807]"
CONTROL,18314225.728000112,"[-0.120235, 0.021003, 0.362337, 0.100645, -0.02817, 0.551341]"
CONTROL,18334305.549999952,"[-0.122451, 0.016535, 0.360534, 0.099014, -0.031901, 0.554673]"
CONTROL,18354384.923999988,"[-0.124589, 0.012043, 0.358868, 0.097133, -0.03557, 0.557788]"
CONTROL,18374464.61700006,"[-0.126649, 0.007535, 0.357342, 0.095007, -0.039171, 0.560676]"
CONTROL,18394543.927000087,"[-0.128629, 0.003016, 0.355956, 0.092641, -0.042696, 0.563325]"
CONTROL,18414624.80400014,"[-0.130528, -0.001508, 0.354713, 0.09004, -0.046138, 0.565723]"
CONTROL,18434705.36200016,"[-0.132344, -0.006029, 0.353612, 0.087213, -0.049491, 0.567862]"
CONTROL,18454786.2070001,"[-0.134076, -0.010542, 0.352657, 0.084165, -0.052748, 0.569733]"
CONTROL,18474866.092999946,"[-0.135724, -0.01504, 0.351847, 0.080904, -0.055903, 0.571329]"
CONTROL,18494945.818000134,"[-0.137286, -0.019516, 0.351183, 0.077439, -0.05895, 0.572644]"
CONTROL,18515024.840000022,"[-0.138762, -0.023965, 0.350666, 0.073778, -0.061884, 0.573672]"
CONTROL,18535105.42900017,"[-0.140149, -0.02838, 0.350296, 0.069931, -0.064697, 0.574409]"
CONTROL,18555185.219000123,"[-0.141449, -0.032754, 0.350074, 0.065908, -0.067385, 0.574852]"
CONTROL,18575264.496000044,"[-0.142658, -0.037082, 0.35, 0.061717, -0.069943, 0.575]"
CONTROL,18595354.238000028,"[-0.143778, -0.041357, 0.350074, 0.057371, -0.072366, 0.574852]"
CONTROL,18615432.65199998,"[-0.144807, -0.045573, 0.350296, 0.05288, -0.074648, 0.574409]"
CONTROL,18635512.377000168,"[-0.145745, -0.049725, 0.350666, 0.048256, -0.076787, 0.573672]"
CONTROL,18655593.095000084,"[-0.14659, -0.053806, 0.351183, 0.043509, -0.078777, 0.572644]"
CONTROL,18675673.01300005,"[-0.147343, -0.05781, 0.351847, 0.038653, -0.080614, 0.571329]"
CONTROL,18695750.53000017,"[-0.148003, -0.061733, 0.352657, 0.033699, -0.082296, 0.569733]"
CONTROL,18715830.447000142,"[-0.148569, -0.065567, 0.353612, 0.02866, -0.083818, 0.567862]"
CONTROL,18735909.50100015,"[-0.149042, -0.069309, 0.354713, 0.023548, -0.085178, 0.565723]"
CONTROL,18755991.275000043,"[-0.14942, -0.072952, 0.355956, 0.018377, -0.086374, 0.563325]"
CONTROL,18776070.8400001,"[-0.149704, -0.076491, 0.357342, 0.01316, -0.087402, 0.560676]"
CONTROL,18796150.534000162,"[-0.149893, -0.079921, 0.358868, 0.007909, -0.088261, 0.557788]"
CONTROL,18816230.70700016,"[-0.149988, -0.083238, 0.360534, 0.002639, -0.08895, 0.554673]"
CONTROL,18836311.6810001,"[-0.149988, -0.086437, 0.362337, -0.002639, -0.089467, 0.551341]"
CONTROL,18856393.83800003,"[-0.149893, -0.089513, 0.364276, -0.007909, -0.08981, 0.547807]"
CONTROL,18876474.140000027,"[-0.149704, -0.092462, 0.366349, -0.01316, -0.08998, 0.544084]"
CONTROL,18896554.24900002,"[-0.14942, -0.095279, 0.368554, -0.018377, -0.089976, 0.540187]"
CONTROL,18916633.271000136,"[-0.149042, -0.097961, 0.370889, -0.023548, -0.089798, 0.536132]"
CONTROL,18936712.196000144,"[-0.148569, -0.100503, 0.373351, -0.02866, -0.089446, 0.531933]"
CONTROL,18956791.474000055,"[-0.148003, -0.102903, 0.375938, -0.033699, -0.088921, 0.527609]"
CONTROL,18976872.319999985,"[-0.147343, -0.105157, 0.378647, -0.038653, -0.088224, 0.523176]"
CONTROL,18996952.397000086,"[-0.14659, -0.107261, 0.381477, -0.043509, -0.087357, 0.518652]"
CONTROL,19017032.05900003,"[-0.145745, -0.109213, 0.384423, -0.048256, -0.08632, 0.514054]"
CONTROL,19037113.15999999,"[-0.144807, -0.111009, 0.387483, -0.05288, -0.085117, 0.5094]"
CONTROL,19057193.23800008,"[-0.143778, -0.112648, 0.390655, -0.057371, -0.083749, 0.504709]"
CONTROL,19077273.219000064,"[-0.142658, -0.114127, 0.393934, -0.061717, -0.082219, 0.5]"
CONTROL,19097420.85200014,"[-0.141449, -0.115443, 0.397318, -0.065908, -0.08053, 0.495291]"
CONTROL,19117501.506000053,"[-0.140149, -0.116596, 0.400803, -0.069931, -0.078685, 0.4906]"
CONTROL,19137581.26300013,"[-0.138762, -0.117583, 0.404386, -0.073778, -0.076688, 0.485946]"
CONTROL,19157660.764999945,"[-0.137286, -0.118402, 0.408064, -0.077439, -0.074543, 0.481348]"
CONTROL,19177739.625999946,"[-0.135724, -0.119054, 0.411832, -0.080904, -0.072254, 0.476824]"
CONTROL,19197818.20000003,"[-0.134076, -0.119536, 0.415687, -0.084165, -0.069824, 0.472391]"
CONTROL,19217896.676999997,"[-0.132344, -0.119848, 0.419626, -0.087213, -0.06726, 0.468067]"
CONTROL,19237976.435000066,"[-0.130528, -0.119991, 0.423644, -0.09004, -0.064566, 0.463868]"
CONTROL,19258055.26399995,"[-0.128629, -0.119962, 0.427737, -0.092641, -0.061747, 0.459813]"
CONTROL,19278136.33400001,"[-0.126649, -0.119763, 0.431901, -0.095007, -0.058808, 0.455916]"
CONTROL,19298214.49200017,"[-0.124589, -0.119394, 0.436133, -0.097133, -0.055755, 0.452193]"
CONTROL,19318294.24900002,"[-0.122451, -0.118855, 0.440428, -0.099014, -0.052595, 0.448659]"
CONTROL,19338373.71899995,"[-0.120235, -0.118148, 0.444781, -0.100645, -0.049333, 0.445327]"
CONTROL,19358452.57999995,"[-0.117943, -0.117272, 0.449189, -0.102021, -0.045976, 0.442212]"
CONTROL,19378533.137999967,"[-0.115577, -0.11623, 0.453647, -0.10314, -0.04253, 0.439324]"
CONTROL,19398613.408000074,"[-0.113138, -0.115023, 0.458151, -0.103998, -0.039001, 0.436675]"
CONTROL,19418692.87700001,"[-0.110627, -0.113652, 0.462697, -0.104594, -0.035397, 0.434277]"
CONTROL,19438772.02700014,"[-0.108046, -0.112119, 0.467279, -0.104925, -0.031725, 0.432138]"
CONTROL,19458851.46499995,"[-0.105397, -0.110428, 0.471893, -0.104992, -0.027991, 0.430267]"
CONTROL,19478930.678000096,"[-0.102682, -0.108579, 0.476535, -0.104793, -0.024203, 0.428671]"
CONTROL,19499009.6680001,"[-0.099902, -0.106576, 0.4812, -0.104329, -0.020368, 0.427356]"
CONTROL,19519088.721000116,"[-0.097058, -0.104422, 0.485884, -0.103602, -0.016494, 0.426328]"
CONTROL,19539168.79899998,"[-0.094154, -0.102119, 0.490581, -0.102613, -0.012588, 0.425591]"
CONTROL,19559249.100999977,"[-0.09119, -0.099672, 0.495288, -0.101365, -0.008657, 0.425148]"
CONTROL,19579327.450000163,"[-0.088168, -0.097082, 0.5, -0.099861, -0.00471, 0.425]"
CONTROL,19599407.560000144,"[-0.08509, -0.094355, 0.504712, -0.098105, -0.000754, 0.425148]"
CONTROL,19619491.158000074,"[-0.081959, -0.091493, 0.509419, -0.0961, 0.003204, 0.425591]"
CONTROL,19639572.035000127,"[-0.078776, -0.088502, 0.514116, -0.093853, 0.007155, 0.426328]"
CONTROL,19659651.536999945,"[-0.075543, -0.085384, 0.5188, -0.091369, 0.011093, 0.427356]"
CONTROL,19679730.206000157,"[-0.072263, -0.082146, 0.523465, -0.088654, 0.015009, 0.428671]"
CONTROL,19699816.36400007,"[-0.068937, -0.07879, 0.528107, -0.085716, 0.018896, 0.430267]"
CONTROL,19719896.76199996,"[-0.065567, -0.075323, 0.532721, -0.08256, 0.022747, 0.432138]"
CONTROL,19739978.631999973,"[-0.062156, -0.071749, 0.537303, -0.079196, 0.026554, 0.434277]"
CONTROL,19760059.957000066,"[-0.058706, -0.068072, 0.541849, -0.075632, 0.030309, 0.436675]"
CONTROL,19780140.674999986,"[-0.055219, -0.064299, 0.546353, -0.071877, 0.034006, 0.439324]"
CONTROL,19800222.769000128,"[-0.051696, -0.060435, 0.550811, -0.067941, 0.037637, 0.442212]"
CONTROL,19820302.07800017,"[-0.048142, -0.056484, 0.555219, -0.063833, 0.041195, 0.445327]"
CONTROL,19840382.668000076,"[-0.044556, -0.052454, 0.559572, -0.059563, 0.044673, 0.448659]"
CONTROL,19860462.68200016,"[-0.040943, -0.048349, 0.563867, -0.055143, 0.048065, 0.452193]"
CONTROL,19880542.43900001,"[-0.037303, -0.044175, 0.568099, -0.050584, 0.051364, 0.455916]"
CONTROL,19900624.117000006,"[-0.033641, -0.039938, 0.572263, -0.045897, 0.054564, 0.459813]"
CONTROL,19920705.69900011,"[-0.029956, -0.035645, 0.576356, -0.041094, 0.057658, 0.463868]"
CONTROL,19940785.200000163,"[-0.026253, -0.031301, 0.580374, -0.036188, 0.060641, 0.468067]"
CONTROL,19960865.885999966,"[-0.022534, -0.026912, 0.584313, -0.031189, 0.063506, 0.472391]"
CONTROL,19980945.90000005,"[-0.0188, -0.022486, 0.588168, -0.026112, 0.066249, 0.476824]"
CONTROL,20001027.769000076,"[-0.015054, -0.018027, 0.591936, -0.02097, 0.068863, 0.481348]"
CONTROL,20021107.623000033,"[-0.011299, -0.013543, 0.595614, -0.015774, 0.071344, 0.485946]"
CONTROL,20041187.573000114,"[-0.007537, -0.009039, 0.599197, -0.010538, 0.073688, 0.4906]"
CONTROL,20061266.337999996,"[-0.00377, -0.004523, 0.602682, -0.005276, 0.075888, 0.495291]"
CONTROL,20081346.06400017,"[-0.0, -0.0, 0.606066, -0.0, 0.077942, 0.5]"
CONTROL,20101491.96900011,"[0.00377, 0.004523, 0.609345, 0.005276, 0.079845, 0.504709]"
CONTROL,20121572.591000132,"[0.007537, 0.009039, 0.612517, 0.010538, 0.081594, 0.5094]"
CONTROL,20141653.884000108,"[0.011299, 0.013543, 0.615577, 0.015774, 0.083185, 0.514054]"
CONTROL,20161735.690000113,"[0.015054, 0.018027, 0.618523, 0.02097, 0.084615, 0.518652]"
CONTROL,20181814.90400002,"[0.0188, 0.022486, 0.621353, 0.026112, 0.085882, 0.523176]"
CONTROL,20201894.308999956,"[0.022534, 0.026912, 0.624062, 0.031189, 0.086982, 0.527609]"
CONTROL,20221974.707000073,"[0.026253, 0.031301, 0.626649, 0.036188, 0.087914, 0.531933]"
CONTROL,20242053.952000104,"[0.029956, 0.035645, 0.629111, 0.041094, 0.088676, 0.536132]"
CONTROL,20262134.15799998,"[0.033641, 0.039938, 0.631446, 0.045897, 0.089267, 0.540187]"
CONTROL,20282214.651999995,"[0.037303, 0.044175, 0.633651, 0.050584, 0.089684, 0.544084]"
CONTROL,20302294.79400009,"[0.040943, 0.048349, 0.635724, 0.055143, 0.089929, 0.547807]"
CONTROL,20322374.35900015,"[0.044556, 0.052454, 0.637663, 0.059563, 0.089999, 0.551341]"
CONTROL,20342454.34100012,"[0.048142, 0.056484, 0.639466, 0.063833, 0.089896, 0.554673]"
CONTROL,20362535.8270001,"[0.051696, 0.060435, 0.641132, 0.067941, 0.089618, 0.557788]"
CONTROL,20382615.201000135,"[0.055219, 0.064299, 0.642658, 0.071877, 0.089167, 0.560676]"
CONTROL,20402694.798000082,"[0.058706, 0.068072, 0.644044, 0.075632, 0.088544, 0.563325]"
CONTROL,20422775.25999998,"[0.062156, 0.071749, 0.645287, 0.079196, 0.08775, 0.565723]"
CONTROL,20442865.70600002,"[0.065567, 0.075323, 0.646388, 0.08256, 0.086785, 0.567862]"
CONTROL,20462944.375999995,"[0.068937, 0.07879, 0.647343, 0.085716, 0.085653, 0.569733]"
CONTROL,20483025.222000152,"[0.072263, 0.082146, 0.648153, 0.088654, 0.084355, 0.571329]"
CONTROL,20503106.388000105,"[0.075543, 0.085384, 0.648817, 0.091369, 0.082894, 0.572644]"
CONTROL,20523187.29700005,"[0.078776, 0.088502, 0.649334, 0.093853, 0.081273, 0.573672]"
CONTROL,20543269.295000073,"[0.081959, 0.091493, 0.649704, 0.0961, 0.079495, 0.574409]"
CONTROL,20563351.549000118,"[0.08509, 0.094355, 0.649926, 0.098105, 0.077563, 0.574852]"
CONTROL,20583432.55500017,"[0.088168, 0.097082, 0.65, 0.099861, 0.07548, 0.575]"
CONTROL,20603513.304999977,"[0.09119, 0.099672, 0.649926, 0.101365, 0.073252, 0.574852]"
CONTROL,20623593.6380001,"[0.094154, 0.102119, 0.649704, 0.102613, 0.070882, 0.574409]"
CONTROL,20643675.124000084,"[0.097058, 0.104422, 0.649334, 0.103602, 0.068375, 0.573672]"
CONTROL,20663754.59400001,"[0.099902, 0.106576, 0.648817, 0.104329, 0.065736, 0.572644]"
CONTROL,20683834.064000167,"[0.102682, 0.108579, 0.648153, 0.104793, 0.06297, 0.571329]"
CONTROL,20703913.469000097,"[0.105397, 0.110428, 0.647343, 0.104992, 0.060082, 0.569733]"
CONTROL,20723992.554999996,"[0.108046, 0.112119, 0.646388, 0.104925, 0.057077, 0.567862]"
CONTROL,20744072.34499995,"[0.110627, 0.113652, 0.645287, 0.104594, 0.053962, 0.565723]"
CONTROL,20764152.806000084,"[0.113138, 0.115023, 0.644044, 0.103998, 0.050743, 0.563325]"
CONTROL,20784233.812000137,"[0.115577, 0.11623, 0.642658, 0.10314, 0.047426, 0.560676]"
CONTROL,20804313.697999988,"[0.117943, 0.117272, 0.641132, 0.102021, 0.044017, 0.557788]"
CONTROL,20824393.80799997,"[0.120235, 0.118148, 0.639466, 0.100645, 0.040523, 0.554673]"
CONTROL,20844472.988999996,"[0.122451, 0.118855, 0.637663, 0.099014, 0.03695, 0.551341]"
CONTROL,20864551.275000166,"[0.124589, 0.119394, 0.635724, 0.097133, 0.033306, 0.547807]"
CONTROL,20884630.969,"[0.126649, 0.119763, 0.633651, 0.095007, 0.029598, 0.544084]"
CONTROL,20904710.982000098,"[0.128629, 0.119962, 0.631446, 0.092641, 0.025832, 0.540187]"
CONTROL,20924790.740000162,"[0.130528, 0.119991, 0.629111, 0.09004, 0.022017, 0.536132]"
CONTROL,20944869.698000047,"[0.132344, 0.119848, 0.626649, 0.087213, 0.018159, 0.531933]"
CONTROL,20964948.079000123,"[0.134076, 0.119536, 0.624062, 0.084165, 0.014265, 0.527609]"
CONTROL,20985028.573000137,"[0.135724, 0.119054, 0.621353, 0.080904, 0.010344, 0.523176]"
CONTROL,21005108.875000134,"[0.137286, 0.118402, 0.618523, 0.077439, 0.006403, 0.518652]"
CONTROL,21025190.233000103,"[0.138762, 0.117583, 0.615577, 0.073778, 0.00245, 0.514054]"
CONTROL,21045271.430999946,"[0.140149, 0.116596, 0.612517, 0.069931, -0.001508, 0.5094]"
CONTROL,21065350.900000114,"[0.141449, 0.115443, 0.609345, 0.065908, -0.005463, 0.504709]"
CONTROL,21085431.233999997,"[0.142658, 0.114127, 0.606066, 0.061717, -0.009408, 0.5]"
CONTROL,21105571.41100003,"[0.143778, 0.112648, 0.602682, 0.057371, -0.013334, 0.495291]"
CONTROL,21125651.169000093,"[0.144807, 0.111009, 0.599197, 0.05288, -0.017234, 0.4906]"
CONTROL,21145728.237999946,"[0.145745, 0.109213, 0.595614, 0.048256, -0.021102, 0.485946]"
CONTROL,21165807.964000124,"[0.14659, 0.107261, 0.591936, 0.043509, -0.024928, 0.481348]"
CONTROL,21185888.55400003,"[0.147343, 0.105157, 0.588168, 0.038653, -0.028706, 0.476824]"
CONTROL,21205969.36700008,"[0.148003, 0.102903, 0.584313, 0.033699, -0.032429, 0.472391]"
CONTROL,21226047.94100016,"[0.148569, 0.100503, 0.580374, 0.02866, -0.036089, 0.468067]"
CONTROL,21246127.506999984,"[0.149042, 0.097961, 0.576356, 0.023548, -0.039679, 0.463868]"
CONTROL,21266206.496999986,"[0.14942, 0.095279, 0.572263, 0.018377, -0.043193, 0.459813]"
CONTROL,21286285.646000125,"[0.149704, 0.092462, 0.568099, 0.01316, -0.046622, 0.455916]"
CONTROL,21306366.684000067,"[0.149893, 0.089513, 0.563867, 0.007909, -0.049962, 0.452193]"
CONTROL,21326447.401999984,"[0.149988, 0.086437, 0.559572, 0.002639, -0.053205, 0.448659]"
CONTROL,21346527.800000105,"[0.149988, 0.083238, 0.555219, -0.002639, -0.056345, 0.445327]"
CONTROL,21366607.270000033,"[0.149893, 0.079921, 0.550811, -0.007909, -0.059377, 0.442212]"
CONTROL,21386690.004,"[0.149704, 0.076491, 0.546353, -0.01316, -0.062293, 0.439324]"
CONTROL,21406772.417999946,"[0.14942, 0.072952, 0.541849, -0.018377, -0.065089, 0.436675]"
CONTROL,21426853.03899998,"[0.149042, 0.069309, 0.537303, -0.023548, -0.067759, 0.434277]"
CONTROL,21446933.4370001,"[0.148569, 0.065567, 0.532721, -0.02866, -0.070298, 0.432138]"
CONTROL,21467062.606000125,"[0.148003, 0.061733, 0.528107, -0.033699, -0.072701, 0.430267]"
CONTROL,21487144.188,"[0.147343, 0.05781, 0.523465, -0.038653, -0.074963, 0.428671]"
CONTROL,21507223.753000062,"[0.14659, 0.053806, 0.5188, -0.043509, -0.07708, 0.427356]"
CONTROL,21527303.415000007,"[0.145745, 0.049725, 0.514116, -0.048256, -0.079049, 0.426328]"
CONTROL,21547382.341000002,"[0.144807, 0.045573, 0.509419, -0.05288, -0.080864, 0.425591]"
CONTROL,21567464.24300013,"[0.143778, 0.041357, 0.504712, -0.057371, -0.082523, 0.425148]"
CONTROL,21587543.58500005,"[0.142658, 0.037082, 0.5, -0.061717, -0.084022, 0.425]"
CONTROL,21607623.31000001,"[0.141449, 0.032754, 0.495288, -0.065908, -0.085359, 0.425148]"
CONTROL,21627702.81200005,"[0.140149, 0.02838, 0.490581, -0.069931, -0.086531, 0.425591]"
CONTROL,21647781.57800015,"[0.138762, 0.023965, 0.485884, -0.073778, -0.087535, 0.426328]"
CONTROL,21667861.880000144,"[0.137286, 0.019516, 0.4812, -0.077439, -0.08837, 0.427356]"
CONTROL,21687942.885999974,"[0.135724, 0.01504, 0.476535, -0.080904, -0.089035, 0.428671]"
CONTROL,21708021.42699995,"[0.134076, 0.010542, 0.471893, -0.084165, -0.089526, 0.430267]"
CONTROL,21728100.928999994,"[0.132344, 0.006029, 0.467279, -0.087213, -0.089845, 0.432138]"
CONTROL,21748180.52700016,"[0.130528, 0.001508, 0.462697, -0.09004, -0.08999, 0.434277]"
CONTROL,21768259.421000037,"[0.128629, -0.003016, 0.458151, -0.092641, -0.089961, 0.436675]"
CONTROL,21788339.75500015,"[0.126649, -0.007535, 0.453647, -0.095007, -0.089758, 0.439324]"
CONTROL,21808419.704000015,"[0.124589, -0.012043, 0.449189, -0.097133, -0.089382, 0.442212]"
CONTROL,21828499.20600006,"[0.122451, -0.016535, 0.444781, -0.099014, -0.088832, 0.445327]"
CONTROL,21848578.35599996,"[0.120235, -0.021003, 0.440428, -0.100645, -0.088111, 0.448659]"
CONTROL,21868656.706000138,"[0.117943, -0.025441, 0.436133, -0.102021, -0.087219, 0.452193]"
CONTROL,21888735.664000023,"[0.115577, -0.029843, 0.431901, -0.10314, -0.086159, 0.455916]"
CONTROL,21908815.70900001,"[0.113138, -0.034202, 0.427737, -0.103998, -0.084932, 0.459813]"
CONTROL,21928895.24300017,"[0.110627, -0.038513, 0.423644, -0.104594, -0.08354, 0.463868]"
CONTROL,21948974.905000113,"[0.108046, -0.042769, 0.419626, -0.104925, -0.081987, 0.468067]"
CONTROL,21969054.11900002,"[0.105397, -0.046965, 0.415687, -0.104992, -0.080276, 0.472391]"
CONTROL,21989133.141000137,"[0.102682, -0.051094, 0.411832, -0.104793, -0.078409, 0.476824]"
CONTROL,22009212.802000094,"[0.099902, -0.05515, 0.408064, -0.104329, -0.076391, 0.481348]"
CONTROL,22029292.75199995,"[0.097058, -0.059127, 0.404386, -0.103602, -0.074225, 0.485946]"
CONTROL,22049371.58200005,"[0.094154, -0.063021, 0.400803, -0.102613, -0.071915, 0.4906]"
CONTROL,22069451.24399999,"[0.09119, -0.066825, 0.397318, -0.101365, -0.069466, 0.495291]"
CONTROL,22089532.31400005,"[0.088168, -0.070534, 0.393934, -0.099861, -0.066883, 0.5]"
CONTROL,22109674.31500012,"[0.08509, -0.074143, 0.390655, -0.098105, -0.064171, 0.504709]"
CONTROL,22129753.33600002,"[0.081959, -0.077647, 0.387483, -0.0961, -0.061334, 0.5094]"
CONTROL,22149835.52600006,"[0.078776, -0.08104, 0.384423, -0.093853, -0.058379, 0.514054]"
CONTROL,22169914.516000062,"[0.075543, -0.084318, 0.381477, -0.091369, -0.05531, 0.518652]"
CONTROL,22189994.498000033,"[0.072263, -0.087476, 0.378647, -0.088654, -0.052135, 0.523176]"
CONTROL,22210074.06400008,"[0.068937, -0.09051, 0.375938, -0.085716, -0.048859, 0.527609]"
CONTROL,22230154.174000062,"[0.065567, -0.093415, 0.373351, -0.08256, -0.045489, 0.531933]"
CONTROL,22250234.796000086,"[0.062156, -0.096188, 0.370889, -0.079196, -0.04203, 0.536132]"
CONTROL,22270314.969000082,"[0.058706, -0.098824, 0.368554, -0.075632, -0.038491, 0.540187]"
CONTROL,22290394.887000047,"[0.055219, -0.101319, 0.366349, -0.071877, -0.034876, 0.544084]"
CONTROL,22310474.484999985,"[0.051696, -0.103671, 0.364276, -0.067941, -0.031195, 0.547807]"
CONTROL,22330553.57100011,"[0.048142, -0.105875, 0.362337, -0.063833, -0.027453, 0.551341]"
CONTROL,22350633.68100009,"[0.044556, -0.107929, 0.360534, -0.059563, -0.023658, 0.554673]"
CONTROL,22370713.69499995,"[0.040943, -0.109829, 0.358868, -0.055143, -0.019817, 0.557788]"
CONTROL,22390793.293000117,"[0.037303, -0.111573, 0.357342, -0.050584, -0.015938, 0.560676]"
CONTROL,22410874.075000037,"[0.033641, -0.113159, 0.355956, -0.045897, -0.012028, 0.563325]"
CONTROL,22430954.792999957,"[0.029956, -0.114584, 0.354713, -0.041094, -0.008094, 0.565723]"
CONTROL,22451037.974999964,"[0.026253, -0.115846, 0.353612, -0.036188, -0.004145, 0.567862]"
CONTROL,22471119.23700004,"[0.022534, -0.116943, 0.352657, -0.031189, -0.000188, 0.569733]"
CONTROL,22491172.688999996,"[0.0188, -0.117874, 0.351847, -0.026112, 0.003769, 0.571329]"
CONTROL,22511254.687000018,"[0.015054, -0.118638, 0.351183, -0.02097, 0.007719, 0.572644]"
CONTROL,22531335.532999948,"[0.011299, -0.119233, 0.350666, -0.015774, 0.011654, 0.573672]"
CONTROL,22551415.515000146,"[0.007537, -0.119659, 0.350296, -0.010538, 0.015566, 0.574409]"
CONTROL,22571495.59300001,"[0.00377, -0.119915, 0.350074, -0.005276, 0.019449, 0.574852]"
CONTROL,22591586.872000106,"[0.0, -0.12, 0.35, -0.0, 0.023294, 0.575]"
CONTROL,22611668.102000065,"[-0.00377, -0.119915, 0.350074, 0.005276, 0.027093, 0.574852]"
CONTROL,22631748.660000086,"[-0.007537, -0.119659, 0.350296, 0.010538, 0.030841, 0.574409]"
CONTROL,22651828.066000007,"[-0.011299, -0.119233, 0.350666, 0.015774, 0.034529, 0.573672]"
CONTROL,22671908.719000157,"[-0.015054, -0.118638, 0.351183, 0.02097, 0.038149, 0.572644]"
CONTROL,22691989.21300017,"[-0.0188, -0.117874, 0.351847, 0.026112, 0.041697, 0.571329]"
CONTROL,22712071.97900003,"[-0.022534, -0.116943, 0.352657, 0.031189, 0.045163, 0.569733]"
CONTROL,22732150.55300011,"[-0.026253, -0.115846, 0.353612, 0.036188, 0.048542, 0.567862]"
CONTROL,22752229.767000016,"[-0.029956, -0.114584, 0.354713, 0.041094, 0.051828, 0.565723]"
CONTROL,22772310.197000023,"[-0.033641, -0.113159, 0.355956, 0.045897, 0.055013, 0.563325]"
CONTROL,22792389.219000142,"[-0.037303, -0.111573, 0.357342, 0.050584, 0.058091, 0.560676]"
CONTROL,22812472.049000006,"[-0.040943, -0.109829, 0.358868, 0.055143, 0.061057, 0.557788]"
CONTROL,22832551.999000087,"[-0.044556, -0.107929, 0.360534, 0.059563, 0.063906, 0.554673]"
CONTROL,22852630.98900009,"[-0.048142, -0.105875, 0.362337, 0.063833, 0.06663, 0.551341]"
CONTROL,22872711.450999986,"[-0.051696, -0.103671, 0.364276, 0.067941, 0.069226, 0.547807]"
CONTROL,22892792.07300001,"[-0.055219, -0.101319, 0.366349, 0.071877, 0.071688, 0.544084]"
CONTROL,22912873.43099998,"[-0.058706, -0.098824, 0.368554, 0.075632, 0.074011, 0.540187]"
CONTROL,22932953.22100016,"[-0.062156, -0.096188, 0.370889, 0.079196, 0.076191, 0.536132]"
CONTROL,22953034.515000127,"[-0.065567, -0.093415, 0.373351, 0.08256, 0.078223, 0.531933]"
CONTROL,22973114.43300009,"[-0.068937, -0.09051, 0.375938, 0.085716, 0.080105, 0.527609]"
CONTROL,22993193.453999992,"[-0.072263, -0.087476, 0.378647, 0.088654, 0.081831, 0.523176]"
CONTROL,23013273.819999997,"[-0.075543, -0.084318, 0.381477, 0.091369, 0.083399, 0.518652]"
CONTROL,23033353.73799996,"[-0.078776, -0.08104, 0.384423, 0.093853, 0.084806, 0.514054]"
CONTROL,23053433.336000126,"[-0.081959, -0.077647, 0.387483, 0.0961, 0.086049, 0.5094]"
CONTROL,23073512.742000047,"[-0.08509, -0.074143, 0.390655, 0.098105, 0.087125, 0.504709]"
CONTROL,23093593.36400007,"[-0.088168, -0.070534, 0.393934, 0.099861, 0.088033, 0.5]"
CONTROL,23113737.093000054,"[-0.09119, -0.066825, 0.397318, 0.101365, 0.088771, 0.495291]"
CONTROL,23133817.363000162,"[-0.094154, -0.063021, 0.400803, 0.102613, 0.089337, 0.4906]"
CONTROL,23153896.57700007,"[-0.097058, -0.059127, 0.404386, 0.103602, 0.08973, 0.485946]"
CONTROL,23173976.65500016,"[-0.099902, -0.05515, 0.408064, 0.104329, 0.089949, 0.481348]"
CONTROL,23194055.581000157,"[-0.102682, -0.051094, 0.411832, 0.104793, 0.089995, 0.476824]"
CONTROL,23214135.37100011,"[-0.105397, -0.046965, 0.415687, 0.104992, 0.089867, 0.472391]"
CONTROL,23234215.769,"[-0.108046, -0.042769, 0.419626, 0.104925, 0.089564, 0.468067]"
CONTROL,23254295.494999953,"[-0.110627, -0.038513, 0.423644, 0.104594, 0.089089, 0.463868]"
CONTROL,23274375.89300007,"[-0.113138, -0.034202, 0.427737, 0.103998, 0.088441, 0.459813]"
CONTROL,23294455.939000044,"[-0.115577, -0.029843, 0.431901, 0.10314, 0.087622, 0.455916]"
CONTROL,23314536.11300003,"[-0.117943, -0.025441, 0.436133, 0.102021, 0.086634, 0.452193]"
CONTROL,23334616.127000116,"[-0.120235, -0.021003, 0.440428, 0.100645, 0.085478, 0.448659]"
CONTROL,23354696.140999977,"[-0.122451, -0.016535, 0.444781, 0.099014, 0.084157, 0.445327]"
CONTROL,23374776.314999964,"[-0.124589, -0.012043, 0.449189, 0.097133, 0.082673, 0.442212]"
CONTROL,23394856.04100014,"[-0.126649, -0.007535, 0.453647, 0.095007, 0.081029, 0.439324]"
CONTROL,23414936.055,"[-0.128629, -0.003016, 0.458151, 0.092641, 0.079228, 0.436675]"
CONTROL,23435017.701000106,"[-0.130528, 0.001508, 0.462697, 0.09004, 0.077274, 0.434277]"
CONTROL,23455096.915000014,"[-0.132344, 0.006029, 0.467279, 0.087213, 0.075171, 0.432138]"
CONTROL,23475175.713,"[-0.134076, 0.010542, 0.471893, 0.084165, 0.072922, 0.430267]"
CONTROL,23495257.551000122,"[-0.135724, 0.01504, 0.476535, 0.080904, 0.070532, 0.428671]"
CONTROL,23515348.093000058,"[-0.137286, 0.019516, 0.4812, 0.077439, 0.068006, 0.427356]"
CONTROL,23535429.131,"[-0.138762, 0.023965, 0.485884, 0.073778, 0.065349, 0.426328]"
CONTROL,23555509.081000082,"[-0.140149, 0.02838, 0.490581, 0.069931, 0.062564, 0.425591]"
CONTROL,23575588.487000003,"[-0.141449, 0.032754, 0.495288, 0.065908, 0.059659, 0.425148]"
CONTROL,23595669.334000148,"[-0.142658, 0.037082, 0.5, 0.061717, 0.056639, 0.425]"
CONTROL,23615748.612000063,"[-0.143778, 0.041357, 0.504712, 0.057371, 0.053509, 0.425148]"
CONTROL,23635828.113000117,"[-0.144807, 0.045573, 0.509419, 0.05288, 0.050275, 0.425591]"
CONTROL,23655908.126999974,"[-0.145745, 0.049725, 0.514116, 0.048256, 0.046944, 0.426328]"
CONTROL,23675987.149000093,"[-0.14659, 0.053806, 0.5188, 0.043509, 0.043523, 0.427356]"
CONTROL,23696066.58700013,"[-0.147343, 0.05781, 0.523465, 0.038653, 0.040017, 0.428671]"
CONTROL,23716145.545000017,"[-0.148003, 0.061733, 0.528107, 0.033699, 0.036434, 0.430267]"
CONTROL,23736226.679000083,"[-0.148569, 0.065567, 0.532721, 0.02866, 0.03278, 0.432138]"
CONTROL,23756306.053000115,"[-0.149042, 0.069309, 0.537303, 0.023548, 0.029063, 0.434277]"
CONTROL,23776386.67500014,"[-0.14942, 0.072952, 0.541849, 0.018377, 0.02529, 0.436675]"
CONTROL,23796470.178000163,"[-0.149704, 0.076491, 0.546353, 0.01316, 0.021468, 0.439324]"
CONTROL,23816553.168000154,"[-0.149893, 0.079921, 0.550811, 0.007909, 0.017604, 0.442212]"
CONTROL,23836629.310000036,"[-0.149988, 0.083238, 0.555219, 0.002639, 0.013707, 0.445327]"
CONTROL,23856706.540000003,"[-0.149988, 0.086437, 0.559572, -0.002639, 0.009782, 0.448659]"
CONTROL,23876785.85000003,"[-0.149893, 0.089513, 0.563867, -0.007909, 0.005839, 0.452193]"
CONTROL,23896865.703999992,"[-0.149704, 0.092462, 0.568099, -0.01316, 0.001885, 0.455916]"
CONTROL,23916945.141000044,"[-0.14942, 0.095279, 0.572263, -0.018377, -0.002073, 0.459813]"
CONTROL,23937025.540000148,"[-0.149042, 0.097961, 0.576356, -0.023548, -0.006027, 0.463868]"
CONTROL,23957108.690000042,"[-0.148569, 0.100503, 0.580374, -0.02866, -0.00997, 0.468067]"
CONTROL,23977188.800000023,"[-0.148003, 0.102903, 0.584313, -0.033699, -0.013893, 0.472391]"
CONTROL,23997268.845999997,"[-0.147343, 0.105157, 0.588168, -0.038653, -0.017789, 0.476824]"
CONTROL,24017349.43600013,"[-0.14659, 0.107261, 0.591936, -0.043509, -0.021651, 0.481348]"
CONTROL,24037429.578,"[-0.145745, 0.109213, 0.595614, -0.048256, -0.025471, 0.485946]"
CONTROL,24057510.61600017,"[-0.144807, 0.111009, 0.599197, -0.05288, -0.029242, 0.4906]"
CONTROL,24077590.470000133,"[-0.143778, 0.112648, 0.602682, -0.057371, -0.032956, 0.495291]"
CONTROL,24097671.60399997,"[-0.142658, 0.114127, 0.606066, -0.061717, -0.036606, 0.5]"
CONTROL,24117822.150000166,"[-0.141449, 0.115443, 0.609345, -0.065908, -0.040186, 0.504709]"
CONTROL,24137901.876000114,"[-0.140149, 0.116596, 0.612517, -0.069931, -0.043688, 0.5094]"
CONTROL,24157982.402000017,"[-0.138762, 0.117583, 0.615577, -0.073778, -0.047105, 0.514054]"
CONTROL,24178062.160000082,"[-0.137286, 0.118402, 0.618523, -0.077439, -0.050431, 0.518652]"
CONTROL,24198142.142000053,"[-0.135724, 0.119054, 0.621353, -0.080904, -0.05366, 0.523176]"
CONTROL,24218223.020000096,"[-0.134076, 0.119536, 0.624062, -0.084165, -0.056785, 0.527609]"
CONTROL,24238304.154000163,"[-0.132344, 0.119848, 0.626649, -0.087213, -0.0598, 0.531933]"
CONTROL,24258385.03199998,"[-0.130528, 0.119991, 0.629111, -0.09004, -0.0627, 0.536132]"
CONTROL,24278465.302000087,"[-0.128629, 0.119962, 0.631446, -0.092641, -0.065478, 0.540187]"
CONTROL,24298546.660000056,"[-0.126649, 0.119763, 0.633651, -0.095007, -0.06813, 0.544084]"
CONTROL,24318626.354000118,"[-0.124589, 0.119394, 0.635724, -0.097133, -0.070649, 0.547807]"
CONTROL,24338705.183999993,"[-0.122451, 0.118855, 0.637663, -0.099014, -0.073032, 0.551341]"
CONTROL,24358784.65400015,"[-0.120235, 0.118148, 0.639466, -0.100645, -0.075274, 0.554673]"
CONTROL,24378866.621000044,"[-0.117943, 0.117272, 0.641132, -0.102021, -0.077371, 0.557788]"
CONTROL,24398946.44300011,"[-0.115577, 0.11623, 0.642658, -0.10314, -0.079317, 0.560676]"
CONTROL,24419024.921000075,"[-0.113138, 0.115023, 0.644044, -0.103998, -0.081111, 0.563325]"
CONTROL,24439103.942999963,"[-0.110627, 0.113652, 0.645287, -0.104594, -0.082747, 0.565723]"
CONTROL,24459183.349000115,"[-0.108046, 0.112119, 0.646388, -0.104925, -0.084223, 0.567862]"
CONTROL,24479262.883000046,"[-0.105397, 0.110428, 0.647343, -0.104992, -0.085537, 0.569733]"
CONTROL,24499342.577000108,"[-0.102682, 0.108579, 0.648153, -0.104793, -0.086685, 0.571329]"
CONTROL,24519422.846999988,"[-0.099902, 0.106576, 0.648817, -0.104329, -0.087665, 0.572644]"
CONTROL,24539504.58899999,"[-0.097058, 0.104422, 0.649334, -0.103602, -0.088476, 0.573672]"
CONTROL,24559587.16400005,"[-0.094154, 0.102119, 0.649704, -0.102613, -0.089115, 0.574409]"
CONTROL,24579669.930000138,"[-0.09119, 0.099672, 0.649926, -0.101365, -0.089583, 0.574852]"
CONTROL,24599750.456000037,"[-0.088168, 0.097082, 0.65, -0.099861, -0.089877, 0.575]"
CONTROL,24619831.621999994,"[-0.08509, 0.094355, 0.649926, -0.098105, -0.089997, 0.574852]"
CONTROL,24639911.63600008,"[-0.081959, 0.091493, 0.649704, -0.0961, -0.089943, 0.574409]"
CONTROL,24659990.946000107,"[-0.078776, 0.088502, 0.649334, -0.093853, -0.089715, 0.573672]"
CONTROL,24680072.655999992,"[-0.075543, 0.085384, 0.648817, -0.091369, -0.089314, 0.572644]"
CONTROL,24700151.679000102,"[-0.072263, 0.082146, 0.648153, -0.088654, -0.08874, 0.571329]"
CONTROL,24720231.021000016,"[-0.068937, 0.07879, 0.647343, -0.085716, -0.087994, 0.569733]"
CONTROL,24740311.61100015,"[-0.065567, 0.075323, 0.646388, -0.08256, -0.087078, 0.567862]"
CONTROL,24760390.98499996,"[-0.062156, 0.071749, 0.645287, -0.079196, -0.085994, 0.565723]"
CONTROL,24780470.294999987,"[-0.058706, 0.068072, 0.644044, -0.075632, -0.084743, 0.563325]"
CONTROL,24800550.596999984,"[-0.055219, 0.064299, 0.642658, -0.071877, -0.083328, 0.560676]"
CONTROL,24820631.05900011,"[-0.051696, 0.060435, 0.641132, -0.067941, -0.081753, 0.557788]"
CONTROL,24840711.200999975,"[-0.048142, 0.056484, 0.639466, -0.063833, -0.080019, 0.554673]"
CONTROL,24860791.69499999,"[-0.044556, 0.052454, 0.637663, -0.059563, -0.07813, 0.551341]"
CONTROL,24880872.318,"[-0.040943, 0.048349, 0.635724, -0.055143, -0.07609, 0.547807]"
CONTROL,24900952.87600002,"[-0.037303, 0.044175, 0.633651, -0.050584, -0.073903, 0.544084]"
CONTROL,24921034.970000163,"[-0.033641, 0.039938, 0.631446, -0.045897, -0.071574, 0.540187]"
CONTROL,24941114.632000107,"[-0.029956, 0.035645, 0.629111, -0.041094, -0.069105, 0.536132]"
CONTROL,24961195.15800001,"[-0.026253, 0.031301, 0.626649, -0.036188, -0.066503, 0.531933]"
CONTROL,24981274.46800004,"[-0.022534, 0.026912, 0.624062, -0.031189, -0.063773, 0.527609]"
CONTROL,25001356.945999987,"[-0.0188, 0.022486, 0.621353, -0.026112, -0.060919, 0.523176]"
CONTROL,25021436.224000126,"[-0.015054, 0.018027, 0.618523, -0.02097, -0.057947, 0.518652]"
CONTROL,25041517.26300006,"[-0.011299, 0.013543, 0.615577, -0.015774, -0.054863, 0.514054]"
CONTROL,25061598.36500001,"[-0.007537, 0.009039, 0.612517, -0.010538, -0.051673, 0.5094]"
CONTROL,25081678.635000117,"[-0.00377, 0.004523, 0.609345, -0.005276, -0.048383, 0.504709]"
CONTROL,25101759.129000127,"[-0.0, 0.0, 0.606066, -0.0, -0.045, 0.5]"
CONTROL,25121905.035000056,"[0.00377, -0.004523, 0.602682, 0.005276, -0.04153, 0.495291]"
CONTROL,25141984.95300002,"[0.007537, -0.009039, 0.599197, 0.010538, -0.037979, 0.4906]"
CONTROL,25162064.167000152,"[0.011299, -0.013543, 0.595614, 0.015774, -0.034354, 0.485946]"
CONTROL,25182142.54899999,"[0.015054, -0.018027, 0.591936, 0.02097, -0.030664, 0.481348]"
CONTROL,25202221.85900002,"[0.0188, -0.022486, 0.588168, 0.026112, -0.026914, 0.476824]"
CONTROL,25222301.776999984,"[0.022534, -0.026912, 0.584313, 0.031189, -0.023112, 0.472391]"
CONTROL,25242383.16700007,"[0.026253, -0.031301, 0.580374, 0.036188, -0.019265, 0.468067]"
CONTROL,25262463.43699995,"[0.029956, -0.035645, 0.576356, 0.041094, -0.015381, 0.463868]"
CONTROL,25282542.71500009,"[0.033641, -0.039938, 0.572263, 0.045897, -0.011467, 0.459813]"
CONTROL,25302623.305999987,"[0.037303, -0.044175, 0.568099, 0.050584, -0.007531, 0.455916]"
CONTROL,25322704.952000096,"[0.040943, -0.048349, 0.563867, 0.055143, -0.00358, 0.452193]"
CONTROL,25342785.41399999,"[0.044556, -0.052454, 0.559572, 0.059563, 0.000377, 0.448659]"
CONTROL,25362866.516000167,"[0.048142, -0.056484, 0.555219, 0.063833, 0.004334, 0.445327]"
CONTROL,25382948.83499998,"[0.051696, -0.060435, 0.550811, 0.067941, 0.008282, 0.442212]"
CONTROL,25403030.192999948,"[0.055219, -0.064299, 0.546353, 0.071877, 0.012214, 0.439324]"
CONTROL,25423110.71900008,"[0.058706, -0.068072, 0.541849, 0.075632, 0.016123, 0.436675]"
CONTROL,25443190.41300014,"[0.062156, -0.071749, 0.537303, 0.079196, 0.020001, 0.434277]"
CONTROL,25463270.94000003,"[0.065567, -0.075323, 0.532721, 0.08256, 0.023839, 0.432138]"
CONTROL,25483350.986000005,"[0.068937, -0.07879, 0.528107, 0.085716, 0.027632, 0.430267]"
CONTROL,25503432.728000008,"[0.072263, -0.082146, 0.523465, 0.088654, 0.031371, 0.428671]"
CONTROL,25523513.798000067,"[0.075543, -0.085384, 0.5188, 0.091369, 0.03505, 0.427356]"
CONTROL,25543594.13300017,"[0.078776, -0.088502, 0.514116, 0.093853, 0.038661, 0.426328]"
CONTROL,25563674.818999972,"[0.081959, -0.091493, 0.509419, 0.0961, 0.042197, 0.425591]"
CONTROL,25583755.697000016,"[0.08509, -0.094355, 0.504712, 0.098105, 0.045651, 0.425148]"
CONTROL,25603835.550999973,"[0.088168, -0.097082, 0.5, 0.099861, 0.049018, 0.425]"
CONTROL,25623915.40500016,"[0.09119, -0.099672, 0.495288, 0.101365, 0.052289, 0.425148]"
CONTROL,25643995.099999983,"[0.094154, -0.102119, 0.490581, 0.102613, 0.055459, 0.425591]"
CONTROL,25664075.4980001,"[0.097058, -0.104422, 0.485884, 0.103602, 0.058522, 0.426328]"
CONTROL,25684156.44000015,"[0.099902, -0.106576, 0.4812, 0.104329, 0.061472, 0.427356]"
CONTROL,25704237.030000057,"[0.102682, -0.108579, 0.476535, 0.104793, 0.064303, 0.428671]"
CONTROL,25724318.709000044,"[0.105397, -0.110428, 0.471893, 0.104992, 0.067009, 0.430267]"
CONTROL,25744397.79500017,"[0.108046, -0.112119, 0.467279, 0.104925, 0.069586, 0.432138]"
CONTROL,25764478.257000063,"[0.110627, -0.113652, 0.462697, 0.104594, 0.072028, 0.434277]"
CONTROL,25784558.367000043,"[0.113138, -0.115023, 0.458151, 0.103998, 0.074331, 0.436675]"
CONTROL,25804638.605000038,"[0.115577, -0.11623, 0.453647, 0.10314, 0.07649, 0.439324]"
CONTROL,25824721.211999986,"[0.117943, -0.117272, 0.449189, 0.102021, 0.078502, 0.442212]"
CONTROL,25844801.22600007,"[0.120235, -0.118148, 0.444781, 0.100645, 0.080361, 0.445327]"
CONTROL,25864881.08000003,"[0.122451, -0.118855, 0.440428, 0.099014, 0.082065, 0.448659]"
CONTROL,25884962.05399997,"[0.124589, -0.119394, 0.436133, 0.097133, 0.08361, 0.452193]"
CONTROL,25905043.093000133,"[0.126649, -0.119763, 0.431901, 0.095007, 0.084994, 0.455916]"
CONTROL,25925124.67500001,"[0.128629, -0.119962, 0.427737, 0.092641, 0.086213, 0.459813]"
CONTROL,25945205.13700013,"[0.130528, -0.119991, 0.423644, 0.09004, 0.087265, 0.463868]"
CONTROL,25965286.78300001,"[0.132344, -0.119848, 0.419626, 0.087213, 0.088149, 0.468067]"
CONTROL,25985368.11000008,"[0.134076, -0.119536, 0.415687, 0.084165, 0.088862, 0.472391]"
CONTROL,26005448.63599998,"[0.135724, -0.119054, 0.411832, 0.080904, 0.089404, 0.476824]"
CONTROL,26025528.138000026,"[0.137286, -0.118402, 0.408064, 0.077439, 0.089772, 0.481348]"
CONTROL,26045607.64000007,"[0.138762, -0.117583, 0.404386, 0.073778, 0.089967, 0.485946]"
CONTROL,26065689.382000074,"[0.140149, -0.116596, 0.400803, 0.069931, 0.089987, 0.4906]"
CONTROL,26085770.06900009,"[0.141449, -0.115443, 0.397318, 0.065908, 0.089834, 0.495291]"
CONTROL,26105849.763000153,"[0.142658, -0.114127, 0.393934, 0.061717, 0.089507, 0.5]"
CONTROL,26125995.092000037,"[0.143778, -0.112648, 0.390655, 0.057371, 0.089007, 0.504709]"
CONTROL,26146077.09100005,"[0.144807, -0.111009, 0.387483, 0.05288, 0.088334, 0.5094]"
CONTROL,26166157.20100003,"[0.145745, -0.109213, 0.384423, 0.048256, 0.087491, 0.514054]"
CONTROL,26186238.17499997,"[0.14659, -0.107261, 0.381477, 0.043509, 0.086479, 0.518652]"
CONTROL,26206318.31700007,"[0.147343, -0.105157, 0.378647, 0.038653, 0.085299, 0.523176]"
CONTROL,26226396.732000012,"[0.148003, -0.102903, 0.375938, 0.033699, 0.083955, 0.527609]"
CONTROL,26246477.578000166,"[0.148569, -0.100503, 0.373351, 0.02866, 0.082447, 0.531933]"
CONTROL,26266557.784000043,"[0.149042, -0.097961, 0.370889, 0.023548, 0.080781, 0.536132]"
CONTROL,26286638.37399995,"[0.14942, -0.095279, 0.368554, 0.018377, 0.078958, 0.540187]"
CONTROL,26306718.45300003,"[0.149704, -0.092462, 0.366349, 0.01316, 0.076983, 0.544084]"
CONTROL,26326798.531000122,"[0.149893, -0.089513, 0.364276, 0.007909, 0.074858, 0.547807]"
CONTROL,26346879.441000056,"[0.149988, -0.086437, 0.362337, 0.002639, 0.072589, 0.551341]"
CONTROL,26366960.543999992,"[0.149988, -0.083238, 0.360534, -0.002639, 0.07018, 0.554673]"
CONTROL,26387040.878000107,"[0.149893, -0.079921, 0.358868, -0.007909, 0.067635, 0.557788]"
CONTROL,26407120.924000084,"[0.149704, -0.076491, 0.357342, -0.01316, 0.064958, 0.560676]"
CONTROL,26427201.73900011,"[0.14942, -0.072952, 0.355956, -0.018377, 0.062157, 0.563325]"
CONTROL,26447283.22500009,"[0.149042, -0.069309, 0.354713, -0.023548, 0.059235, 0.565723]"
CONTROL,26467364.135000024,"[0.148569, -0.065567, 0.353612, -0.02866, 0.056198, 0.567862]"
CONTROL,26487444.918000165,"[0.148003, -0.061733, 0.352657, -0.033699, 0.053053, 0.569733]"
CONTROL,26507525.70000009,"[0.147343, -0.05781, 0.351847, -0.038653, 0.049805, 0.571329]"
CONTROL,26527607.44200009,"[0.14659, -0.053806, 0.351183, -0.043509, 0.046461, 0.572644]"
CONTROL,26547689.05700007,"[0.145745, -0.049725, 0.350666, -0.048256, 0.043027, 0.573672]"
CONTROL,26567769.19900017,"[0.144807, -0.045573, 0.350296, -0.05288, 0.03951, 0.574409]"
CONTROL,26587851.580999997,"[0.143778, -0.041357, 0.350074, -0.057371, 0.035916, 0.574852]"
CONTROL,26607933.195999976,"[0.142658, -0.037082, 0.35, -0.061717, 0.032253, 0.575]"
CONTROL,26628015.06599999,"[0.141449, -0.032754, 0.350074, -0.065908, 0.028528, 0.574852]"
CONTROL,26648095.239999976,"[0.140149, -0.02838, 0.350296, -0.069931, 0.024747, 0.574409]"
CONTROL,26668174.807000015,"[0.138762, -0.023965, 0.350666, -0.073778, 0.020918, 0.573672]"
CONTROL,26688256.164999984,"[0.137286, -0.019516, 0.351183, -0.077439, 0.017049, 0.572644]"
CONTROL,26708336.307000082,"[0.135724, -0.01504, 0.351847, -0.080904, 0.013147, 0.571329]"
CONTROL,26728415.554000095,"[0.134076, -0.010542, 0.352657, -0.084165, 0.00922, 0.569733]"
CONTROL,26748496.752000164,"[0.132344, -0.006029, 0.353612, -0.087213, 0.005275, 0.567862]"
CONTROL,26768578.270000033,"[0.130528, -0.001508, 0.354713, -0.09004, 0.001319, 0.565723]"
CONTROL,26788657.64500006,"[0.128629, 0.003016, 0.355956, -0.092641, -0.002639, 0.563325]"
CONTROL,26808739.22700016,"[0.126649, 0.007535, 0.357342, -0.095007, -0.006591, 0.560676]"
CONTROL,26828819.81700007,"[0.124589, 0.012043, 0.358868, -0.097133, -0.010532, 0.557788]"
CONTROL,26848899.095999967,"[0.122451, 0.016535, 0.360534, -0.099014, -0.014451, 0.554673]"
CONTROL,26868981.157999996,"[0.120235, 0.021003, 0.362337, -0.100645, -0.018343, 0.551341]"
CONTROL,26889061.331999984,"[0.117943, 0.025441, 0.364276, -0.102021, -0.022199, 0.547807]"
CONTROL,26909140.994000155,"[0.115577, 0.029843, 0.366349, -0.10314, -0.026013, 0.544084]"
CONTROL,26929221.393000033,"[0.113138, 0.034202, 0.368554, -0.103998, -0.029776, 0.540187]"
CONTROL,26949301.919000164,"[0.110627, 0.038513, 0.370889, -0.104594, -0.033481, 0.536132]"
CONTROL,26969382.093000147,"[0.108046, 0.042769, 0.373351, -0.104925, -0.037122, 0.531933]"
CONTROL,26989461.787999973,"[0.105397, 0.046965, 0.375938, -0.104992, -0.040691, 0.527609]"
CONTROL,27009542.666000016,"[0.102682, 0.051094, 0.378647, -0.104793, -0.044181, 0.523176]"
CONTROL,27029622.872000117,"[0.099902, 0.05515, 0.381477, -0.104329, -0.047586, 0.518652]"
CONTROL,27049702.758999955,"[0.097058, 0.059127, 0.384423, -0.103602, -0.050899, 0.514054]"
CONTROL,27069781.653000064,"[0.094154, 0.063021, 0.387483, -0.102613, -0.054113, 0.5094]"
CONTROL,27089861.475000136,"[0.09119, 0.066825, 0.390655, -0.101365, -0.057223, 0.504709]"
CONTROL,27109941.969000146,"[0.088168, 0.070534, 0.393934, -0.099861, -0.060222, 0.5]"
CONTROL,27130085.85900002,"[0.08509, 0.074143, 0.397318, -0.098105, -0.063104, 0.495291]"
CONTROL,27150165.712999977,"[0.081959, 0.077647, 0.400803, -0.0961, -0.065865, 0.4906]"
CONTROL,27170246.36800011,"[0.078776, 0.08104, 0.404386, -0.093853, -0.068498, 0.485946]"
CONTROL,27190325.710000023,"[0.075543, 0.084318, 0.408064, -0.091369, -0.070998, 0.481348]"
CONTROL,27210405.563999984,"[0.072263, 0.087476, 0.411832, -0.088654, -0.073362, 0.476824]"
CONTROL,27230485.258000046,"[0.068937, 0.09051, 0.415687, -0.085716, -0.075583, 0.472391]"
CONTROL,27250566.457000103,"[0.065567, 0.093415, 0.419626, -0.08256, -0.077658, 0.468067]"
CONTROL,27270653.25600006,"[0.062156, 0.096188, 0.423644, -0.079196, -0.079583, 0.463868]"
CONTROL,27290737.20600013,"[0.058706, 0.098824, 0.427737, -0.075632, -0.081354, 0.459813]"
CONTROL,27310817.957000155,"[0.055219, 0.101319, 0.431901, -0.071877, -0.082968, 0.455916]"
CONTROL,27330901.363000065,"[0.051696, 0.103671, 0.436133, -0.067941, -0.084421, 0.452193]"
CONTROL,27350981.761999946,"[0.048142, 0.105875, 0.440428, -0.063833, -0.085711, 0.448659]"
CONTROL,27371061.424000118,"[0.044556, 0.107929, 0.444781, -0.059563, -0.086835, 0.445327]"
CONTROL,27391145.79000011,"[0.040943, 0.109829, 0.449189, -0.055143, -0.087791, 0.442212]"
CONTROL,27411226.02900009,"[0.037303, 0.111573, 0.453647, -0.050584, -0.088578, 0.439324]"
CONTROL,27431307.38700006,"[0.033641, 0.113159, 0.458151, -0.045897, -0.089193, 0.436675]"
CONTROL,27451386.601999957,"[0.029956, 0.114584, 0.462697, -0.041094, -0.089635, 0.434277]"
CONTROL,27471467.864000034,"[0.026253, 0.115846, 0.467279, -0.036188, -0.089904, 0.432138]"
CONTROL,27491548.58300017,"[0.022534, 0.116943, 0.471893, -0.031189, -0.09, 0.430267]"
CONTROL,27511628.341000006,"[0.0188, 0.117874, 0.476535, -0.026112, -0.089921, 0.428671]"
CONTROL,27531708.611000113,"[0.015054, 0.118638, 0.4812, -0.02097, -0.089668, 0.427356]"
CONTROL,27551788.850000095,"[0.011299, 0.119233, 0.485884, -0.015774, -0.089242, 0.426328]"
CONTROL,27571869.504000004,"[0.007537, 0.119659, 0.490581, -0.010538, -0.088644, 0.425591]"
CONTROL,27591949.613999985,"[0.00377, 0.119915, 0.495288, -0.005276, -0.087873, 0.425148]"
CONTROL,27612038.62100001,"[0.0, 0.12, 0.5, -0.0, -0.086933, 0.425]"
CONTROL,27632118.956000112,"[-0.00377, 0.119915, 0.504712, 0.005276, -0.085825, 0.425148]"
CONTROL,27652199.706000146,"[-0.007537, 0.119659, 0.509419, 0.010538, -0.084551, 0.425591]"
CONTROL,27672280.425000053,"[-0.011299, 0.119233, 0.514116, 0.015774, -0.083113, 0.426328]"
CONTROL,27692362.007000156,"[-0.015054, 0.118638, 0.5188, 0.02097, -0.081515, 0.427356]"
CONTROL,27712441.636999983,"[-0.0188, 0.117874, 0.523465, 0.026112, -0.079758, 0.428671]"
CONTROL,27732538.900999997,"[-0.022534, 0.116943, 0.528107, 0.031189, -0.077848, 0.430267]"
CONTROL,27752634.180000085,"[-0.026253, 0.115846, 0.532721, 0.036188, -0.075787, 0.432138]"
CONTROL,27772715.986000095,"[-0.029956, 0.114584, 0.537303, 0.041094, -0.073579, 0.434277]"
CONTROL,27792797.313000165,"[-0.033641, 0.113159, 0.541849, 0.045897, -0.071229, 0.436675]"
CONTROL,27812881.167000115,"[-0.037303, 0.111573, 0.546353, 0.050584, -0.068742, 0.439324]"
CONTROL,27832962.749999978,"[-0.040943, 0.109829, 0.550811, 0.055143, -0.066121, 0.442212]"
CONTROL,27853044.61999999,"[-0.044556, 0.107929, 0.555219, 0.059563, -0.063372, 0.445327]"
CONTROL,27873124.73099996,"[-0.048142, 0.105875, 0.559572, 0.063833, -0.060501, 0.448659]"
CONTROL,27893206.88900011,"[-0.051696, 0.103671, 0.563867, 0.067941, -0.057513, 0.452193]"
CONTROL,27913285.047000043,"[-0.055219, 0.101319, 0.568099, 0.071877, -0.054414, 0.455916]"
CONTROL,27933367.046000056,"[-0.058706, 0.098824, 0.572263, 0.075632, -0.051209, 0.459813]"
CONTROL,27953447.25200016,"[-0.062156, 0.096188, 0.576356, 0.079196, -0.047906, 0.463868]"
CONTROL,27973527.61900015,"[-0.065567, 0.093415, 0.580374, 0.08256, -0.044509, 0.468067]"
CONTROL,27993609.489000164,"[-0.068937, 0.09051, 0.584313, 0.085716, -0.041027, 0.472391]"
CONTROL,28013687.35899996,"[-0.072263, 0.087476, 0.588168, 0.088654, -0.037465, 0.476824]"
CONTROL,28033768.878000047,"[-0.075543, 0.084318, 0.591936, 0.091369, -0.033831, 0.481348]"
CONTROL,28053848.732000005,"[-0.078776, 0.08104, 0.595614, 0.093853, -0.030131, 0.485946]"
CONTROL,28073929.515000146,"[-0.081959, 0.077647, 0.599197, 0.0961, -0.026374, 0.4906]"
CONTROL,28094012.024999984,"[-0.08509, 0.074143, 0.602682, 0.098105, -0.022565, 0.495291]"
CONTROL,28114090.66300007,"[-0.088168, 0.070534, 0.606066, 0.099861, -0.018712, 0.5]"
CONTROL,28134267.643000156,"[-0.09119, 0.066825, 0.609345, 0.101365, -0.014823, 0.504709]"
CONTROL,28154347.721000023,"[-0.094154, 0.063021, 0.612517, 0.102613, -0.010906, 0.5094]"
CONTROL,28174427.928000115,"[-0.097058, 0.059127, 0.615577, 0.103602, -0.006967, 0.514054]"
CONTROL,28194506.7260001,"[-0.099902, 0.05515, 0.618523, 0.104329, -0.003015, 0.518652]"
CONTROL,28214587.540000137,"[-0.102682, 0.051094, 0.621353, 0.104793, 0.000942, 0.523176]"
CONTROL,28234665.73099995,"[-0.105397, 0.046965, 0.624062, 0.104992, 0.004898, 0.527609]"
CONTROL,28254745.77700015,"[-0.108046, 0.042769, 0.626649, 0.104925, 0.008845, 0.531933]"
CONTROL,28274825.632000104,"[-0.110627, 0.038513, 0.629111, 0.104594, 0.012774, 0.536132]"
CONTROL,28294905.19800015,"[-0.113138, 0.034202, 0.631446, 0.103998, 0.016679, 0.540187]"
CONTROL,28314984.9240001,"[-0.115577, 0.029843, 0.633651, 0.10314, 0.020552, 0.544084]"
CONTROL,28335062.667000104,"[-0.117943, 0.025441, 0.635724, 0.102021, 0.024384, 0.547807]"
CONTROL,28355141.817,"[-0.120235, 0.021003, 0.637663, 0.100645, 0.02817, 0.551341]"
CONTROL,28375220.743999988,"[-0.122451, 0.016535, 0.639466, 0.099014, 0.031901, 0.554673]"
CONTROL,28395300.31000004,"[-0.124589, 0.012043, 0.641132, 0.097133, 0.03557, 0.557788]"
CONTROL,28415379.268000152,"[-0.126649, 0.007535, 0.642658, 0.095007, 0.039171, 0.560676]"
CONTROL,28435460.78700001,"[-0.128629, 0.003016, 0.644044, 0.092641, 0.042696, 0.563325]"
CONTROL,28455541.47400003,"[-0.130528, -0.001508, 0.645287, 0.09004, 0.046138, 0.565723]"
CONTROL,28475622.44799997,"[-0.132344, -0.006029, 0.646388, 0.087213, 0.049491, 0.567862]"
CONTROL,28495700.094000086,"[-0.134076, -0.010542, 0.647343, 0.084165, 0.052748, 0.569733]"
CONTROL,28515779.949000034,"[-0.135724, -0.01504, 0.648153, 0.080904, 0.055903, 0.571329]"
CONTROL,28535861.435000014,"[-0.137286, -0.019516, 0.648817, 0.077439, 0.05895, 0.572644]"
CONTROL,28555946.250000034,"[-0.138762, -0.023965, 0.649334, 0.073778, 0.061884, 0.573672]"
CONTROL,28576023.00000008,"[-0.140149, -0.02838, 0.649704, 0.069931, 0.064697, 0.574409]"
CONTROL,28596105.54300002,"[-0.141449, -0.032754, 0.649926, 0.065908, 0.067385, 0.574852]"
CONTROL,28616186.006000135,"[-0.142658, -0.037082, 0.65, 0.061717, 0.069943, 0.575]"
CONTROL,28636307.30199998,"[-0.143778, -0.041357, 0.649926, 0.057371, 0.072366, 0.574852]"
CONTROL,28656398.996999998,"[-0.144807, -0.045573, 0.649704, 0.05288, 0.074648, 0.574409]"
CONTROL,28676483.14000007,"[-0.145745, -0.049725, 0.649334, 0.048256, 0.076787, 0.573672]"
CONTROL,28696563.57000008,"[-0.14659, -0.053806, 0.648817, 0.043509, 0.078777, 0.572644]"
CONTROL,28716643.64900016,"[-0.147343, -0.05781, 0.648153, 0.038653, 0.080614, 0.571329]"
CONTROL,28736725.231000036,"[-0.148003, -0.061733, 0.647343, 0.033699, 0.082296, 0.569733]"
CONTROL,28756806.333999977,"[-0.148569, -0.065567, 0.646388, 0.02866, 0.083818, 0.567862]"
CONTROL,28776886.18800016,"[-0.149042, -0.069309, 0.645287, 0.023548, 0.085178, 0.565723]"
CONTROL,28796966.74700017,"[-0.14942, -0.072952, 0.644044, 0.018377, 0.086374, 0.563325]"
CONTROL,28817046.409000114,"[-0.149704, -0.076491, 0.642658, 0.01316, 0.087402, 0.560676]"
CONTROL,28837126.29599995,"[-0.149893, -0.079921, 0.641132, 0.007909, 0.088261, 0.557788]"
CONTROL,28857205.190000057,"[-0.149988, -0.083238, 0.639466, 0.002639, 0.08895, 0.554673]"
CONTROL,28877285.493000045,"[-0.149988, -0.086437, 0.637663, -0.002639, 0.089467, 0.551341]"
CONTROL,28897365.923000053,"[-0.149893, -0.089513, 0.635724, -0.007909, 0.08981, 0.547807]"
CONTROL,28917446.45000017,"[-0.149704, -0.092462, 0.633651, -0.01316, 0.08998, 0.544084]"
CONTROL,28937527.520000003,"[-0.14942, -0.095279, 0.631446, -0.018377, 0.089976, 0.540187]"
CONTROL,28957606.607000116,"[-0.149042, -0.097961, 0.629111, -0.023548, 0.089798, 0.536132]"
CONTROL,28977687.48500016,"[-0.148569, -0.100503, 0.626649, -0.02866, 0.089446, 0.531933]"
CONTROL,28997767.59600013,"[-0.148003, -0.102903, 0.624062, -0.033699, 0.088921, 0.527609]"
CONTROL,29017847.32200008,"[-0.147343, -0.105157, 0.621353, -0.038653, 0.088224, 0.523176]"
CONTROL,29037938.02500013,"[-0.14659, -0.107261, 0.618523, -0.043509, 0.087357, 0.518652]"
CONTROL,29058019.704000115,"[-0.145745, -0.109213, 0.615577, -0.048256, 0.08632, 0.514054]"
CONTROL,29078100.518000156,"[-0.144807, -0.111009, 0.612517, -0.05288, 0.085117, 0.5094]"
CONTROL,29098182.26100015,"[-0.143778, -0.112648, 0.609345, -0.057371, 0.083749, 0.504709]"
CONTROL,29118263.779000018,"[-0.142658, -0.114127, 0.606066, -0.061717, 0.082219, 0.5]"
CONTROL,29138422.806000106,"[-0.141449, -0.115443, 0.602682, -0.065908, 0.08053, 0.495291]"
CONTROL,29158504.676000122,"[-0.140149, -0.116596, 0.599197, -0.069931, 0.078685, 0.4906]"
CONTROL,29178586.2910001,"[-0.138762, -0.117583, 0.595614, -0.073778, 0.076688, 0.485946]"
CONTROL,29198665.345000107,"[-0.137286, -0.118402, 0.591936, -0.077439, 0.074543, 0.481348]"
CONTROL,29218745.96800012,"[-0.135724, -0.119054, 0.588168, -0.080904, 0.072254, 0.476824]"
CONTROL,29238826.558000028,"[-0.134076, -0.119536, 0.584313, -0.084165, 0.069824, 0.472391]"
CONTROL,29258907.085000146,"[-0.132344, -0.119848, 0.580374, -0.087213, 0.06726, 0.468067]"
CONTROL,29278987.54800003,"[-0.130528, -0.119991, 0.576356, -0.09004, 0.064566, 0.463868]"
CONTROL,29299067.94600015,"[-0.128629, -0.119962, 0.572263, -0.092641, 0.061747, 0.459813]"
CONTROL,29319147.448999956,"[-0.126649, -0.119763, 0.568099, -0.095007, 0.058808, 0.455916]"
CONTROL,29339227.271000028,"[-0.124589, -0.119394, 0.563867, -0.097133, 0.055755, 0.452193]"
CONTROL,29359307.222000096,"[-0.122451, -0.118855, 0.559572, -0.099014, 0.052595, 0.448659]"
CONTROL,29379387.332000077,"[-0.120235, -0.118148, 0.555219, -0.100645, 0.049333, 0.445327]"
CONTROL,29399467.635000065,"[-0.117943, -0.117272, 0.550811, -0.102021, 0.045976, 0.442212]"
CONTROL,29419546.465000167,"[-0.115577, -0.11623, 0.546353, -0.10314, 0.04253, 0.439324]"
CONTROL,29439625.808000073,"[-0.113138, -0.115023, 0.541849, -0.103998, 0.039001, 0.436675]"
CONTROL,29459705.98200006,"[-0.110627, -0.113652, 0.537303, -0.104594, 0.035397, 0.434277]"
CONTROL,29479785.83700001,"[-0.108046, -0.112119, 0.532721, -0.104925, 0.031725, 0.432138]"
CONTROL,29499863.86700016,"[-0.105397, -0.110428, 0.528107, -0.104992, 0.027991, 0.430267]"
CONTROL,29519944.873999976,"[-0.102682, -0.108579, 0.523465, -0.104793, 0.024203, 0.428671]"
CONTROL,29540024.793000158,"[-0.099902, -0.106576, 0.5188, -0.104329, 0.020368, 0.427356]"
CONTROL,29560106.98299997,"[-0.097058, -0.104422, 0.514116, -0.103602, 0.016494, 0.426328]"
CONTROL,29580187.31800007,"[-0.094154, -0.102119, 0.509419, -0.102613, 0.012588, 0.425591]"
CONTROL,29600267.49200006,"[-0.09119, -0.099672, 0.504712, -0.101365, 0.008657, 0.425148]"
CONTROL,29620347.667000033,"[-0.088168, -0.097082, 0.5, -0.099861, 0.00471, 0.425]"
CONTROL,29640427.810000118,"[-0.08509, -0.094355, 0.495288, -0.098105, 0.000754, 0.425148]"
CONTROL,29660567.442999993,"[-0.081959, -0.091493, 0.490581, -0.0961, -0.003204, 0.425591]"
CONTROL,29680662.69099995,"[-0.078776, -0.088502, 0.485884, -0.093853, -0.007155, 0.426328]"
CONTROL,29700748.04900014,"[-0.075543, -0.085384, 0.4812, -0.091369, -0.011093, 0.427356]"
CONTROL,29720831.23200014,"[-0.072263, -0.082146, 0.476535, -0.088654, -0.015009, 0.428671]"
CONTROL,29740912.750999995,"[-0.068937, -0.07879, 0.471893, -0.085716, -0.018896, 0.430267]"
CONTROL,29760993.91699995,"[-0.065567, -0.075323, 0.467279, -0.08256, -0.022747, 0.432138]"
CONTROL,29781075.596000165,"[-0.062156, -0.071749, 0.462697, -0.079196, -0.026554, 0.434277]"
CONTROL,29801156.346999962,"[-0.058706, -0.068072, 0.458151, -0.075632, -0.030309, 0.436675]"
CONTROL,29821238.057000075,"[-0.055219, -0.064299, 0.453647, -0.071877, -0.034006, 0.439324]"
CONTROL,29841317.656,"[-0.051696, -0.060435, 0.449189, -0.067941, -0.037637, 0.442212]"
CONTROL,29861397.414000068,"[-0.048142, -0.056484, 0.444781, -0.063833, -0.041195, 0.445327]"
CONTROL,29881477.33300002,"[-0.044556, -0.052454, 0.440428, -0.059563, -0.044673, 0.448659]"
CONTROL,29901555.42699995,"[-0.040943, -0.048349, 0.436133, -0.055143, -0.048065, 0.452193]"
CONTROL,29921636.210000087,"[-0.037303, -0.044175, 0.431901, -0.050584, -0.051364, 0.455916]"
CONTROL,29941716.096000165,"[-0.033641, -0.039938, 0.427737, -0.045897, -0.054564, 0.459813]"
CONTROL,29961796.239000022,"[-0.029956, -0.035645, 0.423644, -0.041094, -0.057658, 0.463868]"
CONTROL,29981875.67800005,"[-0.026253, -0.031301, 0.419626, -0.036188, -0.060641, 0.468067]"
CONTROL,30001954.15600001,"[-0.022534, -0.026912, 0.415687, -0.031189, -0.063506, 0.472391]"
CONTROL,30022033.56300015,"[-0.0188, -0.022486, 0.411832, -0.026112, -0.066249, 0.476824]"
CONTROL,30042112.489000145,"[-0.015054, -0.018027, 0.408064, -0.02097, -0.068863, 0.481348]"
CONTROL,30062193.080000043,"[-0.011299, -0.013543, 0.404386, -0.015774, -0.071344, 0.485946]"
CONTROL,30082273.60600017,"[-0.007537, -0.009039, 0.400803, -0.010538, -0.073688, 0.4906]"
CONTROL,30102353.2050001,"[-0.00377, -0.004523, 0.397318, -0.005276, -0.075888, 0.495291]"
CONTROL,30122433.60299999,"[-0.0, -0.0, 0.393934, -0.0, -0.077942, 0.5]"
CONTROL,30142583.54200001,"[0.00377, 0.004523, 0.390655, 0.005276, -0.079845, 0.504709]"
CONTROL,30162662.916000046,"[0.007537, 0.009039, 0.387483, 0.010538, -0.081594, 0.5094]"
CONTROL,30182742.25899995,"[0.011299, 0.013543, 0.384423, 0.015774, -0.083185, 0.514054]"
CONTROL,30202822.52900006,"[0.015054, 0.018027, 0.381477, 0.02097, -0.084615, 0.518652]"
CONTROL,30222902.19199999,"[0.0188, 0.022486, 0.378647, 0.026112, -0.085882, 0.523176]"
CONTROL,30242989.310999975,"[0.022534, 0.026912, 0.375938, 0.031189, -0.086982, 0.527609]"
CONTROL,30263069.7730001,"[0.026253, 0.031301, 0.373351, 0.036188, -0.087914, 0.531933]"
CONTROL,30283149.27600013,"[0.029956, 0.035645, 0.370889, 0.041094, -0.088676, 0.536132]"
CONTROL,30303228.106999997,"[0.033641, 0.039938, 0.368554, 0.045897, -0.089267, 0.540187]"
CONTROL,30323310.20100014,"[0.037303, 0.044175, 0.366349, 0.050584, -0.089684, 0.544084]"
CONTROL,30343388.93600011,"[0.040943, 0.048349, 0.364276, 0.055143, -0.089929, 0.547807]"
CONTROL,30363467.606000084,"[0.044556, 0.052454, 0.362337, 0.059563, -0.089999, 0.551341]"
CONTROL,30383548.293000102,"[0.048142, 0.056484, 0.360534, 0.063833, -0.089896, 0.554673]"
CONTROL,30403627.988000154,"[0.051696, 0.060435, 0.358868, 0.067941, -0.089618, 0.557788]"
CONTROL,30423707.522000086,"[0.055219, 0.064299, 0.357342, 0.071877, -0.089167, 0.560676]"
CONTROL,30443787.664999947,"[0.058706, 0.068072, 0.355956, 0.075632, -0.088544, 0.563325]"
CONTROL,30463883.96900011,"[0.062156, 0.071749, 0.354713, 0.079196, -0.08775, 0.565723]"
CONTROL,30483963.055000003,"[0.065567, 0.075323, 0.353612, 0.08256, -0.086785, 0.567862]"
CONTROL,30504043.421999995,"[0.068937, 0.07879, 0.352657, 0.085716, -0.085653, 0.569733]"
CONTROL,30524122.540000007,"[0.072263, 0.082146, 0.351847, 0.088654, -0.084355, 0.571329]"
CONTROL,30544202.36300007,"[0.075543, 0.085384, 0.351183, 0.091369, -0.082894, 0.572644]"
CONTROL,30564282.28200002,"[0.078776, 0.088502, 0.350666, 0.093853, -0.081273, 0.573672]"
CONTROL,30584361.59200005,"[0.081959, 0.091493, 0.350296, 0.0961, -0.079495, 0.574409]"
CONTROL,30604443.335000042,"[0.08509, 0.094355, 0.350074, 0.098105, -0.077563, 0.574852]"
CONTROL,30624524.30999997,"[0.088168, 0.097082, 0.35, 0.099861, -0.07548, 0.575]"
CONTROL,30644603.491999988,"[0.09119, 0.099672, 0.350074, 0.101365, -0.073252, 0.574852]"
CONTROL,30664684.275000125,"[0.094154, 0.102119, 0.350296, 0.102613, -0.070882, 0.574409]"
CONTROL,30684803.07599998,"[0.097058, 0.104422, 0.350666, 0.103602, -0.068375, 0.573672]"
CONTROL,30704888.083000015,"[0.099902, 0.106576, 0.351183, 0.104329, -0.065736, 0.572644]"
CONTROL,30724968.897000052,"[0.102682, 0.108579, 0.351847, 0.104793, -0.06297, 0.571329]"
CONTROL,30745059.183999956,"[0.105397, 0.110428, 0.352657, 0.104992, -0.060082, 0.569733]"
CONTROL,30765142.015000038,"[0.108046, 0.112119, 0.353612, 0.104925, -0.057077, 0.567862]"
CONTROL,30785223.470000118,"[0.110627, 0.113652, 0.354713, 0.104594, -0.053962, 0.565723]"
CONTROL,30805304.66899995,"[0.113138, 0.115023, 0.355956, 0.103998, -0.050743, 0.563325]"
CONTROL,30825385.70700012,"[0.115577, 0.11623, 0.357342, 0.10314, -0.047426, 0.560676]"
CONTROL,30845468.76200011,"[0.117943, 0.117272, 0.358868, 0.102021, -0.044017, 0.557788]"
CONTROL,30865549.673000034,"[0.120235, 0.118148, 0.360534, 0.100645, -0.040523, 0.554673]"
CONTROL,30885631.384000134,"[0.122451, 0.118855, 0.362337, 0.099014, -0.03695, 0.551341]"
CONTROL,30905711.55800012,"[0.124589, 0.119394, 0.364276, 0.097133, -0.033306, 0.547807]"
CONTROL,30925792.085000012,"[0.126649, 0.119763, 0.366349, 0.095007, -0.029598, 0.544084]"
CONTROL,30945874.212000035,"[0.128629, 0.119962, 0.368554, 0.092641, -0.025832, 0.540187]"
CONTROL,30965954.290000126,"[0.130528, 0.119991, 0.370889, 0.09004, -0.022017, 0.536132]"
CONTROL,30986034.721000124,"[0.132344, 0.119848, 0.373351, 0.087213, -0.018159, 0.531933]"
CONTROL,31006116.624000017,"[0.134076, 0.119536, 0.375938, 0.084165, -0.014265, 0.527609]"
CONTROL,31026196.349999964,"[0.135724, 0.119054, 0.378647, 0.080904, -0.010344, 0.523176]"
CONTROL,31046276.813000076,"[0.137286, 0.118402, 0.381477, 0.077439, -0.006403, 0.518652]"
CONTROL,31066358.332000162,"[0.138762, 0.117583, 0.384423, 0.073778, -0.00245, 0.514054]"
CONTROL,31086438.09,"[0.140149, 0.116596, 0.387483, 0.069931, 0.001508, 0.5094]"
CONTROL,31106518.87300014,"[0.141449, 0.115443, 0.390655, 0.065908, 0.005463, 0.504709]"
CONTROL,31126600.26399999,"[0.142658, 0.114127, 0.393934, 0.061717, 0.009408, 0.5]"
CONTROL,31146749.65800009,"[0.143778, 0.112648, 0.397318, 0.057371, 0.013334, 0.495291]"
CONTROL,31166831.240999956,"[0.144807, 0.111009, 0.400803, 0.05288, 0.017234, 0.4906]"
CONTROL,31186912.24700001,"[0.145745, 0.109213, 0.404386, 0.048256, 0.021102, 0.485946]"
CONTROL,31206992.32600009,"[0.14659, 0.107261, 0.408064, 0.043509, 0.024928, 0.481348]"
CONTROL,31227075.093000166,"[0.147343, 0.105157, 0.411832, 0.038653, 0.028706, 0.476824]"
CONTROL,31247165.347999953,"[0.148003, 0.102903, 0.415687, 0.033699, 0.032429, 0.472391]"
CONTROL,31267245.90699996,"[0.148569, 0.100503, 0.419626, 0.02866, 0.036089, 0.468067]"
CONTROL,31287326.657999985,"[0.149042, 0.097961, 0.423644, 0.023548, 0.039679, 0.463868]"
CONTROL,31307406.51200017,"[0.14942, 0.095279, 0.427737, 0.018377, 0.043193, 0.459813]"
CONTROL,31327491.935000125,"[0.149704, 0.092462, 0.431901, 0.01316, 0.046622, 0.455916]"
CONTROL,31347576.59000002,"[0.149893, 0.089513, 0.436133, 0.007909, 0.049962, 0.452193]"
CONTROL,31367658.0450001,"[0.149988, 0.086437, 0.440428, 0.002639, 0.053205, 0.448659]"
CONTROL,31387739.148000035,"[0.149988, 0.083238, 0.444781, -0.002639, 0.056345, 0.445327]"
CONTROL,31407819.419000134,"[0.149893, 0.079921, 0.449189, -0.007909, 0.059377, 0.442212]"
CONTROL,31427899.496999998,"[0.149704, 0.076491, 0.453647, -0.01316, 0.062293, 0.439324]"
CONTROL,31447979.32000006,"[0.14942, 0.072952, 0.458151, -0.018377, 0.065089, 0.436675]"
CONTROL,31468060.135000087,"[0.149042, 0.069309, 0.462697, -0.023548, 0.067759, 0.434277]"
CONTROL,31488140.53399997,"[0.148569, 0.065567, 0.467279, -0.02866, 0.070298, 0.432138]"
CONTROL,31508220.89999997,"[0.148003, 0.061733, 0.471893, -0.033699, 0.072701, 0.430267]"
CONTROL,31528301.299000077,"[0.147343, 0.05781, 0.476535, -0.038653, 0.074963, 0.428671]"
CONTROL,31548381.63399995,"[0.14659, 0.053806, 0.4812, -0.043509, 0.07708, 0.427356]"
CONTROL,31568464.849000067,"[0.145745, 0.049725, 0.485884, -0.048256, 0.079049, 0.426328]"
CONTROL,31588544.576000005,"[0.144807, 0.045573, 0.490581, -0.05288, 0.080864, 0.425591]"
CONTROL,31608624.74999999,"[0.143778, 0.041357, 0.495288, -0.057371, 0.082523, 0.425148]"
CONTROL,31628704.637000054,"[0.142658, 0.037082, 0.5, -0.061717, 0.084022, 0.425]"
CONTROL,31648784.2680001,"[0.141449, 0.032754, 0.504712, -0.065908, 0.085359, 0.425148]"
CONTROL,31668865.403000154,"[0.140149, 0.02838, 0.509419, -0.069931, 0.086531, 0.425591]"
CONTROL,31688944.840999965,"[0.138762, 0.023965, 0.514116, -0.073778, 0.087535, 0.426328]"
CONTROL,31709147.998000164,"[0.137286, 0.019516, 0.5188, -0.077439, 0.08837, 0.427356]"
CONTROL,31729228.557000168,"[0.135724, 0.01504, 0.523465, -0.080904, 0.089035, 0.428671]"
CONTROL,31749314.396000046,"[0.134076, 0.010542, 0.528107, -0.084165, 0.089526, 0.430267]"
CONTROL,31769394.28300011,"[0.132344, 0.006029, 0.532721, -0.087213, 0.089845, 0.432138]"
CONTROL,31789475.162000146,"[0.130528, 0.001508, 0.537303, -0.09004, 0.08999, 0.434277]"
CONTROL,31809557.25600006,"[0.128629, -0.003016, 0.541849, -0.092641, 0.089961, 0.436675]"
CONTROL,31829639.44700009,"[0.126649, -0.007535, 0.546353, -0.095007, 0.089758, 0.439324]"
CONTROL,31849720.422000017,"[0.124589, -0.012043, 0.550811, -0.097133, 0.089382, 0.442212]"
CONTROL,31869803.02899997,"[0.122451, -0.016535, 0.555219, -0.099014, 0.088832, 0.445327]"
CONTROL,31889883.300000064,"[0.120235, -0.021003, 0.559572, -0.100645, 0.088111, 0.448659]"
CONTROL,31909964.531000014,"[0.117943, -0.025441, 0.563867, -0.102021, 0.087219, 0.452193]"
CONTROL,31930044.609000105,"[0.115577, -0.029843, 0.568099, -0.10314, 0.086159, 0.455916]"
CONTROL,31950124.68799996,"[0.113138, -0.034202, 0.572263, -0.103998, 0.084932, 0.459813]"
CONTROL,31970206.43099995,"[0.110627, -0.038513, 0.576356, -0.104594, 0.08354, 0.463868]"
CONTROL,31990286.989999957,"[0.108046, -0.042769, 0.580374, -0.104925, 0.081987, 0.468067]"
CONTROL,32010366.68400002,"[0.105397, -0.046965, 0.584313, -0.104992, 0.080276, 0.472391]"
CONTROL,32030446.09100016,"[0.102682, -0.051094, 0.588168, -0.104793, 0.078409, 0.476824]"
CONTROL,32050527.03399997,"[0.099902, -0.05515, 0.591936, -0.104329, 0.076391, 0.481348]"
CONTROL,32070608.009000126,"[0.097058, -0.059127, 0.595614, -0.103602, 0.074225, 0.485946]"
CONTROL,32090690.871000107,"[0.094154, -0.063021, 0.599197, -0.102613, 0.071915, 0.4906]"
CONTROL,32110771.36600011,"[0.09119, -0.066825, 0.602682, -0.101365, 0.069466, 0.495291]"
CONTROL,32130851.541000083,"[0.088168, -0.070534, 0.606066, -0.099861, 0.066883, 0.5]"
CONTROL,32151018.023999996,"[0.08509, -0.074143, 0.609345, -0.098105, 0.064171, 0.504709]"
CONTROL,32171097.975000065,"[0.081959, -0.077647, 0.612517, -0.0961, 0.061334, 0.5094]"
CONTROL,32191176.64600003,"[0.078776, -0.08104, 0.615577, -0.093853, 0.058379, 0.514054]"
CONTROL,32211257.14000004,"[0.075543, -0.084318, 0.618523, -0.091369, 0.05531, 0.518652]"
CONTROL,32231337.44300003,"[0.072263, -0.087476, 0.621353, -0.088654, 0.052135, 0.523176]"
CONTROL,32251417.3940001,"[0.068937, -0.09051, 0.624062, -0.085716, 0.048859, 0.527609]"
CONTROL,32271496.54499999,"[0.065567, -0.093415, 0.626649, -0.08256, 0.045489, 0.531933]"
CONTROL,32291575.95100014,"[0.062156, -0.096188, 0.629111, -0.079196, 0.04203, 0.536132]"
CONTROL,32311656.414000027,"[0.058706, -0.098824, 0.631446, -0.075632, 0.038491, 0.540187]"
CONTROL,32331736.62100012,"[0.055219, -0.101319, 0.633651, -0.071877, 0.034876, 0.544084]"
CONTROL,32351817.180000126,"[0.051696, -0.103671, 0.635724, -0.067941, 0.031195, 0.547807]"
CONTROL,32371897.963000037,"[0.048142, -0.105875, 0.637663, -0.063833, 0.027453, 0.551341]"
CONTROL,32391978.29800014,"[0.044556, -0.107929, 0.639466, -0.059563, 0.023658, 0.554673]"
CONTROL,32412058.05599998,"[0.040943, -0.109829, 0.641132, -0.055143, 0.019817, 0.557788]"
CONTROL,32432137.238999985,"[0.037303, -0.111573, 0.642658, -0.050584, 0.015938, 0.560676]"
CONTROL,32452219.334000118,"[0.033641, -0.113159, 0.644044, -0.045897, 0.012028, 0.563325]"
CONTROL,32472299.86100001,"[0.029956, -0.114584, 0.645287, -0.041094, 0.008094, 0.565723]"
CONTROL,32492379.94000009,"[0.026253, -0.115846, 0.646388, -0.036188, 0.004145, 0.567862]"
CONTROL,32512461.394999947,"[0.022534, -0.116943, 0.647343, -0.031189, 0.000188, 0.569733]"
CONTROL,32532541.538000032,"[0.0188, -0.117874, 0.648153, -0.026112, -0.003769, 0.571329]"
CONTROL,32552621.84000003,"[0.015054, -0.118638, 0.648817, -0.02097, -0.007719, 0.572644]"
CONTROL,32572704.062999945,"[0.011299, -0.119233, 0.649334, -0.015774, -0.011654, 0.573672]"
CONTROL,32592784.270000037,"[0.007537, -0.119659, 0.649704, -0.010538, -0.015566, 0.574409]"
CONTROL,32612867.13300001,"[0.00377, -0.119915, 0.649926, -0.005276, -0.019449, 0.574852]"
CONTROL,32632947.37199999,"[-0.0, -0.12, 0.65, 0.0, -0.023294, 0.575]"
CONTROL,32653027.73899998,"[-0.00377, -0.119915, 0.649926, 0.005276, -0.027093, 0.574852]"
CONTROL,32673108.714000136,"[-0.007537, -0.119659, 0.649704, 0.010538, -0.030841, 0.574409]"
CONTROL,32693189.209000137,"[-0.011299, -0.119233, 0.649334, 0.015774, -0.034529, 0.573672]"
CONTROL,32713269.99100006,"[-0.015054, -0.118638, 0.648817, 0.02097, -0.038149, 0.572644]"
CONTROL,32733387.096000116,"[-0.0188, -0.117874, 0.648153, 0.026112, -0.041697, 0.571329]"
CONTROL,32753471.04699995,"[-0.022534, -0.116943, 0.647343, 0.031189, -0.045163, 0.569733]"
CONTROL,32773554.32600007,"[-0.026253, -0.115846, 0.646388, 0.036188, -0.048542, 0.567862]"
CONTROL,32793635.141000096,"[-0.029956, -0.114584, 0.645287, 0.041094, -0.051828, 0.565723]"
CONTROL,32813716.084000133,"[-0.033641, -0.113159, 0.644044, 0.045897, -0.055013, 0.563325]"
CONTROL,32833795.71499995,"[-0.037303, -0.111573, 0.642658, 0.050584, -0.058091, 0.560676]"
CONTROL,32853875.1210001,"[-0.040943, -0.109829, 0.641132, 0.055143, -0.061057, 0.557788]"
CONTROL,32873957.120000113,"[-0.044556, -0.107929, 0.639466, 0.059563, -0.063906, 0.554673]"
CONTROL,32894037.80700013,"[-0.048142, -0.105875, 0.637663, 0.063833, -0.06663, 0.551341]"
CONTROL,32914118.813999947,"[-0.051696, -0.103671, 0.635724, 0.067941, -0.069226, 0.547807]"
CONTROL,32934202.22100008,"[-0.055219, -0.101319, 0.633651, 0.071877, -0.071688, 0.544084]"
CONTROL,32954282.42800017,"[-0.058706, -0.098824, 0.631446, 0.075632, -0.074011, 0.540187]"
CONTROL,32974364.36299995,"[-0.062156, -0.096188, 0.629111, 0.079196, -0.076191, 0.536132]"
CONTROL,32994445.978000157,"[-0.065567, -0.093415, 0.626649, 0.08256, -0.078223, 0.531933]"
CONTROL,33014529.8970001,"[-0.068937, -0.09051, 0.624062, 0.085716, -0.080105, 0.527609]"
CONTROL,33034609.08000011,"[-0.072263, -0.087476, 0.621353, 0.088654, -0.081831, 0.523176]"
CONTROL,33054690.405999962,"[-0.075543, -0.084318, 0.618523, 0.091369, -0.083399, 0.518652]"
CONTROL,33074771.477000013,"[-0.078776, -0.08104, 0.615577, 0.093853, -0.084806, 0.514054]"
CONTROL,33094854.01999996,"[-0.081959, -0.077647, 0.612517, 0.0961, -0.086049, 0.5094]"
CONTROL,33114934.931000106,"[-0.08509, -0.074143, 0.609345, 0.098105, -0.087125, 0.504709]"
CONTROL,33135016.385999963,"[-0.088168, -0.070534, 0.606066, 0.099861, -0.088033, 0.5]"
CONTROL,33155170.997000143,"[-0.09119, -0.066825, 0.602682, 0.101365, -0.088771, 0.495291]"
CONTROL,33175252.292000096,"[-0.094154, -0.063021, 0.599197, 0.102613, -0.089337, 0.4906]"
CONTROL,33195334.483000126,"[-0.097058, -0.059127, 0.595614, 0.103602, -0.08973, 0.485946]"
CONTROL,33215415.64900008,"[-0.099902, -0.05515, 0.591936, 0.104329, -0.089949, 0.481348]"
CONTROL,33235497.52000008,"[-0.102682, -0.051094, 0.588168, 0.104793, -0.089995, 0.476824]"
CONTROL,33255576.926999994,"[-0.105397, -0.046965, 0.584313, 0.104992, -0.089867, 0.472391]"
CONTROL,33275656.68600005,"[-0.108046, -0.042769, 0.580374, 0.104925, -0.089564, 0.468067]"
CONTROL,33295736.47699999,"[-0.110627, -0.038513, 0.576356, 0.104594, -0.089089, 0.463868]"
CONTROL,33315817.16400001,"[-0.113138, -0.034202, 0.572263, 0.103998, -0.088441, 0.459813]"
CONTROL,33335901.435000096,"[-0.115577, -0.029843, 0.568099, 0.10314, -0.087622, 0.455916]"
CONTROL,33355983.14599997,"[-0.117943, -0.025441, 0.563867, 0.102021, -0.086634, 0.452193]"
CONTROL,33376063.737000097,"[-0.120235, -0.021003, 0.559572, 0.100645, -0.085478, 0.448659]"
CONTROL,33396144.16800009,"[-0.122451, -0.016535, 0.555219, 0.099014, -0.084157, 0.445327]"
CONTROL,33416223.446999993,"[-0.124589, -0.012043, 0.550811, 0.097133, -0.082673, 0.442212]"
CONTROL,33436303.36599995,"[-0.126649, -0.007535, 0.546353, 0.095007, -0.081029, 0.439324]"
CONTROL,33456382.61299996,"[-0.128629, -0.003016, 0.541849, 0.092641, -0.079228, 0.436675]"
CONTROL,33476462.40400013,"[-0.130528, 0.001508, 0.537303, 0.09004, -0.077274, 0.434277]"
CONTROL,33496543.729999986,"[-0.132344, 0.006029, 0.532721, 0.087213, -0.075171, 0.432138]"
CONTROL,33516622.592999965,"[-0.134076, 0.010542, 0.528107, 0.084165, -0.072922, 0.430267]"
CONTROL,33536702.160000004,"[-0.135724, 0.01504, 0.523465, 0.080904, -0.070532, 0.428671]"
CONTROL,33556785.21499999,"[-0.137286, 0.019516, 0.5188, 0.077439, -0.068006, 0.427356]"
CONTROL,33576865.42200008,"[-0.138762, 0.023965, 0.514116, 0.073778, -0.065349, 0.426328]"
CONTROL,33596947.965000026,"[-0.140149, 0.02838, 0.509419, 0.069931, -0.062564, 0.425591]"
CONTROL,33617028.108000115,"[-0.141449, 0.032754, 0.504712, 0.065908, -0.059659, 0.425148]"
CONTROL,33637109.947,"[-0.142658, 0.037082, 0.5, 0.061717, -0.056639, 0.425]"
CONTROL,33657189.929999955,"[-0.143778, 0.041357, 0.495288, 0.057371, -0.053509, 0.425148]"
CONTROL,33677269.657000124,"[-0.144807, 0.045573, 0.490581, 0.05288, -0.050275, 0.425591]"
CONTROL,33697350.696000054,"[-0.145745, 0.049725, 0.485884, 0.048256, -0.046944, 0.426328]"
CONTROL,33717430.96700016,"[-0.14659, 0.053806, 0.4812, 0.043509, -0.043523, 0.427356]"
CONTROL,33737511.75000007,"[-0.147343, 0.05781, 0.476535, 0.038653, -0.040017, 0.428671]"
CONTROL,33757796.607000045,"[-0.148003, 0.061733, 0.471893, 0.033699, -0.036434, 0.430267]"
CONTROL,33777886.44700013,"[-0.148569, 0.065567, 0.467279, 0.02866, -0.03278, 0.432138]"
CONTROL,33797967.67800008,"[-0.149042, 0.069309, 0.462697, 0.023548, -0.029063, 0.434277]"
CONTROL,33818047.69300015,"[-0.14942, 0.072952, 0.458151, 0.018377, -0.02529, 0.436675]"
CONTROL,33838128.02800003,"[-0.149704, 0.076491, 0.453647, 0.01316, -0.021468, 0.439324]"
CONTROL,33858209.2260001,"[-0.149893, 0.079921, 0.449189, 0.007909, -0.017604, 0.442212]"
CONTROL,33878288.37699999,"[-0.149988, 0.083238, 0.444781, 0.002639, -0.013707, 0.445327]"
CONTROL,33898368.615999974,"[-0.149988, 0.086437, 0.440428, -0.002639, -0.009782, 0.448659]"
CONTROL,33918447.9590001,"[-0.149893, 0.089513, 0.436133, -0.007909, -0.005839, 0.452193]"
CONTROL,33938526.63000007,"[-0.149704, 0.092462, 0.431901, -0.01316, -0.001885, 0.455916]"
CONTROL,33958606.26100011,"[-0.14942, 0.095279, 0.427737, -0.018377, 0.002073, 0.459813]"
CONTROL,33978689.41199999,"[-0.149042, 0.097961, 0.423644, -0.023548, 0.006027, 0.463868]"
CONTROL,33998770.89899997,"[-0.148569, 0.100503, 0.419626, -0.02866, 0.00997, 0.468067]"
CONTROL,34018851.810000114,"[-0.148003, 0.102903, 0.415687, -0.033699, 0.013893, 0.472391]"
CONTROL,34038932.497000135,"[-0.147343, 0.105157, 0.411832, -0.038653, 0.017789, 0.476824]"
CONTROL,34059012.16000006,"[-0.14659, 0.107261, 0.408064, -0.043509, 0.021651, 0.481348]"
CONTROL,34083100.70200014,"[-0.145745, 0.109213, 0.404386, -0.048256, 0.025471, 0.485946]"
CONTROL,34103183.88500013,"[-0.144807, 0.111009, 0.400803, -0.05288, 0.029242, 0.4906]"
CONTROL,34123263.38800017,"[-0.143778, 0.112648, 0.397318, -0.057371, 0.032956, 0.495291]"
CONTROL,34143344.266999975,"[-0.142658, 0.114127, 0.393934, -0.061717, 0.036606, 0.5]"
CONTROL,34163499.96600002,"[-0.141449, 0.115443, 0.390655, -0.065908, 0.040186, 0.504709]"
CONTROL,34183580.68500015,"[-0.140149, 0.116596, 0.387483, -0.069931, 0.043688, 0.5094]"
CONTROL,34203661.596000075,"[-0.138762, 0.117583, 0.384423, -0.073778, 0.047105, 0.514054]"
CONTROL,34223743.49899997,"[-0.137286, 0.118402, 0.381477, -0.077439, 0.050431, 0.518652]"
CONTROL,34243826.90600009,"[-0.135724, 0.119054, 0.378647, -0.080904, 0.05366, 0.523176]"
CONTROL,34263908.23300017,"[-0.134076, 0.119536, 0.375938, -0.084165, 0.056785, 0.527609]"
CONTROL,34283988.472000144,"[-0.132344, 0.119848, 0.373351, -0.087213, 0.0598, 0.531933]"
CONTROL,34304071.20700011,"[-0.130528, 0.119991, 0.370889, -0.09004, 0.0627, 0.536132]"
CONTROL,34324150.87000004,"[-0.128629, 0.119962, 0.368554, -0.092641, 0.065478, 0.540187]"
CONTROL,34344231.52500017,"[-0.126649, 0.119763, 0.366349, -0.095007, 0.06813, 0.544084]"
CONTROL,34364310.868000075,"[-0.124589, 0.119394, 0.364276, -0.097133, 0.070649, 0.547807]"
CONTROL,34384391.394999966,"[-0.122451, 0.118855, 0.362337, -0.099014, 0.073032, 0.551341]"
CONTROL,34404472.72200004,"[-0.120235, 0.118148, 0.360534, -0.100645, 0.075274, 0.554673]"
CONTROL,34424550.273000024,"[-0.117943, 0.117272, 0.358868, -0.102021, 0.077371, 0.557788]"
CONTROL,34444631.18399995,"[-0.115577, 0.11623, 0.357342, -0.10314, 0.079317, 0.560676]"
CONTROL,34464711.35900015,"[-0.113138, 0.115023, 0.355956, -0.103998, 0.081111, 0.563325]"
CONTROL,34484791.69400002,"[-0.110627, 0.113652, 0.354713, -0.104594, 0.082747, 0.565723]"
CONTROL,34504870.36499999,"[-0.108046, 0.112119, 0.353612, -0.104925, 0.084223, 0.567862]"
CONTROL,34524952.90800016,"[-0.105397, 0.110428, 0.352657, -0.104992, 0.085537, 0.569733]"
CONTROL,34545034.843000166,"[-0.102682, 0.108579, 0.351847, -0.104793, 0.086685, 0.571329]"
CONTROL,34565115.306000054,"[-0.099902, 0.106576, 0.351183, -0.104329, 0.087665, 0.572644]"
CONTROL,34585195.57700015,"[-0.097058, 0.104422, 0.350666, -0.103602, 0.088476, 0.573672]"
CONTROL,34605275.68800012,"[-0.094154, 0.102119, 0.350296, -0.102613, 0.089115, 0.574409]"
CONTROL,34625357.17500009,"[-0.09119, 0.099672, 0.350074, -0.101365, 0.089583, 0.574852]"
CONTROL,34645440.422000095,"[-0.088168, 0.097082, 0.35, -0.099861, 0.089877, 0.575]"
CONTROL,34665519.95700002,"[-0.08509, 0.094355, 0.350074, -0.098105, 0.089997, 0.574852]"
CONTROL,34685602.75599998,"[-0.081959, 0.091493, 0.350296, -0.0961, 0.089943, 0.574409]"
CONTROL,34705684.02000003,"[-0.078776, 0.088502, 0.350666, -0.093853, 0.089715, 0.573672]"
CONTROL,34725764.80299995,"[-0.075543, 0.085384, 0.351183, -0.091369, 0.089314, 0.572644]"
CONTROL,34745845.938,"[-0.072263, 0.082146, 0.351847, -0.088654, 0.08874, 0.571329]"
CONTROL,34765924.480999954,"[-0.068937, 0.07879, 0.352657, -0.085716, 0.087994, 0.569733]"
CONTROL,34786030.161000095,"[-0.065567, 0.075323, 0.353612, -0.08256, 0.087078, 0.567862]"
CONTROL,34806113.76000002,"[-0.062156, 0.071749, 0.354713, -0.079196, 0.085994, 0.565723]"
CONTROL,34826195.919000156,"[-0.058706, 0.068072, 0.355956, -0.075632, 0.084743, 0.563325]"
CONTROL,34846277.56600003,"[-0.055219, 0.064299, 0.357342, -0.071877, 0.083328, 0.560676]"
CONTROL,34866359.82100006,"[-0.051696, 0.060435, 0.358868, -0.067941, 0.081753, 0.557788]"
CONTROL,34886443.03599995,"[-0.048142, 0.056484, 0.360534, -0.063833, 0.080019, 0.554673]"
CONTROL,34906524.17199999,"[-0.044556, 0.052454, 0.362337, -0.059563, 0.07813, 0.551341]"
CONTROL,34926604.28299996,"[-0.040943, 0.048349, 0.364276, -0.055143, 0.07609, 0.547807]"
CONTROL,34946684.13700015,"[-0.037303, 0.044175, 0.366349, -0.050584, 0.073903, 0.544084]"
CONTROL,34966764.151999995,"[-0.033641, 0.039938, 0.368554, -0.045897, 0.071574, 0.540187]"
CONTROL,34986844.4870001,"[-0.029956, 0.035645, 0.370889, -0.041094, 0.069105, 0.536132]"
CONTROL,35006925.206999995,"[-0.026253, 0.031301, 0.373351, -0.036188, 0.066503, 0.531933]"
CONTROL,35027006.31000016,"[-0.022534, 0.026912, 0.375938, -0.031189, 0.063773, 0.527609]"
CONTROL,35047086.38900001,"[-0.0188, 0.022486, 0.378647, -0.026112, 0.060919, 0.523176]"
CONTROL,35067167.81199998,"[-0.015054, 0.018027, 0.381477, -0.02097, 0.057947, 0.518652]"
CONTROL,35087248.72300013,"[-0.011299, 0.013543, 0.384423, -0.015774, 0.054863, 0.514054]"
CONTROL,35107331.16999995,"[-0.007537, 0.009039, 0.387483, -0.010538, 0.051673, 0.5094]"
CONTROL,35127411.95300009,"[-0.00377, 0.004523, 0.390655, -0.005276, 0.048383, 0.504709]"
CONTROL,35147492.92800002,"[-0.0, -0.0, 0.393934, -0.0, 0.045, 0.5]"
CONTROL,35167660.49900002,"[0.00377, -0.004523, 0.397318, 0.005276, 0.04153, 0.495291]"
CONTROL,35187742.37000003,"[0.007537, -0.009039, 0.400803, 0.010538, 0.037979, 0.4906]"
CONTROL,35207825.55400001,"[0.011299, -0.013543, 0.404386, 0.015774, 0.034354, 0.485946]"
CONTROL,35227906.62500006,"[0.015054, -0.018027, 0.408064, 0.02097, 0.030664, 0.481348]"
CONTROL,35247989.03999999,"[0.0188, -0.022486, 0.411832, 0.026112, 0.026914, 0.476824]"
CONTROL,35268072.95900016,"[0.022534, -0.026912, 0.415687, 0.031189, 0.023112, 0.472391]"
CONTROL,35288155.05400007,"[0.026253, -0.031301, 0.419626, 0.036188, 0.019265, 0.468067]"
CONTROL,35308235.741000086,"[0.029956, -0.035645, 0.423644, 0.041094, 0.015381, 0.463868]"
CONTROL,35328316.87700013,"[0.033641, -0.039938, 0.427737, 0.045897, 0.011467, 0.459813]"
CONTROL,35348396.76399997,"[0.037303, -0.044175, 0.431901, 0.050584, 0.007531, 0.455916]"
CONTROL,35368477.89900003,"[0.040943, -0.048349, 0.436133, 0.055143, 0.00358, 0.452193]"
CONTROL,35388559.00199997,"[0.044556, -0.052454, 0.440428, 0.059563, -0.000377, 0.448659]"
CONTROL,35408640.00900001,"[0.048142, -0.056484, 0.444781, 0.063833, -0.004334, 0.445327]"
CONTROL,35428720.440000005,"[0.051696, -0.060435, 0.449189, 0.067941, -0.008282, 0.442212]"
CONTROL,35448801.76700008,"[0.055219, -0.064299, 0.453647, 0.071877, -0.012214, 0.439324]"
CONTROL,35468880.374000035,"[0.058706, -0.068072, 0.458151, 0.075632, -0.016123, 0.436675]"
CONTROL,35488960.64500014,"[0.062156, -0.071749, 0.462697, 0.079196, -0.020001, 0.434277]"
CONTROL,35509040.884000115,"[0.065567, -0.075323, 0.467279, 0.08256, -0.023839, 0.432138]"
CONTROL,35529121.98800004,"[0.068937, -0.07879, 0.471893, 0.085716, -0.027632, 0.430267]"
CONTROL,35549200.56300011,"[0.072263, -0.082146, 0.476535, 0.088654, -0.031371, 0.428671]"
CONTROL,35569280.80200009,"[0.075543, -0.085384, 0.4812, 0.091369, -0.03505, 0.427356]"
CONTROL,35589361.07299996,"[0.078776, -0.088502, 0.485884, 0.093853, -0.038661, 0.426328]"
CONTROL,35609441.8560001,"[0.081959, -0.091493, 0.490581, 0.0961, -0.042197, 0.425591]"
CONTROL,35629523.31099996,"[0.08509, -0.094355, 0.495288, 0.098105, -0.045651, 0.425148]"
CONTROL,35649602.17400017,"[0.088168, -0.097082, 0.5, 0.099861, -0.049018, 0.425]"
CONTROL,35669682.98899996,"[0.09119, -0.099672, 0.504712, 0.101365, -0.052289, 0.425148]"
CONTROL,35689764.092000134,"[0.094154, -0.102119, 0.509419, 0.102613, -0.055459, 0.425591]"
CONTROL,35709842.987,"[0.097058, -0.104422, 0.514116, 0.103602, -0.058522, 0.426328]"
CONTROL,35729923.51400012,"[0.099902, -0.106576, 0.5188, 0.104329, -0.061472, 0.427356]"
CONTROL,35750003.62600008,"[0.102682, -0.108579, 0.523465, 0.104793, -0.064303, 0.428671]"
CONTROL,35770082.10500003,"[0.105397, -0.110428, 0.528107, 0.104992, -0.067009, 0.430267]"
CONTROL,35790162.85600005,"[0.108046, -0.112119, 0.532721, 0.104925, -0.069586, 0.432138]"
CONTROL,35810262.77600017,"[0.110627, -0.113652, 0.537303, 0.104594, -0.072028, 0.434277]"
CONTROL,35830345.991000056,"[0.113138, -0.115023, 0.541849, 0.103998, -0.074331, 0.436675]"
CONTROL,35850430.39000016,"[0.115577, -0.11623, 0.546353, 0.10314, -0.07649, 0.439324]"
CONTROL,35870511.14099995,"[0.117943, -0.117272, 0.550811, 0.102021, -0.078502, 0.442212]"
CONTROL,35890591.82899996,"[0.120235, -0.118148, 0.555219, 0.100645, -0.080361, 0.445327]"
CONTROL,35910672.48400009,"[0.122451, -0.118855, 0.559572, 0.099014, -0.082065, 0.448659]"
CONTROL,35930753.42700013,"[0.124589, -0.119394, 0.563867, 0.097133, -0.08361, 0.452193]"
CONTROL,35950834.01800002,"[0.126649, -0.119763, 0.568099, 0.095007, -0.084994, 0.455916]"
CONTROL,35970914.09700011,"[0.128629, -0.119962, 0.572263, 0.092641, -0.086213, 0.459813]"
CONTROL,35990994.656000115,"[0.130528, -0.119991, 0.576356, 0.09004, -0.087265, 0.463868]"
CONTROL,36011073.96700013,"[0.132344, -0.119848, 0.580374, 0.087213, -0.088149, 0.468067]"
CONTROL,36031152.47799997,"[0.134076, -0.119536, 0.584313, 0.084165, -0.088862, 0.472391]"
CONTROL,36051233.90100016,"[0.135724, -0.119054, 0.588168, 0.080904, -0.089404, 0.476824]"
CONTROL,36071313.787999995,"[0.137286, -0.118402, 0.591936, 0.077439, -0.089772, 0.481348]"
CONTROL,36091394.1870001,"[0.138762, -0.117583, 0.595614, 0.073778, -0.089967, 0.485946]"
CONTROL,36111474.683000095,"[0.140149, -0.116596, 0.599197, 0.069931, -0.089987, 0.4906]"
CONTROL,36131554.026,"[0.141449, -0.115443, 0.602682, 0.065908, -0.089834, 0.495291]"
CONTROL,36151647.9930001,"[0.142658, -0.114127, 0.606066, 0.061717, -0.089507, 0.5]"
CONTROL,36171801.89999999,"[0.143778, -0.112648, 0.609345, 0.057371, -0.089007, 0.504709]"
CONTROL,36191882.235000096,"[0.144807, -0.111009, 0.612517, 0.05288, -0.088334, 0.5094]"
CONTROL,36211962.05900014,"[0.145745, -0.109213, 0.615577, 0.048256, -0.087491, 0.514054]"
CONTROL,36232041.498000175,"[0.14659, -0.107261, 0.618523, 0.043509, -0.086479, 0.518652]"
CONTROL,36252121.865000166,"[0.147343, -0.105157, 0.621353, 0.038653, -0.085299, 0.523176]"
CONTROL,36272202.71200008,"[0.148003, -0.102903, 0.624062, 0.033699, -0.083955, 0.527609]"
CONTROL,36292282.69500004,"[0.148569, -0.100503, 0.626649, 0.02866, -0.082447, 0.531933]"
CONTROL,36312358.51800011,"[0.149042, -0.097961, 0.629111, 0.023548, -0.080781, 0.536132]"
CONTROL,36332439.87700007,"[0.14942, -0.095279, 0.631446, 0.018377, -0.078958, 0.540187]"
CONTROL,36352520.787999995,"[0.149704, -0.092462, 0.633651, 0.01316, -0.076983, 0.544084]"
CONTROL,36372600.96399996,"[0.149893, -0.089513, 0.635724, 0.007909, -0.074858, 0.547807]"
CONTROL,36392681.522999965,"[0.149988, -0.086437, 0.637663, 0.002639, -0.072589, 0.551341]"
CONTROL,36412757.88999996,"[0.149988, -0.083238, 0.639466, -0.002639, -0.07018, 0.554673]"
CONTROL,36432838.12899995,"[0.149893, -0.079921, 0.641132, -0.007909, -0.067635, 0.557788]"
CONTROL,36452917.60000009,"[0.149704, -0.076491, 0.642658, -0.01316, -0.064958, 0.560676]"
CONTROL,36473001.135000005,"[0.14942, -0.072952, 0.644044, -0.018377, -0.062157, 0.563325]"
CONTROL,36493079.96700008,"[0.149042, -0.069309, 0.645287, -0.023548, -0.059235, 0.565723]"
CONTROL,36513159.918000154,"[0.148569, -0.065567, 0.646388, -0.02866, -0.056198, 0.567862]"
CONTROL,36533239.869,"[0.148003, -0.061733, 0.647343, -0.033699, -0.053053, 0.569733]"
CONTROL,36553320.812000036,"[0.147343, -0.05781, 0.648153, -0.038653, -0.049805, 0.571329]"
CONTROL,36573401.43500005,"[0.14659, -0.053806, 0.648817, -0.043509, -0.046461, 0.572644]"
CONTROL,36593482.058000065,"[0.145745, -0.049725, 0.649334, -0.048256, -0.043027, 0.573672]"
CONTROL,36613563.642000146,"[0.144807, -0.045573, 0.649704, -0.05288, -0.03951, 0.574409]"
CONTROL,36633643.113000065,"[0.143778, -0.041357, 0.649926, -0.057371, -0.035916, 0.574852]"
CONTROL,36653722.23200006,"[0.142658, -0.037082, 0.65, -0.061717, -0.032253, 0.575]"
CONTROL,36673802.08700001,"[0.141449, -0.032754, 0.649926, -0.065908, -0.028528, 0.574852]"
CONTROL,36693881.84600007,"[0.140149, -0.02838, 0.649704, -0.069931, -0.024747, 0.574409]"
CONTROL,36713962.82199998,"[0.138762, -0.023965, 0.649334, -0.073778, -0.020918, 0.573672]"
CONTROL,36734042.58100004,"[0.137286, -0.019516, 0.648817, -0.077439, -0.017049, 0.572644]"
CONTROL,36754122.08400007,"[0.135724, -0.01504, 0.648153, -0.080904, -0.013147, 0.571329]"
CONTROL,36774205.17099995,"[0.134076, -0.010542, 0.647343, -0.084165, -0.00922, 0.569733]"
CONTROL,36794285.28200015,"[0.132344, -0.006029, 0.646388, -0.087213, -0.005275, 0.567862]"
CONTROL,36814366.41799996,"[0.130528, -0.001508, 0.645287, -0.09004, -0.001319, 0.565723]"
CONTROL,36834473.76200002,"[0.128629, 0.003016, 0.644044, -0.092641, 0.002639, 0.563325]"
CONTROL,36854554.03300011,"[0.126649, 0.007535, 0.642658, -0.095007, 0.006591, 0.560676]"
CONTROL,36874641.37699999,"[0.124589, 0.012043, 0.641132, -0.097133, 0.010532, 0.557788]"
CONTROL,36894723.66400014,"[0.122451, 0.016535, 0.639466, -0.099014, 0.014451, 0.554673]"
CONTROL,36914803.90300012,"[0.120235, 0.021003, 0.637663, -0.100645, 0.018343, 0.551341]"
CONTROL,36934884.97400017,"[0.117943, 0.025441, 0.635724, -0.102021, 0.022199, 0.547807]"
CONTROL,36954965.82200008,"[0.115577, 0.029843, 0.633651, -0.10314, 0.026013, 0.544084]"
CONTROL,36975049.51700012,"[0.113138, 0.034202, 0.631446, -0.103998, 0.029776, 0.540187]"
CONTROL,36995130.236000024,"[0.110627, 0.038513, 0.629111, -0.104594, 0.033481, 0.536132]"
CONTROL,37015211.97900002,"[0.108046, 0.042769, 0.626649, -0.104925, 0.037122, 0.531933]"
CONTROL,37035292.50700012,"[0.105397, 0.046965, 0.624062, -0.104992, 0.040691, 0.527609]"
CONTROL,37055373.35400004,"[0.102682, 0.051094, 0.621353, -0.104793, 0.044181, 0.523176]"
CONTROL,37075453.78500003,"[0.099902, 0.05515, 0.618523, -0.104329, 0.047586, 0.518652]"
CONTROL,37095533.768,"[0.097058, 0.059127, 0.615577, -0.103602, 0.050899, 0.514054]"
CONTROL,37115613.559000164,"[0.094154, 0.063021, 0.612517, -0.102613, 0.054113, 0.5094]"
CONTROL,37135694.59900009,"[0.09119, 0.066825, 0.609345, -0.101365, 0.057223, 0.504709]"
CONTROL,37155775.51000001,"[0.088168, 0.070534, 0.606066, -0.099861, 0.060222, 0.5]"
CONTROL,37175939.52900006,"[0.08509, 0.074143, 0.602682, -0.098105, 0.063104, 0.495291]"
CONTROL,37196019.67200015,"[0.081959, 0.077647, 0.599197, -0.0961, 0.065865, 0.4906]"
CONTROL,37216100.42400016,"[0.078776, 0.08104, 0.595614, -0.093853, 0.068498, 0.485946]"
CONTROL,37236179.31900003,"[0.075543, 0.084318, 0.591936, -0.091369, 0.070998, 0.481348]"
CONTROL,37256259.07800008,"[0.072263, 0.087476, 0.588168, -0.088654, 0.073362, 0.476824]"
CONTROL,37276342.325000085,"[0.068937, 0.09051, 0.584313, -0.085716, 0.075583, 0.472391]"
CONTROL,37296422.341000155,"[0.065567, 0.093415, 0.580374, -0.08256, 0.077658, 0.468067]"
CONTROL,37316501.84399996,"[0.062156, 0.096188, 0.576356, -0.079196, 0.079583, 0.463868]"
CONTROL,37336581.66700002,"[0.058706, 0.098824, 0.572263, -0.075632, 0.081354, 0.459813]"
CONTROL,37356661.36200007,"[0.055219, 0.101319, 0.568099, -0.071877, 0.082968, 0.455916]"
CONTROL,37376741.25000012,"[0.051696, 0.103671, 0.563867, -0.067941, 0.084421, 0.452193]"
CONTROL,37396824.1770001,"[0.048142, 0.105875, 0.559572, -0.063833, 0.085711, 0.448659]"
CONTROL,37416903.52,"[0.044556, 0.107929, 0.555219, -0.059563, 0.086835, 0.445327]"
CONTROL,37436977.51900004,"[0.040943, 0.109829, 0.550811, -0.055143, 0.087791, 0.442212]"
CONTROL,37457057.98200015,"[0.037303, 0.111573, 0.546353, -0.050584, 0.088578, 0.439324]"
CONTROL,37477138.41400014,"[0.033641, 0.113159, 0.541849, -0.045897, 0.089193, 0.436675]"
CONTROL,37497221.27700011,"[0.029956, 0.114584, 0.537303, -0.041094, 0.089635, 0.434277]"
CONTROL,37517300.55600001,"[0.026253, 0.115846, 0.532721, -0.036188, 0.089904, 0.432138]"
CONTROL,37537382.65200014,"[0.022534, 0.116943, 0.528107, -0.031189, 0.09, 0.430267]"
CONTROL,37557462.219000176,"[0.0188, 0.117874, 0.523465, -0.026112, 0.089921, 0.428671]"
CONTROL,37577543.06600009,"[0.015054, 0.118638, 0.5188, -0.02097, 0.089668, 0.427356]"
CONTROL,37597626.44200009,"[0.011299, 0.119233, 0.514116, -0.015774, 0.089242, 0.426328]"
CONTROL,37617705.49700009,"[0.007537, 0.119659, 0.509419, -0.010538, 0.088644, 0.425591]"
CONTROL,37637784.936000116,"[0.00377, 0.119915, 0.504712, -0.005276, 0.087873, 0.425148]"
CONTROL,37657866.29500008,"[0.0, 0.12, 0.5, -0.0, 0.086933, 0.425]"
CONTROL,37677946.37500015,"[-0.00377, 0.119915, 0.495288, 0.005276, 0.085825, 0.425148]"
CONTROL,37698026.35800011,"[-0.007537, 0.119659, 0.490581, 0.010538, 0.084551, 0.425591]"
CONTROL,37718107.62100017,"[-0.011299, 0.119233, 0.485884, 0.015774, 0.083113, 0.426328]"
CONTROL,37738188.052000165,"[-0.015054, 0.118638, 0.4812, 0.02097, 0.081515, 0.427356]"
CONTROL,37758267.87599999,"[-0.0188, 0.117874, 0.476535, 0.026112, 0.079758, 0.428671]"
CONTROL,37778348.019000076,"[-0.022534, 0.116943, 0.471893, 0.031189, 0.077848, 0.430267]"
CONTROL,37798429.05800001,"[-0.026253, 0.115846, 0.467279, 0.036188, 0.075787, 0.432138]"
CONTROL,37818509.61700002,"[-0.029956, 0.114584, 0.462697, 0.041094, 0.073579, 0.434277]"
CONTROL,37838590.40100015,"[-0.033641, 0.113159, 0.458151, 0.045897, 0.071229, 0.436675]"
CONTROL,37858678.03200017,"[-0.037303, 0.111573, 0.453647, 0.050584, 0.068742, 0.439324]"
CONTROL,37878759.58400013,"[-0.040943, 0.109829, 0.449189, 0.055143, 0.066121, 0.442212]"
CONTROL,37898839.855000004,"[-0.044556, 0.107929, 0.444781, 0.059563, 0.063372, 0.445327]"
CONTROL,37918919.58200017,"[-0.048142, 0.105875, 0.440428, 0.063833, 0.060501, 0.448659]"
CONTROL,37938999.117000096,"[-0.051696, 0.103671, 0.436133, 0.067941, 0.057513, 0.452193]"
CONTROL,37959079.93300011,"[-0.055219, 0.101319, 0.431901, 0.071877, 0.054414, 0.455916]"
CONTROL,37979159.24400013,"[-0.058706, 0.098824, 0.427737, 0.075632, 0.051209, 0.459813]"
CONTROL,37999239.2910001,"[-0.062156, 0.096188, 0.423644, 0.079196, 0.047906, 0.463868]"
CONTROL,38019322.92300012,"[-0.065567, 0.093415, 0.419626, 0.08256, 0.044509, 0.468067]"
CONTROL,38039403.03400009,"[-0.068937, 0.09051, 0.415687, 0.085716, 0.041027, 0.472391]"
CONTROL,38059483.881000005,"[-0.072263, 0.087476, 0.411832, 0.088654, 0.037465, 0.476824]"
CONTROL,38079564.40800013,"[-0.075543, 0.084318, 0.408064, 0.091369, 0.033831, 0.481348]"
CONTROL,38099645.96000009,"[-0.078776, 0.08104, 0.404386, 0.093853, 0.030131, 0.485946]"
CONTROL,38119729.30299999,"[-0.081959, 0.077647, 0.400803, 0.0961, 0.026374, 0.4906]"
CONTROL,38139808.29399998,"[-0.08509, 0.074143, 0.397318, 0.098105, 0.022565, 0.495291]"
CONTROL,38159886.870000035,"[-0.088168, 0.070534, 0.393934, 0.099861, 0.018712, 0.5]"
CONTROL,38180029.76800017,"[-0.09119, 0.066825, 0.390655, 0.101365, 0.014823, 0.504709]"
CONTROL,38200111.09500001,"[-0.094154, 0.063021, 0.387483, 0.102613, 0.010906, 0.5094]"
CONTROL,38220191.46299999,"[-0.097058, 0.059127, 0.384423, 0.103602, 0.006967, 0.514054]"
CONTROL,38240272.022,"[-0.099902, 0.05515, 0.381477, 0.104329, 0.003015, 0.518652]"
CONTROL,38260351.81300017,"[-0.102682, 0.051094, 0.378647, 0.104793, -0.000942, 0.523176]"
CONTROL,38280433.01299999,"[-0.105397, 0.046965, 0.375938, 0.104992, -0.004898, 0.527609]"
CONTROL,38300514.7240001,"[-0.108046, 0.042769, 0.373351, 0.104925, -0.008845, 0.531933]"
CONTROL,38320593.55499996,"[-0.110627, 0.038513, 0.370889, 0.104594, -0.012774, 0.536132]"
CONTROL,38340673.0910001,"[-0.113138, 0.034202, 0.368554, 0.103998, -0.016679, 0.540187]"
CONTROL,38360753.71400011,"[-0.115577, 0.029843, 0.366349, 0.10314, -0.020552, 0.544084]"
CONTROL,38380834.72100016,"[-0.117943, 0.025441, 0.364276, 0.102021, -0.024384, 0.547807]"
CONTROL,38400917.13700008,"[-0.120235, 0.021003, 0.362337, 0.100645, -0.02817, 0.551341]"
CONTROL,38420998.048,"[-0.122451, 0.016535, 0.360534, 0.099014, -0.031901, 0.554673]"
CONTROL,38441080.016000114,"[-0.124589, 0.012043, 0.358868, 0.097133, -0.03557, 0.557788]"
CONTROL,38461159.42300002,"[-0.126649, 0.007535, 0.357342, 0.095007, -0.039171, 0.560676]"
CONTROL,38481239.021999955,"[-0.128629, 0.003016, 0.355956, 0.092641, -0.042696, 0.563325]"
CONTROL,38501320.79800005,"[-0.130528, -0.001508, 0.354713, 0.09004, -0.046138, 0.565723]"
CONTROL,38521402.541000046,"[-0.132344, -0.006029, 0.353612, 0.087213, -0.049491, 0.567862]"
CONTROL,38541481.88399995,"[-0.134076, -0.010542, 0.352657, 0.084165, -0.052748, 0.569733]"
CONTROL,38561560.52400001,"[-0.135724, -0.01504, 0.351847, 0.080904, -0.055903, 0.571329]"
CONTROL,38581639.73900014,"[-0.137286, -0.019516, 0.351183, 0.077439, -0.05895, 0.572644]"
CONTROL,38601719.68999998,"[-0.138762, -0.023965, 0.350666, 0.073778, -0.061884, 0.573672]"
CONTROL,38621800.82600003,"[-0.140149, -0.02838, 0.350296, 0.069931, -0.064697, 0.574409]"
CONTROL,38641880.10500015,"[-0.141449, -0.032754, 0.350074, 0.065908, -0.067385, 0.574852]"
CONTROL,38661960.632000044,"[-0.142658, -0.037082, 0.35, 0.061717, -0.069943, 0.575]"
CONTROL,38682039.36800001,"[-0.143778, -0.041357, 0.350074, 0.057371, -0.072366, 0.574852]"
CONTROL,38702119.44700009,"[-0.144807, -0.045573, 0.350296, 0.05288, -0.074648, 0.574409]"
CONTROL,38722200.55000003,"[-0.145745, -0.049725, 0.350666, 0.048256, -0.076787, 0.573672]"
CONTROL,38742279.92600004,"[-0.14659, -0.053806, 0.351183, 0.043509, -0.078777, 0.572644]"
CONTROL,38762360.74100006,"[-0.147343, -0.05781, 0.351847, 0.038653, -0.080614, 0.571329]"
CONTROL,38782440.37200011,"[-0.148003, -0.061733, 0.352657, 0.033699, -0.082296, 0.569733]"
CONTROL,38802520.707999974,"[-0.148569, -0.065567, 0.353612, 0.02866, -0.083818, 0.567862]"
CONTROL,38822600.33900002,"[-0.149042, -0.069309, 0.354713, 0.023548, -0.085178, 0.565723]"
CONTROL,38842681.69799998,"[-0.14942, -0.072952, 0.355956, 0.018377, -0.086374, 0.563325]"
CONTROL,38862762.06599996,"[-0.149704, -0.076491, 0.357342, 0.01316, -0.087402, 0.560676]"
CONTROL,38883204.88399995,"[-0.149893, -0.079921, 0.358868, 0.007909, -0.088261, 0.557788]"
CONTROL,38903285.66700009,"[-0.149988, -0.083238, 0.360534, 0.002639, -0.08895, 0.554673]"
CONTROL,38923368.43500016,"[-0.149988, -0.086437, 0.362337, -0.002639, -0.089467, 0.551341]"
CONTROL,38943447.618000165,"[-0.149893, -0.089513, 0.364276, -0.007909, -0.08981, 0.547807]"
CONTROL,38963532.62599996,"[-0.149704, -0.092462, 0.366349, -0.01316, -0.08998, 0.544084]"
CONTROL,38983613.72900013,"[-0.14942, -0.095279, 0.368554, -0.018377, -0.089976, 0.540187]"
CONTROL,39003694.25600002,"[-0.149042, -0.097961, 0.370889, -0.023548, -0.089798, 0.536132]"
CONTROL,39023773.15200011,"[-0.148569, -0.100503, 0.373351, -0.02866, -0.089446, 0.531933]"
CONTROL,39043855.24700001,"[-0.148003, -0.102903, 0.375938, -0.033699, -0.088921, 0.527609]"
CONTROL,39063935.55,"[-0.147343, -0.105157, 0.378647, -0.038653, -0.088224, 0.523176]"
CONTROL,39084016.97399995,"[-0.14659, -0.107261, 0.381477, -0.043509, -0.087357, 0.518652]"
CONTROL,39104097.8850001,"[-0.145745, -0.109213, 0.384423, -0.048256, -0.08632, 0.514054]"
CONTROL,39124178.76400013,"[-0.144807, -0.111009, 0.387483, -0.05288, -0.085117, 0.5094]"
CONTROL,39144260.796000026,"[-0.143778, -0.112648, 0.390655, -0.057371, -0.083749, 0.504709]"
CONTROL,39164342.25100011,"[-0.142658, -0.114127, 0.393934, -0.061717, -0.082219, 0.5]"
CONTROL,39184489.34200001,"[-0.141449, -0.115443, 0.397318, -0.065908, -0.08053, 0.495291]"
CONTROL,39204569.35700008,"[-0.140149, -0.116596, 0.400803, -0.069931, -0.078685, 0.4906]"
CONTROL,39224649.597000055,"[-0.138762, -0.117583, 0.404386, -0.073778, -0.076688, 0.485946]"
CONTROL,39244731.08400002,"[-0.137286, -0.118402, 0.408064, -0.077439, -0.074543, 0.481348]"
CONTROL,39264813.947999984,"[-0.135724, -0.119054, 0.411832, -0.080904, -0.072254, 0.476824]"
CONTROL,39284895.243000165,"[-0.134076, -0.119536, 0.415687, -0.084165, -0.069824, 0.472391]"
CONTROL,39304976.09100007,"[-0.132344, -0.119848, 0.419626, -0.087213, -0.06726, 0.468067]"
CONTROL,39325057.16200012,"[-0.130528, -0.119991, 0.423644, -0.09004, -0.064566, 0.463868]"
CONTROL,39345137.882000014,"[-0.128629, -0.119962, 0.427737, -0.092641, -0.061747, 0.459813]"
CONTROL,39365217.353000164,"[-0.126649, -0.119763, 0.431901, -0.095007, -0.058808, 0.455916]"
CONTROL,39385296.47200017,"[-0.124589, -0.119394, 0.436133, -0.097133, -0.055755, 0.452193]"
CONTROL,39405378.56800006,"[-0.122451, -0.118855, 0.440428, -0.099014, -0.052595, 0.448659]"
CONTROL,39425455.89500014,"[-0.120235, -0.118148, 0.444781, -0.100645, -0.049333, 0.445327]"
CONTROL,39445537.19100008,"[-0.117943, -0.117272, 0.449189, -0.102021, -0.045976, 0.442212]"
CONTROL,39465618.48600004,"[-0.115577, -0.11623, 0.453647, -0.10314, -0.04253, 0.439324]"
CONTROL,39485698.790000014,"[-0.113138, -0.115023, 0.458151, -0.103998, -0.039001, 0.436675]"
CONTROL,39505779.92500007,"[-0.110627, -0.113652, 0.462697, -0.104594, -0.035397, 0.434277]"
CONTROL,39525858.43600014,"[-0.108046, -0.112119, 0.467279, -0.104925, -0.031725, 0.432138]"
CONTROL,39545937.71600003,"[-0.105397, -0.110428, 0.471893, -0.104992, -0.027991, 0.430267]"
CONTROL,39566018.371000156,"[-0.102682, -0.108579, 0.476535, -0.104793, -0.024203, 0.428671]"
CONTROL,39586100.72300007,"[-0.099902, -0.106576, 0.4812, -0.104329, -0.020368, 0.427356]"
CONTROL,39606179.80999996,"[-0.097058, -0.104422, 0.485884, -0.103602, -0.016494, 0.426328]"
CONTROL,39626258.92899996,"[-0.094154, -0.102119, 0.490581, -0.102613, -0.012588, 0.425591]"
CONTROL,39646340.35300014,"[-0.09119, -0.099672, 0.495288, -0.101365, -0.008657, 0.425148]"
CONTROL,39666420.432,"[-0.088168, -0.097082, 0.5, -0.099861, -0.00471, 0.425]"
CONTROL,39686501.56800004,"[-0.08509, -0.094355, 0.504712, -0.098105, -0.000754, 0.425148]"
CONTROL,39706581.10299996,"[-0.081959, -0.091493, 0.509419, -0.0961, 0.003204, 0.425591]"
CONTROL,39726660.735,"[-0.078776, -0.088502, 0.514116, -0.093853, 0.007155, 0.426328]"
CONTROL,39746742.15799996,"[-0.075543, -0.085384, 0.5188, -0.091369, 0.011093, 0.427356]"
CONTROL,39766821.117000066,"[-0.072263, -0.082146, 0.523465, -0.088654, 0.015009, 0.428671]"
CONTROL,39786902.1890001,"[-0.068937, -0.07879, 0.528107, -0.085716, 0.018896, 0.430267]"
CONTROL,39806982.97200002,"[-0.065567, -0.075323, 0.532721, -0.08256, 0.022747, 0.432138]"
CONTROL,39827062.70000017,"[-0.062156, -0.071749, 0.537303, -0.079196, 0.026554, 0.434277]"
CONTROL,39847143.19500017,"[-0.058706, -0.068072, 0.541849, -0.075632, 0.030309, 0.436675]"
CONTROL,39867223.49900015,"[-0.055219, -0.064299, 0.546353, -0.071877, 0.034006, 0.439324]"
CONTROL,39887306.426000126,"[-0.051696, -0.060435, 0.550811, -0.067941, 0.037637, 0.442212]"
CONTROL,39907394.95399998,"[-0.048142, -0.056484, 0.555219, -0.063833, 0.041195, 0.445327]"
CONTROL,39927475.73700012,"[-0.044556, -0.052454, 0.559572, -0.059563, 0.044673, 0.448659]"
CONTROL,39947557.577,"[-0.040943, -0.048349, 0.563867, -0.055143, 0.048065, 0.452193]"
CONTROL,39967654.26499996,"[-0.037303, -0.044175, 0.568099, -0.050584, 0.051364, 0.455916]"
CONTROL,39987735.49700013,"[-0.033641, -0.039938, 0.572263, -0.045897, 0.054564, 0.459813]"
CONTROL,40007816.44000017,"[-0.029956, -0.035645, 0.576356, -0.041094, 0.057658, 0.463868]"
CONTROL,40027897.064000174,"[-0.026253, -0.031301, 0.580374, -0.036188, 0.060641, 0.468067]"
CONTROL,40047977.527000055,"[-0.022534, -0.026912, 0.584313, -0.031189, 0.063506, 0.472391]"
CONTROL,40068057.76700003,"[-0.0188, -0.022486, 0.588168, -0.026112, 0.066249, 0.476824]"
CONTROL,40088139.95800006,"[-0.015054, -0.018027, 0.591936, -0.02097, 0.068863, 0.481348]"
CONTROL,40108221.35000012,"[-0.011299, -0.013543, 0.595614, -0.015774, 0.071344, 0.485946]"
CONTROL,40128302.22900016,"[-0.007537, -0.009039, 0.599197, -0.010538, 0.073688, 0.4906]"
CONTROL,40148382.27600012,"[-0.00377, -0.004523, 0.602682, -0.005276, 0.075888, 0.495291]"
CONTROL,40168462.10000017,"[-0.0, -0.0, 0.606066, -0.0, 0.077942, 0.5]"
CONTROL,40188604.23000001,"[0.00377, 0.004523, 0.609345, 0.005276, 0.079845, 0.504709]"
CONTROL,40208683.734000035,"[0.007537, 0.009039, 0.612517, 0.010538, 0.081594, 0.5094]"
CONTROL,40228763.71699999,"[0.011299, 0.013543, 0.615577, 0.015774, 0.083185, 0.514054]"
CONTROL,40248844.94900016,"[0.015054, 0.018027, 0.618523, 0.02097, 0.084615, 0.518652]"
CONTROL,40268926.500000134,"[0.0188, 0.022486, 0.621353, 0.026112, 0.085882, 0.523176]"
CONTROL,40289006.22800006,"[0.022534, 0.026912, 0.624062, 0.031189, 0.086982, 0.527609]"
CONTROL,40309087.81100015,"[0.026253, 0.031301, 0.626649, 0.036188, 0.087914, 0.531933]"
CONTROL,40329169.65100003,"[0.029956, 0.035645, 0.629111, 0.041094, 0.088676, 0.536132]"
CONTROL,40349249.18599995,"[0.033641, 0.039938, 0.631446, 0.045897, 0.089267, 0.540187]"
CONTROL,40369329.39400003,"[0.037303, 0.044175, 0.633651, 0.050584, 0.089684, 0.544084]"
CONTROL,40389407.521000065,"[0.040943, 0.048349, 0.635724, 0.055143, 0.089929, 0.547807]"
CONTROL,40409488.97700014,"[0.044556, 0.052454, 0.637663, 0.059563, 0.089999, 0.551341]"
CONTROL,40429568.86399998,"[0.048142, 0.056484, 0.639466, 0.063833, 0.089896, 0.554673]"
CONTROL,40449647.79199995,"[0.051696, 0.060435, 0.641132, 0.067941, 0.089618, 0.557788]"
CONTROL,40469728.35099996,"[0.055219, 0.064299, 0.642658, 0.071877, 0.089167, 0.560676]"
CONTROL,40489808.239000015,"[0.058706, 0.068072, 0.644044, 0.075632, 0.088544, 0.563325]"
CONTROL,40509890.206000134,"[0.062156, 0.071749, 0.645287, 0.079196, 0.08775, 0.565723]"
CONTROL,40529968.46200017,"[0.065567, 0.075323, 0.646388, 0.08256, 0.086785, 0.567862]"
CONTROL,40550047.90099997,"[0.068937, 0.07879, 0.647343, 0.085716, 0.085653, 0.569733]"
CONTROL,40570130.157,"[0.072263, 0.082146, 0.648153, 0.088654, 0.084355, 0.571329]"
CONTROL,40590211.03600003,"[0.075543, 0.085384, 0.648817, 0.091369, 0.082894, 0.572644]"
CONTROL,40610290.79600007,"[0.078776, 0.088502, 0.649334, 0.093853, 0.081273, 0.573672]"
CONTROL,40630370.138999976,"[0.081959, 0.091493, 0.649704, 0.0961, 0.079495, 0.574409]"
CONTROL,40650447.33900004,"[0.08509, 0.094355, 0.649926, 0.098105, 0.077563, 0.574852]"
CONTROL,40670526.778000064,"[0.088168, 0.097082, 0.65, 0.099861, 0.07548, 0.575]"
CONTROL,40690607.530000076,"[0.09119, 0.099672, 0.649926, 0.101365, 0.073252, 0.574852]"
CONTROL,40710687.03300011,"[0.094154, 0.102119, 0.649704, 0.102613, 0.070882, 0.574409]"
CONTROL,40730768.04100015,"[0.097058, 0.104422, 0.649334, 0.103602, 0.068375, 0.573672]"
CONTROL,40750849.23999998,"[0.099902, 0.106576, 0.648817, 0.104329, 0.065736, 0.572644]"
CONTROL,40770930.02400011,"[0.102682, 0.108579, 0.648153, 0.104793, 0.06297, 0.571329]"
CONTROL,40791012.82400006,"[0.105397, 0.110428, 0.647343, 0.104992, 0.060082, 0.569733]"
CONTROL,40811092.96700015,"[0.108046, 0.112119, 0.646388, 0.104925, 0.057077, 0.567862]"
CONTROL,40831172.72599997,"[0.110627, 0.113652, 0.645287, 0.104594, 0.053962, 0.565723]"
CONTROL,40851251.589999944,"[0.113138, 0.115023, 0.644044, 0.103998, 0.050743, 0.563325]"
CONTROL,40871330.83699996,"[0.115577, 0.11623, 0.642658, 0.10314, 0.047426, 0.560676]"
CONTROL,40891411.52499997,"[0.117943, 0.117272, 0.641132, 0.102021, 0.044017, 0.557788]"
CONTROL,40911491.380000144,"[0.120235, 0.118148, 0.639466, 0.100645, 0.040523, 0.554673]"
CONTROL,40931581.284,"[0.122451, 0.118855, 0.637663, 0.099014, 0.03695, 0.551341]"
CONTROL,40951660.50000012,"[0.124589, 0.119394, 0.635724, 0.097133, 0.033306, 0.547807]"
CONTROL,40971742.53100002,"[0.126649, 0.119763, 0.633651, 0.095007, 0.029598, 0.544084]"
CONTROL,40991822.578999974,"[0.128629, 0.119962, 0.631446, 0.092641, 0.025832, 0.540187]"
CONTROL,41011904.13100016,"[0.130528, 0.119991, 0.629111, 0.09004, 0.022017, 0.536132]"
CONTROL,41031989.42600011,"[0.132344, 0.119848, 0.626649, 0.087213, 0.018159, 0.531933]"
CONTROL,41052070.01799999,"[0.134076, 0.119536, 0.624062, 0.084165, 0.014265, 0.527609]"
CONTROL,41072149.32900001,"[0.135724, 0.119054, 0.621353, 0.080904, 0.010344, 0.523176]"
CONTROL,41092228.256999984,"[0.137286, 0.118402, 0.618523, 0.077439, 0.006403, 0.518652]"
CONTROL,41112308.55999997,"[0.138762, 0.117583, 0.615577, 0.073778, 0.00245, 0.514054]"
CONTROL,41132392.191999994,"[0.140149, 0.116596, 0.612517, 0.069931, -0.001508, 0.5094]"
CONTROL,41152472.975000136,"[0.141449, 0.115443, 0.609345, 0.065908, -0.005463, 0.504709]"
CONTROL,41172552.67099995,"[0.142658, 0.114127, 0.606066, 0.061717, -0.009408, 0.5]"
CONTROL,41192693.90600016,"[0.143778, 0.112648, 0.602682, 0.057371, -0.013334, 0.495291]"
CONTROL,41212774.01700013,"[0.144807, 0.111009, 0.599197, 0.05288, -0.017234, 0.4906]"
CONTROL,41232854.70500014,"[0.145745, 0.109213, 0.595614, 0.048256, -0.021102, 0.485946]"
CONTROL,41252934.17600005,"[0.14659, 0.107261, 0.591936, 0.043509, -0.024928, 0.481348]"
CONTROL,41273014.48000003,"[0.147343, 0.105157, 0.588168, 0.038653, -0.028706, 0.476824]"
CONTROL,41293098.463999964,"[0.148003, 0.102903, 0.584313, 0.033699, -0.032429, 0.472391]"
CONTROL,41313179.85500004,"[0.148569, 0.100503, 0.580374, 0.02866, -0.036089, 0.468067]"
CONTROL,41333260.57500017,"[0.149042, 0.097961, 0.576356, 0.023548, -0.039679, 0.463868]"
CONTROL,41353339.66200005,"[0.14942, 0.095279, 0.572263, 0.018377, -0.043193, 0.459813]"
CONTROL,41373421.21400002,"[0.149704, 0.092462, 0.568099, 0.01316, -0.046622, 0.455916]"
CONTROL,41393500.33400001,"[0.149893, 0.089513, 0.563867, 0.007909, -0.049962, 0.452193]"
CONTROL,41413580.636999995,"[0.149988, 0.086437, 0.559572, 0.002639, -0.053205, 0.448659]"
CONTROL,41433662.636999995,"[0.149988, 0.083238, 0.555219, -0.002639, -0.056345, 0.445327]"
CONTROL,41453745.02000004,"[0.149893, 0.079921, 0.550811, -0.007909, -0.059377, 0.442212]"
CONTROL,41473824.04400014,"[0.149704, 0.076491, 0.546353, -0.01316, -0.062293, 0.439324]"
CONTROL,41493903.03600012,"[0.14942, 0.072952, 0.541849, -0.018377, -0.065089, 0.436675]"
CONTROL,41513983.40300011,"[0.149042, 0.069309, 0.537303, -0.023548, -0.067759, 0.434277]"
CONTROL,41534063.451000065,"[0.148569, 0.065567, 0.532721, -0.02866, -0.070298, 0.432138]"
CONTROL,41554144.61800001,"[0.148003, 0.061733, 0.528107, -0.033699, -0.072701, 0.430267]"
CONTROL,41574227.545999974,"[0.147343, 0.05781, 0.523465, -0.038653, -0.074963, 0.428671]"
CONTROL,41594311.14600011,"[0.14659, 0.053806, 0.5188, -0.043509, -0.07708, 0.427356]"
CONTROL,41614391.99300002,"[0.145745, 0.049725, 0.514116, -0.048256, -0.079049, 0.426328]"
CONTROL,41634473.16099996,"[0.144807, 0.045573, 0.509419, -0.05288, -0.080864, 0.425591]"
CONTROL,41654551.83300014,"[0.143778, 0.041357, 0.504712, -0.057371, -0.082523, 0.425148]"
CONTROL,41674631.43200007,"[0.142658, 0.037082, 0.5, -0.061717, -0.084022, 0.425]"
CONTROL,41694712.407999985,"[0.141449, 0.032754, 0.495288, -0.065908, -0.085359, 0.425148]"
CONTROL,41714792.32700017,"[0.140149, 0.02838, 0.490581, -0.069931, -0.086531, 0.425591]"
CONTROL,41734871.95899998,"[0.138762, 0.023965, 0.485884, -0.073778, -0.087535, 0.426328]"
CONTROL,41754952.13399995,"[0.137286, 0.019516, 0.4812, -0.077439, -0.08837, 0.427356]"
CONTROL,41775031.958,"[0.135724, 0.01504, 0.476535, -0.080904, -0.089035, 0.428671]"
CONTROL,41795113.67000009,"[0.134076, 0.010542, 0.471893, -0.084165, -0.089526, 0.430267]"
CONTROL,41815192.88499999,"[0.132344, 0.006029, 0.467279, -0.087213, -0.089845, 0.432138]"
CONTROL,41835271.812999964,"[0.130528, 0.001508, 0.462697, -0.09004, -0.08999, 0.434277]"
CONTROL,41855352.24399996,"[0.128629, -0.003016, 0.458151, -0.092641, -0.089961, 0.436675]"
CONTROL,41875431.10800016,"[0.126649, -0.007535, 0.453647, -0.095007, -0.089758, 0.439324]"
CONTROL,41895509.58700011,"[0.124589, -0.012043, 0.449189, -0.097133, -0.089382, 0.442212]"
CONTROL,41915588.738999985,"[0.122451, -0.016535, 0.444781, -0.099014, -0.088832, 0.445327]"
CONTROL,41935668.11400001,"[0.120235, -0.021003, 0.440428, -0.100645, -0.088111, 0.448659]"
CONTROL,41955753.31400005,"[0.117943, -0.025441, 0.436133, -0.102021, -0.087219, 0.452193]"
CONTROL,41975831.57000008,"[0.115577, -0.029843, 0.431901, -0.10314, -0.086159, 0.455916]"
CONTROL,41995913.313000076,"[0.113138, -0.034202, 0.427737, -0.103998, -0.084932, 0.459813]"
CONTROL,42015992.433000065,"[0.110627, -0.038513, 0.423644, -0.104594, -0.08354, 0.463868]"
CONTROL,42036072.801000044,"[0.108046, -0.042769, 0.419626, -0.104925, -0.081987, 0.468067]"
CONTROL,42056151.95200016,"[0.105397, -0.046965, 0.415687, -0.104992, -0.080276, 0.472391]"
CONTROL,42076230.816000134,"[0.102682, -0.051094, 0.411832, -0.104793, -0.078409, 0.476824]"
CONTROL,42096311.63100016,"[0.099902, -0.05515, 0.408064, -0.104329, -0.076391, 0.481348]"
CONTROL,42116391.19899996,"[0.097058, -0.059127, 0.404386, -0.103602, -0.074225, 0.485946]"
CONTROL,42136472.36600014,"[0.094154, -0.063021, 0.400803, -0.102613, -0.071915, 0.4906]"
CONTROL,42156552.573999986,"[0.09119, -0.066825, 0.397318, -0.101365, -0.069466, 0.495291]"
CONTROL,42176633.45400001,"[0.088168, -0.070534, 0.393934, -0.099861, -0.066883, 0.5]"
CONTROL,42196773.18399999,"[0.08509, -0.074143, 0.390655, -0.098105, -0.064171, 0.504709]"
CONTROL,42216853.20000006,"[0.081959, -0.077647, 0.387483, -0.0961, -0.061334, 0.5094]"
CONTROL,42236933.43900004,"[0.078776, -0.08104, 0.384423, -0.093853, -0.058379, 0.514054]"
CONTROL,42257013.3910001,"[0.075543, -0.084318, 0.381477, -0.091369, -0.05531, 0.518652]"
CONTROL,42277095.486999996,"[0.072263, -0.087476, 0.378647, -0.088654, -0.052135, 0.523176]"
CONTROL,42297175.40700017,"[0.068937, -0.09051, 0.375938, -0.085716, -0.048859, 0.527609]"
CONTROL,42317253.43800008,"[0.065567, -0.093415, 0.373351, -0.08256, -0.045489, 0.531933]"
CONTROL,42337332.39800017,"[0.062156, -0.096188, 0.370889, -0.079196, -0.04203, 0.536132]"
CONTROL,42357410.97300001,"[0.058706, -0.098824, 0.368554, -0.075632, -0.038491, 0.540187]"
CONTROL,42377490.44500015,"[0.055219, -0.101319, 0.366349, -0.071877, -0.034876, 0.544084]"
CONTROL,42397571.38899995,"[0.051696, -0.103671, 0.364276, -0.067941, -0.031195, 0.547807]"
CONTROL,42417651.18000012,"[0.048142, -0.105875, 0.362337, -0.063833, -0.027453, 0.551341]"
CONTROL,42437727.64400001,"[0.044556, -0.107929, 0.360534, -0.059563, -0.023658, 0.554673]"
CONTROL,42457807.27500005,"[0.040943, -0.109829, 0.358868, -0.055143, -0.019817, 0.557788]"
CONTROL,42477886.07500002,"[0.037303, -0.111573, 0.357342, -0.050584, -0.015938, 0.560676]"
CONTROL,42497964.87499998,"[0.033641, -0.113159, 0.355956, -0.045897, -0.012028, 0.563325]"
CONTROL,42518045.36999998,"[0.029956, -0.114584, 0.354713, -0.041094, -0.008094, 0.565723]"
CONTROL,42538126.282000124,"[0.026253, -0.115846, 0.353612, -0.036188, -0.004145, 0.567862]"
CONTROL,42558205.72200014,"[0.022534, -0.116943, 0.352657, -0.031189, -0.000188, 0.569733]"
CONTROL,42578285.864999995,"[0.0188, -0.117874, 0.351847, -0.026112, 0.003769, 0.571329]"
CONTROL,42598377.24099998,"[0.015054, -0.118638, 0.351183, -0.02097, 0.007719, 0.572644]"
CONTROL,42618458.82500006,"[0.011299, -0.119233, 0.350666, -0.015774, 0.011654, 0.573672]"
CONTROL,42638540.12100001,"[0.007537, -0.119659, 0.350296, -0.010538, 0.015566, 0.574409]"
CONTROL,42658622.53700016,"[0.00377, -0.119915, 0.350074, -0.005276, 0.019449, 0.574852]"
CONTROL,42678701.847999945,"[-0.0, -0.12, 0.35, 0.0, 0.023294, 0.575]"
CONTROL,42698783.14400012,"[-0.00377, -0.119915, 0.350074, 0.005276, 0.027093, 0.574852]"
CONTROL,42718863.864000015,"[-0.007537, -0.119659, 0.350296, 0.010538, 0.030841, 0.574409]"
CONTROL,42738943.910999976,"[-0.011299, -0.119233, 0.350666, 0.015774, 0.034529, 0.573672]"
CONTROL,42759025.55900007,"[-0.015054, -0.118638, 0.351183, 0.02097, 0.038149, 0.572644]"
CONTROL,42779107.68700008,"[-0.0188, -0.117874, 0.351847, 0.026112, 0.041697, 0.571329]"
CONTROL,42799187.671000026,"[-0.022534, -0.116943, 0.352657, 0.031189, 0.045163, 0.569733]"
CONTROL,42819268.58199995,"[-0.026253, -0.115846, 0.353612, 0.036188, 0.048542, 0.567862]"
CONTROL,42839348.63000013,"[-0.029956, -0.114584, 0.354713, 0.041094, 0.051828, 0.565723]"
CONTROL,42859432.26200016,"[-0.033641, -0.113159, 0.355956, 0.045897, 0.055013, 0.563325]"
CONTROL,42879512.405000016,"[-0.037303, -0.111573, 0.357342, 0.050584, 0.058091, 0.560676]"
CONTROL,42899593.925000094,"[-0.040943, -0.109829, 0.358868, 0.055143, 0.061057, 0.557788]"
CONTROL,42919673.26899999,"[-0.044556, -0.107929, 0.360534, 0.059563, 0.063906, 0.554673]"
CONTROL,42939753.31599995,"[-0.048142, -0.105875, 0.362337, 0.063833, 0.06663, 0.551341]"
CONTROL,42959835.95600001,"[-0.051696, -0.103671, 0.364276, 0.067941, 0.069226, 0.547807]"
CONTROL,42979931.81300012,"[-0.055219, -0.101319, 0.366349, 0.071877, 0.071688, 0.544084]"
CONTROL,43000013.68400012,"[-0.058706, -0.098824, 0.368554, 0.075632, 0.074011, 0.540187]"
CONTROL,43020096.13200016,"[-0.062156, -0.096188, 0.370889, 0.079196, 0.076191, 0.536132]"
CONTROL,43040176.24400012,"[-0.065567, -0.093415, 0.373351, 0.08256, 0.078223, 0.531933]"
CONTROL,43060258.052000105,"[-0.068937, -0.09051, 0.375938, 0.085716, 0.080105, 0.527609]"
CONTROL,43080339.05900015,"[-0.072263, -0.087476, 0.378647, 0.088654, 0.081831, 0.523176]"
CONTROL,43100420.29100009,"[-0.075543, -0.084318, 0.381477, 0.091369, 0.083399, 0.518652]"
CONTROL,43120504.81899996,"[-0.078776, -0.08104, 0.384423, 0.093853, 0.084806, 0.514054]"
CONTROL,43140584.322999984,"[-0.081959, -0.077647, 0.387483, 0.0961, 0.086049, 0.5094]"
CONTROL,43160667.44199998,"[-0.08509, -0.074143, 0.390655, 0.098105, 0.087125, 0.504709]"
CONTROL,43180746.530000076,"[-0.088168, -0.070534, 0.393934, 0.099861, 0.088033, 0.5]"
CONTROL,43200889.045000166,"[-0.09119, -0.066825, 0.397318, 0.101365, 0.088771, 0.495291]"
CONTROL,43220972.261000045,"[-0.094154, -0.063021, 0.400803, 0.102613, 0.089337, 0.4906]"
CONTROL,43241054.13300003,"[-0.097058, -0.059127, 0.404386, 0.103602, 0.08973, 0.485946]"
CONTROL,43261135.716000125,"[-0.099902, -0.05515, 0.408064, 0.104329, 0.089949, 0.481348]"
CONTROL,43281215.73199996,"[-0.102682, -0.051094, 0.411832, 0.104793, 0.089995, 0.476824]"
CONTROL,43301296.26000007,"[-0.105397, -0.046965, 0.415687, 0.104992, 0.089867, 0.472391]"
CONTROL,43321378.70800011,"[-0.108046, -0.042769, 0.419626, 0.104925, 0.089564, 0.468067]"
CONTROL,43341459.171,"[-0.110627, -0.038513, 0.423644, 0.104594, 0.089089, 0.463868]"
CONTROL,43361540.275000155,"[-0.113138, -0.034202, 0.427737, 0.103998, 0.088441, 0.459813]"
CONTROL,43381620.483,"[-0.115577, -0.029843, 0.431901, 0.10314, 0.087622, 0.455916]"
CONTROL,43401700.08300015,"[-0.117943, -0.025441, 0.436133, 0.102021, 0.086634, 0.452193]"
CONTROL,43421778.562000096,"[-0.120235, -0.021003, 0.440428, 0.100645, 0.085478, 0.448659]"
CONTROL,43441859.50600013,"[-0.122451, -0.016535, 0.444781, 0.099014, 0.084157, 0.445327]"
CONTROL,43461939.68200009,"[-0.124589, -0.012043, 0.449189, 0.097133, 0.082673, 0.442212]"
CONTROL,43482019.28200001,"[-0.126649, -0.007535, 0.453647, 0.095007, 0.081029, 0.439324]"
CONTROL,43502101.057000116,"[-0.128629, -0.003016, 0.458151, 0.092641, 0.079228, 0.436675]"
CONTROL,43522180.209,"[-0.130528, 0.001508, 0.462697, 0.09004, 0.077274, 0.434277]"
CONTROL,43542262.241000116,"[-0.132344, 0.006029, 0.467279, 0.087213, 0.075171, 0.432138]"
CONTROL,43562342.512999974,"[-0.134076, 0.010542, 0.471893, 0.084165, 0.072922, 0.430267]"
CONTROL,43582422.01600001,"[-0.135724, 0.01504, 0.476535, 0.080904, 0.070532, 0.428671]"
CONTROL,43602503.24799995,"[-0.137286, 0.019516, 0.4812, 0.077439, 0.068006, 0.427356]"
CONTROL,43622583.29600013,"[-0.138762, 0.023965, 0.485884, 0.073778, 0.065349, 0.426328]"
CONTROL,43642667.50399997,"[-0.140149, 0.02838, 0.490581, 0.069931, 0.062564, 0.425591]"
CONTROL,43662748.54400013,"[-0.141449, 0.032754, 0.495288, 0.065908, 0.059659, 0.425148]"
CONTROL,43682828.527000085,"[-0.142658, 0.037082, 0.5, 0.061717, 0.056639, 0.425]"
CONTROL,43702908.25500001,"[-0.143778, 0.041357, 0.504712, 0.057371, 0.053509, 0.425148]"
CONTROL,43722988.655000106,"[-0.144807, 0.045573, 0.509419, 0.05288, 0.050275, 0.425591]"
CONTROL,43743068.670999944,"[-0.145745, 0.049725, 0.514116, 0.048256, 0.046944, 0.426328]"
CONTROL,43763149.42199997,"[-0.14659, 0.053806, 0.5188, 0.043509, 0.043523, 0.427356]"
CONTROL,43783229.054000005,"[-0.147343, 0.05781, 0.523465, 0.038653, 0.040017, 0.428671]"
CONTROL,43803309.5180001,"[-0.148003, 0.061733, 0.528107, 0.033699, 0.036434, 0.430267]"
CONTROL,43823389.438000046,"[-0.148569, 0.065567, 0.532721, 0.02866, 0.03278, 0.432138]"
CONTROL,43843471.05300003,"[-0.149042, 0.069309, 0.537303, 0.023548, 0.029063, 0.434277]"
CONTROL,43863550.46100016,"[-0.14942, 0.072952, 0.541849, 0.018377, 0.02529, 0.436675]"
CONTROL,43883643.37400003,"[-0.149704, 0.076491, 0.546353, 0.01316, 0.021468, 0.439324]"
CONTROL,43903723.00500008,"[-0.149893, 0.079921, 0.550811, 0.007909, 0.017604, 0.442212]"
CONTROL,43923802.63700011,"[-0.149988, 0.083238, 0.555219, 0.002639, 0.013707, 0.445327]"
CONTROL,43943884.79700001,"[-0.149988, 0.086437, 0.559572, -0.002639, 0.009782, 0.448659]"
CONTROL,43963965.35700001,"[-0.149893, 0.089513, 0.563867, -0.007909, 0.005839, 0.452193]"
CONTROL,43984044.76400015,"[-0.149704, 0.092462, 0.568099, -0.01316, 0.001885, 0.455916]"
CONTROL,44004140.972999945,"[-0.14942, 0.095279, 0.572263, -0.018377, -0.002073, 0.459813]"
CONTROL,44024221.660999954,"[-0.149042, 0.097961, 0.576356, -0.023548, -0.006027, 0.463868]"
CONTROL,44044302.924000025,"[-0.148569, 0.100503, 0.580374, -0.02866, -0.00997, 0.468067]"
CONTROL,44064384.21999997,"[-0.148003, 0.102903, 0.584313, -0.033699, -0.013893, 0.472391]"
CONTROL,44084464.620000064,"[-0.147343, 0.105157, 0.588168, -0.038653, -0.017789, 0.476824]"
CONTROL,44104546.74800008,"[-0.14659, 0.107261, 0.591936, -0.043509, -0.021651, 0.481348]"
CONTROL,44124628.74800008,"[-0.145745, 0.109213, 0.595614, -0.048256, -0.025471, 0.485946]"
CONTROL,44144710.71599996,"[-0.144807, 0.111009, 0.599197, -0.05288, -0.029242, 0.4906]"
CONTROL,44164792.10700004,"[-0.143778, 0.112648, 0.602682, -0.057371, -0.032956, 0.495291]"
CONTROL,44184876.25100011,"[-0.142658, 0.114127, 0.606066, -0.061717, -0.036606, 0.5]"
CONTROL,44205022.92600008,"[-0.141449, 0.115443, 0.609345, -0.065908, -0.040186, 0.504709]"
CONTROL,44225104.701999955,"[-0.140149, 0.116596, 0.612517, -0.069931, -0.043688, 0.5094]"
CONTROL,44245189.19800016,"[-0.138762, 0.117583, 0.615577, -0.073778, -0.047105, 0.514054]"
CONTROL,44265268.63799995,"[-0.137286, 0.118402, 0.618523, -0.077439, -0.050431, 0.518652]"
CONTROL,44285348.141999975,"[-0.135724, 0.119054, 0.621353, -0.080904, -0.05366, 0.523176]"
CONTROL,44305429.85400007,"[-0.134076, 0.119536, 0.624062, -0.084165, -0.056785, 0.527609]"
CONTROL,44325513.00600016,"[-0.132344, 0.119848, 0.626649, -0.087213, -0.0598, 0.531933]"
CONTROL,44345593.85400007,"[-0.130528, 0.119991, 0.629111, -0.09004, -0.0627, 0.536132]"
CONTROL,44365675.27800003,"[-0.128629, 0.119962, 0.631446, -0.092641, -0.065478, 0.540187]"
CONTROL,44385754.23700013,"[-0.126649, 0.119763, 0.633651, -0.095007, -0.06813, 0.544084]"
CONTROL,44405833.67700014,"[-0.124589, 0.119394, 0.635724, -0.097133, -0.070649, 0.547807]"
CONTROL,44425913.21300006,"[-0.122451, 0.118855, 0.637663, -0.099014, -0.073032, 0.551341]"
CONTROL,44445993.037000105,"[-0.120235, 0.118148, 0.639466, -0.100645, -0.075274, 0.554673]"
CONTROL,44466075.74100017,"[-0.117943, 0.117272, 0.641132, -0.102021, -0.077371, 0.557788]"
CONTROL,44486154.828000054,"[-0.115577, 0.11623, 0.642658, -0.10314, -0.079317, 0.560676]"
CONTROL,44506234.33200008,"[-0.113138, 0.115023, 0.644044, -0.103998, -0.081111, 0.563325]"
CONTROL,44526314.859999955,"[-0.110627, 0.113652, 0.645287, -0.104594, -0.082747, 0.565723]"
CONTROL,44546395.26000006,"[-0.108046, 0.112119, 0.646388, -0.104925, -0.084223, 0.567862]"
CONTROL,44566476.33200009,"[-0.105397, 0.110428, 0.647343, -0.104992, -0.085537, 0.569733]"
CONTROL,44586556.06000002,"[-0.102682, 0.108579, 0.648153, -0.104793, -0.086685, 0.571329]"
CONTROL,44606638.05900003,"[-0.099902, 0.106576, 0.648817, -0.104329, -0.087665, 0.572644]"
CONTROL,44626720.85899999,"[-0.097058, 0.104422, 0.649334, -0.103602, -0.088476, 0.573672]"
CONTROL,44646802.18700005,"[-0.094154, 0.102119, 0.649704, -0.102613, -0.089115, 0.574409]"
CONTROL,44666885.27500014,"[-0.09119, 0.099672, 0.649926, -0.101365, -0.089583, 0.574852]"
CONTROL,44686966.02700015,"[-0.088168, 0.097082, 0.65, -0.099861, -0.089877, 0.575]"
CONTROL,44707046.65100016,"[-0.08509, 0.094355, 0.649926, -0.098105, -0.089997, 0.574852]"
CONTROL,44727126.53899998,"[-0.081959, 0.091493, 0.649704, -0.0961, -0.089943, 0.574409]"
CONTROL,44747207.83500016,"[-0.078776, 0.088502, 0.649334, -0.093853, -0.089715, 0.573672]"
CONTROL,44767288.97099997,"[-0.075543, 0.085384, 0.648817, -0.091369, -0.089314, 0.572644]"
CONTROL,44787370.42600005,"[-0.072263, 0.082146, 0.648153, -0.088654, -0.08874, 0.571329]"
CONTROL,44807450.28199999,"[-0.068937, 0.07879, 0.647343, -0.085716, -0.087994, 0.569733]"
CONTROL,44827532.506000124,"[-0.065567, 0.075323, 0.646388, -0.08256, -0.087078, 0.567862]"
CONTROL,44847611.97800003,"[-0.062156, 0.071749, 0.645287, -0.079196, -0.085994, 0.565723]"
CONTROL,44867692.186000116,"[-0.058706, 0.068072, 0.644044, -0.075632, -0.084743, 0.563325]"
CONTROL,44887772.58599998,"[-0.055219, 0.064299, 0.642658, -0.071877, -0.083328, 0.560676]"
CONTROL,44907853.30500012,"[-0.051696, 0.060435, 0.641132, -0.067941, -0.081753, 0.557788]"
CONTROL,44927935.0490001,"[-0.048142, 0.056484, 0.639466, -0.063833, -0.080019, 0.554673]"
CONTROL,44948015.256999955,"[-0.044556, 0.052454, 0.637663, -0.059563, -0.07813, 0.551341]"
CONTROL,44968096.48900012,"[-0.040943, 0.048349, 0.635724, -0.055143, -0.07609, 0.547807]"
CONTROL,44988178.521000005,"[-0.037303, 0.044175, 0.633651, -0.050584, -0.073903, 0.544084]"
CONTROL,45008260.04100008,"[-0.033641, 0.039938, 0.631446, -0.045897, -0.071574, 0.540187]"
CONTROL,45028348.53700005,"[-0.029956, 0.035645, 0.629111, -0.041094, -0.069105, 0.536132]"
CONTROL,45048431.209,"[-0.026253, 0.031301, 0.626649, -0.036188, -0.066503, 0.531933]"
CONTROL,45068512.12100014,"[-0.022534, 0.026912, 0.624062, -0.031189, -0.063773, 0.527609]"
CONTROL,45088596.23300009,"[-0.0188, 0.022486, 0.621353, -0.026112, -0.060919, 0.523176]"
CONTROL,45108677.33700002,"[-0.015054, 0.018027, 0.618523, -0.02097, -0.057947, 0.518652]"
CONTROL,45128758.37700017,"[-0.011299, 0.013543, 0.615577, -0.015774, -0.054863, 0.514054]"
CONTROL,45148837.68899995,"[-0.007537, 0.009039, 0.612517, -0.010538, -0.051673, 0.5094]"
CONTROL,45168918.631999984,"[-0.00377, 0.004523, 0.609345, -0.005276, -0.048383, 0.504709]"
CONTROL,45189003.86400014,"[-0.0, 0.0, 0.606066, -0.0, -0.045, 0.5]"
CONTROL,45209145.03500012,"[0.00377, -0.004523, 0.602682, 0.005276, -0.04153, 0.495291]"
CONTROL,45229226.84300011,"[0.007537, -0.009039, 0.599197, 0.010538, -0.037979, 0.4906]"
CONTROL,45249308.68299998,"[0.011299, -0.013543, 0.595614, 0.015774, -0.034354, 0.485946]"
CONTROL,45269390.68299998,"[0.015054, -0.018027, 0.591936, 0.02097, -0.030664, 0.481348]"
CONTROL,45289473.83500008,"[0.0188, -0.022486, 0.588168, 0.026112, -0.026914, 0.476824]"
CONTROL,45309554.23499995,"[0.022534, -0.026912, 0.584313, 0.031189, -0.023112, 0.472391]"
CONTROL,45329655.02000002,"[0.026253, -0.031301, 0.580374, 0.036188, -0.019265, 0.468067]"
CONTROL,45349735.13199998,"[0.029956, -0.035645, 0.576356, 0.041094, -0.015381, 0.463868]"
CONTROL,45369813.83600005,"[0.033641, -0.039938, 0.572263, 0.045897, -0.011467, 0.459813]"
CONTROL,45389894.204000026,"[0.037303, -0.044175, 0.568099, 0.050584, -0.007531, 0.455916]"
CONTROL,45409974.09200008,"[0.040943, -0.048349, 0.563867, 0.055143, -0.00358, 0.452193]"
CONTROL,45430055.19600001,"[0.044556, -0.052454, 0.559572, 0.059563, 0.000377, 0.448659]"
CONTROL,45450136.61999997,"[0.048142, -0.056484, 0.555219, 0.063833, 0.004334, 0.445327]"
CONTROL,45470219.51600004,"[0.051696, -0.060435, 0.550811, 0.067941, 0.008282, 0.442212]"
CONTROL,45490300.52400008,"[0.055219, -0.064299, 0.546353, 0.071877, 0.012214, 0.439324]"
CONTROL,45510381.43599999,"[0.058706, -0.068072, 0.541849, 0.075632, 0.016123, 0.436675]"
CONTROL,45530461.90000009,"[0.062156, -0.071749, 0.537303, 0.079196, 0.020001, 0.434277]"
CONTROL,45550543.22800015,"[0.065567, -0.075323, 0.532721, 0.08256, 0.023839, 0.432138]"
CONTROL,45570623.91500017,"[0.068937, -0.07879, 0.528107, 0.085716, 0.027632, 0.430267]"
CONTROL,45590703.643000096,"[0.072263, -0.082146, 0.523465, 0.088654, 0.031371, 0.428671]"
CONTROL,45610785.22699995,"[0.075543, -0.085384, 0.5188, 0.091369, 0.03505, 0.427356]"
CONTROL,45630865.69100005,"[0.078776, -0.088502, 0.514116, 0.093853, 0.038661, 0.426328]"
CONTROL,45650947.083000116,"[0.081959, -0.091493, 0.509419, 0.0961, 0.042197, 0.425591]"
CONTROL,45671026.683000036,"[0.08509, -0.094355, 0.504712, 0.098105, 0.045651, 0.425148]"
CONTROL,45691108.13900011,"[0.088168, -0.097082, 0.5, 0.099861, 0.049018, 0.425]"
CONTROL,45711189.14700014,"[0.09119, -0.099672, 0.495288, 0.101365, 0.052289, 0.425148]"
CONTROL,45731269.06700008,"[0.094154, -0.102119, 0.490581, 0.102613, 0.055459, 0.425591]"
CONTROL,45751349.563000076,"[0.097058, -0.104422, 0.485884, 0.103602, 0.058522, 0.426328]"
CONTROL,45771428.842999965,"[0.099902, -0.106576, 0.4812, 0.104329, 0.061472, 0.427356]"
CONTROL,45791510.68300007,"[0.102682, -0.108579, 0.476535, 0.104793, 0.064303, 0.428671]"
CONTROL,45811590.76300014,"[0.105397, -0.110428, 0.471893, 0.104992, 0.067009, 0.430267]"
CONTROL,45831671.13000013,"[0.108046, -0.112119, 0.467279, 0.104925, 0.069586, 0.432138]"
CONTROL,45851752.64999998,"[0.110627, -0.113652, 0.462697, 0.104594, 0.072028, 0.434277]"
CONTROL,45871833.3700001,"[0.113138, -0.115023, 0.458151, 0.103998, 0.074331, 0.436675]"
CONTROL,45891914.05800011,"[0.115577, -0.11623, 0.453647, 0.10314, 0.07649, 0.439324]"
CONTROL,45911993.97800005,"[0.117943, -0.117272, 0.449189, 0.102021, 0.078502, 0.442212]"
CONTROL,45932074.314000145,"[0.120235, -0.118148, 0.444781, 0.100645, 0.080361, 0.445327]"
CONTROL,45952156.378000155,"[0.122451, -0.118855, 0.440428, 0.099014, 0.082065, 0.448659]"
CONTROL,45972236.74600013,"[0.124589, -0.119394, 0.436133, 0.097133, 0.08361, 0.452193]"
CONTROL,45992318.42600011,"[0.126649, -0.119763, 0.431901, 0.095007, 0.084994, 0.455916]"
CONTROL,46012399.306000136,"[0.128629, -0.119962, 0.427737, 0.092641, 0.086213, 0.459813]"
CONTROL,46032479.80200013,"[0.130528, -0.119991, 0.423644, 0.09004, 0.087265, 0.463868]"
CONTROL,46052567.27400001,"[0.132344, -0.119848, 0.419626, 0.087213, 0.088149, 0.468067]"
CONTROL,46072648.09000003,"[0.134076, -0.119536, 0.415687, 0.084165, 0.088862, 0.472391]"
CONTROL,46092728.87400016,"[0.135724, -0.119054, 0.411832, 0.080904, 0.089404, 0.476824]"
CONTROL,46112809.43400016,"[0.137286, -0.118402, 0.408064, 0.077439, 0.089772, 0.481348]"
CONTROL,46132892.266,"[0.138762, -0.117583, 0.404386, 0.073778, 0.089967, 0.485946]"
CONTROL,46152974.266,"[0.140149, -0.116596, 0.400803, 0.069931, 0.089987, 0.4906]"
CONTROL,46173055.56200017,"[0.141449, -0.115443, 0.397318, 0.065908, 0.089834, 0.495291]"
CONTROL,46193137.49800017,"[0.142658, -0.114127, 0.393934, 0.061717, 0.089507, 0.5]"
CONTROL,46213276.01300004,"[0.143778, -0.112648, 0.390655, 0.057371, 0.089007, 0.504709]"
CONTROL,46233358.300999954,"[0.144807, -0.111009, 0.387483, 0.05288, 0.088334, 0.5094]"
CONTROL,46253440.141000055,"[0.145745, -0.109213, 0.384423, 0.048256, 0.087491, 0.514054]"
CONTROL,46273519.77300009,"[0.14659, -0.107261, 0.381477, 0.043509, 0.086479, 0.518652]"
CONTROL,46293602.317000024,"[0.147343, -0.105157, 0.378647, 0.038653, 0.085299, 0.523176]"
CONTROL,46313683.19700005,"[0.148003, -0.102903, 0.375938, 0.033699, 0.083955, 0.527609]"
CONTROL,46333763.501000024,"[0.148569, -0.100503, 0.373351, 0.02866, 0.082447, 0.531933]"
CONTROL,46353844.73299996,"[0.149042, -0.097961, 0.370889, 0.023548, 0.080781, 0.536132]"
CONTROL,46373925.51700009,"[0.14942, -0.095279, 0.368554, 0.018377, 0.078958, 0.540187]"
CONTROL,46394004.82900009,"[0.149704, -0.092462, 0.366349, 0.01316, 0.076983, 0.544084]"
CONTROL,46414086.221000165,"[0.149893, -0.089513, 0.364276, 0.007909, 0.074858, 0.547807]"
CONTROL,46434165.98099998,"[0.149988, -0.086437, 0.362337, 0.002639, 0.072589, 0.551341]"
CONTROL,46454246.47699997,"[0.149988, -0.083238, 0.360534, -0.002639, 0.07018, 0.554673]"
CONTROL,46474329.11700003,"[0.149893, -0.079921, 0.358868, -0.007909, 0.067635, 0.557788]"
CONTROL,46494410.732999995,"[0.149704, -0.076491, 0.357342, -0.01316, 0.064958, 0.560676]"
CONTROL,46514491.61300002,"[0.14942, -0.072952, 0.355956, -0.018377, 0.062157, 0.563325]"
CONTROL,46534572.49300004,"[0.149042, -0.069309, 0.354713, -0.023548, 0.059235, 0.565723]"
CONTROL,46554651.165,"[0.148569, -0.065567, 0.353612, -0.02866, 0.056198, 0.567862]"
CONTROL,46574731.21299995,"[0.148003, -0.061733, 0.352657, -0.033699, 0.053053, 0.569733]"
CONTROL,46594820.41299998,"[0.147343, -0.05781, 0.351847, -0.038653, 0.049805, 0.571329]"
CONTROL,46614901.645000145,"[0.14659, -0.053806, 0.351183, -0.043509, 0.046461, 0.572644]"
CONTROL,46634983.934000045,"[0.145745, -0.049725, 0.350666, -0.048256, 0.043027, 0.573672]"
CONTROL,46655065.1340001,"[0.144807, -0.045573, 0.350296, -0.05288, 0.03951, 0.574409]"
CONTROL,46675147.0700001,"[0.143778, -0.041357, 0.350074, -0.057371, 0.035916, 0.574852]"
CONTROL,46695227.341999955,"[0.142658, -0.037082, 0.35, -0.061717, 0.032253, 0.575]"
CONTROL,46715304.57300014,"[0.141449, -0.032754, 0.350074, -0.065908, 0.028528, 0.574852]"
CONTROL,46735384.58899998,"[0.140149, -0.02838, 0.350296, -0.069931, 0.024747, 0.574409]"
CONTROL,46755466.62200008,"[0.138762, -0.023965, 0.350666, -0.073778, 0.020918, 0.573672]"
CONTROL,46775545.51699995,"[0.137286, -0.019516, 0.351183, -0.077439, 0.017049, 0.572644]"
CONTROL,46795627.10200003,"[0.135724, -0.01504, 0.351847, -0.080904, 0.013147, 0.571329]"
CONTROL,46815706.86100008,"[0.134076, -0.010542, 0.352657, -0.084165, 0.00922, 0.569733]"
CONTROL,46835788.28600003,"[0.132344, -0.006029, 0.353612, -0.087213, 0.005275, 0.567862]"
CONTROL,46855871.50200013,"[0.130528, -0.001508, 0.354713, -0.09004, 0.001319, 0.565723]"
CONTROL,46875952.222000025,"[0.128629, 0.003016, 0.355956, -0.092641, -0.002639, 0.563325]"
CONTROL,46896032.3660001,"[0.126649, 0.007535, 0.357342, -0.095007, -0.006591, 0.560676]"
CONTROL,46916112.15800003,"[0.124589, 0.012043, 0.358868, -0.097133, -0.010532, 0.557788]"
CONTROL,46936191.82199995,"[0.122451, 0.016535, 0.360534, -0.099014, -0.014451, 0.554673]"
CONTROL,46956271.166000076,"[0.120235, 0.021003, 0.362337, -0.100645, -0.018343, 0.551341]"
CONTROL,46976351.79000008,"[0.117943, 0.025441, 0.364276, -0.102021, -0.022199, 0.547807]"
CONTROL,46996432.44599997,"[0.115577, 0.029843, 0.366349, -0.10314, -0.026013, 0.544084]"
CONTROL,47016513.1660001,"[0.113138, 0.034202, 0.368554, -0.103998, -0.029776, 0.540187]"
CONTROL,47036594.43000015,"[0.110627, 0.038513, 0.370889, -0.104594, -0.033481, 0.536132]"
CONTROL,47056673.613000154,"[0.108046, 0.042769, 0.373351, -0.104925, -0.037122, 0.531933]"
CONTROL,47076759.48600013,"[0.105397, 0.046965, 0.375938, -0.104992, -0.040691, 0.527609]"
CONTROL,47096839.85400011,"[0.102682, 0.051094, 0.378647, -0.104793, -0.044181, 0.523176]"
CONTROL,47116919.99799996,"[0.099902, 0.05515, 0.381477, -0.104329, -0.047586, 0.518652]"
CONTROL,47136998.574000016,"[0.097058, 0.059127, 0.384423, -0.103602, -0.050899, 0.514054]"
CONTROL,47157078.97400011,"[0.094154, 0.063021, 0.387483, -0.102613, -0.054113, 0.5094]"
CONTROL,47177159.854000136,"[0.09119, 0.066825, 0.390655, -0.101365, -0.057223, 0.504709]"
CONTROL,47197240.92599995,"[0.088168, 0.070534, 0.393934, -0.099861, -0.060222, 0.5]"
CONTROL,47217384.40100012,"[0.08509, 0.074143, 0.397318, -0.098105, -0.063104, 0.495291]"
CONTROL,47237465.40900015,"[0.081959, 0.077647, 0.400803, -0.0961, -0.065865, 0.4906]"
CONTROL,47257544.49700002,"[0.078776, 0.08104, 0.404386, -0.093853, -0.068498, 0.485946]"
CONTROL,47277625.34500016,"[0.075543, 0.084318, 0.408064, -0.091369, -0.070998, 0.481348]"
CONTROL,47297706.12900006,"[0.072263, 0.087476, 0.411832, -0.088654, -0.073362, 0.476824]"
CONTROL,47317787.39300012,"[0.068937, 0.09051, 0.415687, -0.085716, -0.075583, 0.472391]"
CONTROL,47337866.032999955,"[0.065567, 0.093415, 0.419626, -0.08256, -0.077658, 0.468067]"
CONTROL,47357946.36900005,"[0.062156, 0.096188, 0.423644, -0.079196, -0.079583, 0.463868]"
CONTROL,47378027.793,"[0.058706, 0.098824, 0.427737, -0.075632, -0.081354, 0.459813]"
CONTROL,47398109.698000096,"[0.055219, 0.101319, 0.431901, -0.071877, -0.082968, 0.455916]"
CONTROL,47418191.63400009,"[0.051696, 0.103671, 0.436133, -0.067941, -0.084421, 0.452193]"
CONTROL,47438272.482,"[0.048142, 0.105875, 0.440428, -0.063833, -0.085711, 0.448659]"
CONTROL,47458353.458000146,"[0.044556, 0.107929, 0.444781, -0.059563, -0.086835, 0.445327]"
CONTROL,47478435.106000006,"[0.040943, 0.109829, 0.449189, -0.055143, -0.087791, 0.442212]"
CONTROL,47498515.4420001,"[0.037303, 0.111573, 0.453647, -0.050584, -0.088578, 0.439324]"
CONTROL,47518596.225999996,"[0.033641, 0.113159, 0.458151, -0.045897, -0.089193, 0.436675]"
CONTROL,47538675.986000046,"[0.029956, 0.114584, 0.462697, -0.041094, -0.089635, 0.434277]"
CONTROL,47558756.86600006,"[0.026253, 0.115846, 0.467279, -0.036188, -0.089904, 0.432138]"
CONTROL,47578837.23400005,"[0.022534, 0.116943, 0.471893, -0.031189, -0.09, 0.430267]"
CONTROL,47598917.41000001,"[0.0188, 0.117874, 0.476535, -0.026112, -0.089921, 0.428671]"
CONTROL,47618997.68300009,"[0.015054, 0.118638, 0.4812, -0.02097, -0.089668, 0.427356]"
CONTROL,47639077.82700016,"[0.011299, 0.119233, 0.485884, -0.015774, -0.089242, 0.426328]"
CONTROL,47659158.323000155,"[0.007537, 0.119659, 0.490581, -0.010538, -0.088644, 0.425591]"
CONTROL,47679239.491000086,"[0.00377, 0.119915, 0.495288, -0.005276, -0.087873, 0.425148]"
CONTROL,47699320.403000005,"[0.0, 0.12, 0.5, -0.0, -0.086933, 0.425]"
CONTROL,47719400.963,"[-0.00377, 0.119915, 0.504712, 0.005276, -0.085825, 0.425148]"
CONTROL,47739484.339,"[-0.007537, 0.119659, 0.509419, 0.010538, -0.084551, 0.425591]"
CONTROL,47759564.38699996,"[-0.011299, 0.119233, 0.514116, 0.015774, -0.083113, 0.426328]"
CONTROL,47779647.69899995,"[-0.015054, 0.118638, 0.5188, 0.02097, -0.081515, 0.427356]"
CONTROL,47799722.62700017,"[-0.0188, 0.117874, 0.523465, 0.026112, -0.079758, 0.428671]"
CONTROL,47819801.45900002,"[-0.022534, 0.116943, 0.528107, 0.031189, -0.077848, 0.430267]"
CONTROL,47839883.683000155,"[-0.026253, 0.115846, 0.532721, 0.036188, -0.075787, 0.432138]"
CONTROL,47859962.83500003,"[-0.029956, 0.114584, 0.537303, 0.041094, -0.073579, 0.434277]"
CONTROL,47880043.29900014,"[-0.033641, 0.113159, 0.541849, 0.045897, -0.071229, 0.436675]"
CONTROL,47900123.63599999,"[-0.037303, 0.111573, 0.546353, 0.050584, -0.068742, 0.439324]"
CONTROL,47920204.42000012,"[-0.040943, 0.109829, 0.550811, 0.055143, -0.066121, 0.442212]"
CONTROL,47940284.660000086,"[-0.044556, 0.107929, 0.555219, 0.059563, -0.063372, 0.445327]"
CONTROL,47960366.05200016,"[-0.048142, 0.105875, 0.559572, 0.063833, -0.060501, 0.448659]"
CONTROL,47980446.77200005,"[-0.051696, 0.103671, 0.563867, 0.067941, -0.057513, 0.452193]"
CONTROL,48000529.059999965,"[-0.055219, 0.101319, 0.568099, 0.071877, -0.054414, 0.455916]"
CONTROL,48020610.29200013,"[-0.058706, 0.098824, 0.572263, 0.075632, -0.051209, 0.459813]"
CONTROL,48040690.56399999,"[-0.062156, 0.096188, 0.576356, 0.079196, -0.047906, 0.463868]"
CONTROL,48060770.26000003,"[-0.065567, 0.093415, 0.580374, 0.08256, -0.044509, 0.468067]"
CONTROL,48080850.08400007,"[-0.068937, 0.09051, 0.584313, 0.085716, -0.041027, 0.472391]"
CONTROL,48100945.17300013,"[-0.072263, 0.087476, 0.588168, 0.088654, -0.037465, 0.476824]"
CONTROL,48121026.72500009,"[-0.075543, 0.084318, 0.591936, 0.091369, -0.033831, 0.481348]"
CONTROL,48141106.77300005,"[-0.078776, 0.08104, 0.595614, 0.093853, -0.030131, 0.485946]"
CONTROL,48161186.40500008,"[-0.081959, 0.077647, 0.599197, 0.0961, -0.026374, 0.4906]"
CONTROL,48181266.48500015,"[-0.08509, 0.074143, 0.602682, 0.098105, -0.022565, 0.495291]"
CONTROL,48201348.23000012,"[-0.088168, 0.070534, 0.606066, 0.099861, -0.018712, 0.5]"
CONTROL,48221494.424999945,"[-0.09119, 0.066825, 0.609345, 0.101365, -0.014823, 0.504709]"
CONTROL,48241577.000999995,"[-0.094154, 0.063021, 0.612517, 0.102613, -0.010906, 0.5094]"
CONTROL,48261657.20900008,"[-0.097058, 0.059127, 0.615577, 0.103602, -0.006967, 0.514054]"
CONTROL,48281736.84100011,"[-0.099902, 0.05515, 0.618523, 0.104329, -0.003015, 0.518652]"
CONTROL,48301815.77000008,"[-0.102682, 0.051094, 0.621353, 0.104793, 0.000942, 0.523176]"
CONTROL,48321896.90600012,"[-0.105397, 0.046965, 0.624062, 0.104992, 0.004898, 0.527609]"
CONTROL,48341977.37,"[-0.108046, 0.042769, 0.626649, 0.104925, 0.008845, 0.531933]"
CONTROL,48362057.22600016,"[-0.110627, 0.038513, 0.629111, 0.104594, 0.012774, 0.536132]"
CONTROL,48382137.33800012,"[-0.113138, 0.034202, 0.631446, 0.103998, 0.016679, 0.540187]"
CONTROL,48402215.818000056,"[-0.115577, 0.029843, 0.633651, 0.10314, 0.020552, 0.544084]"
CONTROL,48422298.138000086,"[-0.117943, 0.025441, 0.635724, 0.102021, 0.024384, 0.547807]"
CONTROL,48442378.538999945,"[-0.120235, 0.021003, 0.637663, 0.100645, 0.02817, 0.551341]"
CONTROL,48462458.907000154,"[-0.122451, 0.016535, 0.639466, 0.099014, 0.031901, 0.554673]"
CONTROL,48482539.14700013,"[-0.124589, 0.012043, 0.641132, 0.097133, 0.03557, 0.557788]"
CONTROL,48502618.523000136,"[-0.126649, 0.007535, 0.642658, 0.095007, 0.039171, 0.560676]"
CONTROL,48522699.97899998,"[-0.128629, 0.003016, 0.644044, 0.092641, 0.042696, 0.563325]"
CONTROL,48542779.355,"[-0.130528, -0.001508, 0.645287, 0.09004, 0.046138, 0.565723]"
CONTROL,48562860.395000145,"[-0.132344, -0.006029, 0.646388, 0.087213, 0.049491, 0.567862]"
CONTROL,48582940.796000004,"[-0.134076, -0.010542, 0.647343, 0.084165, 0.052748, 0.569733]"
CONTROL,48603022.539999984,"[-0.135724, -0.01504, 0.648153, 0.080904, 0.055903, 0.571329]"
CONTROL,48623102.36400003,"[-0.137286, -0.019516, 0.648817, 0.077439, 0.05895, 0.572644]"
CONTROL,48643181.83600017,"[-0.138762, -0.023965, 0.649334, 0.073778, 0.061884, 0.573672]"
CONTROL,48663261.372000076,"[-0.140149, -0.02838, 0.649704, 0.069931, 0.064697, 0.574409]"
CONTROL,48683341.51600015,"[-0.141449, -0.032754, 0.649926, 0.065908, 0.067385, 0.574852]"
CONTROL,48703422.49200007,"[-0.142658, -0.037082, 0.65, 0.061717, 0.069943, 0.575]"
CONTROL,48723501.42000005,"[-0.143778, -0.041357, 0.649926, 0.057371, 0.072366, 0.574852]"
CONTROL,48743581.94900014,"[-0.144807, -0.045573, 0.649704, 0.05288, 0.074648, 0.574409]"
CONTROL,48763666.25300011,"[-0.145745, -0.049725, 0.649334, 0.048256, 0.076787, 0.573672]"
CONTROL,48783747.26100014,"[-0.14659, -0.053806, 0.648817, 0.043509, 0.078777, 0.572644]"
CONTROL,48803828.94100012,"[-0.147343, -0.05781, 0.648153, 0.038653, 0.080614, 0.571329]"
CONTROL,48823905.373000115,"[-0.148003, -0.061733, 0.647343, 0.033699, 0.082296, 0.569733]"
CONTROL,48843985.35700007,"[-0.148569, -0.065567, 0.646388, 0.02866, 0.083818, 0.567862]"
CONTROL,48864068.41400003,"[-0.149042, -0.069309, 0.645287, 0.023548, 0.085178, 0.565723]"
CONTROL,48884148.4300001,"[-0.14942, -0.072952, 0.644044, 0.018377, 0.086374, 0.563325]"
CONTROL,48904228.92600009,"[-0.149704, -0.076491, 0.642658, 0.01316, 0.087402, 0.560676]"
CONTROL,48924311.31000012,"[-0.149893, -0.079921, 0.641132, 0.007909, 0.088261, 0.557788]"
CONTROL,48944393.823000155,"[-0.149988, -0.083238, 0.639466, 0.002639, 0.08895, 0.554673]"
CONTROL,48964476.91100002,"[-0.149988, -0.086437, 0.637663, -0.002639, 0.089467, 0.551341]"
CONTROL,48984558.11100007,"[-0.149893, -0.089513, 0.635724, -0.007909, 0.08981, 0.547807]"
CONTROL,49004638.76699996,"[-0.149704, -0.092462, 0.633651, -0.01316, 0.08998, 0.544084]"
CONTROL,49024721.631000146,"[-0.14942, -0.095279, 0.631446, -0.018377, 0.089976, 0.540187]"
CONTROL,49044801.10400005,"[-0.149042, -0.097961, 0.629111, -0.023548, 0.089798, 0.536132]"
CONTROL,49064883.00800015,"[-0.148569, -0.100503, 0.626649, -0.02866, 0.089446, 0.531933]"
CONTROL,49084963.34400002,"[-0.148003, -0.102903, 0.624062, -0.033699, 0.088921, 0.527609]"
CONTROL,49105044.16000003,"[-0.147343, -0.105157, 0.621353, -0.038653, 0.088224, 0.523176]"
CONTROL,49125136.04900005,"[-0.14659, -0.107261, 0.618523, -0.043509, 0.087357, 0.518652]"
CONTROL,49145217.69700013,"[-0.145745, -0.109213, 0.615577, -0.048256, 0.08632, 0.514054]"
CONTROL,49165296.46499998,"[-0.144807, -0.111009, 0.612517, -0.05288, 0.085117, 0.5094]"
CONTROL,49185378.72100001,"[-0.143778, -0.112648, 0.609345, -0.057371, 0.083749, 0.504709]"
CONTROL,49205459.85800004,"[-0.142658, -0.114127, 0.606066, -0.061717, 0.082219, 0.5]"
CONTROL,49225601.28500004,"[-0.141449, -0.115443, 0.602682, -0.065908, 0.08053, 0.495291]"
CONTROL,49245698.23000002,"[-0.140149, -0.116596, 0.599197, -0.069931, 0.078685, 0.4906]"
CONTROL,49265780.29400002,"[-0.138762, -0.117583, 0.595614, -0.073778, 0.076688, 0.485946]"
CONTROL,49285859.894000165,"[-0.137286, -0.118402, 0.591936, -0.077439, 0.074543, 0.481348]"
CONTROL,49305939.7510001,"[-0.135724, -0.119054, 0.588168, -0.080904, 0.072254, 0.476824]"
CONTROL,49326019.03099999,"[-0.134076, -0.119536, 0.584313, -0.084165, 0.069824, 0.472391]"
CONTROL,49346097.22300001,"[-0.132344, -0.119848, 0.580374, -0.087213, 0.06726, 0.468067]"
CONTROL,49366179.19100013,"[-0.130528, -0.119991, 0.576356, -0.09004, 0.064566, 0.463868]"
CONTROL,49386258.82300016,"[-0.128629, -0.119962, 0.572263, -0.092641, 0.061747, 0.459813]"
CONTROL,49406338.03900005,"[-0.126649, -0.119763, 0.568099, -0.095007, 0.058808, 0.455916]"
CONTROL,49426418.92000006,"[-0.124589, -0.119394, 0.563867, -0.097133, 0.055755, 0.452193]"
CONTROL,49446499.28800004,"[-0.122451, -0.118855, 0.559572, -0.099014, 0.052595, 0.448659]"
CONTROL,49466579.97600005,"[-0.120235, -0.118148, 0.555219, -0.100645, 0.049333, 0.445327]"
CONTROL,49486660.53600004,"[-0.117943, -0.117272, 0.550811, -0.102021, 0.045976, 0.442212]"
CONTROL,49506741.12900015,"[-0.115577, -0.11623, 0.546353, -0.10314, 0.04253, 0.439324]"
CONTROL,49526820.79300007,"[-0.113138, -0.115023, 0.541849, -0.103998, 0.039001, 0.436675]"
CONTROL,49546900.07299996,"[-0.110627, -0.113652, 0.537303, -0.104594, 0.035397, 0.434277]"
CONTROL,49566980.02500002,"[-0.108046, -0.112119, 0.532721, -0.104925, 0.031725, 0.432138]"
CONTROL,49587059.88099996,"[-0.105397, -0.110428, 0.528107, -0.104992, 0.027991, 0.430267]"
CONTROL,49607141.62600016,"[-0.102682, -0.108579, 0.523465, -0.104793, 0.024203, 0.428671]"
CONTROL,49627221.674000114,"[-0.099902, -0.106576, 0.5188, -0.104329, 0.020368, 0.427356]"
CONTROL,49647303.930000134,"[-0.097058, -0.104422, 0.514116, -0.103602, 0.016494, 0.426328]"
CONTROL,49667384.71400004,"[-0.094154, -0.102119, 0.509419, -0.102613, 0.012588, 0.425591]"
CONTROL,49687463.16300008,"[-0.09119, -0.099672, 0.504712, -0.101365, 0.008657, 0.425148]"
CONTROL,49707543.531000055,"[-0.088168, -0.097082, 0.5, -0.099861, 0.00471, 0.425]"
CONTROL,49727625.019000016,"[-0.08509, -0.094355, 0.495288, -0.098105, 0.000754, 0.425148]"
CONTROL,49747704.874999955,"[-0.081959, -0.091493, 0.490581, -0.0961, -0.003204, 0.425591]"
CONTROL,49767786.84400006,"[-0.078776, -0.088502, 0.485884, -0.093853, -0.007155, 0.426328]"
CONTROL,49787869.836000025,"[-0.075543, -0.085384, 0.4812, -0.091369, -0.011093, 0.427356]"
CONTROL,49807949.14800003,"[-0.072263, -0.082146, 0.476535, -0.088654, -0.015009, 0.428671]"
CONTROL,49828029.64400002,"[-0.068937, -0.07879, 0.471893, -0.085716, -0.018896, 0.430267]"
CONTROL,49848103.32400002,"[-0.065567, -0.075323, 0.467279, -0.08256, -0.022747, 0.432138]"
CONTROL,49868182.79600015,"[-0.062156, -0.071749, 0.462697, -0.079196, -0.026554, 0.434277]"
CONTROL,49888265.24499996,"[-0.058706, -0.068072, 0.458151, -0.075632, -0.030309, 0.436675]"
CONTROL,49908345.03700012,"[-0.055219, -0.064299, 0.453647, -0.071877, -0.034006, 0.439324]"
CONTROL,49928423.42100016,"[-0.051696, -0.060435, 0.449189, -0.067941, -0.037637, 0.442212]"
CONTROL,49948502.86099995,"[-0.048142, -0.056484, 0.444781, -0.063833, -0.041195, 0.445327]"
CONTROL,49968580.381000035,"[-0.044556, -0.052454, 0.440428, -0.059563, -0.044673, 0.448659]"
CONTROL,49988659.405000135,"[-0.040943, -0.048349, 0.436133, -0.055143, -0.048065, 0.452193]"
CONTROL,50008739.61399998,"[-0.037303, -0.044175, 0.431901, -0.050584, -0.051364, 0.455916]"
CONTROL,50028818.9580001,"[-0.033641, -0.039938, 0.427737, -0.045897, -0.054564, 0.459813]"
CONTROL,50048899.13400006,"[-0.029956, -0.035645, 0.423644, -0.041094, -0.057658, 0.463868]"
CONTROL,50068978.09400016,"[-0.026253, -0.031301, 0.419626, -0.036188, -0.060641, 0.468067]"
CONTROL,50089058.494000025,"[-0.022534, -0.026912, 0.415687, -0.031189, -0.063506, 0.472391]"
CONTROL,50109140.239,"[-0.0188, -0.022486, 0.411832, -0.026112, -0.066249, 0.476824]"
CONTROL,50129219.007000074,"[-0.015054, -0.018027, 0.408064, -0.02097, -0.068863, 0.481348]"
CONTROL,50149312.84800014,"[-0.011299, -0.013543, 0.404386, -0.015774, -0.071344, 0.485946]"
CONTROL,50169394.01600007,"[-0.007537, -0.009039, 0.400803, -0.010538, -0.073688, 0.4906]"
CONTROL,50189474.735999964,"[-0.00377, -0.004523, 0.397318, -0.005276, -0.075888, 0.495291]"
CONTROL,50209556.25700003,"[-0.0, -0.0, 0.393934, -0.0, -0.077942, 0.5]"
CONTROL,50229690.06800008,"[0.00377, 0.004523, 0.390655, 0.005276, -0.079845, 0.504709]"
CONTROL,50249768.26000011,"[0.007537, 0.009039, 0.387483, 0.010538, -0.081594, 0.5094]"
CONTROL,50269846.06800011,"[0.011299, 0.013543, 0.384423, 0.015774, -0.083185, 0.514054]"
CONTROL,50289926.724,"[0.015054, 0.018027, 0.381477, 0.02097, -0.084615, 0.518652]"
CONTROL,50310007.66800003,"[0.0188, 0.022486, 0.378647, 0.026112, -0.085882, 0.523176]"
CONTROL,50330086.59699999,"[0.022534, 0.026912, 0.375938, 0.031189, -0.086982, 0.527609]"
CONTROL,50350166.42100004,"[0.026253, 0.031301, 0.373351, 0.036188, -0.087914, 0.531933]"
CONTROL,50370245.57300015,"[0.029956, 0.035645, 0.370889, 0.041094, -0.088676, 0.536132]"
CONTROL,50390325.045000054,"[0.033641, 0.039938, 0.368554, 0.045897, -0.089267, 0.540187]"
CONTROL,50410403.91000001,"[0.037303, 0.044175, 0.366349, 0.050584, -0.089684, 0.544084]"
CONTROL,50430479.22200003,"[0.040943, 0.048349, 0.364276, 0.055143, -0.089929, 0.547807]"
CONTROL,50450558.502000146,"[0.044556, 0.052454, 0.362337, 0.059563, -0.089999, 0.551341]"
CONTROL,50470637.846000046,"[0.048142, 0.056484, 0.360534, 0.063833, -0.089896, 0.554673]"
CONTROL,50490716.4220001,"[0.051696, 0.060435, 0.358868, 0.067941, -0.089618, 0.557788]"
CONTROL,50510794.839000024,"[0.055219, 0.064299, 0.357342, 0.071877, -0.089167, 0.560676]"
CONTROL,50530875.335000016,"[0.058706, 0.068072, 0.355956, 0.075632, -0.088544, 0.563325]"
CONTROL,50550955.63899999,"[0.062156, 0.071749, 0.354713, 0.079196, -0.08775, 0.565723]"
CONTROL,50571033.735000126,"[0.065567, 0.075323, 0.353612, 0.08256, -0.086785, 0.567862]"
CONTROL,50591122.71200001,"[0.068937, 0.07879, 0.352657, 0.085716, -0.085653, 0.569733]"
CONTROL,50611204.71300001,"[0.072263, 0.082146, 0.351847, 0.088654, -0.084355, 0.571329]"
CONTROL,50631285.36900012,"[0.075543, 0.085384, 0.351183, 0.091369, -0.082894, 0.572644]"
CONTROL,50651364.16900009,"[0.078776, 0.088502, 0.350666, 0.093853, -0.081273, 0.573672]"
CONTROL,50671444.8570001,"[0.081959, 0.091493, 0.350296, 0.0961, -0.079495, 0.574409]"
CONTROL,50691524.68200014,"[0.08509, 0.094355, 0.350074, 0.098105, -0.077563, 0.574852]"
CONTROL,50711606.07399997,"[0.088168, 0.097082, 0.35, 0.099861, -0.07548, 0.575]"
CONTROL,50731685.22600008,"[0.09119, 0.099672, 0.350074, 0.101365, -0.073252, 0.574852]"
CONTROL,50751764.122000165,"[0.094154, 0.102119, 0.350296, 0.102613, -0.070882, 0.574409]"
CONTROL,50771843.14700003,"[0.097058, 0.104422, 0.350666, 0.103602, -0.068375, 0.573672]"
CONTROL,50791924.25099996,"[0.099902, 0.106576, 0.351183, 0.104329, -0.065736, 0.572644]"
CONTROL,50812004.29900014,"[0.102682, 0.108579, 0.351847, 0.104793, -0.06297, 0.571329]"
CONTROL,50832085.40400005,"[0.105397, 0.110428, 0.352657, 0.104992, -0.060082, 0.569733]"
CONTROL,50852164.26800002,"[0.108046, 0.112119, 0.353612, 0.104925, -0.057077, 0.567862]"
CONTROL,50872238.71600008,"[0.110627, 0.113652, 0.354713, 0.104594, -0.053962, 0.565723]"
CONTROL,50892320.14000004,"[0.113138, 0.115023, 0.355956, 0.103998, -0.050743, 0.563325]"
CONTROL,50912401.78900012,"[0.115577, 0.11623, 0.357342, 0.10314, -0.047426, 0.560676]"
CONTROL,50932482.989000164,"[0.117943, 0.117272, 0.358868, 0.102021, -0.044017, 0.557788]"
CONTROL,50952564.34900011,"[0.120235, 0.118148, 0.360534, 0.100645, -0.040523, 0.554673]"
CONTROL,50972643.82100002,"[0.122451, 0.118855, 0.362337, 0.099014, -0.03695, 0.551341]"
CONTROL,50992723.13400002,"[0.124589, 0.119394, 0.364276, 0.097133, -0.033306, 0.547807]"
CONTROL,51012803.91800015,"[0.126649, 0.119763, 0.366349, 0.095007, -0.029598, 0.544084]"
CONTROL,51032885.24599998,"[0.128629, 0.119962, 0.368554, 0.092641, -0.025832, 0.540187]"
CONTROL,51052966.319000006,"[0.130528, 0.119991, 0.370889, 0.09004, -0.022017, 0.536132]"
CONTROL,51073047.007000014,"[0.132344, 0.119848, 0.373351, 0.087213, -0.018159, 0.531933]"
CONTROL,51093127.82300003,"[0.134076, 0.119536, 0.375938, 0.084165, -0.014265, 0.527609]"
CONTROL,51113208.256000005,"[0.135724, 0.119054, 0.378647, 0.080904, -0.010344, 0.523176]"
CONTROL,51133288.752,"[0.137286, 0.118402, 0.381477, 0.077439, -0.006403, 0.518652]"
CONTROL,51153368.96000008,"[0.138762, 0.117583, 0.384423, 0.073778, -0.00245, 0.514054]"
CONTROL,51173453.553000174,"[0.140149, 0.116596, 0.387483, 0.069931, 0.001508, 0.5094]"
CONTROL,51193534.56099998,"[0.141449, 0.115443, 0.390655, 0.065908, 0.005463, 0.504709]"
CONTROL,51213615.18499998,"[0.142658, 0.114127, 0.393934, 0.061717, 0.009408, 0.5]"
CONTROL,51233752.42099997,"[0.143778, 0.112648, 0.397318, 0.057371, 0.013334, 0.495291]"
CONTROL,51253832.85299995,"[0.144807, 0.111009, 0.400803, 0.05288, 0.017234, 0.4906]"
CONTROL,51273915.91000014,"[0.145745, 0.109213, 0.404386, 0.048256, 0.021102, 0.485946]"
CONTROL,51293996.11799999,"[0.14659, 0.107261, 0.408064, 0.043509, 0.024928, 0.481348]"
CONTROL,51314076.13400006,"[0.147343, 0.105157, 0.411832, 0.038653, 0.028706, 0.476824]"
CONTROL,51334155.35100016,"[0.148003, 0.102903, 0.415687, 0.033699, 0.032429, 0.472391]"
CONTROL,51354234.69500006,"[0.148569, 0.100503, 0.419626, 0.02866, 0.036089, 0.468067]"
CONTROL,51374315.7670001,"[0.149042, 0.097961, 0.423644, 0.023548, 0.039679, 0.463868]"
CONTROL,51394396.48799998,"[0.14942, 0.095279, 0.427737, 0.018377, 0.043193, 0.459813]"
CONTROL,51414475.864,"[0.149704, 0.092462, 0.431901, 0.01316, 0.046622, 0.455916]"
CONTROL,51434559.49700001,"[0.149893, 0.089513, 0.436133, 0.007909, 0.049962, 0.452193]"
CONTROL,51454640.31300003,"[0.149988, 0.086437, 0.440428, 0.002639, 0.053205, 0.448659]"
CONTROL,51474720.873000026,"[0.149988, 0.083238, 0.444781, -0.002639, 0.056345, 0.445327]"
CONTROL,51494800.66599995,"[0.149893, 0.079921, 0.449189, -0.007909, 0.059377, 0.442212]"
CONTROL,51514879.754000045,"[0.149704, 0.076491, 0.453647, -0.01316, 0.062293, 0.439324]"
CONTROL,51534959.930000015,"[0.14942, 0.072952, 0.458151, -0.018377, 0.065089, 0.436675]"
CONTROL,51555040.843000144,"[0.149042, 0.069309, 0.462697, -0.023548, 0.067759, 0.434277]"
CONTROL,51575120.60299996,"[0.148569, 0.065567, 0.467279, -0.02866, 0.070298, 0.432138]"
CONTROL,51595202.12400003,"[0.148003, 0.061733, 0.471893, -0.033699, 0.072701, 0.430267]"
CONTROL,51615281.85199995,"[0.147343, 0.05781, 0.476535, -0.038653, 0.074963, 0.428671]"
CONTROL,51635362.188000046,"[0.14659, 0.053806, 0.4812, -0.043509, 0.07708, 0.427356]"
CONTROL,51655441.62900005,"[0.145745, 0.049725, 0.485884, -0.048256, 0.079049, 0.426328]"
CONTROL,51675522.02900015,"[0.144807, 0.045573, 0.490581, -0.05288, 0.080864, 0.425591]"
CONTROL,51695602.42900002,"[0.143778, 0.041357, 0.495288, -0.057371, 0.082523, 0.425148]"
CONTROL,51715684.62200002,"[0.142658, 0.037082, 0.5, -0.061717, 0.084022, 0.425]"
CONTROL,51735767.42199998,"[0.141449, 0.032754, 0.504712, -0.065908, 0.085359, 0.425148]"
CONTROL,51755846.60699996,"[0.140149, 0.02838, 0.509419, -0.069931, 0.086531, 0.425591]"
CONTROL,51775928.19100005,"[0.138762, 0.023965, 0.514116, -0.073778, 0.087535, 0.426328]"
CONTROL,51796010.60699997,"[0.137286, 0.019516, 0.5188, -0.077439, 0.08837, 0.427356]"
CONTROL,51816090.36800001,"[0.135724, 0.01504, 0.523465, -0.080904, 0.089035, 0.428671]"
CONTROL,51836171.91999997,"[0.134076, 0.010542, 0.528107, -0.084165, 0.089526, 0.430267]"
CONTROL,51856252.480999954,"[0.132344, 0.006029, 0.532721, -0.087213, 0.089845, 0.432138]"
CONTROL,51876332.593000144,"[0.130528, 0.001508, 0.537303, -0.09004, 0.08999, 0.434277]"
CONTROL,51896407.93700005,"[0.128629, -0.003016, 0.541849, -0.092641, 0.089961, 0.436675]"
CONTROL,51916487.53699996,"[0.126649, -0.007535, 0.546353, -0.095007, 0.089758, 0.439324]"
CONTROL,51936568.674,"[0.124589, -0.012043, 0.550811, -0.097133, 0.089382, 0.442212]"
CONTROL,51956650.77000012,"[0.122451, -0.016535, 0.555219, -0.099014, 0.088832, 0.445327]"
CONTROL,51976732.45100009,"[0.120235, -0.021003, 0.559572, -0.100645, 0.088111, 0.448659]"
CONTROL,51996813.52300013,"[0.117943, -0.025441, 0.563867, -0.102021, 0.087219, 0.452193]"
CONTROL,52016892.86700002,"[0.115577, -0.029843, 0.568099, -0.10314, 0.086159, 0.455916]"
CONTROL,52036972.564000055,"[0.113138, -0.034202, 0.572263, -0.103998, 0.084932, 0.459813]"
CONTROL,52057054.11600002,"[0.110627, -0.038513, 0.576356, -0.104594, 0.08354, 0.463868]"
CONTROL,52077134.325000085,"[0.108046, -0.042769, 0.580374, -0.104925, 0.081987, 0.468067]"
CONTROL,52097214.94900009,"[0.105397, -0.046965, 0.584313, -0.104992, 0.080276, 0.472391]"
CONTROL,52117295.412999965,"[0.102682, -0.051094, 0.588168, -0.104793, 0.078409, 0.476824]"
CONTROL,52137375.30200001,"[0.099902, -0.05515, 0.591936, -0.104329, 0.076391, 0.481348]"
CONTROL,52157456.78999997,"[0.097058, -0.059127, 0.595614, -0.103602, 0.074225, 0.485946]"
CONTROL,52177538.66299995,"[0.094154, -0.063021, 0.599197, -0.102613, 0.071915, 0.4906]"
CONTROL,52197620.98299998,"[0.09119, -0.066825, 0.602682, -0.101365, 0.069466, 0.495291]"
CONTROL,52217701.92700001,"[0.088168, -0.070534, 0.606066, -0.099861, 0.066883, 0.5]"
CONTROL,52237841.21100016,"[0.08509, -0.074143, 0.609345, -0.098105, 0.064171, 0.504709]"
CONTROL,52257921.54700002,"[0.081959, -0.077647, 0.612517, -0.0961, 0.061334, 0.5094]"
CONTROL,52278002.10800001,"[0.078776, -0.08104, 0.615577, -0.093853, 0.058379, 0.514054]"
CONTROL,52298082.4440001,"[0.075543, -0.084318, 0.618523, -0.091369, 0.05531, 0.518652]"
CONTROL,52318160.3810001,"[0.072263, -0.087476, 0.621353, -0.088654, 0.052135, 0.523176]"
CONTROL,52338240.397000164,"[0.068937, -0.09051, 0.624062, -0.085716, 0.048859, 0.527609]"
CONTROL,52358320.413,"[0.065567, -0.093415, 0.626649, -0.08256, 0.045489, 0.531933]"
CONTROL,52378401.51800015,"[0.062156, -0.096188, 0.629111, -0.079196, 0.04203, 0.536132]"
CONTROL,52398482.43000006,"[0.058706, -0.098824, 0.631446, -0.075632, 0.038491, 0.540187]"
CONTROL,52418563.21499995,"[0.055219, -0.101319, 0.633651, -0.071877, 0.034876, 0.544084]"
CONTROL,52438644.127000086,"[0.051696, -0.103671, 0.635724, -0.067941, 0.031195, 0.547807]"
CONTROL,52458724.27200016,"[0.048142, -0.105875, 0.637663, -0.063833, 0.027453, 0.551341]"
CONTROL,52478804.416,"[0.044556, -0.107929, 0.639466, -0.059563, 0.023658, 0.554673]"
CONTROL,52498885.87300006,"[0.040943, -0.109829, 0.641132, -0.055143, 0.019817, 0.557788]"
CONTROL,52518965.889000125,"[0.037303, -0.111573, 0.642658, -0.050584, 0.015938, 0.560676]"
CONTROL,52539046.80200003,"[0.033641, -0.113159, 0.644044, -0.045897, 0.012028, 0.563325]"
CONTROL,52559128.89800015,"[0.029956, -0.114584, 0.645287, -0.041094, 0.008094, 0.565723]"
CONTROL,52579209.45900014,"[0.026253, -0.115846, 0.646388, -0.036188, 0.004145, 0.567862]"
CONTROL,52599290.69100008,"[0.022534, -0.116943, 0.647343, -0.031189, 0.000188, 0.569733]"
CONTROL,52619371.53999998,"[0.0188, -0.117874, 0.648153, -0.026112, -0.003769, 0.571329]"
CONTROL,52639452.13200009,"[0.015054, -0.118638, 0.648817, -0.02097, -0.007719, 0.572644]"
CONTROL,52659533.46100014,"[0.011299, -0.119233, 0.649334, -0.015774, -0.011654, 0.573672]"
CONTROL,52679615.044999994,"[0.007537, -0.119659, 0.649704, -0.010538, -0.015566, 0.574409]"
CONTROL,52699696.917999975,"[0.00377, -0.119915, 0.649926, -0.005276, -0.019449, 0.574852]"
CONTROL,52719779.14200011,"[-0.0, -0.12, 0.65, 0.0, -0.023294, 0.575]"
CONTROL,52739860.85499996,"[-0.00377, -0.119915, 0.649926, 0.005276, -0.027093, 0.574852]"
CONTROL,52760330.13899996,"[-0.007537, -0.119659, 0.649704, 0.010538, -0.030841, 0.574409]"
CONTROL,52780410.73200006,"[-0.011299, -0.119233, 0.649334, 0.015774, -0.034529, 0.573672]"
CONTROL,52800491.22800005,"[-0.015054, -0.118638, 0.648817, 0.02097, -0.038149, 0.572644]"
CONTROL,52820571.14899999,"[-0.0188, -0.117874, 0.648153, 0.026112, -0.041697, 0.571329]"
CONTROL,52840651.452999964,"[-0.022534, -0.116943, 0.647343, 0.031189, -0.045163, 0.569733]"
CONTROL,52860734.19000013,"[-0.026253, -0.115846, 0.646388, 0.036188, -0.048542, 0.567862]"
CONTROL,52880816.79800007,"[-0.029956, -0.114584, 0.645287, 0.041094, -0.051828, 0.565723]"
CONTROL,52900896.303000085,"[-0.033641, -0.113159, 0.644044, 0.045897, -0.055013, 0.563325]"
CONTROL,52920977.311000116,"[-0.037303, -0.111573, 0.642658, 0.050584, -0.058091, 0.560676]"
CONTROL,52941055.63100015,"[-0.040943, -0.109829, 0.641132, 0.055143, -0.061057, 0.557788]"
CONTROL,52961135.87200011,"[-0.044556, -0.107929, 0.639466, 0.059563, -0.063906, 0.554673]"
CONTROL,52981216.43200011,"[-0.048142, -0.105875, 0.637663, 0.063833, -0.06663, 0.551341]"
CONTROL,53001296.67300007,"[-0.051696, -0.103671, 0.635724, 0.067941, -0.069226, 0.547807]"
CONTROL,53021378.449000165,"[-0.055219, -0.101319, 0.633651, 0.071877, -0.071688, 0.544084]"
CONTROL,53041456.61000007,"[-0.058706, -0.098824, 0.631446, 0.075632, -0.074011, 0.540187]"
CONTROL,53061537.58599999,"[-0.062156, -0.096188, 0.629111, 0.079196, -0.076191, 0.536132]"
CONTROL,53081617.09000001,"[-0.065567, -0.093415, 0.626649, 0.08256, -0.078223, 0.531933]"
CONTROL,53101696.146999985,"[-0.068937, -0.09051, 0.624062, 0.085716, -0.080105, 0.527609]"
CONTROL,53121776.45099996,"[-0.072263, -0.087476, 0.621353, 0.088654, -0.081831, 0.523176]"
CONTROL,53141855.827999964,"[-0.075543, -0.084318, 0.618523, 0.091369, -0.083399, 0.518652]"
CONTROL,53161936.13200016,"[-0.078776, -0.08104, 0.615577, 0.093853, -0.084806, 0.514054]"
CONTROL,53182016.0530001,"[-0.081959, -0.077647, 0.612517, 0.0961, -0.086049, 0.5094]"
CONTROL,53202096.837,"[-0.08509, -0.074143, 0.609345, 0.098105, -0.087125, 0.504709]"
CONTROL,53222174.485000096,"[-0.088168, -0.070534, 0.606066, 0.099861, -0.088033, 0.5]"
CONTROL,53242316.39300001,"[-0.09119, -0.066825, 0.602682, 0.101365, -0.088771, 0.495291]"
CONTROL,53262395.70500002,"[-0.094154, -0.063021, 0.599197, 0.102613, -0.089337, 0.4906]"
CONTROL,53282475.91400009,"[-0.097058, -0.059127, 0.595614, 0.103602, -0.08973, 0.485946]"
CONTROL,53302555.22600009,"[-0.099902, -0.05515, 0.591936, 0.104329, -0.089949, 0.481348]"
CONTROL,53322634.37899996,"[-0.102682, -0.051094, 0.588168, 0.104793, -0.089995, 0.476824]"
CONTROL,53342714.42700014,"[-0.105397, -0.046965, 0.584313, 0.104992, -0.089867, 0.472391]"
CONTROL,53362794.34800008,"[-0.108046, -0.042769, 0.580374, 0.104925, -0.089564, 0.468067]"
CONTROL,53382874.012,"[-0.110627, -0.038513, 0.576356, 0.104594, -0.089089, 0.463868]"
CONTROL,53402953.70900003,"[-0.113138, -0.034202, 0.572263, 0.103998, -0.088441, 0.459813]"
CONTROL,53423034.013000004,"[-0.115577, -0.029843, 0.568099, 0.10314, -0.087622, 0.455916]"
CONTROL,53443113.06999998,"[-0.117943, -0.025441, 0.563867, 0.102021, -0.086634, 0.452193]"
CONTROL,53463194.654000066,"[-0.120235, -0.021003, 0.559572, 0.100645, -0.085478, 0.448659]"
CONTROL,53483291.248000115,"[-0.122451, -0.016535, 0.555219, 0.099014, -0.084157, 0.445327]"
CONTROL,53503370.75200014,"[-0.124589, -0.012043, 0.550811, 0.097133, -0.082673, 0.442212]"
CONTROL,53523450.96099998,"[-0.126649, -0.007535, 0.546353, 0.095007, -0.081029, 0.439324]"
CONTROL,53543530.01699997,"[-0.128629, -0.003016, 0.541849, 0.092641, -0.079228, 0.436675]"
CONTROL,53563609.68200011,"[-0.130528, 0.001508, 0.537303, 0.09004, -0.077274, 0.434277]"
CONTROL,53583690.306000106,"[-0.132344, 0.006029, 0.532721, 0.087213, -0.075171, 0.432138]"
CONTROL,53603770.19500015,"[-0.134076, 0.010542, 0.528107, 0.084165, -0.072922, 0.430267]"
CONTROL,53623850.1790001,"[-0.135724, 0.01504, 0.523465, 0.080904, -0.070532, 0.428671]"
CONTROL,53643929.908000015,"[-0.137286, 0.019516, 0.5188, 0.077439, -0.068006, 0.427356]"
CONTROL,53664009.12400013,"[-0.138762, 0.023965, 0.514116, 0.073778, -0.065349, 0.426328]"
CONTROL,53684088.40500001,"[-0.140149, 0.02838, 0.509419, 0.069931, -0.062564, 0.425591]"
CONTROL,53704168.42100008,"[-0.141449, 0.032754, 0.504712, 0.065908, -0.059659, 0.425148]"
CONTROL,53724251.478000045,"[-0.142658, 0.037082, 0.5, 0.061717, -0.056639, 0.425]"
CONTROL,53744331.46199999,"[-0.143778, 0.041357, 0.495288, 0.057371, -0.053509, 0.425148]"
CONTROL,53764411.191000134,"[-0.144807, 0.045573, 0.490581, 0.05288, -0.050275, 0.425591]"
CONTROL,53784493.95899998,"[-0.145745, 0.049725, 0.485884, 0.048256, -0.046944, 0.426328]"
CONTROL,53804574.07200015,"[-0.14659, 0.053806, 0.4812, 0.043509, -0.043523, 0.427356]"
CONTROL,53824655.97700002,"[-0.147343, 0.05781, 0.476535, 0.038653, -0.040017, 0.428671]"
CONTROL,53844736.601000026,"[-0.148003, 0.061733, 0.471893, 0.033699, -0.036434, 0.430267]"
CONTROL,53864816.33000017,"[-0.148569, 0.065567, 0.467279, 0.02866, -0.03278, 0.432138]"
CONTROL,53884896.25000011,"[-0.149042, 0.069309, 0.462697, 0.023548, -0.029063, 0.434277]"
CONTROL,53904975.307000086,"[-0.14942, 0.072952, 0.458151, 0.018377, -0.02529, 0.436675]"
CONTROL,53925056.47500002,"[-0.149704, 0.076491, 0.453647, 0.01316, -0.021468, 0.439324]"
CONTROL,53945136.20400017,"[-0.149893, 0.079921, 0.449189, 0.007909, -0.017604, 0.442212]"
CONTROL,53965216.0600001,"[-0.149988, 0.083238, 0.444781, 0.002639, -0.013707, 0.445327]"
CONTROL,53985295.4370001,"[-0.149988, 0.086437, 0.440428, -0.002639, -0.009782, 0.448659]"
CONTROL,54005373.43700012,"[-0.149893, 0.089513, 0.436133, -0.007909, -0.005839, 0.452193]"
CONTROL,54025453.54900008,"[-0.149704, 0.092462, 0.431901, -0.01316, -0.001885, 0.455916]"
CONTROL,54045534.07799995,"[-0.14942, 0.095279, 0.427737, -0.018377, 0.002073, 0.459813]"
CONTROL,54065628.84699997,"[-0.149042, 0.097961, 0.423644, -0.023548, 0.006027, 0.463868]"
CONTROL,54085709.88800011,"[-0.148569, 0.100503, 0.419626, -0.02866, 0.00997, 0.468067]"
CONTROL,54105789.84000017,"[-0.148003, 0.102903, 0.415687, -0.033699, 0.013893, 0.472391]"
CONTROL,54125868.03299996,"[-0.147343, 0.105157, 0.411832, -0.038653, 0.017789, 0.476824]"
CONTROL,54145948.209000155,"[-0.14659, 0.107261, 0.408064, -0.043509, 0.021651, 0.481348]"
CONTROL,54166029.98600001,"[-0.145745, 0.109213, 0.404386, -0.048256, 0.025471, 0.485946]"
CONTROL,54186110.450000115,"[-0.144807, 0.111009, 0.400803, -0.05288, 0.029242, 0.4906]"
CONTROL,54206189.187000066,"[-0.143778, 0.112648, 0.397318, -0.057371, 0.032956, 0.495291]"
CONTROL,54226268.94700011,"[-0.142658, 0.114127, 0.393934, -0.061717, 0.036606, 0.5]"
CONTROL,54246403.94300013,"[-0.141449, 0.115443, 0.390655, -0.065908, 0.040186, 0.504709]"
CONTROL,54266483.31900015,"[-0.140149, 0.116596, 0.387483, -0.069931, 0.043688, 0.5094]"
CONTROL,54286562.56800014,"[-0.138762, 0.117583, 0.384423, -0.073778, 0.047105, 0.514054]"
CONTROL,54306642.904,"[-0.137286, 0.118402, 0.381477, -0.077439, 0.050431, 0.518652]"
CONTROL,54326723.24100008,"[-0.135724, 0.119054, 0.378647, -0.080904, 0.05366, 0.523176]"
CONTROL,54346802.6810001,"[-0.134076, 0.119536, 0.375938, -0.084165, 0.056785, 0.527609]"
CONTROL,54366882.50600014,"[-0.132344, 0.119848, 0.373351, -0.087213, 0.0598, 0.531933]"
CONTROL,54386961.33899998,"[-0.130528, 0.119991, 0.370889, -0.09004, 0.0627, 0.536132]"
CONTROL,54407041.19500015,"[-0.128629, 0.119962, 0.368554, -0.092641, 0.065478, 0.540187]"
CONTROL,54427121.33999999,"[-0.126649, 0.119763, 0.366349, -0.095007, 0.06813, 0.544084]"
CONTROL,54447201.03600002,"[-0.124589, 0.119394, 0.364276, -0.097133, 0.070649, 0.547807]"
CONTROL,54467280.828999944,"[-0.122451, 0.118855, 0.362337, -0.099014, 0.073032, 0.551341]"
CONTROL,54487360.365000084,"[-0.120235, 0.118148, 0.360534, -0.100645, 0.075274, 0.554673]"
CONTROL,54507441.18200009,"[-0.117943, 0.117272, 0.358868, -0.102021, 0.077371, 0.557788]"
CONTROL,54527520.91100001,"[-0.115577, 0.11623, 0.357342, -0.10314, 0.079317, 0.560676]"
CONTROL,54547602.11100006,"[-0.113138, 0.115023, 0.355956, -0.103998, 0.081111, 0.563325]"
CONTROL,54567681.80800009,"[-0.110627, 0.113652, 0.354713, -0.104594, 0.082747, 0.565723]"
CONTROL,54587762.01600017,"[-0.108046, 0.112119, 0.353612, -0.104925, 0.084223, 0.567862]"
CONTROL,54607846.289000005,"[-0.105397, 0.110428, 0.352657, -0.104992, 0.085537, 0.569733]"
CONTROL,54630520.008000076,"[-0.102682, 0.108579, 0.351847, -0.104793, 0.086685, 0.571329]"
CONTROL,54657371.67199995,"[-0.099902, 0.106576, 0.351183, -0.104329, 0.087665, 0.572644]"
CONTROL,54684836.775000125,"[-0.097058, 0.104422, 0.350666, -0.103602, 0.088476, 0.573672]"
CONTROL,54711555.438999996,"[-0.094154, 0.102119, 0.350296, -0.102613, 0.089115, 0.574409]"
CONTROL,54737678.58500014,"[-0.09119, 0.099672, 0.350074, -0.101365, 0.089583, 0.574852]"
CONTROL,54764369.95200015,"[-0.088168, 0.097082, 0.35, -0.099861, 0.089877, 0.575]"
CONTROL,54791114.02600006,"[-0.08509, 0.094355, 0.350074, -0.098105, 0.089997, 0.574852]"
CONTROL,54817956.02500006,"[-0.081959, 0.091493, 0.350296, -0.0961, 0.089943, 0.574409]"
CONTROL,54844826.82600015,"[-0.078776, 0.088502, 0.350666, -0.093853, 0.089715, 0.573672]"
CONTROL,54870843.69400009,"[-0.075543, 0.085384, 0.351183, -0.091369, 0.089314, 0.572644]"
CONTROL,54898399.48999997,"[-0.072263, 0.082146, 0.351847, -0.088654, 0.08874, 0.571329]"
CONTROL,54928424.310000084,"[-0.068937, 0.07879, 0.352657, -0.085716, 0.087994, 0.569733]"
CONTROL,54954360.18200007,"[-0.065567, 0.075323, 0.353612, -0.08256, 0.087078, 0.567862]"
CONTROL,54980618.951,"[-0.062156, 0.071749, 0.354713, -0.079196, 0.085994, 0.565723]"
CONTROL,55008011.762000024,"[-0.058706, 0.068072, 0.355956, -0.075632, 0.084743, 0.563325]"
CONTROL,55034007.41300015,"[-0.055219, 0.064299, 0.357342, -0.071877, 0.083328, 0.560676]"
CONTROL,55062114.43799998,"[-0.051696, 0.060435, 0.358868, -0.067941, 0.081753, 0.557788]"
CONTROL,55088880.43299998,"[-0.048142, 0.056484, 0.360534, -0.063833, 0.080019, 0.554673]"
CONTROL,55115589.56099998,"[-0.044556, 0.052454, 0.362337, -0.059563, 0.07813, 0.551341]"
CONTROL,55142380.26099997,"[-0.040943, 0.048349, 0.364276, -0.055143, 0.07609, 0.547807]"
CONTROL,55168494.15900015,"[-0.037303, 0.044175, 0.366349, -0.050584, 0.073903, 0.544084]"
CONTROL,55194569.59000013,"[-0.033641, 0.039938, 0.368554, -0.045897, 0.071574, 0.540187]"
CONTROL,55221964.673999995,"[-0.029956, 0.035645, 0.370889, -0.041094, 0.069105, 0.536132]"
CONTROL,55248114.18900003,"[-0.026253, 0.031301, 0.373351, -0.036188, 0.066503, 0.531933]"
CONTROL,55275917.550000034,"[-0.022534, 0.026912, 0.375938, -0.031189, 0.063773, 0.527609]"
CONTROL,55301952.49899998,"[-0.0188, 0.022486, 0.378647, -0.026112, 0.060919, 0.523176]"
CONTROL,55328100.92600016,"[-0.015054, 0.018027, 0.381477, -0.02097, 0.057947, 0.518652]"
CONTROL,55352437.77100004,"[-0.011299, 0.013543, 0.384423, -0.015774, 0.054863, 0.514054]"
CONTROL,55372522.204,"[-0.007537, 0.009039, 0.387483, -0.010538, 0.051673, 0.5094]"
CONTROL,55392608.1730001,"[-0.00377, 0.004523, 0.390655, -0.005276, 0.048383, 0.504709]"
CONTROL,55416422.46300012,"[-0.0, 0.0, 0.393934, -0.0, 0.045, 0.5]"
CONTROL,55436592.27700005,"[0.00377, -0.004523, 0.397318, 0.005276, 0.04153, 0.495291]"
CONTROL,55464277.68000013,"[0.007537, -0.009039, 0.400803, 0.010538, 0.037979, 0.4906]"
CONTROL,55490368.15199997,"[0.011299, -0.013543, 0.404386, 0.015774, 0.034354, 0.485946]"
CONTROL,55516663.33800017,"[0.015054, -0.018027, 0.408064, 0.02097, 0.030664, 0.481348]"
CONTROL,55542675.59799996,"[0.0188, -0.022486, 0.411832, 0.026112, 0.026914, 0.476824]"
CONTROL,55569102.85599997,"[0.022534, -0.026912, 0.415687, 0.031189, 0.023112, 0.472391]"
CONTROL,55596669.8530001,"[0.026253, -0.031301, 0.419626, 0.036188, 0.019265, 0.468067]"
CONTROL,55616754.893999994,"[0.029956, -0.035645, 0.423644, 0.041094, 0.015381, 0.463868]"
CONTROL,55636841.69500016,"[0.033641, -0.039938, 0.427737, 0.045897, 0.011467, 0.459813]"
CONTROL,55663725.20000005,"[0.037303, -0.044175, 0.431901, 0.050584, 0.007531, 0.455916]"
CONTROL,55690661.9880001,"[0.040943, -0.048349, 0.436133, 0.055143, 0.00358, 0.452193]"
CONTROL,55718230.16899998,"[0.044556, -0.052454, 0.440428, 0.059563, -0.000377, 0.448659]"
CONTROL,55745225.615999974,"[0.048142, -0.056484, 0.444781, 0.063833, -0.004334, 0.445327]"
CONTROL,55772091.32799999,"[0.051696, -0.060435, 0.449189, 0.067941, -0.008282, 0.442212]"
CONTROL,55799741.97700017,"[0.055219, -0.064299, 0.453647, 0.071877, -0.012214, 0.439324]"
CONTROL,55826697.45400017,"[0.058706, -0.068072, 0.458151, 0.075632, -0.016123, 0.436675]"
CONTROL,55852956.89500003,"[0.062156, -0.071749, 0.462697, 0.079196, -0.020001, 0.434277]"
CONTROL,55879624.64500015,"[0.065567, -0.075323, 0.467279, 0.08256, -0.023839, 0.432138]"
CONTROL,55905666.186999954,"[0.068937, -0.07879, 0.471893, 0.085716, -0.027632, 0.430267]"
CONTROL,55925756.66800008,"[0.072263, -0.082146, 0.476535, 0.088654, -0.031371, 0.428671]"
CONTROL,55954542.80000012,"[0.075543, -0.085384, 0.4812, 0.091369, -0.03505, 0.427356]"
CONTROL,55974629.40900005,"[0.078776, -0.088502, 0.485884, 0.093853, -0.038661, 0.426328]"
CONTROL,55994721.87400011,"[0.081959, -0.091493, 0.490581, 0.0961, -0.042197, 0.425591]"
CONTROL,56014802.75500012,"[0.08509, -0.094355, 0.495288, 0.098105, -0.045651, 0.425148]"
CONTROL,56034895.060000055,"[0.088168, -0.097082, 0.5, 0.099861, -0.049018, 0.425]"
CONTROL,56061800.23000002,"[0.09119, -0.099672, 0.504712, 0.101365, -0.052289, 0.425148]"
CONTROL,56088674.48700016,"[0.094154, -0.102119, 0.509419, 0.102613, -0.055459, 0.425591]"
CONTROL,56116236.07499996,"[0.097058, -0.104422, 0.514116, 0.103602, -0.058522, 0.426328]"
CONTROL,56136319.51599996,"[0.099902, -0.106576, 0.5188, 0.104329, -0.061472, 0.427356]"
CONTROL,56156407.05300006,"[0.102682, -0.108579, 0.523465, 0.104793, -0.064303, 0.428671]"
CONTROL,56179486.457000166,"[0.105397, -0.110428, 0.528107, 0.104992, -0.067009, 0.430267]"
CONTROL,56199571.72199997,"[0.108046, -0.112119, 0.532721, 0.104925, -0.069586, 0.432138]"
CONTROL,56219657.72299995,"[0.110627, -0.113652, 0.537303, 0.104594, -0.072028, 0.434277]"
CONTROL,56245570.26599996,"[0.113138, -0.115023, 0.541849, 0.103998, -0.074331, 0.436675]"
CONTROL,56272405.897,"[0.115577, -0.11623, 0.546353, 0.10314, -0.07649, 0.439324]"
CONTROL,56299595.498000145,"[0.117943, -0.117272, 0.550811, 0.102021, -0.078502, 0.442212]"
CONTROL,56327027.19200006,"[0.120235, -0.118148, 0.555219, 0.100645, -0.080361, 0.445327]"
CONTROL,56354103.44299999,"[0.122451, -0.118855, 0.559572, 0.099014, -0.082065, 0.448659]"
CONTROL,56380899.00800014,"[0.124589, -0.119394, 0.563867, 0.097133, -0.08361, 0.452193]"
CONTROL,56407851.44500001,"[0.126649, -0.119763, 0.568099, 0.095007, -0.084994, 0.455916]"
CONTROL,56429080.096999995,"[0.128629, -0.119962, 0.572263, 0.092641, -0.086213, 0.459813]"
CONTROL,56452783.054000065,"[0.130528, -0.119991, 0.576356, 0.09004, -0.087265, 0.463868]"
CONTROL,56472869.119000055,"[0.132344, -0.119848, 0.580374, 0.087213, -0.088149, 0.468067]"
CONTROL,56495791.5550001,"[0.134076, -0.119536, 0.584313, 0.084165, -0.088862, 0.472391]"
CONTROL,56515879.76400015,"[0.135724, -0.119054, 0.588168, 0.080904, -0.089404, 0.476824]"
CONTROL,56542003.806000136,"[0.137286, -0.118402, 0.591936, 0.077439, -0.089772, 0.481348]"
CONTROL,56569344.87100011,"[0.138762, -0.117583, 0.595614, 0.073778, -0.089967, 0.485946]"
CONTROL,56596167.95700003,"[0.140149, -0.116596, 0.599197, 0.069931, -0.089987, 0.4906]"
CONTROL,56622955.072999954,"[0.141449, -0.115443, 0.602682, 0.065908, -0.089834, 0.495291]"
CONTROL,56650293.57799995,"[0.142658, -0.114127, 0.606066, 0.061717, -0.089507, 0.5]"
CONTROL,56677109.75199998,"[0.143778, -0.112648, 0.609345, 0.057371, -0.089007, 0.504709]"
CONTROL,56703311.558,"[0.144807, -0.111009, 0.612517, 0.05288, -0.088334, 0.5094]"
CONTROL,56729191.26800002,"[0.145745, -0.109213, 0.615577, 0.048256, -0.087491, 0.514054]"
CONTROL,56750434.225000165,"[0.14659, -0.107261, 0.618523, 0.043509, -0.086479, 0.518652]"
CONTROL,56770520.32200004,"[0.147343, -0.105157, 0.621353, 0.038653, -0.085299, 0.523176]"
CONTROL,56790611.378999986,"[0.148003, -0.102903, 0.624062, 0.033699, -0.083955, 0.527609]"
CONTROL,56816607.19000001,"[0.148569, -0.100503, 0.626649, 0.02866, -0.082447, 0.531933]"
CONTROL,56843230.586000115,"[0.149042, -0.097961, 0.629111, 0.023548, -0.080781, 0.536132]"
CONTROL,56870626.66199995,"[0.14942, -0.095279, 0.631446, 0.018377, -0.078958, 0.540187]"
CONTROL,56897352.23900016,"[0.149704, -0.092462, 0.633651, 0.01316, -0.076983, 0.544084]"
CONTROL,56924072.34400003,"[0.149893, -0.089513, 0.635724, 0.007909, -0.074858, 0.547807]"
CONTROL,56950657.56200006,"[0.149988, -0.086437, 0.637663, 0.002639, -0.072589, 0.551341]"
CONTROL,56977974.01800017,"[0.149988, -0.083238, 0.639466, -0.002639, -0.07018, 0.554673]"
CONTROL,57004761.422,"[0.149893, -0.079921, 0.641132, -0.007909, -0.067635, 0.557788]"
CONTROL,57032182.01100003,"[0.149704, -0.076491, 0.642658, -0.01316, -0.064958, 0.560676]"
CONTROL,57055759.48900014,"[0.14942, -0.072952, 0.644044, -0.018377, -0.062157, 0.563325]"
CONTROL,57075846.86600012,"[0.149042, -0.069309, 0.645287, -0.023548, -0.059235, 0.565723]"
CONTROL,57095927.747000135,"[0.148569, -0.065567, 0.646388, -0.02866, -0.056198, 0.567862]"
CONTROL,57116010.26000017,"[0.148003, -0.061733, 0.647343, -0.033699, -0.053053, 0.569733]"
CONTROL,57140993.12300004,"[0.147343, -0.05781, 0.648153, -0.038653, -0.049805, 0.571329]"
CONTROL,57168358.89300001,"[0.14659, -0.053806, 0.648817, -0.043509, -0.046461, 0.572644]"
CONTROL,57193461.21800004,"[0.145745, -0.049725, 0.649334, -0.048256, -0.043027, 0.573672]"
CONTROL,57220304.465000026,"[0.144807, -0.045573, 0.649704, -0.05288, -0.03951, 0.574409]"
CONTROL,57247683.06800001,"[0.143778, -0.041357, 0.649926, -0.057371, -0.035916, 0.574852]"
CONTROL,57274471.11300012,"[0.142658, -0.037082, 0.65, -0.061717, -0.032253, 0.575]"
CONTROL,57301456.51199996,"[0.141449, -0.032754, 0.649926, -0.065908, -0.028528, 0.574852]"
CONTROL,57328910.41500011,"[0.140149, -0.02838, 0.649704, -0.069931, -0.024747, 0.574409]"
CONTROL,57355766.399000004,"[0.138762, -0.023965, 0.649334, -0.073778, -0.020918, 0.573672]"
CONTROL,57382729.81199998,"[0.137286, -0.019516, 0.648817, -0.077439, -0.017049, 0.572644]"
CONTROL,57405222.338000156,"[0.135724, -0.01504, 0.648153, -0.080904, -0.013147, 0.571329]"
CONTROL,57436663.84000017,"[0.134076, -0.010542, 0.647343, -0.084165, -0.00922, 0.569733]"
CONTROL,57463654.13500007,"[0.132344, -0.006029, 0.646388, -0.087213, -0.005275, 0.567862]"
CONTROL,57491015.04100008,"[0.130528, -0.001508, 0.645287, -0.09004, -0.001319, 0.565723]"
CONTROL,57517647.23700012,"[0.128629, 0.003016, 0.644044, -0.092641, 0.002639, 0.563325]"
CONTROL,57544220.00700015,"[0.126649, 0.007535, 0.642658, -0.095007, 0.006591, 0.560676]"
CONTROL,57567805.837000154,"[0.124589, 0.012043, 0.641132, -0.097133, 0.010532, 0.557788]"
CONTROL,57589017.88100002,"[0.122451, 0.016535, 0.639466, -0.099014, 0.014451, 0.554673]"
CONTROL,57615755.490000084,"[0.120235, 0.021003, 0.637663, -0.100645, 0.018343, 0.551341]"
CONTROL,57638040.32500002,"[0.117943, 0.025441, 0.635724, -0.102021, 0.022199, 0.547807]"
CONTROL,57667306.45000007,"[0.115577, 0.029843, 0.633651, -0.10314, 0.026013, 0.544084]"
CONTROL,57694191.812000096,"[0.113138, 0.034202, 0.631446, -0.103998, 0.029776, 0.540187]"
CONTROL,57720951.599000044,"[0.110627, 0.038513, 0.629111, -0.104594, 0.033481, 0.536132]"
CONTROL,57742074.774000004,"[0.108046, 0.042769, 0.626649, -0.104925, 0.037122, 0.531933]"
CONTROL,57763439.625000045,"[0.105397, 0.046965, 0.624062, -0.104992, 0.040691, 0.527609]"
CONTROL,57783527.03400014,"[0.102682, 0.051094, 0.621353, -0.104793, 0.044181, 0.523176]"
CONTROL,57810879.204,"[0.099902, 0.05515, 0.618523, -0.104329, 0.047586, 0.518652]"
CONTROL,57837581.90000003,"[0.097058, 0.059127, 0.615577, -0.103602, 0.050899, 0.514054]"
CONTROL,57857671.549000084,"[0.094154, 0.063021, 0.612517, -0.102613, 0.054113, 0.5094]"
CONTROL,57877759.08699996,"[0.09119, 0.066825, 0.609345, -0.101365, 0.057223, 0.504709]"
CONTROL,57905135.93000014,"[0.088168, 0.070534, 0.606066, -0.099861, 0.060222, 0.5]"
CONTROL,57925302.54300004,"[0.08509, 0.074143, 0.602682, -0.098105, 0.063104, 0.495291]"
CONTROL,57952787.74400003,"[0.081959, 0.077647, 0.599197, -0.0961, 0.065865, 0.4906]"
CONTROL,57980094.88699995,"[0.078776, 0.08104, 0.595614, -0.093853, 0.068498, 0.485946]"
CONTROL,58006822.5760001,"[0.075543, 0.084318, 0.591936, -0.091369, 0.070998, 0.481348]"
CONTROL,58034425.28699998,"[0.072263, 0.087476, 0.588168, -0.088654, 0.073362, 0.476824]"
CONTROL,58057287.52799996,"[0.068937, 0.09051, 0.584313, -0.085716, 0.075583, 0.472391]"
CONTROL,58088640.768999994,"[0.065567, 0.093415, 0.580374, -0.08256, 0.077658, 0.468067]"
CONTROL,58115392.78000009,"[0.062156, 0.096188, 0.576356, -0.079196, 0.079583, 0.463868]"
CONTROL,58142922.97500015,"[0.058706, 0.098824, 0.572263, -0.075632, 0.081354, 0.459813]"
CONTROL,58169649.832,"[0.055219, 0.101319, 0.568099, -0.071877, 0.082968, 0.455916]"
CONTROL,58195759.69700009,"[0.051696, 0.103671, 0.563867, -0.067941, 0.084421, 0.452193]"
CONTROL,58220919.209000155,"[0.048142, 0.105875, 0.559572, -0.063833, 0.085711, 0.448659]"
CONTROL,58252236.41699995,"[0.044556, 0.107929, 0.555219, -0.059563, 0.086835, 0.445327]"
CONTROL,58279621.03599998,"[0.040943, 0.109829, 0.550811, -0.055143, 0.087791, 0.442212]"
CONTROL,58305639.50500005,"[0.037303, 0.111573, 0.546353, -0.050584, 0.088578, 0.439324]"
CONTROL,58332444.22200005,"[0.033641, 0.113159, 0.541849, -0.045897, 0.089193, 0.436675]"
CONTROL,58359155.91100001,"[0.029956, 0.114584, 0.537303, -0.041094, 0.089635, 0.434277]"
CONTROL,58388413.55600016,"[0.026253, 0.115846, 0.532721, -0.036188, 0.089904, 0.432138]"
CONTROL,58414419.096000075,"[0.022534, 0.116943, 0.528107, -0.031189, 0.09, 0.430267]"
CONTROL,58442138.03599996,"[0.0188, 0.117874, 0.523465, -0.026112, 0.089921, 0.428671]"
CONTROL,58469021.22200004,"[0.015054, 0.118638, 0.5188, -0.02097, 0.089668, 0.427356]"
CONTROL,58495825.363,"[0.011299, 0.119233, 0.514116, -0.015774, 0.089242, 0.426328]"
CONTROL,58523495.661999956,"[0.007537, 0.119659, 0.509419, -0.010538, 0.088644, 0.425591]"
CONTROL,58550295.515000015,"[0.00377, 0.119915, 0.504712, -0.005276, 0.087873, 0.425148]"
CONTROL,58570381.45199999,"[0.0, 0.12, 0.5, -0.0, 0.086933, 0.425]"
CONTROL,58590466.10900009,"[-0.00377, 0.119915, 0.495288, 0.005276, 0.085825, 0.425148]"
CONTROL,58615447.084000155,"[-0.007537, 0.119659, 0.490581, 0.010538, 0.084551, 0.425591]"
CONTROL,58641668.251000054,"[-0.011299, 0.119233, 0.485884, 0.015774, 0.083113, 0.426328]"
CONTROL,58668599.82300002,"[-0.015054, 0.118638, 0.4812, 0.02097, 0.081515, 0.427356]"
CONTROL,58695875.47700007,"[-0.0188, 0.117874, 0.476535, 0.026112, 0.079758, 0.428671]"
CONTROL,58721982.558000036,"[-0.022534, 0.116943, 0.471893, 0.031189, 0.077848, 0.430267]"
CONTROL,58749524.43400002,"[-0.026253, 0.115846, 0.467279, 0.036188, 0.075787, 0.432138]"
CONTROL,58775858.214999974,"[-0.029956, 0.114584, 0.462697, 0.041094, 0.073579, 0.434277]"
CONTROL,58802688.374000125,"[-0.033641, 0.113159, 0.458151, 0.045897, 0.071229, 0.436675]"
CONTROL,58828186.52800006,"[-0.037303, 0.111573, 0.453647, 0.050584, 0.068742, 0.439324]"
CONTROL,58854945.77100007,"[-0.040943, 0.109829, 0.449189, 0.055143, 0.066121, 0.442212]"
CONTROL,58882592.32400014,"[-0.044556, 0.107929, 0.444781, 0.059563, 0.063372, 0.445327]"
CONTROL,58908884.919,"[-0.048142, 0.105875, 0.440428, 0.063833, 0.060501, 0.448659]"
CONTROL,58934329.56600009,"[-0.051696, 0.103671, 0.436133, 0.067941, 0.057513, 0.452193]"
CONTROL,58961072.1040001,"[-0.055219, 0.101319, 0.431901, 0.071877, 0.054414, 0.455916]"
CONTROL,58988008.412,"[-0.058706, 0.098824, 0.427737, 0.075632, 0.051209, 0.459813]"
CONTROL,59018544.71499996,"[-0.062156, 0.096188, 0.423644, 0.079196, 0.047906, 0.463868]"
CONTROL,59045368.72900008,"[-0.065567, 0.093415, 0.419626, 0.08256, 0.044509, 0.468067]"
CONTROL,59072999.858,"[-0.068937, 0.09051, 0.415687, 0.085716, 0.041027, 0.472391]"
CONTROL,59099917.63700009,"[-0.072263, 0.087476, 0.411832, 0.088654, 0.037465, 0.476824]"
CONTROL,59126772.59700013,"[-0.075543, 0.084318, 0.408064, 0.091369, 0.033831, 0.481348]"
CONTROL,59154346.92200006,"[-0.078776, 0.08104, 0.404386, 0.093853, 0.030131, 0.485946]"
CONTROL,59174604.86799996,"[-0.081959, 0.077647, 0.400803, 0.0961, 0.026374, 0.4906]"
CONTROL,59194692.50199995,"[-0.08509, 0.074143, 0.397318, 0.098105, 0.022565, 0.495291]"
CONTROL,59221489.891000144,"[-0.088168, 0.070534, 0.393934, 0.099861, 0.018712, 0.5]"
CONTROL,59248416.50300004,"[-0.09119, 0.066825, 0.390655, 0.101365, 0.014823, 0.504709]"
CONTROL,59275812.32300008,"[-0.094154, 0.063021, 0.387483, 0.102613, 0.010906, 0.5094]"
CONTROL,59302626.64099996,"[-0.097058, 0.059127, 0.384423, 0.103602, 0.006967, 0.514054]"
CONTROL,59329534.88400017,"[-0.099902, 0.05515, 0.381477, 0.104329, 0.003015, 0.518652]"
CONTROL,59349619.317000136,"[-0.102682, 0.051094, 0.378647, 0.104793, -0.000942, 0.523176]"
CONTROL,59369706.213999964,"[-0.105397, 0.046965, 0.375938, 0.104992, -0.004898, 0.527609]"
CONTROL,59397256.18600005,"[-0.108046, 0.042769, 0.373351, 0.104925, -0.008845, 0.531933]"
CONTROL,59423967.26700008,"[-0.110627, 0.038513, 0.370889, 0.104594, -0.012774, 0.536132]"
CONTROL,59444050.93199998,"[-0.113138, 0.034202, 0.368554, 0.103998, -0.016679, 0.540187]"
CONTROL,59469145.769000076,"[-0.115577, 0.029843, 0.366349, 0.10314, -0.020552, 0.544084]"
CONTROL,59496384.87700008,"[-0.117943, 0.025441, 0.364276, 0.102021, -0.024384, 0.547807]"
CONTROL,59523769.177000076,"[-0.120235, 0.021003, 0.362337, 0.100645, -0.02817, 0.551341]"
CONTROL,59544973.44400011,"[-0.122451, 0.016535, 0.360534, 0.099014, -0.031901, 0.554673]"
CONTROL,59572431.34700002,"[-0.124589, 0.012043, 0.358868, 0.097133, -0.03557, 0.557788]"
CONTROL,59599203.23100004,"[-0.126649, 0.007535, 0.357342, 0.095007, -0.039171, 0.560676]"
CONTROL,59625278.2470001,"[-0.128629, 0.003016, 0.355956, 0.092641, -0.042696, 0.563325]"
CONTROL,59650472.12900004,"[-0.130528, -0.001508, 0.354713, 0.09004, -0.046138, 0.565723]"
CONTROL,59677258.989000164,"[-0.132344, -0.006029, 0.353612, 0.087213, -0.049491, 0.567862]"
CONTROL,59706645.92100002,"[-0.134076, -0.010542, 0.352657, 0.084165, -0.052748, 0.569733]"
CONTROL,59734121.61700003,"[-0.135724, -0.01504, 0.351847, 0.080904, -0.055903, 0.571329]"
CONTROL,59762881.7320001,"[-0.137286, -0.019516, 0.351183, 0.077439, -0.05895, 0.572644]"
CONTROL,59790110.24800002,"[-0.138762, -0.023965, 0.350666, 0.073778, -0.061884, 0.573672]"
CONTROL,59815233.726000085,"[-0.140149, -0.02838, 0.350296, 0.069931, -0.064697, 0.574409]"
CONTROL,59841920.99699999,"[-0.141449, -0.032754, 0.350074, 0.065908, -0.067385, 0.574852]"
CONTROL,59868463.205000125,"[-0.142658, -0.037082, 0.35, 0.061717, -0.069943, 0.575]"
CONTROL,59894413.89500007,"[-0.143778, -0.041357, 0.350074, 0.057371, -0.072366, 0.574852]"
CONTROL,59919671.780000046,"[-0.144807, -0.045573, 0.350296, 0.05288, -0.074648, 0.574409]"
CONTROL,59946840.77200009,"[-0.145745, -0.049725, 0.350666, 0.048256, -0.076787, 0.573672]"
CONTROL,59973441.863000065,"[-0.14659, -0.053806, 0.351183, 0.043509, -0.078777, 0.572644]"
CONTROL,59999417.61000013,"[-0.147343, -0.05781, 0.351847, 0.038653, -0.080614, 0.571329]"
CONTROL,60026537.063999966,"[-0.148003, -0.061733, 0.352657, 0.033699, -0.082296, 0.569733]"
CONTROL,60053113.54500009,"[-0.148569, -0.065567, 0.353612, 0.02866, -0.083818, 0.567862]"
CONTROL,60079932.28000009,"[-0.149042, -0.069309, 0.354713, 0.023548, -0.085178, 0.565723]"
CONTROL,60107935.97099996,"[-0.14942, -0.072952, 0.355956, 0.018377, -0.086374, 0.563325]"
CONTROL,60134522.21400007,"[-0.149704, -0.076491, 0.357342, 0.01316, -0.087402, 0.560676]"
CONTROL,60161297.074,"[-0.149893, -0.079921, 0.358868, 0.007909, -0.088261, 0.557788]"
CONTROL,60188668.029000156,"[-0.149988, -0.083238, 0.360534, 0.002639, -0.08895, 0.554673]"
CONTROL,60210065.58600015,"[-0.149988, -0.086437, 0.362337, -0.002639, -0.089467, 0.551341]"
CONTROL,60230151.779000156,"[-0.149893, -0.089513, 0.364276, -0.007909, -0.08981, 0.547807]"
CONTROL,60261134.37699996,"[-0.149704, -0.092462, 0.366349, -0.01316, -0.08998, 0.544084]"
CONTROL,60285691.137999944,"[-0.14942, -0.095279, 0.368554, -0.018377, -0.089976, 0.540187]"
CONTROL,60305778.899999954,"[-0.149042, -0.097961, 0.370889, -0.023548, -0.089798, 0.536132]"
CONTROL,60332415.929000035,"[-0.148569, -0.100503, 0.373351, -0.02866, -0.089446, 0.531933]"
CONTROL,60358841.49100002,"[-0.148003, -0.102903, 0.375938, -0.033699, -0.088921, 0.527609]"
CONTROL,60385440.854000084,"[-0.147343, -0.105157, 0.378647, -0.038653, -0.088224, 0.523176]"
CONTROL,60413007.275000155,"[-0.14659, -0.107261, 0.381477, -0.043509, -0.087357, 0.518652]"
CONTROL,60439824.121000126,"[-0.145745, -0.109213, 0.384423, -0.048256, -0.08632, 0.514054]"
CONTROL,60466587.84500005,"[-0.144807, -0.111009, 0.387483, -0.05288, -0.085117, 0.5094]"
CONTROL,60494202.524000004,"[-0.143778, -0.112648, 0.390655, -0.057371, -0.083749, 0.504709]"
CONTROL,60514288.07699995,"[-0.142658, -0.114127, 0.393934, -0.061717, -0.082219, 0.5]"
CONTROL,60541183.52,"[-0.141449, -0.115443, 0.397318, -0.065908, -0.08053, 0.495291]"
CONTROL,60568259.73900004,"[-0.140149, -0.116596, 0.400803, -0.069931, -0.078685, 0.4906]"
CONTROL,60595619.84600009,"[-0.138762, -0.117583, 0.404386, -0.073778, -0.076688, 0.485946]"
CONTROL,60620954.022999965,"[-0.137286, -0.118402, 0.408064, -0.077439, -0.074543, 0.481348]"
CONTROL,60647049.52000011,"[-0.135724, -0.119054, 0.411832, -0.080904, -0.072254, 0.476824]"
CONTROL,60673915.93699995,"[-0.134076, -0.119536, 0.415687, -0.084165, -0.069824, 0.472391]"
CONTROL,60701494.48699999,"[-0.132344, -0.119848, 0.419626, -0.087213, -0.06726, 0.468067]"
CONTROL,60725935.97800005,"[-0.130528, -0.119991, 0.423644, -0.09004, -0.064566, 0.463868]"
CONTROL,60746017.94700015,"[-0.128629, -0.119962, 0.427737, -0.092641, -0.061747, 0.459813]"
CONTROL,60766101.29200003,"[-0.126649, -0.119763, 0.431901, -0.095007, -0.058808, 0.455916]"
CONTROL,60786185.468999974,"[-0.124589, -0.119394, 0.436133, -0.097133, -0.055755, 0.452193]"
CONTROL,60806264.84599998,"[-0.122451, -0.118855, 0.440428, -0.099014, -0.052595, 0.448659]"
CONTROL,60835034.53000003,"[-0.120235, -0.118148, 0.444781, -0.100645, -0.049333, 0.445327]"
CONTROL,60859917.38799998,"[-0.117943, -0.117272, 0.449189, -0.102021, -0.045976, 0.442212]"
CONTROL,60886085.463999964,"[-0.115577, -0.11623, 0.453647, -0.10314, -0.04253, 0.439324]"
CONTROL,60908939.44900017,"[-0.113138, -0.115023, 0.458151, -0.103998, -0.039001, 0.436675]"
CONTROL,60929023.40199999,"[-0.110627, -0.113652, 0.462697, -0.104594, -0.035397, 0.434277]"
CONTROL,60955899.10000012,"[-0.108046, -0.112119, 0.467279, -0.104925, -0.031725, 0.432138]"
CONTROL,60983376.90800008,"[-0.105397, -0.110428, 0.471893, -0.104992, -0.027991, 0.430267]"
CONTROL,61003458.20500001,"[-0.102682, -0.108579, 0.476535, -0.104793, -0.024203, 0.428671]"
CONTROL,61023551.50300013,"[-0.099902, -0.106576, 0.4812, -0.104329, -0.020368, 0.427356]"
CONTROL,61050307.16200008,"[-0.097058, -0.104422, 0.485884, -0.103602, -0.016494, 0.426328]"
CONTROL,61077815.56400005,"[-0.094154, -0.102119, 0.490581, -0.102613, -0.012588, 0.425591]"
CONTROL,61104586.00800007,"[-0.09119, -0.099672, 0.495288, -0.101365, -0.008657, 0.425148]"
CONTROL,61131354.30800003,"[-0.088168, -0.097082, 0.5, -0.099861, -0.00471, 0.425]"
CONTROL,61158920.69699998,"[-0.08509, -0.094355, 0.504712, -0.098105, -0.000754, 0.425148]"
CONTROL,61183489.42700004,"[-0.081959, -0.091493, 0.509419, -0.0961, 0.003204, 0.425591]"
CONTROL,61203573.892000124,"[-0.078776, -0.088502, 0.514116, -0.093853, 0.007155, 0.426328]"
CONTROL,61223659.25300005,"[-0.075543, -0.085384, 0.5188, -0.091369, 0.011093, 0.427356]"
CONTROL,61243747.01500005,"[-0.072263, -0.082146, 0.523465, -0.088654, 0.015009, 0.428671]"
CONTROL,61270554.99700009,"[-0.068937, -0.07879, 0.528107, -0.085716, 0.018896, 0.430267]"
CONTROL,61298020.133000135,"[-0.065567, -0.075323, 0.532721, -0.08256, 0.022747, 0.432138]"
CONTROL,61325058.43000013,"[-0.062156, -0.071749, 0.537303, -0.079196, 0.026554, 0.434277]"
CONTROL,61345139.151000015,"[-0.058706, -0.068072, 0.541849, -0.075632, 0.030309, 0.436675]"
CONTROL,61372425.814000055,"[-0.055219, -0.064299, 0.546353, -0.071877, 0.034006, 0.439324]"
CONTROL,61399076.476000115,"[-0.051696, -0.060435, 0.550811, -0.067941, 0.037637, 0.442212]"
CONTROL,61425830.24700002,"[-0.048142, -0.056484, 0.555219, -0.063833, 0.041195, 0.445327]"
CONTROL,61452483.692999974,"[-0.044556, -0.052454, 0.559572, -0.059563, 0.044673, 0.448659]"
CONTROL,61479826.80700011,"[-0.040943, -0.048349, 0.563867, -0.055143, 0.048065, 0.452193]"
CONTROL,61505598.63900003,"[-0.037303, -0.044175, 0.568099, -0.050584, 0.051364, 0.455916]"
CONTROL,61532246.77200001,"[-0.033641, -0.039938, 0.572263, -0.045897, 0.054564, 0.459813]"
CONTROL,61559454.83899996,"[-0.029956, -0.035645, 0.576356, -0.041094, 0.057658, 0.463868]"
CONTROL,61583941.03600017,"[-0.026253, -0.031301, 0.580374, -0.036188, 0.060641, 0.468067]"
CONTROL,61611391.64400015,"[-0.022534, -0.026912, 0.584313, -0.031189, 0.063506, 0.472391]"
CONTROL,61638147.65500001,"[-0.0188, -0.022486, 0.588168, -0.026112, 0.066249, 0.476824]"
CONTROL,61664961.46100008,"[-0.015054, -0.018027, 0.591936, -0.02097, 0.068863, 0.481348]"
CONTROL,61692177.880000144,"[-0.011299, -0.013543, 0.595614, -0.015774, 0.071344, 0.485946]"
CONTROL,61712262.633000135,"[-0.007537, -0.009039, 0.599197, -0.010538, 0.073688, 0.4906]"
CONTROL,61732344.474999994,"[-0.00377, -0.004523, 0.602682, -0.005276, 0.075888, 0.495291]"
CONTROL,61752428.77999995,"[-0.0, -0.0, 0.606066, -0.0, 0.077942, 0.5]"
CONTROL,61774494.88399998,"[0.00377, 0.004523, 0.609345, 0.005276, 0.079845, 0.504709]"
CONTROL,61801012.19500011,"[0.007537, 0.009039, 0.612517, 0.010538, 0.081594, 0.5094]"
CONTROL,61827570.21199995,"[0.011299, 0.013543, 0.615577, 0.015774, 0.083185, 0.514054]"
CONTROL,61855062.19700005,"[0.015054, 0.018027, 0.618523, 0.02097, 0.084615, 0.518652]"
CONTROL,61881569.45900005,"[0.0188, 0.022486, 0.621353, 0.026112, 0.085882, 0.523176]"
CONTROL,61908195.32000001,"[0.022534, 0.026912, 0.624062, 0.031189, 0.086982, 0.527609]"
CONTROL,61935465.72600008,"[0.026253, 0.031301, 0.626649, 0.036188, 0.087914, 0.531933]"
CONTROL,61962030.623000145,"[0.029956, 0.035645, 0.629111, 0.041094, 0.088676, 0.536132]"
CONTROL,61988680.677000046,"[0.033641, 0.039938, 0.631446, 0.045897, 0.089267, 0.540187]"
CONTROL,62015957.45100008,"[0.037303, 0.044175, 0.633651, 0.050584, 0.089684, 0.544084]"
CONTROL,62037203.83200016,"[0.040943, 0.048349, 0.635724, 0.055143, 0.089929, 0.547807]"
CONTROL,62057287.849999964,"[0.044556, 0.052454, 0.637663, 0.059563, 0.089999, 0.551341]"
CONTROL,62087418.72400014,"[0.048142, 0.056484, 0.639466, 0.063833, 0.089896, 0.554673]"
CONTROL,62114151.66200004,"[0.051696, 0.060435, 0.641132, 0.067941, 0.089618, 0.557788]"
CONTROL,62141496.76000011,"[0.055219, 0.064299, 0.642658, 0.071877, 0.089167, 0.560676]"
CONTROL,62168143.7090001,"[0.058706, 0.068072, 0.644044, 0.075632, 0.088544, 0.563325]"
CONTROL,62194934.18599995,"[0.062156, 0.071749, 0.645287, 0.079196, 0.08775, 0.565723]"
CONTROL,62215208.101000145,"[0.065567, 0.075323, 0.646388, 0.08256, 0.086785, 0.567862]"
CONTROL,62235294.16700012,"[0.068937, 0.07879, 0.647343, 0.085716, 0.085653, 0.569733]"
CONTROL,62261101.68100013,"[0.072263, 0.082146, 0.648153, 0.088654, 0.084355, 0.571329]"
CONTROL,62287789.30500016,"[0.075543, 0.085384, 0.648817, 0.091369, 0.082894, 0.572644]"
CONTROL,62315025.629000045,"[0.078776, 0.088502, 0.649334, 0.093853, 0.081273, 0.573672]"
CONTROL,62340033.35700004,"[0.081959, 0.091493, 0.649704, 0.0961, 0.079495, 0.574409]"
CONTROL,62367454.58700011,"[0.08509, 0.094355, 0.649926, 0.098105, 0.077563, 0.574852]"
CONTROL,62394257.481000066,"[0.088168, 0.097082, 0.65, 0.099861, 0.07548, 0.575]"
CONTROL,62421105.177000076,"[0.09119, 0.099672, 0.649926, 0.101365, 0.073252, 0.574852]"
CONTROL,62448883.96100009,"[0.094154, 0.102119, 0.649704, 0.102613, 0.070882, 0.574409]"
CONTROL,62475660.358000144,"[0.097058, 0.104422, 0.649334, 0.103602, 0.068375, 0.573672]"
CONTROL,62497017.94500015,"[0.099902, 0.106576, 0.648817, 0.104329, 0.065736, 0.572644]"
CONTROL,62523168.86900008,"[0.102682, 0.108579, 0.648153, 0.104793, 0.06297, 0.571329]"
CONTROL,62543280.76000001,"[0.105397, 0.110428, 0.647343, 0.104992, 0.060082, 0.569733]"
CONTROL,62570187.56299999,"[0.108046, 0.112119, 0.646388, 0.104925, 0.057077, 0.567862]"
CONTROL,62596962.934999965,"[0.110627, 0.113652, 0.645287, 0.104594, 0.053962, 0.565723]"
CONTROL,62617047.304000154,"[0.113138, 0.115023, 0.644044, 0.103998, 0.050743, 0.563325]"
CONTROL,62642430.06100014,"[0.115577, 0.11623, 0.642658, 0.10314, 0.047426, 0.560676]"
CONTROL,62662511.48600008,"[0.117943, 0.117272, 0.641132, 0.102021, 0.044017, 0.557788]"
CONTROL,62687795.61300016,"[0.120235, 0.118148, 0.639466, 0.100645, 0.040523, 0.554673]"
CONTROL,62714663.02199997,"[0.122451, 0.118855, 0.637663, 0.099014, 0.03695, 0.551341]"
CONTROL,62736703.42900004,"[0.124589, 0.119394, 0.635724, 0.097133, 0.033306, 0.547807]"
CONTROL,62764224.28000001,"[0.126649, 0.119763, 0.633651, 0.095007, 0.029598, 0.544084]"
CONTROL,62790985.31500017,"[0.128629, 0.119962, 0.631446, 0.092641, 0.025832, 0.540187]"
CONTROL,62818006.780000135,"[0.130528, 0.119991, 0.629111, 0.09004, 0.022017, 0.536132]"
CONTROL,62843262.234000124,"[0.132344, 0.119848, 0.626649, 0.087213, 0.018159, 0.531933]"
CONTROL,62863345.86700013,"[0.134076, 0.119536, 0.624062, 0.084165, 0.014265, 0.527609]"
CONTROL,62890090.42199996,"[0.135724, 0.119054, 0.621353, 0.080904, 0.010344, 0.523176]"
CONTROL,62916824.83199997,"[0.137286, 0.118402, 0.618523, 0.077439, 0.006403, 0.518652]"
CONTROL,62943789.07800001,"[0.138762, 0.117583, 0.615577, 0.073778, 0.00245, 0.514054]"
CONTROL,62971078.58900017,"[0.140149, 0.116596, 0.612517, 0.069931, -0.001508, 0.5094]"
CONTROL,62997867.62600002,"[0.141449, 0.115443, 0.609345, 0.065908, -0.005463, 0.504709]"
CONTROL,63024771.54899998,"[0.142658, 0.114127, 0.606066, 0.061717, -0.009408, 0.5]"
CONTROL,63052385.55699998,"[0.143778, 0.112648, 0.602682, 0.057371, -0.013334, 0.495291]"
CONTROL,63072468.93399997,"[0.144807, 0.111009, 0.599197, 0.05288, -0.017234, 0.4906]"
CONTROL,63097833.80099998,"[0.145745, 0.109213, 0.595614, 0.048256, -0.021102, 0.485946]"
CONTROL,63124623.99000014,"[0.14659, 0.107261, 0.591936, 0.043509, -0.024928, 0.481348]"
CONTROL,63152131.016000114,"[0.147343, 0.105157, 0.588168, 0.038653, -0.028706, 0.476824]"
CONTROL,63182709.94600016,"[0.148003, 0.102903, 0.584313, 0.033699, -0.032429, 0.472391]"
CONTROL,63210211.372,"[0.148569, 0.100503, 0.580374, 0.02866, -0.036089, 0.468067]"
CONTROL,63237013.1130001,"[0.149042, 0.097961, 0.576356, 0.023548, -0.039679, 0.463868]"
CONTROL,63257064.488999955,"[0.14942, 0.095279, 0.572263, 0.018377, -0.043193, 0.459813]"
CONTROL,63277153.08300003,"[0.149704, 0.092462, 0.568099, 0.01316, -0.046622, 0.455916]"
CONTROL,63303894.53299995,"[0.149893, 0.089513, 0.563867, 0.007909, -0.049962, 0.452193]"
CONTROL,63330617.16700013,"[0.149988, 0.086437, 0.559572, 0.002639, -0.053205, 0.448659]"
CONTROL,63358160.64300002,"[0.149988, 0.083238, 0.555219, -0.002639, -0.056345, 0.445327]"
CONTROL,63385148.34700004,"[0.149893, 0.079921, 0.550811, -0.007909, -0.059377, 0.442212]"
CONTROL,63411875.14100011,"[0.149704, 0.076491, 0.546353, -0.01316, -0.062293, 0.439324]"
CONTROL,63431965.30199998,"[0.14942, 0.072952, 0.541849, -0.018377, -0.065089, 0.436675]"
CONTROL,63458942.349000156,"[0.149042, 0.069309, 0.537303, -0.023548, -0.067759, 0.434277]"
CONTROL,63485679.38400015,"[0.148569, 0.065567, 0.532721, -0.02866, -0.070298, 0.432138]"
CONTROL,63505762.889000155,"[0.148003, 0.061733, 0.528107, -0.033699, -0.072701, 0.430267]"
CONTROL,63525845.46599996,"[0.147343, 0.05781, 0.523465, -0.038653, -0.074963, 0.428671]"
CONTROL,63545926.41199997,"[0.14659, 0.053806, 0.5188, -0.043509, -0.07708, 0.427356]"
CONTROL,63566014.04499997,"[0.145745, 0.049725, 0.514116, -0.048256, -0.079049, 0.426328]"
CONTROL,63592037.5390001,"[0.144807, 0.045573, 0.509419, -0.05288, -0.080864, 0.425591]"
CONTROL,63618647.01400009,"[0.143778, 0.041357, 0.504712, -0.057371, -0.082523, 0.425148]"
CONTROL,63645961.13500011,"[0.142658, 0.037082, 0.5, -0.061717, -0.084022, 0.425]"
CONTROL,63671161.92900016,"[0.141449, 0.032754, 0.495288, -0.065908, -0.085359, 0.425148]"
CONTROL,63698555.862000145,"[0.140149, 0.02838, 0.490581, -0.069931, -0.086531, 0.425591]"
CONTROL,63730722.96999999,"[0.138762, 0.023965, 0.485884, -0.073778, -0.087535, 0.426328]"
CONTROL,63755447.2920001,"[0.137286, 0.019516, 0.4812, -0.077439, -0.08837, 0.427356]"
CONTROL,63775538.38200015,"[0.135724, 0.01504, 0.476535, -0.080904, -0.089035, 0.428671]"
CONTROL,63796271.04099996,"[0.134076, 0.010542, 0.471893, -0.084165, -0.089526, 0.430267]"
CONTROL,63816354.29000016,"[0.132344, 0.006029, 0.467279, -0.087213, -0.089845, 0.432138]"
CONTROL,63836437.82700005,"[0.130528, 0.001508, 0.462697, -0.09004, -0.08999, 0.434277]"
CONTROL,63856517.845000096,"[0.128629, -0.003016, 0.458151, -0.092641, -0.089961, 0.436675]"
CONTROL,63876599.238000154,"[0.126649, -0.007535, 0.453647, -0.095007, -0.089758, 0.439324]"
CONTROL,63896677.43100017,"[0.124589, -0.012043, 0.449189, -0.097133, -0.089382, 0.442212]"
CONTROL,63922432.30300005,"[0.122451, -0.016535, 0.444781, -0.099014, -0.088832, 0.445327]"
CONTROL,63951020.249000065,"[0.120235, -0.021003, 0.440428, -0.100645, -0.088111, 0.448659]"
CONTROL,63977690.36800014,"[0.117943, -0.025441, 0.436133, -0.102021, -0.087219, 0.452193]"
CONTROL,64005077.06799999,"[0.115577, -0.029843, 0.431901, -0.10314, -0.086159, 0.455916]"
CONTROL,64031830.45500009,"[0.113138, -0.034202, 0.427737, -0.103998, -0.084932, 0.459813]"
CONTROL,64058460.41200016,"[0.110627, -0.038513, 0.423644, -0.104594, -0.08354, 0.463868]"
CONTROL,64085151.236,"[0.108046, -0.042769, 0.419626, -0.104925, -0.081987, 0.468067]"
CONTROL,64111124.16700007,"[0.105397, -0.046965, 0.415687, -0.104992, -0.080276, 0.472391]"
CONTROL,64134020.01000009,"[0.102682, -0.051094, 0.411832, -0.104793, -0.078409, 0.476824]"
CONTROL,64154104.34700016,"[0.099902, -0.05515, 0.408064, -0.104329, -0.076391, 0.481348]"
CONTROL,64181231.48200016,"[0.097058, -0.059127, 0.404386, -0.103602, -0.074225, 0.485946]"
CONTROL,64207965.955999956,"[0.094154, -0.063021, 0.400803, -0.102613, -0.071915, 0.4906]"
CONTROL,64234643.9800001,"[0.09119, -0.066825, 0.397318, -0.101365, -0.069466, 0.495291]"
CONTROL,64266648.006999955,"[0.088168, -0.070534, 0.393934, -0.099861, -0.066883, 0.5]"
CONTROL,64293344.624000154,"[0.08509, -0.074143, 0.390655, -0.098105, -0.064171, 0.504709]"
CONTROL,64313428.83299999,"[0.081959, -0.077647, 0.387483, -0.0961, -0.061334, 0.5094]"
CONTROL,64333517.42700006,"[0.078776, -0.08104, 0.384423, -0.093853, -0.058379, 0.514054]"
CONTROL,64360321.79300014,"[0.075543, -0.084318, 0.381477, -0.091369, -0.05531, 0.518652]"
CONTROL,64386964.1660001,"[0.072263, -0.087476, 0.378647, -0.088654, -0.052135, 0.523176]"
CONTROL,64413704.817000054,"[0.068937, -0.09051, 0.375938, -0.085716, -0.048859, 0.527609]"
CONTROL,64433784.45000008,"[0.065567, -0.093415, 0.373351, -0.08256, -0.045489, 0.531933]"
CONTROL,64453869.23599995,"[0.062156, -0.096188, 0.370889, -0.079196, -0.04203, 0.536132]"
CONTROL,64481138.52200004,"[0.058706, -0.098824, 0.368554, -0.075632, -0.038491, 0.540187]"
CONTROL,64507767.77500005,"[0.055219, -0.101319, 0.366349, -0.071877, -0.034876, 0.544084]"
CONTROL,64534380.35500017,"[0.051696, -0.103671, 0.364276, -0.067941, -0.031195, 0.547807]"
CONTROL,64554470.00499999,"[0.048142, -0.105875, 0.362337, -0.063833, -0.027453, 0.551341]"
CONTROL,64580986.26000015,"[0.044556, -0.107929, 0.360534, -0.059563, -0.023658, 0.554673]"
CONTROL,64607555.73400001,"[0.040943, -0.109829, 0.358868, -0.055143, -0.019817, 0.557788]"
CONTROL,64634089.81400016,"[0.037303, -0.111573, 0.357342, -0.050584, -0.015938, 0.560676]"
CONTROL,64665342.666000016,"[0.033641, -0.113159, 0.355956, -0.045897, -0.012028, 0.563325]"
CONTROL,64692011.56899999,"[0.029956, -0.114584, 0.354713, -0.041094, -0.008094, 0.565723]"
CONTROL,64712094.01900001,"[0.026253, -0.115846, 0.353612, -0.036188, -0.004145, 0.567862]"
CONTROL,64733192.457000084,"[0.022534, -0.116943, 0.352657, -0.031189, -0.000188, 0.569733]"
CONTROL,64759852.14299999,"[0.0188, -0.117874, 0.351847, -0.026112, 0.003769, 0.571329]"
CONTROL,64786582.329000115,"[0.015054, -0.118638, 0.351183, -0.02097, 0.007719, 0.572644]"
CONTROL,64813738.32899999,"[0.011299, -0.119233, 0.350666, -0.015774, 0.011654, 0.573672]"
CONTROL,64840349.30899998,"[0.007537, -0.119659, 0.350296, -0.010538, 0.015566, 0.574409]"
CONTROL,64867068.23100007,"[0.00377, -0.119915, 0.350074, -0.005276, 0.019449, 0.574852]"
CONTROL,64894285.674,"[-0.0, -0.12, 0.35, 0.0, 0.023294, 0.575]"
CONTROL,64920830.699000135,"[-0.00377, -0.119915, 0.350074, 0.005276, 0.027093, 0.574852]"
CONTROL,64947342.985999964,"[-0.007537, -0.119659, 0.350296, 0.010538, 0.030841, 0.574409]"
CONTROL,64974419.81400016,"[-0.011299, -0.119233, 0.350666, 0.015774, 0.034529, 0.573672]"
CONTROL,65000263.42599995,"[-0.015054, -0.118638, 0.351183, 0.02097, 0.038149, 0.572644]"
CONTROL,65027775.50900009,"[-0.0188, -0.117874, 0.351847, 0.026112, 0.041697, 0.571329]"
CONTROL,65054358.29500016,"[-0.022534, -0.116943, 0.352657, 0.031189, 0.045163, 0.569733]"
CONTROL,65080968.21900017,"[-0.026253, -0.115846, 0.353612, 0.036188, 0.048542, 0.567862]"
CONTROL,65108232.48099996,"[-0.029956, -0.114584, 0.354713, 0.041094, 0.051828, 0.565723]"
CONTROL,65134946.02600008,"[-0.033641, -0.113159, 0.355956, 0.045897, 0.055013, 0.563325]"
CONTROL,65161454.824999966,"[-0.037303, -0.111573, 0.357342, 0.050584, 0.058091, 0.560676]"
CONTROL,65188694.82900004,"[-0.040943, -0.109829, 0.358868, 0.055143, 0.061057, 0.557788]"
CONTROL,65215383.445000045,"[-0.044556, -0.107929, 0.360534, 0.059563, 0.063906, 0.554673]"
CONTROL,65241989.52899997,"[-0.048142, -0.105875, 0.362337, 0.063833, 0.06663, 0.551341]"
CONTROL,65269259.807000026,"[-0.051696, -0.103671, 0.364276, 0.067941, 0.069226, 0.547807]"
CONTROL,65297726.084000036,"[-0.055219, -0.101319, 0.366349, 0.071877, 0.071688, 0.544084]"
CONTROL,65323599.361000106,"[-0.058706, -0.098824, 0.368554, 0.075632, 0.074011, 0.540187]"
CONTROL,65350259.33600014,"[-0.062156, -0.096188, 0.370889, 0.079196, 0.076191, 0.536132]"
CONTROL,65377644.692000106,"[-0.065567, -0.093415, 0.373351, 0.08256, 0.078223, 0.531933]"
CONTROL,65401461.6070001,"[-0.068937, -0.09051, 0.375938, 0.085716, 0.080105, 0.527609]"
CONTROL,65421547.44899995,"[-0.072263, -0.087476, 0.378647, 0.088654, 0.081831, 0.523176]"
CONTROL,65441631.20999997,"[-0.075543, -0.084318, 0.381477, 0.091369, 0.083399, 0.518652]"
CONTROL,65468362.42100017,"[-0.078776, -0.08104, 0.384423, 0.093853, 0.084806, 0.514054]"
CONTROL,65494882.83599999,"[-0.081959, -0.077647, 0.387483, 0.0961, 0.086049, 0.5094]"
CONTROL,65522335.65200004,"[-0.08509, -0.074143, 0.390655, 0.098105, 0.087125, 0.504709]"
CONTROL,65548904.26199995,"[-0.088168, -0.070534, 0.393934, 0.099861, 0.088033, 0.5]"
CONTROL,65576037.95700015,"[-0.09119, -0.066825, 0.397318, 0.101365, 0.088771, 0.495291]"
CONTROL,65601813.342000015,"[-0.094154, -0.063021, 0.400803, 0.102613, 0.089337, 0.4906]"
CONTROL,65628597.19500011,"[-0.097058, -0.059127, 0.404386, 0.103602, 0.08973, 0.485946]"
CONTROL,65655218.830999956,"[-0.099902, -0.05515, 0.408064, 0.104329, 0.089949, 0.481348]"
CONTROL,65681857.52500017,"[-0.102682, -0.051094, 0.411832, 0.104793, 0.089995, 0.476824]"
CONTROL,65709034.96599999,"[-0.105397, -0.046965, 0.415687, 0.104992, 0.089867, 0.472391]"
CONTROL,65735671.22700001,"[-0.108046, -0.042769, 0.419626, 0.104925, 0.089564, 0.468067]"
CONTROL,65762261.11799997,"[-0.110627, -0.038513, 0.423644, 0.104594, 0.089089, 0.463868]"
CONTROL,65792107.881999984,"[-0.113138, -0.034202, 0.427737, 0.103998, 0.088441, 0.459813]"
CONTROL,65818537.28500005,"[-0.115577, -0.029843, 0.431901, 0.10314, 0.087622, 0.455916]"
CONTROL,65845191.17900004,"[-0.117943, -0.025441, 0.436133, 0.102021, 0.086634, 0.452193]"
CONTROL,65871910.773000084,"[-0.120235, -0.021003, 0.440428, 0.100645, 0.085478, 0.448659]"
CONTROL,65898657.44000008,"[-0.122451, -0.016535, 0.444781, 0.099014, 0.084157, 0.445327]"
CONTROL,65918746.002000034,"[-0.124589, -0.012043, 0.449189, 0.097133, 0.082673, 0.442212]"
CONTROL,65945330.54800013,"[-0.126649, -0.007535, 0.453647, 0.095007, 0.081029, 0.439324]"
CONTROL,65972172.80400014,"[-0.128629, -0.003016, 0.458151, 0.092641, 0.079228, 0.436675]"
CONTROL,65999450.05900008,"[-0.130528, 0.001508, 0.462697, 0.09004, 0.077274, 0.434277]"
CONTROL,66019947.89000014,"[-0.132344, 0.006029, 0.467279, 0.087213, 0.075171, 0.432138]"
CONTROL,66040035.17199999,"[-0.134076, 0.010542, 0.471893, 0.084165, 0.072922, 0.430267]"
CONTROL,66066659.847999975,"[-0.135724, 0.01504, 0.476535, 0.080904, 0.070532, 0.428671]"
CONTROL,66093198.69700016,"[-0.137286, 0.019516, 0.4812, 0.077439, 0.068006, 0.427356]"
CONTROL,66113278.6820001,"[-0.138762, 0.023965, 0.485884, 0.073778, 0.065349, 0.426328]"
CONTROL,66133358.76300016,"[-0.140149, 0.02838, 0.490581, 0.069931, 0.062564, 0.425591]"
CONTROL,66153444.028999954,"[-0.141449, 0.032754, 0.495288, 0.065908, 0.059659, 0.425148]"
CONTROL,66173532.11099999,"[-0.142658, 0.037082, 0.5, 0.061717, 0.056639, 0.425]"
CONTROL,66193620.76900006,"[-0.143778, 0.041357, 0.504712, 0.057371, 0.053509, 0.425148]"
CONTROL,66219448.66800004,"[-0.144807, 0.045573, 0.509419, 0.05288, 0.050275, 0.425591]"
CONTROL,66246263.915000096,"[-0.145745, 0.049725, 0.514116, 0.048256, 0.046944, 0.426328]"
CONTROL,66273552.050000034,"[-0.14659, 0.053806, 0.5188, 0.043509, 0.043523, 0.427356]"
CONTROL,66300134.80499997,"[-0.147343, 0.05781, 0.523465, 0.038653, 0.040017, 0.428671]"
CONTROL,66326698.16600014,"[-0.148003, 0.061733, 0.528107, 0.033699, 0.036434, 0.430267]"
CONTROL,66354125.349000014,"[-0.148569, 0.065567, 0.532721, 0.02866, 0.03278, 0.432138]"
CONTROL,66380974.64500015,"[-0.149042, 0.069309, 0.537303, 0.023548, 0.029063, 0.434277]"
CONTROL,66407722.49600013,"[-0.14942, 0.072952, 0.541849, 0.018377, 0.02529, 0.436675]"
CONTROL,66434495.08499998,"[-0.149704, 0.076491, 0.546353, 0.01316, 0.021468, 0.439324]"
CONTROL,66461334.52499998,"[-0.149893, 0.079921, 0.550811, 0.007909, 0.017604, 0.442212]"
CONTROL,66488428.634,"[-0.149988, 0.083238, 0.555219, 0.002639, 0.013707, 0.445327]"
CONTROL,66515988.815000124,"[-0.149988, 0.086437, 0.559572, -0.002639, 0.009782, 0.448659]"
CONTROL,66542727.64200004,"[-0.149893, 0.089513, 0.563867, -0.007909, 0.005839, 0.452193]"
CONTROL,66569518.728000045,"[-0.149704, 0.092462, 0.568099, -0.01316, 0.001885, 0.455916]"
CONTROL,66597126.49500011,"[-0.14942, 0.095279, 0.572263, -0.018377, -0.002073, 0.459813]"
CONTROL,66617218.28899999,"[-0.149042, 0.097961, 0.576356, -0.023548, -0.006027, 0.463868]"
CONTROL,66644078.01900006,"[-0.148569, 0.100503, 0.580374, -0.02866, -0.00997, 0.468067]"
CONTROL,66671692.73100012,"[-0.148003, 0.102903, 0.584313, -0.033699, -0.013893, 0.472391]"
CONTROL,66698432.550000004,"[-0.147343, 0.105157, 0.588168, -0.038653, -0.017789, 0.476824]"
CONTROL,66725314.93600013,"[-0.14659, 0.107261, 0.591936, -0.043509, -0.021651, 0.481348]"
CONTROL,66752962.83400007,"[-0.145745, 0.109213, 0.595614, -0.048256, -0.025471, 0.485946]"
CONTROL,66779770.463999964,"[-0.144807, 0.111009, 0.599197, -0.05288, -0.029242, 0.4906]"
CONTROL,66804246.51700014,"[-0.143778, 0.112648, 0.602682, -0.057371, -0.032956, 0.495291]"
CONTROL,66824331.30300001,"[-0.142658, 0.114127, 0.606066, -0.061717, -0.036606, 0.5]"
CONTROL,66851803.160000145,"[-0.141449, 0.115443, 0.609345, -0.065908, -0.040186, 0.504709]"
CONTROL,66878620.58300015,"[-0.140149, 0.116596, 0.612517, -0.069931, -0.043688, 0.5094]"
CONTROL,66905489.01600005,"[-0.138762, 0.117583, 0.615577, -0.073778, -0.047105, 0.514054]"
CONTROL,66933040.397000015,"[-0.137286, 0.118402, 0.618523, -0.077439, -0.050431, 0.518652]"
CONTROL,66956139.06700009,"[-0.135724, 0.119054, 0.621353, -0.080904, -0.05366, 0.523176]"
CONTROL,66976225.96500014,"[-0.134076, 0.119536, 0.624062, -0.084165, -0.056785, 0.527609]"
CONTROL,66996342.11200009,"[-0.132344, 0.119848, 0.626649, -0.087213, -0.0598, 0.531933]"
CONTROL,67022951.61999996,"[-0.130528, 0.119991, 0.629111, -0.09004, -0.0627, 0.536132]"
CONTROL,67048369.99400004,"[-0.128629, 0.119962, 0.631446, -0.092641, -0.065478, 0.540187]"
CONTROL,67075873.597000055,"[-0.126649, 0.119763, 0.633651, -0.095007, -0.06813, 0.544084]"
CONTROL,67102546.916000165,"[-0.124589, 0.119394, 0.635724, -0.097133, -0.070649, 0.547807]"
CONTROL,67129264.33400002,"[-0.122451, 0.118855, 0.637663, -0.099014, -0.073032, 0.551341]"
CONTROL,67156937.64100002,"[-0.120235, 0.118148, 0.639466, -0.100645, -0.075274, 0.554673]"
CONTROL,67183777.40100004,"[-0.117943, 0.117272, 0.641132, -0.102021, -0.077371, 0.557788]"
CONTROL,67216302.25600006,"[-0.115577, 0.11623, 0.642658, -0.10314, -0.079317, 0.560676]"
CONTROL,67243837.924,"[-0.113138, 0.115023, 0.644044, -0.103998, -0.081111, 0.563325]"
CONTROL,67270627.05699995,"[-0.110627, 0.113652, 0.645287, -0.104594, -0.082747, 0.565723]"
CONTROL,67297456.03300011,"[-0.108046, 0.112119, 0.646388, -0.104925, -0.084223, 0.567862]"
CONTROL,67319577.94799995,"[-0.105397, 0.110428, 0.647343, -0.104992, -0.085537, 0.569733]"
CONTROL,67339662.86200006,"[-0.102682, 0.108579, 0.648153, -0.104793, -0.086685, 0.571329]"
CONTROL,67359745.21599996,"[-0.099902, 0.106576, 0.648817, -0.104329, -0.087665, 0.572644]"
CONTROL,67379824.11300004,"[-0.097058, 0.104422, 0.649334, -0.103602, -0.088476, 0.573672]"
CONTROL,67399908.2590001,"[-0.094154, 0.102119, 0.649704, -0.102613, -0.089115, 0.574409]"
CONTROL,67419987.02800015,"[-0.09119, 0.099672, 0.649926, -0.101365, -0.089583, 0.574852]"
CONTROL,67444989.09300001,"[-0.088168, 0.097082, 0.65, -0.099861, -0.089877, 0.575]"
CONTROL,67471704.17500001,"[-0.08509, 0.094355, 0.649926, -0.098105, -0.089997, 0.574852]"
CONTROL,67498959.796,"[-0.081959, 0.091493, 0.649704, -0.0961, -0.089943, 0.574409]"
CONTROL,67525507.47700001,"[-0.078776, 0.088502, 0.649334, -0.093853, -0.089715, 0.573672]"
CONTROL,67552809.30900016,"[-0.075543, 0.085384, 0.648817, -0.091369, -0.089314, 0.572644]"
CONTROL,67579921.14700004,"[-0.072263, 0.082146, 0.648153, -0.088654, -0.08874, 0.571329]"
CONTROL,67606502.718,"[-0.068937, 0.07879, 0.647343, -0.085716, -0.087994, 0.569733]"
CONTROL,67634496.04200013,"[-0.065567, 0.075323, 0.646388, -0.08256, -0.087078, 0.567862]"
CONTROL,67654585.08400002,"[-0.062156, 0.071749, 0.645287, -0.079196, -0.085994, 0.565723]"
CONTROL,67681265.60400015,"[-0.058706, 0.068072, 0.644044, -0.075632, -0.084743, 0.563325]"
CONTROL,67708715.18800004,"[-0.055219, 0.064299, 0.642658, -0.071877, -0.083328, 0.560676]"
CONTROL,67735336.66399999,"[-0.051696, 0.060435, 0.641132, -0.067941, -0.081753, 0.557788]"
CONTROL,67762039.87300006,"[-0.048142, 0.056484, 0.639466, -0.063833, -0.080019, 0.554673]"
CONTROL,67789966.47400004,"[-0.044556, 0.052454, 0.637663, -0.059563, -0.07813, 0.551341]"
CONTROL,67817267.57000001,"[-0.040943, 0.048349, 0.635724, -0.055143, -0.07609, 0.547807]"
CONTROL,67848073.23200016,"[-0.037303, 0.044175, 0.633651, -0.050584, -0.073903, 0.544084]"
CONTROL,67874741.30300006,"[-0.033641, 0.039938, 0.631446, -0.045897, -0.071574, 0.540187]"
CONTROL,67901370.8760001,"[-0.029956, 0.035645, 0.629111, -0.041094, -0.069105, 0.536132]"
CONTROL,67928288.36800005,"[-0.026253, 0.031301, 0.626649, -0.036188, -0.066503, 0.531933]"
CONTROL,67955614.041,"[-0.022534, 0.026912, 0.624062, -0.031189, -0.063773, 0.527609]"
CONTROL,67982266.24000017,"[-0.0188, 0.022486, 0.621353, -0.026112, -0.060919, 0.523176]"
CONTROL,68011505.00400013,"[-0.015054, 0.018027, 0.618523, -0.02097, -0.057947, 0.518652]"
CONTROL,68038131.69700016,"[-0.011299, 0.013543, 0.615577, -0.015774, -0.054863, 0.514054]"
CONTROL,68064809.36900015,"[-0.007537, 0.009039, 0.612517, -0.010538, -0.051673, 0.5094]"
CONTROL,68091687.72299995,"[-0.00377, 0.004523, 0.609345, -0.005276, -0.048383, 0.504709]"
CONTROL,68118333.26500005,"[0.0, 0.0, 0.606066, 0.0, -0.045, 0.5]"
CONTROL,68142884.52200003,"[0.00377, -0.004523, 0.602682, 0.005276, -0.04153, 0.495291]"
CONTROL,68170218.80400011,"[0.007537, -0.009039, 0.599197, 0.010538, -0.037979, 0.4906]"
CONTROL,68196849.84900005,"[0.011299, -0.013543, 0.595614, 0.015774, -0.034354, 0.485946]"
CONTROL,68223514.23999998,"[0.015054, -0.018027, 0.591936, 0.02097, -0.030664, 0.481348]"
CONTROL,68251068.9180001,"[0.0188, -0.022486, 0.588168, 0.026112, -0.026914, 0.476824]"
CONTROL,68277700.92300011,"[0.022534, -0.026912, 0.584313, 0.031189, -0.023112, 0.472391]"
CONTROL,68304420.54900004,"[0.026253, -0.031301, 0.580374, 0.036188, -0.019265, 0.468067]"
CONTROL,68336793.26800007,"[0.029956, -0.035645, 0.576356, 0.041094, -0.015381, 0.463868]"
CONTROL,68366078.05100016,"[0.033641, -0.039938, 0.572263, 0.045897, -0.011467, 0.459813]"
CONTROL,68386169.49300012,"[0.037303, -0.044175, 0.568099, 0.050584, -0.007531, 0.455916]"
CONTROL,68413074.31300016,"[0.040943, -0.048349, 0.563867, 0.055143, -0.00358, 0.452193]"
CONTROL,68439892.69600001,"[0.044556, -0.052454, 0.559572, 0.059563, 0.000377, 0.448659]"
CONTROL,68467350.85600017,"[0.048142, -0.056484, 0.555219, 0.063833, 0.004334, 0.445327]"
CONTROL,68492833.49000007,"[0.051696, -0.060435, 0.550811, 0.067941, 0.008282, 0.442212]"
CONTROL,68519678.27400017,"[0.055219, -0.064299, 0.546353, 0.071877, 0.012214, 0.439324]"
CONTROL,68546511.69800013,"[0.058706, -0.068072, 0.541849, 0.075632, 0.016123, 0.436675]"
CONTROL,68577116.74200004,"[0.062156, -0.071749, 0.537303, 0.079196, 0.020001, 0.434277]"
CONTROL,68604620.12000017,"[0.065567, -0.075323, 0.532721, 0.08256, 0.023839, 0.432138]"
CONTROL,68630034.81400006,"[0.068937, -0.07879, 0.528107, 0.085716, 0.027632, 0.430267]"
CONTROL,68656058.94800001,"[0.072263, -0.082146, 0.523465, 0.088654, 0.031371, 0.428671]"
CONTROL,68682639.36700009,"[0.075543, -0.085384, 0.5188, 0.091369, 0.03505, 0.427356]"
CONTROL,68709551.03500001,"[0.078776, -0.088502, 0.514116, 0.093853, 0.038661, 0.426328]"
CONTROL,68737015.24300009,"[0.081959, -0.091493, 0.509419, 0.0961, 0.042197, 0.425591]"
CONTROL,68764398.84000002,"[0.08509, -0.094355, 0.504712, 0.098105, 0.045651, 0.425148]"
CONTROL,68791056.38200007,"[0.088168, -0.097082, 0.5, 0.099861, 0.049018, 0.425]"
CONTROL,68822804.077,"[0.09119, -0.099672, 0.495288, 0.101365, 0.052289, 0.425148]"
CONTROL,68844607.54400015,"[0.094154, -0.102119, 0.490581, 0.102613, 0.055459, 0.425591]"
CONTROL,68872031.23900008,"[0.097058, -0.104422, 0.485884, 0.103602, 0.058522, 0.426328]"
CONTROL,68898814.48400001,"[0.099902, -0.106576, 0.4812, 0.104329, 0.061472, 0.427356]"
CONTROL,68925735.97600017,"[0.102682, -0.108579, 0.476535, 0.104793, 0.064303, 0.428671]"
CONTROL,68953178.52000016,"[0.105397, -0.110428, 0.471893, 0.104992, 0.067009, 0.430267]"
CONTROL,68980144.43000011,"[0.108046, -0.112119, 0.467279, 0.104925, 0.069586, 0.432138]"
CONTROL,69007034.65700008,"[0.110627, -0.113652, 0.462697, 0.104594, 0.072028, 0.434277]"
CONTROL,69034433.23000011,"[0.113138, -0.115023, 0.458151, 0.103998, 0.074331, 0.436675]"
CONTROL,69061201.11500013,"[0.115577, -0.11623, 0.453647, 0.10314, 0.07649, 0.439324]"
CONTROL,69088004.48900001,"[0.117943, -0.117272, 0.449189, 0.102021, 0.078502, 0.442212]"
CONTROL,69113986.1250001,"[0.120235, -0.118148, 0.444781, 0.100645, 0.080361, 0.445327]"
CONTROL,69135348.32100004,"[0.122451, -0.118855, 0.440428, 0.099014, 0.082065, 0.448659]"
CONTROL,69155433.39500004,"[0.124589, -0.119394, 0.436133, 0.097133, 0.08361, 0.452193]"
CONTROL,69175519.14,"[0.126649, -0.119763, 0.431901, 0.095007, 0.084994, 0.455916]"
CONTROL,69195606.80600011,"[0.128629, -0.119962, 0.427737, 0.092641, 0.086213, 0.459813]"
CONTROL,69215692.68000008,"[0.130528, -0.119991, 0.423644, 0.09004, 0.087265, 0.463868]"
CONTROL,69235773.59399997,"[0.132344, -0.119848, 0.419626, 0.087213, 0.088149, 0.468067]"
CONTROL,69265097.35500008,"[0.134076, -0.119536, 0.415687, 0.084165, 0.088862, 0.472391]"
CONTROL,69292113.57200006,"[0.135724, -0.119054, 0.411832, 0.080904, 0.089404, 0.476824]"
CONTROL,69318874.16100016,"[0.137286, -0.118402, 0.408064, 0.077439, 0.089772, 0.481348]"
CONTROL,69348132.63800015,"[0.138762, -0.117583, 0.404386, 0.073778, 0.089967, 0.485946]"
CONTROL,69375792.025,"[0.140149, -0.116596, 0.400803, 0.069931, 0.089987, 0.4906]"
CONTROL,69402562.02199998,"[0.141449, -0.115443, 0.397318, 0.065908, 0.089834, 0.495291]"
CONTROL,69431314.00900006,"[0.142658, -0.114127, 0.393934, 0.061717, 0.089507, 0.5]"
CONTROL,69457227.96100017,"[0.143778, -0.112648, 0.390655, 0.057371, 0.089007, 0.504709]"
CONTROL,69484785.58300008,"[0.144807, -0.111009, 0.387483, 0.05288, 0.088334, 0.5094]"
CONTROL,69511408.308,"[0.145745, -0.109213, 0.384423, 0.048256, 0.087491, 0.514054]"
CONTROL,69538116.28500012,"[0.14659, -0.107261, 0.381477, 0.043509, 0.086479, 0.518652]"
CONTROL,69562690.29600003,"[0.147343, -0.105157, 0.378647, 0.038653, 0.085299, 0.523176]"
CONTROL,69582778.50600007,"[0.148003, -0.102903, 0.375938, 0.033699, 0.083955, 0.527609]"
CONTROL,69608828.78500001,"[0.148569, -0.100503, 0.373351, 0.02866, 0.082447, 0.531933]"
CONTROL,69636257.376,"[0.149042, -0.097961, 0.370889, 0.023548, 0.080781, 0.536132]"
CONTROL,69664130.56600004,"[0.14942, -0.095279, 0.368554, 0.018377, 0.078958, 0.540187]"
CONTROL,69690523.67900008,"[0.149704, -0.092462, 0.366349, 0.01316, 0.076983, 0.544084]"
CONTROL,69717998.38400011,"[0.149893, -0.089513, 0.364276, 0.007909, 0.074858, 0.547807]"
CONTROL,69741604.34500004,"[0.149988, -0.086437, 0.362337, 0.002639, 0.072589, 0.551341]"
CONTROL,69761696.20300016,"[0.149988, -0.083238, 0.360534, -0.002639, 0.07018, 0.554673]"
CONTROL,69788260.87700008,"[0.149893, -0.079921, 0.358868, -0.007909, 0.067635, 0.557788]"
CONTROL,69815729.43800007,"[0.149704, -0.076491, 0.357342, -0.01316, 0.064958, 0.560676]"
CONTROL,69842222.33200012,"[0.14942, -0.072952, 0.355956, -0.018377, 0.062157, 0.563325]"
CONTROL,69868939.36599995,"[0.149042, -0.069309, 0.354713, -0.023548, 0.059235, 0.565723]"
CONTROL,69895552.07500006,"[0.148569, -0.065567, 0.353612, -0.02866, 0.056198, 0.567862]"
CONTROL,69924221.24200016,"[0.148003, -0.061733, 0.352657, -0.033699, 0.053053, 0.569733]"
CONTROL,69944310.73200008,"[0.147343, -0.05781, 0.351847, -0.038653, 0.049805, 0.571329]"
CONTROL,69970898.06300005,"[0.14659, -0.053806, 0.351183, -0.043509, 0.046461, 0.572644]"
CONTROL,69996795.9820001,"[0.145745, -0.049725, 0.350666, -0.048256, 0.043027, 0.573672]"
CONTROL,70024217.21300016,"[0.144807, -0.045573, 0.350296, -0.05288, 0.03951, 0.574409]"
CONTROL,70051074.0300001,"[0.143778, -0.041357, 0.350074, -0.057371, 0.035916, 0.574852]"
CONTROL,70077715.98800014,"[0.142658, -0.037082, 0.35, -0.061717, 0.032253, 0.575]"
CONTROL,70104945.14400011,"[0.141449, -0.032754, 0.350074, -0.065908, 0.028528, 0.574852]"
CONTROL,70131668.93100014,"[0.140149, -0.02838, 0.350296, -0.069931, 0.024747, 0.574409]"
CONTROL,70160238.54100013,"[0.138762, -0.023965, 0.350666, -0.073778, 0.020918, 0.573672]"
CONTROL,70186886.22700006,"[0.137286, -0.019516, 0.351183, -0.077439, 0.017049, 0.572644]"
CONTROL,70214231.80500005,"[0.135724, -0.01504, 0.351847, -0.080904, 0.013147, 0.571329]"
CONTROL,70240960.93599996,"[0.134076, -0.010542, 0.352657, -0.084165, 0.00922, 0.569733]"
CONTROL,70267744.53300004,"[0.132344, -0.006029, 0.353612, -0.087213, 0.005275, 0.567862]"
CONTROL,70295163.42800002,"[0.130528, -0.001508, 0.354713, -0.09004, 0.001319, 0.565723]"
CONTROL,70320335.87,"[0.128629, 0.003016, 0.355956, -0.092641, -0.002639, 0.563325]"
CONTROL,70340419.66300015,"[0.126649, 0.007535, 0.357342, -0.095007, -0.006591, 0.560676]"
CONTROL,70360508.3540001,"[0.124589, 0.012043, 0.358868, -0.097133, -0.010532, 0.557788]"
CONTROL,70380590.643,"[0.122451, 0.016535, 0.360534, -0.099014, -0.014451, 0.554673]"
CONTROL,70400675.62100011,"[0.120235, 0.021003, 0.362337, -0.100645, -0.018343, 0.551341]"
CONTROL,70420759.89499995,"[0.117943, 0.025441, 0.364276, -0.102021, -0.022199, 0.547807]"
CONTROL,70440842.15299995,"[0.115577, 0.029843, 0.366349, -0.10314, -0.026013, 0.544084]"
CONTROL,70460926.84300016,"[0.113138, 0.034202, 0.368554, -0.103998, -0.029776, 0.540187]"
CONTROL,70488112.66899997,"[0.110627, 0.038513, 0.370889, -0.104594, -0.033481, 0.536132]"
CONTROL,70513176.46500002,"[0.108046, 0.042769, 0.373351, -0.104925, -0.037122, 0.531933]"
CONTROL,70538464.33700006,"[0.105397, 0.046965, 0.375938, -0.104992, -0.040691, 0.527609]"
CONTROL,70565382.43800014,"[0.102682, 0.051094, 0.378647, -0.104793, -0.044181, 0.523176]"
CONTROL,70592868.02400015,"[0.099902, 0.05515, 0.381477, -0.104329, -0.047586, 0.518652]"
CONTROL,70612954.34600015,"[0.097058, 0.059127, 0.384423, -0.103602, -0.050899, 0.514054]"
CONTROL,70633040.76400004,"[0.094154, 0.063021, 0.387483, -0.102613, -0.054113, 0.5094]"
CONTROL,70660414.34399995,"[0.09119, 0.066825, 0.390655, -0.101365, -0.057223, 0.504709]"
CONTROL,70687596.0740001,"[0.088168, 0.070534, 0.393934, -0.099861, -0.060222, 0.5]"
CONTROL,70714408.53700006,"[0.08509, 0.074143, 0.397318, -0.098105, -0.063104, 0.495291]"
CONTROL,70740202.16300005,"[0.081959, 0.077647, 0.400803, -0.0961, -0.065865, 0.4906]"
CONTROL,70766775.63700014,"[0.078776, 0.08104, 0.404386, -0.093853, -0.068498, 0.485946]"
CONTROL,70792787.64300011,"[0.075543, 0.084318, 0.408064, -0.091369, -0.070998, 0.481348]"
CONTROL,70818774.43100007,"[0.072263, 0.087476, 0.411832, -0.088654, -0.073362, 0.476824]"
CONTROL,70845530.79500006,"[0.068937, 0.09051, 0.415687, -0.085716, -0.075583, 0.472391]"
CONTROL,70872977.85100009,"[0.065567, 0.093415, 0.419626, -0.08256, -0.077658, 0.468067]"
CONTROL,70899728.9020001,"[0.062156, 0.096188, 0.423644, -0.079196, -0.079583, 0.463868]"
CONTROL,70925955.57499999,"[0.058706, 0.098824, 0.427737, -0.075632, -0.081354, 0.459813]"
CONTROL,70953234.01400015,"[0.055219, 0.101319, 0.431901, -0.071877, -0.082968, 0.455916]"
CONTROL,70979086.26699996,"[0.051696, 0.103671, 0.436133, -0.067941, -0.084421, 0.452193]"
CONTROL,71006364.93000002,"[0.048142, 0.105875, 0.440428, -0.063833, -0.085711, 0.448659]"
CONTROL,71031625.37699996,"[0.044556, 0.107929, 0.444781, -0.059563, -0.086835, 0.445327]"
CONTROL,71057772.269,"[0.040943, 0.109829, 0.449189, -0.055143, -0.087791, 0.442212]"
CONTROL,71085080.50199999,"[0.037303, 0.111573, 0.453647, -0.050584, -0.088578, 0.439324]"
CONTROL,71111776.99100018,"[0.033641, 0.113159, 0.458151, -0.045897, -0.089193, 0.436675]"
CONTROL,71131861.61600015,"[0.029956, 0.114584, 0.462697, -0.041094, -0.089635, 0.434277]"
CONTROL,71151946.65800004,"[0.026253, 0.115846, 0.467279, -0.036188, -0.089904, 0.432138]"
CONTROL,71177075.7700001,"[0.022534, 0.116943, 0.471893, -0.031189, -0.09, 0.430267]"
CONTROL,71203928.17100014,"[0.0188, 0.117874, 0.476535, -0.026112, -0.089921, 0.428671]"
CONTROL,71231331.51299998,"[0.015054, 0.118638, 0.4812, -0.02097, -0.089668, 0.427356]"
CONTROL,71251418.21900001,"[0.011299, 0.119233, 0.485884, -0.015774, -0.089242, 0.426328]"
CONTROL,71271500.98800007,"[0.007537, 0.119659, 0.490581, -0.010538, -0.088644, 0.425591]"
CONTROL,71297327.57600005,"[0.00377, 0.119915, 0.495288, -0.005276, -0.087873, 0.425148]"
CONTROL,71324879.31000014,"[0.0, 0.12, 0.5, -0.0, -0.086933, 0.425]"
CONTROL,71352147.89199995,"[-0.00377, 0.119915, 0.504712, 0.005276, -0.085825, 0.425148]"
CONTROL,71378706.77399996,"[-0.007537, 0.119659, 0.509419, 0.010538, -0.084551, 0.425591]"
CONTROL,71405473.47500001,"[-0.011299, 0.119233, 0.514116, 0.015774, -0.083113, 0.426328]"
CONTROL,71433034.32900007,"[-0.015054, 0.118638, 0.5188, 0.02097, -0.081515, 0.427356]"
CONTROL,71456671.29900016,"[-0.0188, 0.117874, 0.523465, 0.026112, -0.079758, 0.428671]"
CONTROL,71483996.14100003,"[-0.022534, 0.116943, 0.528107, 0.031189, -0.077848, 0.430267]"
CONTROL,71509229.48200014,"[-0.026253, 0.115846, 0.532721, 0.036188, -0.075787, 0.432138]"
CONTROL,71536071.35400012,"[-0.029956, 0.114584, 0.537303, 0.041094, -0.073579, 0.434277]"
CONTROL,71563372.45100008,"[-0.033641, 0.113159, 0.541849, 0.045897, -0.071229, 0.436675]"
CONTROL,71590149.71200009,"[-0.037303, 0.111573, 0.546353, 0.050584, -0.068742, 0.439324]"
CONTROL,71617082.34100002,"[-0.040943, 0.109829, 0.550811, 0.055143, -0.066121, 0.442212]"
CONTROL,71644707.55000003,"[-0.044556, 0.107929, 0.555219, 0.059563, -0.063372, 0.445327]"
CONTROL,71671495.21200009,"[-0.048142, 0.105875, 0.559572, 0.063833, -0.060501, 0.448659]"
CONTROL,71698278.77700004,"[-0.051696, 0.103671, 0.563867, 0.067941, -0.057513, 0.452193]"
CONTROL,71725033.89300005,"[-0.055219, 0.101319, 0.568099, 0.071877, -0.054414, 0.455916]"
CONTROL,71751834.96399996,"[-0.058706, 0.098824, 0.572263, 0.075632, -0.051209, 0.459813]"
CONTROL,71779395.75400001,"[-0.062156, 0.096188, 0.576356, 0.079196, -0.047906, 0.463868]"
CONTROL,71812210.35199997,"[-0.065567, 0.093415, 0.580374, 0.08256, -0.044509, 0.468067]"
CONTROL,71839210.95300002,"[-0.068937, 0.09051, 0.584313, 0.085716, -0.041027, 0.472391]"
CONTROL,71865421.94499998,"[-0.072263, 0.087476, 0.588168, 0.088654, -0.037465, 0.476824]"
CONTROL,71892862.24800003,"[-0.075543, 0.084318, 0.591936, 0.091369, -0.033831, 0.481348]"
CONTROL,71921004.66800003,"[-0.078776, 0.08104, 0.595614, 0.093853, -0.030131, 0.485946]"
CONTROL,71948556.94600005,"[-0.081959, 0.077647, 0.599197, 0.0961, -0.026374, 0.4906]"
CONTROL,71975492.19899997,"[-0.08509, 0.074143, 0.602682, 0.098105, -0.022565, 0.495291]"
CONTROL,72002858.64300008,"[-0.088168, 0.070534, 0.606066, 0.099861, -0.018712, 0.5]"
CONTROL,72029796.90400003,"[-0.09119, 0.066825, 0.609345, 0.101365, -0.014823, 0.504709]"
CONTROL,72056649.65799996,"[-0.094154, 0.063021, 0.612517, 0.102613, -0.010906, 0.5094]"
CONTROL,72082462.54899995,"[-0.097058, 0.059127, 0.615577, 0.103602, -0.006967, 0.514054]"
CONTROL,72109134.20400016,"[-0.099902, 0.05515, 0.618523, 0.104329, -0.003015, 0.518652]"
CONTROL,72140055.77700004,"[-0.102682, 0.051094, 0.621353, 0.104793, 0.000942, 0.523176]"
CONTROL,72168071.79000011,"[-0.105397, 0.046965, 0.624062, 0.104992, 0.004898, 0.527609]"
CONTROL,72195550.4,"[-0.108046, 0.042769, 0.626649, 0.104925, 0.008845, 0.531933]"
CONTROL,72221609.704,"[-0.110627, 0.038513, 0.629111, 0.104594, 0.012774, 0.536132]"
CONTROL,72248250.25400014,"[-0.113138, 0.034202, 0.631446, 0.103998, 0.016679, 0.540187]"
CONTROL,72275747.00800005,"[-0.115577, 0.029843, 0.633651, 0.10314, 0.020552, 0.544084]"
CONTROL,72299823.3610001,"[-0.117943, 0.025441, 0.635724, 0.102021, 0.024384, 0.547807]"
CONTROL,72326373.5390001,"[-0.120235, 0.021003, 0.637663, 0.100645, 0.02817, 0.551341]"
CONTROL,72353120.30299997,"[-0.122451, 0.016535, 0.639466, 0.099014, 0.031901, 0.554673]"
CONTROL,72380036.38700002,"[-0.124589, 0.012043, 0.641132, 0.097133, 0.03557, 0.557788]"
CONTROL,72406573.44400007,"[-0.126649, 0.007535, 0.642658, 0.095007, 0.039171, 0.560676]"
CONTROL,72433059.84200014,"[-0.128629, 0.003016, 0.644044, 0.092641, 0.042696, 0.563325]"
CONTROL,72462366.03500006,"[-0.130528, -0.001508, 0.645287, 0.09004, 0.046138, 0.565723]"
CONTROL,72489632.24900012,"[-0.132344, -0.006029, 0.646388, 0.087213, 0.049491, 0.567862]"
CONTROL,72516189.97900005,"[-0.134076, -0.010542, 0.647343, 0.084165, 0.052748, 0.569733]"
CONTROL,72542780.15900013,"[-0.135724, -0.01504, 0.648153, 0.080904, 0.055903, 0.571329]"
CONTROL,72568852.03900015,"[-0.137286, -0.019516, 0.648817, 0.077439, 0.05895, 0.572644]"
CONTROL,72596068.39499998,"[-0.138762, -0.023965, 0.649334, 0.073778, 0.061884, 0.573672]"
CONTROL,72622503.33500014,"[-0.140149, -0.02838, 0.649704, 0.069931, 0.064697, 0.574409]"
CONTROL,72649091.30599995,"[-0.141449, -0.032754, 0.649926, 0.065908, 0.067385, 0.574852]"
CONTROL,72677056.34100002,"[-0.142658, -0.037082, 0.65, 0.061717, 0.069943, 0.575]"
CONTROL,72703679.86700012,"[-0.143778, -0.041357, 0.649926, 0.057371, 0.072366, 0.574852]"
CONTROL,72729706.78499997,"[-0.144807, -0.045573, 0.649704, 0.05288, 0.074648, 0.574409]"
CONTROL,72756923.23700014,"[-0.145745, -0.049725, 0.649334, 0.048256, 0.076787, 0.573672]"
CONTROL,72783458.0220001,"[-0.14659, -0.053806, 0.648817, 0.043509, 0.078777, 0.572644]"
CONTROL,72803542.36000016,"[-0.147343, -0.05781, 0.648153, 0.038653, 0.080614, 0.571329]"
CONTROL,72827822.78700006,"[-0.148003, -0.061733, 0.647343, 0.033699, 0.082296, 0.569733]"
CONTROL,72855094.12200008,"[-0.148569, -0.065567, 0.646388, 0.02866, 0.083818, 0.567862]"
CONTROL,72881555.17500013,"[-0.149042, -0.069309, 0.645287, 0.023548, 0.085178, 0.565723]"
CONTROL,72908217.80600004,"[-0.14942, -0.072952, 0.644044, 0.018377, 0.086374, 0.563325]"
CONTROL,72935617.18,"[-0.149704, -0.076491, 0.642658, 0.01316, 0.087402, 0.560676]"
CONTROL,72962245.53800017,"[-0.149893, -0.079921, 0.641132, 0.007909, 0.088261, 0.557788]"
CONTROL,72988932.26600012,"[-0.149988, -0.083238, 0.639466, 0.002639, 0.08895, 0.554673]"
CONTROL,73015522.31799997,"[-0.149988, -0.086437, 0.637663, -0.002639, 0.089467, 0.551341]"
CONTROL,73042234.87200011,"[-0.149893, -0.089513, 0.635724, -0.007909, 0.08981, 0.547807]"
CONTROL,73068909.85600013,"[-0.149704, -0.092462, 0.633651, -0.01316, 0.08998, 0.544084]"
CONTROL,73095459.07300003,"[-0.14942, -0.095279, 0.631446, -0.018377, 0.089976, 0.540187]"
CONTROL,73122169.00299995,"[-0.149042, -0.097961, 0.629111, -0.023548, 0.089798, 0.536132]"
CONTROL,73149005.17900014,"[-0.148569, -0.100503, 0.626649, -0.02866, 0.089446, 0.531933]"
CONTROL,73176134.42700008,"[-0.148003, -0.102903, 0.624062, -0.033699, 0.088921, 0.527609]"
CONTROL,73200523.66000004,"[-0.147343, -0.105157, 0.621353, -0.038653, 0.088224, 0.523176]"
CONTROL,73220609.11800009,"[-0.14659, -0.107261, 0.618523, -0.043509, 0.087357, 0.518652]"
CONTROL,73247004.69599998,"[-0.145745, -0.109213, 0.615577, -0.048256, 0.08632, 0.514054]"
CONTROL,73273568.79400009,"[-0.144807, -0.111009, 0.612517, -0.05288, 0.085117, 0.5094]"
CONTROL,73293975.86899996,"[-0.143778, -0.112648, 0.609345, -0.057371, 0.083749, 0.504709]"
CONTROL,73314059.9830001,"[-0.142658, -0.114127, 0.606066, -0.061717, 0.082219, 0.5]"
CONTROL,73341047.591,"[-0.141449, -0.115443, 0.602682, -0.065908, 0.08053, 0.495291]"
CONTROL,73367754.57700014,"[-0.140149, -0.116596, 0.599197, -0.069931, 0.078685, 0.4906]"
CONTROL,73395281.50900014,"[-0.138762, -0.117583, 0.595614, -0.073778, 0.076688, 0.485946]"
CONTROL,73421294.6990001,"[-0.137286, -0.118402, 0.591936, -0.077439, 0.074543, 0.481348]"
CONTROL,73448054.48700003,"[-0.135724, -0.119054, 0.588168, -0.080904, 0.072254, 0.476824]"
CONTROL,73475368.83199996,"[-0.134076, -0.119536, 0.584313, -0.084165, 0.069824, 0.472391]"
CONTROL,73502231.79399996,"[-0.132344, -0.119848, 0.580374, -0.087213, 0.06726, 0.468067]"
CONTROL,73528862.58400008,"[-0.130528, -0.119991, 0.576356, -0.09004, 0.064566, 0.463868]"
CONTROL,73555694.34400013,"[-0.128629, -0.119962, 0.572263, -0.092641, 0.061747, 0.459813]"
CONTROL,73581783.69799998,"[-0.126649, -0.119763, 0.568099, -0.095007, 0.058808, 0.455916]"
CONTROL,73609193.95200017,"[-0.124589, -0.119394, 0.563867, -0.097133, 0.055755, 0.452193]"
CONTROL,73635185.38100016,"[-0.122451, -0.118855, 0.559572, -0.099014, 0.052595, 0.448659]"
CONTROL,73662105.08100016,"[-0.120235, -0.118148, 0.555219, -0.100645, 0.049333, 0.445327]"
CONTROL,73688884.74300002,"[-0.117943, -0.117272, 0.550811, -0.102021, 0.045976, 0.442212]"
CONTROL,73709732.64100008,"[-0.115577, -0.11623, 0.546353, -0.10314, 0.04253, 0.439324]"
CONTROL,73729823.05899996,"[-0.113138, -0.115023, 0.541849, -0.103998, 0.039001, 0.436675]"
CONTROL,73760129.04699996,"[-0.110627, -0.113652, 0.537303, -0.104594, 0.035397, 0.434277]"
CONTROL,73786813.18400005,"[-0.108046, -0.112119, 0.532721, -0.104925, 0.031725, 0.432138]"
CONTROL,73813394.46700008,"[-0.105397, -0.110428, 0.528107, -0.104992, 0.027991, 0.430267]"
CONTROL,73840791.889,"[-0.102682, -0.108579, 0.523465, -0.104793, 0.024203, 0.428671]"
CONTROL,73866659.53500006,"[-0.099902, -0.106576, 0.5188, -0.104329, 0.020368, 0.427356]"
CONTROL,73893430.46,"[-0.097058, -0.104422, 0.514116, -0.103602, 0.016494, 0.426328]"
CONTROL,73920910.51000011,"[-0.094154, -0.102119, 0.509419, -0.102613, 0.012588, 0.425591]"
CONTROL,73947736.83000016,"[-0.09119, -0.099672, 0.504712, -0.101365, 0.008657, 0.425148]"
CONTROL,73974380.45200011,"[-0.088168, -0.097082, 0.5, -0.099861, 0.00471, 0.425]"
CONTROL,74001794.194,"[-0.08509, -0.094355, 0.495288, -0.098105, 0.000754, 0.425148]"
CONTROL,74028622.14600009,"[-0.081959, -0.091493, 0.490581, -0.0961, -0.003204, 0.425591]"
CONTROL,74055401.99999996,"[-0.078776, -0.088502, 0.485884, -0.093853, -0.007155, 0.426328]"
CONTROL,74082921.76400004,"[-0.075543, -0.085384, 0.4812, -0.091369, -0.011093, 0.427356]"
CONTROL,74108790.59400009,"[-0.072263, -0.082146, 0.476535, -0.088654, -0.015009, 0.428671]"
CONTROL,74135507.46800001,"[-0.068937, -0.07879, 0.471893, -0.085716, -0.018896, 0.430267]"
CONTROL,74162958.78100005,"[-0.065567, -0.075323, 0.467279, -0.08256, -0.022747, 0.432138]"
CONTROL,74183041.26299995,"[-0.062156, -0.071749, 0.462697, -0.079196, -0.026554, 0.434277]"
CONTROL,74203122.04800007,"[-0.058706, -0.068072, 0.458151, -0.075632, -0.030309, 0.436675]"
CONTROL,74229717.63600004,"[-0.055219, -0.064299, 0.453647, -0.071877, -0.034006, 0.439324]"
CONTROL,74256510.06700014,"[-0.051696, -0.060435, 0.449189, -0.067941, -0.037637, 0.442212]"
CONTROL,74283194.81100015,"[-0.048142, -0.056484, 0.444781, -0.063833, -0.041195, 0.445327]"
CONTROL,74309807.29600014,"[-0.044556, -0.052454, 0.440428, -0.059563, -0.044673, 0.448659]"
CONTROL,74332022.305,"[-0.040943, -0.048349, 0.436133, -0.055143, -0.048065, 0.452193]"
CONTROL,74352108.56300001,"[-0.037303, -0.044175, 0.431901, -0.050584, -0.051364, 0.455916]"
CONTROL,74372190.82100001,"[-0.033641, -0.039938, 0.427737, -0.045897, -0.054564, 0.459813]"
CONTROL,74400573.35000005,"[-0.029956, -0.035645, 0.423644, -0.041094, -0.057658, 0.463868]"
CONTROL,74420659.00000012,"[-0.026253, -0.031301, 0.419626, -0.036188, -0.060641, 0.468067]"
CONTROL,74440741.93000005,"[-0.022534, -0.026912, 0.415687, -0.031189, -0.063506, 0.472391]"
CONTROL,74460825.69200008,"[-0.0188, -0.022486, 0.411832, -0.026112, -0.066249, 0.476824]"
CONTROL,74480912.71900012,"[-0.015054, -0.018027, 0.408064, -0.02097, -0.068863, 0.481348]"
CONTROL,74500998.52900007,"[-0.011299, -0.013543, 0.404386, -0.015774, -0.071344, 0.485946]"
CONTROL,74525546.36300011,"[-0.007537, -0.009039, 0.400803, -0.010538, -0.073688, 0.4906]"
CONTROL,74545630.25300013,"[-0.00377, -0.004523, 0.397318, -0.005276, -0.075888, 0.495291]"
CONTROL,74572889.84299998,"[-0.0, 0.0, 0.393934, -0.0, -0.077942, 0.5]"
CONTROL,74599699.36200014,"[0.00377, 0.004523, 0.390655, 0.005276, -0.079845, 0.504709]"
CONTROL,74623078.52699997,"[0.007537, 0.009039, 0.387483, 0.010538, -0.081594, 0.5094]"
CONTROL,74643161.42500001,"[0.011299, 0.013543, 0.384423, 0.015774, -0.083185, 0.514054]"
CONTROL,74668175.04300001,"[0.015054, 0.018027, 0.381477, 0.02097, -0.084615, 0.518652]"
CONTROL,74694982.32199998,"[0.0188, 0.022486, 0.378647, 0.026112, -0.085882, 0.523176]"
CONTROL,74723032.86600004,"[0.022534, 0.026912, 0.375938, 0.031189, -0.086982, 0.527609]"
CONTROL,74749548.22600012,"[0.026253, 0.031301, 0.373351, 0.036188, -0.087914, 0.531933]"
CONTROL,74776843.33800016,"[0.029956, 0.035645, 0.370889, 0.041094, -0.088676, 0.536132]"
CONTROL,74802629.73200001,"[0.033641, 0.039938, 0.368554, 0.045897, -0.089267, 0.540187]"
CONTROL,74829375.40800004,"[0.037303, 0.044175, 0.366349, 0.050584, -0.089684, 0.544084]"
CONTROL,74856715.96300016,"[0.040943, 0.048349, 0.364276, 0.055143, -0.089929, 0.547807]"
CONTROL,74883265.01999995,"[0.044556, 0.052454, 0.362337, 0.059563, -0.089999, 0.551341]"
CONTROL,74909887.32999995,"[0.048142, 0.056484, 0.360534, 0.063833, -0.089896, 0.554673]"
CONTROL,74937108.90200008,"[0.051696, 0.060435, 0.358868, 0.067941, -0.089618, 0.557788]"
CONTROL,74963653.03100015,"[0.055219, 0.064299, 0.357342, 0.071877, -0.089167, 0.560676]"
CONTROL,74990252.20400017,"[0.058706, 0.068072, 0.355956, 0.075632, -0.088544, 0.563325]"
CONTROL,75017569.71700001,"[0.062156, 0.071749, 0.354713, 0.079196, -0.08775, 0.565723]"
CONTROL,75041069.65599999,"[0.065567, 0.075323, 0.353612, 0.08256, -0.086785, 0.567862]"
CONTROL,75061158.923,"[0.068937, 0.07879, 0.352657, 0.085716, -0.085653, 0.569733]"
CONTROL,75090558.30400006,"[0.072263, 0.082146, 0.351847, 0.088654, -0.084355, 0.571329]"
CONTROL,75110641.65000015,"[0.075543, 0.085384, 0.351183, 0.091369, -0.082894, 0.572644]"
CONTROL,75130724.48499997,"[0.078776, 0.088502, 0.350666, 0.093853, -0.081273, 0.573672]"
CONTROL,75150804.69400005,"[0.081959, 0.091493, 0.350296, 0.0961, -0.079495, 0.574409]"
CONTROL,75170885.06400001,"[0.08509, 0.094355, 0.350074, 0.098105, -0.077563, 0.574852]"
CONTROL,75190966.13800003,"[0.088168, 0.097082, 0.35, 0.099861, -0.07548, 0.575]"
CONTROL,75211047.14800003,"[0.09119, 0.099672, 0.350074, 0.101365, -0.073252, 0.574852]"
CONTROL,75231127.38999999,"[0.094154, 0.102119, 0.350296, 0.102613, -0.070882, 0.574409]"
CONTROL,75251208.1120001,"[0.097058, 0.104422, 0.350666, 0.103602, -0.068375, 0.573672]"
CONTROL,75271287.93800011,"[0.099902, 0.106576, 0.351183, 0.104329, -0.065736, 0.572644]"
CONTROL,75291370.70800015,"[0.102682, 0.108579, 0.351847, 0.104793, -0.06297, 0.571329]"
CONTROL,75311449.38200009,"[0.105397, 0.110428, 0.352657, 0.104992, -0.060082, 0.569733]"
CONTROL,75331531.47999996,"[0.108046, 0.112119, 0.353612, 0.104925, -0.057077, 0.567862]"
CONTROL,75351611.40200011,"[0.110627, 0.113652, 0.354713, 0.104594, -0.053962, 0.565723]"
CONTROL,75371690.94000001,"[0.113138, 0.115023, 0.355956, 0.103998, -0.050743, 0.563325]"
CONTROL,75391771.34200008,"[0.115577, 0.11623, 0.357342, 0.10314, -0.047426, 0.560676]"
CONTROL,75411850.84800008,"[0.117943, 0.117272, 0.358868, 0.102021, -0.044017, 0.557788]"
CONTROL,75431928.30600014,"[0.120235, 0.118148, 0.360534, 0.100645, -0.040523, 0.554673]"
CONTROL,75452006.46800004,"[0.122451, 0.118855, 0.362337, 0.099014, -0.03695, 0.551341]"
CONTROL,75472086.70999998,"[0.124589, 0.119394, 0.364276, 0.097133, -0.033306, 0.547807]"
CONTROL,75492165.25600013,"[0.126649, 0.119763, 0.366349, 0.095007, -0.029598, 0.544084]"
CONTROL,75512248.34599999,"[0.128629, 0.119962, 0.368554, 0.092641, -0.025832, 0.540187]"
CONTROL,75532330.57200009,"[0.130528, 0.119991, 0.370889, 0.09004, -0.022017, 0.536132]"
CONTROL,75552409.88600008,"[0.132344, 0.119848, 0.373351, 0.087213, -0.018159, 0.531933]"
CONTROL,75572492.62400001,"[0.134076, 0.119536, 0.375938, 0.084165, -0.014265, 0.527609]"
CONTROL,75592571.26600005,"[0.135724, 0.119054, 0.378647, 0.080904, -0.010344, 0.523176]"
CONTROL,75612651.79600014,"[0.137286, 0.118402, 0.381477, 0.077439, -0.006403, 0.518652]"
CONTROL,75632733.09400006,"[0.138762, 0.117583, 0.384423, 0.073778, -0.00245, 0.514054]"
CONTROL,75652812.82399997,"[0.140149, 0.116596, 0.387483, 0.069931, 0.001508, 0.5094]"
CONTROL,75672894.73000005,"[0.141449, 0.115443, 0.390655, 0.065908, 0.005463, 0.504709]"
CONTROL,75692975.00400011,"[0.142658, 0.114127, 0.393934, 0.061717, 0.009408, 0.5]"
CONTROL,75713130.19400008,"[0.143778, 0.112648, 0.397318, 0.057371, 0.013334, 0.495291]"
CONTROL,75733211.23599999,"[0.144807, 0.111009, 0.400803, 0.05288, 0.017234, 0.4906]"
CONTROL,75753300.95100003,"[0.145745, 0.109213, 0.404386, 0.048256, 0.021102, 0.485946]"
CONTROL,75773385.16100007,"[0.14659, 0.107261, 0.408064, 0.043509, 0.024928, 0.481348]"
CONTROL,75793466.04300009,"[0.147343, 0.105157, 0.411832, 0.038653, 0.028706, 0.476824]"
CONTROL,75813546.15700002,"[0.148003, 0.102903, 0.415687, 0.033699, 0.032429, 0.472391]"
CONTROL,75833626.33499996,"[0.148569, 0.100503, 0.419626, 0.02866, 0.036089, 0.468067]"
CONTROL,75853705.93700008,"[0.149042, 0.097961, 0.423644, 0.023548, 0.039679, 0.463868]"
CONTROL,75873786.9470001,"[0.14942, 0.095279, 0.427737, 0.018377, 0.043193, 0.459813]"
CONTROL,75893867.31700006,"[0.149704, 0.092462, 0.431901, 0.01316, 0.046622, 0.455916]"
CONTROL,75913947.20700009,"[0.149893, 0.089513, 0.436133, 0.007909, 0.049962, 0.452193]"
CONTROL,75934027.44900005,"[0.149988, 0.086437, 0.440428, 0.002639, 0.053205, 0.448659]"
CONTROL,75954107.85100012,"[0.149988, 0.083238, 0.444781, -0.002639, 0.056345, 0.445327]"
CONTROL,75974187.99700017,"[0.149893, 0.079921, 0.449189, -0.007909, 0.059377, 0.442212]"
CONTROL,75994268.1110001,"[0.149704, 0.076491, 0.453647, -0.01316, 0.062293, 0.439324]"
CONTROL,76014347.5530001,"[0.14942, 0.072952, 0.458151, -0.018377, 0.065089, 0.436675]"
CONTROL,76034429.04300004,"[0.149042, 0.069309, 0.462697, -0.023548, 0.067759, 0.434277]"
CONTROL,76054509.1890001,"[0.148569, 0.065567, 0.467279, -0.02866, 0.070298, 0.432138]"
CONTROL,76074588.18300006,"[0.148003, 0.061733, 0.471893, -0.033699, 0.072701, 0.430267]"
CONTROL,76094667.84899996,"[0.147343, 0.05781, 0.476535, -0.038653, 0.074963, 0.428671]"
CONTROL,76114746.58700013,"[0.14659, 0.053806, 0.4812, -0.043509, 0.07708, 0.427356]"
CONTROL,76134826.28500015,"[0.145745, 0.049725, 0.485884, -0.048256, 0.079049, 0.426328]"
CONTROL,76154905.98300016,"[0.144807, 0.045573, 0.490581, -0.05288, 0.080864, 0.425591]"
CONTROL,76174984.49699996,"[0.143778, 0.041357, 0.495288, -0.057371, 0.082523, 0.425148]"
CONTROL,76195063.77900006,"[0.142658, 0.037082, 0.5, -0.061717, 0.084022, 0.425]"
CONTROL,76215143.6050001,"[0.141449, 0.032754, 0.504712, -0.065908, 0.085359, 0.425148]"
CONTROL,76235222.75899996,"[0.140149, 0.02838, 0.509419, -0.069931, 0.086531, 0.425591]"
CONTROL,76255302.04100005,"[0.138762, 0.023965, 0.514116, -0.073778, 0.087535, 0.426328]"
CONTROL,76275380.68300009,"[0.137286, 0.019516, 0.5188, -0.077439, 0.08837, 0.427356]"
CONTROL,76295461.5650001,"[0.135724, 0.01504, 0.523465, -0.080904, 0.089035, 0.428671]"
CONTROL,76315542.03099994,"[0.134076, 0.010542, 0.528107, -0.084165, 0.089526, 0.430267]"
CONTROL,76335622.24100001,"[0.132344, 0.006029, 0.532721, -0.087213, 0.089845, 0.432138]"
CONTROL,76355702.09900016,"[0.130528, 0.001508, 0.537303, -0.09004, 0.08999, 0.434277]"
CONTROL,76375781.15700012,"[0.128629, -0.003016, 0.541849, -0.092641, 0.089961, 0.436675]"
CONTROL,76395860.05499996,"[0.126649, -0.007535, 0.546353, -0.095007, 0.089758, 0.439324]"
CONTROL,76415937.73700015,"[0.124589, -0.012043, 0.550811, -0.097133, 0.089382, 0.442212]"
CONTROL,76441647.9030001,"[0.122451, -0.016535, 0.555219, -0.099014, 0.088832, 0.445327]"
CONTROL,76473351.66000016,"[0.120235, -0.021003, 0.559572, -0.100645, 0.088111, 0.448659]"
CONTROL,76493434.52700008,"[0.117943, -0.025441, 0.563867, -0.102021, 0.087219, 0.452193]"
CONTROL,76513522.03300007,"[0.115577, -0.029843, 0.568099, -0.10314, 0.086159, 0.455916]"
CONTROL,76540172.79200003,"[0.113138, -0.034202, 0.572263, -0.103998, 0.084932, 0.459813]"
CONTROL,76566179.55000001,"[0.110627, -0.038513, 0.576356, -0.104594, 0.08354, 0.463868]"
CONTROL,76592845.73400009,"[0.108046, -0.042769, 0.580374, -0.104925, 0.081987, 0.468067]"
CONTROL,76612930.23200005,"[0.105397, -0.046965, 0.584313, -0.104992, 0.080276, 0.472391]"
CONTROL,76633016.04200001,"[0.102682, -0.051094, 0.588168, -0.104793, 0.078409, 0.476824]"
CONTROL,76653098.07600011,"[0.099902, -0.05515, 0.591936, -0.104329, 0.076391, 0.481348]"
CONTROL,76673182.47900017,"[0.097058, -0.059127, 0.595614, -0.103602, 0.074225, 0.485946]"
CONTROL,76693263.48899995,"[0.094154, -0.063021, 0.599197, -0.102613, 0.071915, 0.4906]"
CONTROL,76713352.14700003,"[0.09119, -0.066825, 0.602682, -0.101365, 0.069466, 0.495291]"
CONTROL,76733440.26200016,"[0.088168, -0.070534, 0.606066, -0.099861, 0.066883, 0.5]"
CONTROL,76760347.80200008,"[0.08509, -0.074143, 0.609345, -0.098105, 0.064171, 0.504709]"
CONTROL,76788922.75700013,"[0.081959, -0.077647, 0.612517, -0.0961, 0.061334, 0.5094]"
CONTROL,76815561.86700004,"[0.078776, -0.08104, 0.615577, -0.093853, 0.058379, 0.514054]"
CONTROL,76842941.75200011,"[0.075543, -0.084318, 0.618523, -0.091369, 0.05531, 0.518652]"
CONTROL,76869500.05900007,"[0.072263, -0.087476, 0.621353, -0.088654, 0.052135, 0.523176]"
CONTROL,76896096.76700002,"[0.068937, -0.09051, 0.624062, -0.085716, 0.048859, 0.527609]"
CONTROL,76922697.47499995,"[0.065567, -0.093415, 0.626649, -0.08256, 0.045489, 0.531933]"
CONTROL,76949332.55299997,"[0.062156, -0.096188, 0.629111, -0.079196, 0.04203, 0.536132]"
CONTROL,76976202.23600006,"[0.058706, -0.098824, 0.631446, -0.075632, 0.038491, 0.540187]"
CONTROL,77002664.82500002,"[0.055219, -0.101319, 0.633651, -0.071877, 0.034876, 0.544084]"
CONTROL,77029270.17399998,"[0.051696, -0.103671, 0.635724, -0.067941, 0.031195, 0.547807]"
CONTROL,77056557.57399996,"[0.048142, -0.105875, 0.637663, -0.063833, 0.027453, 0.551341]"
CONTROL,77082356.12900011,"[0.044556, -0.107929, 0.639466, -0.059563, 0.023658, 0.554673]"
CONTROL,77108433.93000005,"[0.040943, -0.109829, 0.641132, -0.055143, 0.019817, 0.557788]"
CONTROL,77135740.78700003,"[0.037303, -0.111573, 0.642658, -0.050584, 0.015938, 0.560676]"
CONTROL,77162471.42199995,"[0.033641, -0.113159, 0.644044, -0.045897, 0.012028, 0.563325]"
CONTROL,77189200.36100008,"[0.029956, -0.114584, 0.645287, -0.041094, 0.008094, 0.565723]"
CONTROL,77216467.21599996,"[0.026253, -0.115846, 0.646388, -0.036188, 0.004145, 0.567862]"
CONTROL,77243219.74100007,"[0.022534, -0.116943, 0.647343, -0.031189, 0.000188, 0.569733]"
CONTROL,77269903.11000009,"[0.0188, -0.117874, 0.648153, -0.026112, -0.003769, 0.571329]"
CONTROL,77297263.12100002,"[0.015054, -0.118638, 0.648817, -0.02097, -0.007719, 0.572644]"
CONTROL,77324052.03200005,"[0.011299, -0.119233, 0.649334, -0.015774, -0.011654, 0.573672]"
CONTROL,77350801.70800006,"[0.007537, -0.119659, 0.649704, -0.010538, -0.015566, 0.574409]"
CONTROL,77378061.13900001,"[0.00377, -0.119915, 0.649926, -0.005276, -0.019449, 0.574852]"
CONTROL,77404877.34600015,"[-0.0, -0.12, 0.65, 0.0, -0.023294, 0.575]"
CONTROL,77431678.44899994,"[-0.00377, -0.119915, 0.649926, 0.005276, -0.027093, 0.574852]"
CONTROL,77451762.46799996,"[-0.007537, -0.119659, 0.649704, 0.010538, -0.030841, 0.574409]"
CONTROL,77471838.96599995,"[-0.011299, -0.119233, 0.649334, 0.015774, -0.034529, 0.573672]"
CONTROL,77491919.08000012,"[-0.015054, -0.118638, 0.648817, 0.02097, -0.038149, 0.572644]"
CONTROL,77511997.85000017,"[-0.0188, -0.117874, 0.648153, 0.026112, -0.041697, 0.571329]"
CONTROL,77532073.61199997,"[-0.022534, -0.116943, 0.647343, 0.031189, -0.045163, 0.569733]"
CONTROL,77552152.28600013,"[-0.026253, -0.115846, 0.646388, 0.036188, -0.048542, 0.567862]"
CONTROL,77572229.99999999,"[-0.029956, -0.114584, 0.645287, 0.041094, -0.051828, 0.565723]"
CONTROL,77592307.23400015,"[-0.033641, -0.113159, 0.644044, 0.045897, -0.055013, 0.563325]"
CONTROL,77612385.68399994,"[-0.037303, -0.111573, 0.642658, 0.050584, -0.058091, 0.560676]"
CONTROL,77632464.55000012,"[-0.040943, -0.109829, 0.641132, 0.055143, -0.061057, 0.557788]"
CONTROL,77652542.48800011,"[-0.044556, -0.107929, 0.639466, 0.059563, -0.063906, 0.554673]"
CONTROL,77672620.77800001,"[-0.048142, -0.105875, 0.637663, 0.063833, -0.06663, 0.551341]"
CONTROL,77692710.84399998,"[-0.051696, -0.103671, 0.635724, 0.067941, -0.069226, 0.547807]"
CONTROL,77712787.6940001,"[-0.055219, -0.101319, 0.633651, 0.071877, -0.071688, 0.544084]"
CONTROL,77732863.96799995,"[-0.058706, -0.098824, 0.631446, 0.075632, -0.074011, 0.540187]"
CONTROL,77752938.67400001,"[-0.062156, -0.096188, 0.629111, 0.079196, -0.076191, 0.536132]"
CONTROL,77773012.74000001,"[-0.065567, -0.093415, 0.626649, 0.08256, -0.078223, 0.531933]"
CONTROL,77793107.47900012,"[-0.068937, -0.09051, 0.624062, 0.085716, -0.080105, 0.527609]"
CONTROL,77813188.68100016,"[-0.072263, -0.087476, 0.621353, 0.088654, -0.081831, 0.523176]"
CONTROL,77833265.69099995,"[-0.075543, -0.084318, 0.618523, 0.091369, -0.083399, 0.518652]"
CONTROL,77853341.61300011,"[-0.078776, -0.08104, 0.615577, 0.093853, -0.084806, 0.514054]"
CONTROL,77873415.647,"[-0.081959, -0.077647, 0.612517, 0.0961, -0.086049, 0.5094]"
CONTROL,77893490.38499995,"[-0.08509, -0.074143, 0.609345, 0.098105, -0.087125, 0.504709]"
CONTROL,77913567.10600007,"[-0.088168, -0.070534, 0.606066, 0.099861, -0.088033, 0.5]"
CONTROL,77933724.28099997,"[-0.09119, -0.066825, 0.602682, 0.101365, -0.088771, 0.495291]"
CONTROL,77953800.81100006,"[-0.094154, -0.063021, 0.599197, 0.102613, -0.089337, 0.4906]"
CONTROL,77973875.80400005,"[-0.097058, -0.059127, 0.595614, 0.103602, -0.08973, 0.485946]"
CONTROL,77993950.06200007,"[-0.099902, -0.05515, 0.591936, 0.104329, -0.089949, 0.481348]"
CONTROL,78014024.00000006,"[-0.102682, -0.051094, 0.588168, 0.104793, -0.089995, 0.476824]"
CONTROL,78034099.21800016,"[-0.105397, -0.046965, 0.584313, 0.104992, -0.089867, 0.472391]"
CONTROL,78054173.22000016,"[-0.108046, -0.042769, 0.580374, 0.104925, -0.089564, 0.468067]"
CONTROL,78074249.1420001,"[-0.110627, -0.038513, 0.576356, 0.104594, -0.089089, 0.463868]"
CONTROL,78094324.16699997,"[-0.113138, -0.034202, 0.572263, 0.103998, -0.088441, 0.459813]"
CONTROL,78114398.3290001,"[-0.115577, -0.029843, 0.568099, 0.10314, -0.087622, 0.455916]"
CONTROL,78134475.69100003,"[-0.117943, -0.025441, 0.563867, 0.102021, -0.086634, 0.452193]"
CONTROL,78154549.91700017,"[-0.120235, -0.021003, 0.559572, 0.100645, -0.085478, 0.448659]"
CONTROL,78174624.5270001,"[-0.122451, -0.016535, 0.555219, 0.099014, -0.084157, 0.445327]"
CONTROL,78194713.7290001,"[-0.124589, -0.012043, 0.550811, 0.097133, -0.082673, 0.442212]"
CONTROL,78214788.21100004,"[-0.126649, -0.007535, 0.546353, 0.095007, -0.081029, 0.439324]"
CONTROL,78234863.71700005,"[-0.128629, -0.003016, 0.541849, 0.092641, -0.079228, 0.436675]"
CONTROL,78254939.22300006,"[-0.130528, 0.001508, 0.537303, 0.09004, -0.077274, 0.434277]"
CONTROL,78275013.48100008,"[-0.132344, 0.006029, 0.532721, 0.087213, -0.075171, 0.432138]"
CONTROL,78295087.73900011,"[-0.134076, 0.010542, 0.528107, 0.084165, -0.072922, 0.430267]"
CONTROL,78315161.10100006,"[-0.135724, 0.01504, 0.523465, 0.080904, -0.070532, 0.428671]"
CONTROL,78335237.24700013,"[-0.137286, 0.019516, 0.5188, 0.077439, -0.068006, 0.427356]"
CONTROL,78355312.11300008,"[-0.138762, 0.023965, 0.514116, 0.073778, -0.065349, 0.426328]"
CONTROL,78375386.08199997,"[-0.140149, 0.02838, 0.509419, 0.069931, -0.062564, 0.425591]"
CONTROL,78395460.62800014,"[-0.141449, 0.032754, 0.504712, 0.065908, -0.059659, 0.425148]"
CONTROL,78415535.01400018,"[-0.142658, 0.037082, 0.5, 0.061717, -0.056639, 0.425]"
CONTROL,78435609.94400014,"[-0.143778, 0.041357, 0.495288, 0.057371, -0.053509, 0.425148]"
CONTROL,78455664.96900006,"[-0.144807, 0.045573, 0.490581, 0.05288, -0.050275, 0.425591]"
CONTROL,78475739.45099998,"[-0.145745, 0.049725, 0.485884, 0.048256, -0.046944, 0.426328]"
CONTROL,78495813.19699997,"[-0.14659, 0.053806, 0.4812, 0.043509, -0.043523, 0.427356]"
CONTROL,78515886.1100001,"[-0.147343, 0.05781, 0.476535, 0.038653, -0.040017, 0.428671]"
CONTROL,78535958.22400007,"[-0.148003, 0.061733, 0.471893, 0.033699, -0.036434, 0.430267]"
CONTROL,78556030.43400015,"[-0.148569, 0.065567, 0.467279, 0.02866, -0.03278, 0.432138]"
CONTROL,78576116.75700013,"[-0.149042, 0.069309, 0.462697, 0.023548, -0.029063, 0.434277]"
CONTROL,78596191.36600009,"[-0.14942, 0.072952, 0.458151, 0.018377, -0.02529, 0.436675]"
CONTROL,78616267.57600015,"[-0.149704, 0.076491, 0.453647, 0.01316, -0.021468, 0.439324]"
CONTROL,78636341.29000002,"[-0.149893, 0.079921, 0.449189, 0.007909, -0.017604, 0.442212]"
CONTROL,78656416.09199998,"[-0.149988, 0.083238, 0.444781, 0.002639, -0.013707, 0.445327]"
CONTROL,78676490.44600011,"[-0.149988, 0.086437, 0.440428, -0.002639, -0.009782, 0.448659]"
CONTROL,78696565.12000006,"[-0.149893, 0.089513, 0.436133, -0.007909, -0.005839, 0.452193]"
CONTROL,78716638.77000014,"[-0.149704, 0.092462, 0.431901, -0.01316, -0.001885, 0.455916]"
CONTROL,78736712.90000015,"[-0.14942, 0.095279, 0.427737, -0.018377, 0.002073, 0.459813]"
CONTROL,78756788.11800003,"[-0.149042, 0.097961, 0.423644, -0.023548, 0.006027, 0.463868]"
CONTROL,78776862.56700008,"[-0.148569, 0.100503, 0.419626, -0.02866, 0.00997, 0.468067]"
CONTROL,78796937.17700002,"[-0.148003, 0.102903, 0.415687, -0.033699, 0.013893, 0.472391]"
CONTROL,78817031.24399996,"[-0.147343, 0.105157, 0.411832, -0.038653, 0.017789, 0.476824]"
CONTROL,78837109.34200008,"[-0.14659, 0.107261, 0.408064, -0.043509, 0.021651, 0.481348]"
CONTROL,78857184.30400015,"[-0.145745, 0.109213, 0.404386, -0.048256, 0.025471, 0.485946]"
CONTROL,78877257.95400001,"[-0.144807, 0.111009, 0.400803, -0.05288, 0.029242, 0.4906]"
CONTROL,78897332.56399995,"[-0.143778, 0.112648, 0.397318, -0.057371, 0.032956, 0.495291]"
CONTROL,78917407.33400002,"[-0.142658, 0.114127, 0.393934, -0.061717, 0.036606, 0.5]"
CONTROL,78937562.01200017,"[-0.141449, 0.115443, 0.390655, -0.065908, 0.040186, 0.504709]"
CONTROL,78957637.83799998,"[-0.140149, 0.116596, 0.387483, -0.069931, 0.043688, 0.5094]"
CONTROL,78977713.31200011,"[-0.138762, 0.117583, 0.384423, -0.073778, 0.047105, 0.514054]"
CONTROL,78997786.70600016,"[-0.137286, 0.118402, 0.381477, -0.077439, 0.050431, 0.518652]"
CONTROL,79017861.25200011,"[-0.135724, 0.119054, 0.378647, -0.080904, 0.05366, 0.523176]"
CONTROL,79037936.3730001,"[-0.134076, 0.119536, 0.375938, -0.084165, 0.056785, 0.527609]"
CONTROL,79058010.5670001,"[-0.132344, 0.119848, 0.373351, -0.087213, 0.0598, 0.531933]"
CONTROL,79078099.32200007,"[-0.130528, 0.119991, 0.370889, -0.09004, 0.0627, 0.536132]"
CONTROL,79098174.95600009,"[-0.128629, 0.119962, 0.368554, -0.092641, 0.065478, 0.540187]"
CONTROL,79118249.79000017,"[-0.126649, 0.119763, 0.366349, -0.095007, 0.06813, 0.544084]"
CONTROL,79138324.3360001,"[-0.124589, 0.119394, 0.364276, -0.097133, 0.070649, 0.547807]"
CONTROL,79158399.39400007,"[-0.122451, 0.118855, 0.362337, -0.099014, 0.073032, 0.551341]"
CONTROL,79178472.65900013,"[-0.120235, 0.118148, 0.360534, -0.100645, 0.075274, 0.554673]"
CONTROL,79198549.50900003,"[-0.117943, 0.117272, 0.358868, -0.102021, 0.077371, 0.557788]"
CONTROL,79218624.24699998,"[-0.115577, 0.11623, 0.357342, -0.10314, 0.079317, 0.560676]"
CONTROL,79238698.24899998,"[-0.113138, 0.115023, 0.355956, -0.103998, 0.081111, 0.563325]"
CONTROL,79258773.11500017,"[-0.110627, 0.113652, 0.354713, -0.104594, 0.082747, 0.565723]"
CONTROL,79278855.85400009,"[-0.108046, 0.112119, 0.353612, -0.104925, 0.084223, 0.567862]"
CONTROL,79298942.24000008,"[-0.105397, 0.110428, 0.352657, -0.104992, 0.085537, 0.569733]"
CONTROL,79319023.41,"[-0.102682, 0.108579, 0.351847, -0.104793, 0.086685, 0.571329]"
CONTROL,79339104.3250001,"[-0.099902, 0.106576, 0.351183, -0.104329, 0.087665, 0.572644]"
CONTROL,79359184.91899997,"[-0.097058, 0.104422, 0.350666, -0.103602, 0.088476, 0.573672]"
CONTROL,79379264.71300012,"[-0.094154, 0.102119, 0.350296, -0.102613, 0.089115, 0.574409]"
CONTROL,79399344.76300004,"[-0.09119, 0.099672, 0.350074, -0.101365, 0.089583, 0.574852]"
CONTROL,79419425.07,"[-0.088168, 0.097082, 0.35, -0.099861, 0.089877, 0.575]"
CONTROL,79439500.576,"[-0.08509, 0.094355, 0.350074, -0.098105, 0.089997, 0.574852]"
CONTROL,79459581.04200009,"[-0.081959, 0.091493, 0.350296, -0.0961, 0.089943, 0.574409]"
CONTROL,79479660.6120001,"[-0.078776, 0.088502, 0.350666, -0.093853, 0.089715, 0.573672]"
CONTROL,79499741.65399998,"[-0.075543, 0.085384, 0.351183, -0.091369, 0.089314, 0.572644]"
CONTROL,79519822.08900017,"[-0.072263, 0.082146, 0.351847, -0.088654, 0.08874, 0.571329]"
CONTROL,79539903.00300007,"[-0.068937, 0.07879, 0.352657, -0.085716, 0.087994, 0.569733]"
CONTROL,79559982.28500016,"[-0.065567, 0.075323, 0.353612, -0.08256, 0.087078, 0.567862]"
CONTROL,79580059.5830001,"[-0.062156, 0.071749, 0.354713, -0.079196, 0.085994, 0.565723]"
CONTROL,79600139.44100001,"[-0.058706, 0.068072, 0.355956, -0.075632, 0.084743, 0.563325]"
CONTROL,79620220.03600009,"[-0.055219, 0.064299, 0.357342, -0.071877, 0.083328, 0.560676]"
CONTROL,79640299.86200012,"[-0.051696, 0.060435, 0.358868, -0.067941, 0.081753, 0.557788]"
CONTROL,79660380.45599999,"[-0.048142, 0.056484, 0.360534, -0.063833, 0.080019, 0.554673]"
CONTROL,79680462.07500015,"[-0.044556, 0.052454, 0.362337, -0.059563, 0.07813, 0.551341]"
CONTROL,79700542.3810001,"[-0.040943, 0.048349, 0.364276, -0.055143, 0.07609, 0.547807]"
CONTROL,79720621.43900007,"[-0.037303, 0.044175, 0.366349, -0.050584, 0.073903, 0.544084]"
CONTROL,79740701.80900003,"[-0.033641, 0.039938, 0.368554, -0.045897, 0.071574, 0.540187]"
CONTROL,79760781.85899997,"[-0.029956, 0.035645, 0.370889, -0.041094, 0.069105, 0.536132]"
CONTROL,79780864.30999997,"[-0.026253, 0.031301, 0.373351, -0.036188, 0.066503, 0.531933]"
CONTROL,79800940.99999997,"[-0.022534, 0.026912, 0.375938, -0.031189, 0.063773, 0.527609]"
CONTROL,79821020.53800008,"[-0.0188, 0.022486, 0.378647, -0.026112, 0.060919, 0.523176]"
CONTROL,79841120.74900009,"[-0.015054, 0.018027, 0.381477, -0.02097, 0.057947, 0.518652]"
CONTROL,79861197.919,"[-0.011299, 0.013543, 0.384423, -0.015774, 0.054863, 0.514054]"
CONTROL,79881278.5780001,"[-0.007537, 0.009039, 0.387483, -0.010538, 0.051673, 0.5094]"
CONTROL,79901359.01200005,"[-0.00377, 0.004523, 0.390655, -0.005276, 0.048383, 0.504709]"
CONTROL,79921438.99799998,"[-0.0, 0.0, 0.393934, -0.0, 0.045, 0.5]"
CONTROL,79941596.42800014,"[0.00377, -0.004523, 0.397318, 0.005276, 0.04153, 0.495291]"
CONTROL,79961677.27900001,"[0.007537, -0.009039, 0.400803, 0.010538, 0.037979, 0.4906]"
CONTROL,79981757.10500005,"[0.011299, -0.013543, 0.404386, 0.015774, 0.034354, 0.485946]"
CONTROL,80001837.411,"[0.015054, -0.018027, 0.408064, 0.02097, 0.030664, 0.481348]"
CONTROL,80021916.02100015,"[0.0188, -0.022486, 0.411832, 0.026112, 0.026914, 0.476824]"
CONTROL,80041995.65600015,"[0.022534, -0.026912, 0.415687, 0.031189, 0.023112, 0.472391]"
CONTROL,80062075.25800005,"[0.026253, -0.031301, 0.419626, 0.036188, 0.019265, 0.468067]"
CONTROL,80082155.46800011,"[0.029956, -0.035645, 0.423644, 0.041094, 0.015381, 0.463868]"
CONTROL,80102235.35800014,"[0.033641, -0.039938, 0.427737, 0.045897, 0.011467, 0.459813]"
CONTROL,80122314.76900001,"[0.037303, -0.044175, 0.431901, 0.050584, 0.007531, 0.455916]"
CONTROL,80142394.59500004,"[0.040943, -0.048349, 0.436133, 0.055143, 0.00358, 0.452193]"
CONTROL,80162473.87700014,"[0.044556, -0.052454, 0.440428, 0.059563, -0.000377, 0.448659]"
CONTROL,80182551.17500007,"[0.048142, -0.056484, 0.444781, 0.063833, -0.004334, 0.445327]"
CONTROL,80202629.94500013,"[0.051696, -0.060435, 0.449189, 0.067941, -0.008282, 0.442212]"
CONTROL,80222711.50000006,"[0.055219, -0.064299, 0.453647, 0.071877, -0.012214, 0.439324]"
CONTROL,80242802.686,"[0.058706, -0.068072, 0.458151, 0.075632, -0.016123, 0.436675]"
CONTROL,80262882.60900015,"[0.062156, -0.071749, 0.462697, 0.079196, -0.020001, 0.434277]"
CONTROL,80282962.11500014,"[0.065567, -0.075323, 0.467279, 0.08256, -0.023839, 0.432138]"
CONTROL,80303043.57299997,"[0.068937, -0.07879, 0.471893, 0.085716, -0.027632, 0.430267]"
CONTROL,80323123.5600001,"[0.072263, -0.082146, 0.476535, 0.088654, -0.031371, 0.428671]"
CONTROL,80343203.13000011,"[0.075543, -0.085384, 0.4812, 0.091369, -0.03505, 0.427356]"
CONTROL,80363283.14800017,"[0.078776, -0.088502, 0.485884, 0.093853, -0.038661, 0.426328]"
CONTROL,80383363.71000014,"[0.081959, -0.091493, 0.490581, 0.0961, -0.042197, 0.425591]"
CONTROL,80403444.17699999,"[0.08509, -0.094355, 0.495288, 0.098105, -0.045651, 0.425148]"
CONTROL,80423524.38700004,"[0.088168, -0.097082, 0.5, 0.099861, -0.049018, 0.425]"
CONTROL,80443604.85300012,"[0.09119, -0.099672, 0.504712, 0.101365, -0.052289, 0.425148]"
CONTROL,80463684.23200011,"[0.094154, -0.102119, 0.509419, 0.102613, -0.055459, 0.425591]"
CONTROL,80483764.56999995,"[0.097058, -0.104422, 0.514116, 0.103602, -0.058522, 0.426328]"
CONTROL,80503839.1160001,"[0.099902, -0.106576, 0.5188, 0.104329, -0.061472, 0.427356]"
CONTROL,80523919.45399995,"[0.102682, -0.108579, 0.523465, 0.104793, -0.064303, 0.428671]"
CONTROL,80543998.289,"[0.105397, -0.110428, 0.528107, 0.104992, -0.067009, 0.430267]"
CONTROL,80564077.92300001,"[0.108046, -0.112119, 0.532721, 0.104925, -0.069586, 0.432138]"
CONTROL,80584159.57300007,"[0.110627, -0.113652, 0.537303, 0.104594, -0.072028, 0.434277]"
CONTROL,80604238.85499994,"[0.113138, -0.115023, 0.541849, 0.103998, -0.074331, 0.436675]"
CONTROL,80624319.70600004,"[0.115577, -0.11623, 0.546353, 0.10314, -0.07649, 0.439324]"
CONTROL,80644399.88399999,"[0.117943, -0.117272, 0.550811, 0.102021, -0.078502, 0.442212]"
CONTROL,80664478.91000007,"[0.120235, -0.118148, 0.555219, 0.100645, -0.080361, 0.445327]"
CONTROL,80684558.06500015,"[0.122451, -0.118855, 0.559572, 0.099014, -0.082065, 0.448659]"
CONTROL,80704638.08299996,"[0.124589, -0.119394, 0.563867, 0.097133, -0.08361, 0.452193]"
CONTROL,80724717.20500016,"[0.126649, -0.119763, 0.568099, 0.095007, -0.084994, 0.455916]"
CONTROL,80744798.08700016,"[0.128629, -0.119962, 0.572263, 0.092641, -0.086213, 0.459813]"
CONTROL,80764875.09799995,"[0.130528, -0.119991, 0.576356, 0.09004, -0.087265, 0.463868]"
CONTROL,80784957.64400008,"[0.132344, -0.119848, 0.580374, 0.087213, -0.088149, 0.468067]"
CONTROL,80805036.38200003,"[0.134076, -0.119536, 0.584313, 0.084165, -0.088862, 0.472391]"
CONTROL,80825116.81699999,"[0.135724, -0.119054, 0.588168, 0.080904, -0.089404, 0.476824]"
CONTROL,80845197.47500008,"[0.137286, -0.118402, 0.591936, 0.077439, -0.089772, 0.481348]"
CONTROL,80865294.39000015,"[0.138762, -0.117583, 0.595614, 0.073778, -0.089967, 0.485946]"
CONTROL,80885373.09599997,"[0.140149, -0.116596, 0.599197, 0.069931, -0.089987, 0.4906]"
CONTROL,80905453.88300006,"[0.141449, -0.115443, 0.602682, 0.065908, -0.089834, 0.495291]"
CONTROL,80925534.18900003,"[0.142658, -0.114127, 0.606066, 0.061717, -0.089507, 0.5]"
CONTROL,80945692.13099998,"[0.143778, -0.112648, 0.609345, 0.057371, -0.089007, 0.504709]"
CONTROL,80965773.23800011,"[0.144807, -0.111009, 0.612517, 0.05288, -0.088334, 0.5094]"
CONTROL,80985854.76000017,"[0.145745, -0.109213, 0.615577, 0.048256, -0.087491, 0.514054]"
CONTROL,81005934.842,"[0.14659, -0.107261, 0.618523, 0.043509, -0.086479, 0.518652]"
CONTROL,81026015.8210001,"[0.147343, -0.105157, 0.621353, 0.038653, -0.085299, 0.523176]"
CONTROL,81046094.84699994,"[0.148003, -0.102903, 0.624062, 0.033699, -0.083955, 0.527609]"
CONTROL,81066175.98499997,"[0.148569, -0.100503, 0.626649, 0.02866, -0.082447, 0.531933]"
CONTROL,81086255.04300016,"[0.149042, -0.097961, 0.629111, 0.023548, -0.080781, 0.536132]"
CONTROL,81106333.74999997,"[0.14942, -0.095279, 0.631446, 0.018377, -0.078958, 0.540187]"
CONTROL,81126413.3520001,"[0.149704, -0.092462, 0.633651, 0.01316, -0.076983, 0.544084]"
CONTROL,81146493.27400002,"[0.149893, -0.089513, 0.635724, 0.007909, -0.074858, 0.547807]"
CONTROL,81166573.26100017,"[0.149988, -0.086437, 0.637663, 0.002639, -0.072589, 0.551341]"
CONTROL,81186653.85500003,"[0.149988, -0.083238, 0.639466, -0.002639, -0.07018, 0.554673]"
CONTROL,81206735.34499997,"[0.149893, -0.079921, 0.641132, -0.007909, -0.067635, 0.557788]"
CONTROL,81226816.48399998,"[0.149704, -0.076491, 0.642658, -0.01316, -0.064958, 0.560676]"
CONTROL,81246907.83100004,"[0.14942, -0.072952, 0.644044, -0.018377, -0.062157, 0.563325]"
CONTROL,81266987.75299996,"[0.149042, -0.069309, 0.645287, -0.023548, -0.059235, 0.565723]"
CONTROL,81287068.47500007,"[0.148569, -0.065567, 0.646388, -0.02866, -0.056198, 0.567862]"
CONTROL,81307149.35800005,"[0.148003, -0.061733, 0.647343, -0.033699, -0.053053, 0.569733]"
CONTROL,81327229.21599998,"[0.147343, -0.05781, 0.648153, -0.038653, -0.049805, 0.571329]"
CONTROL,81347309.33000015,"[0.14659, -0.053806, 0.648817, -0.043509, -0.046461, 0.572644]"
CONTROL,81367389.7650001,"[0.145745, -0.049725, 0.649334, -0.048256, -0.043027, 0.573672]"
CONTROL,81387469.495,"[0.144807, -0.045573, 0.649704, -0.05288, -0.03951, 0.574409]"
CONTROL,81407549.99299997,"[0.143778, -0.041357, 0.649926, -0.057371, -0.035916, 0.574852]"
CONTROL,81427646.3650001,"[0.142658, -0.037082, 0.65, -0.061717, -0.032253, 0.575]"
CONTROL,81447726.22300002,"[0.141449, -0.032754, 0.649926, -0.065908, -0.028528, 0.574852]"
CONTROL,81467807.48900005,"[0.140149, -0.02838, 0.649704, -0.069931, -0.024747, 0.574409]"
CONTROL,81487887.21999995,"[0.138762, -0.023965, 0.649334, -0.073778, -0.020918, 0.573672]"
CONTROL,81507967.49400002,"[0.137286, -0.019516, 0.648817, -0.077439, -0.017049, 0.572644]"
CONTROL,81528041.01600009,"[0.135724, -0.01504, 0.648153, -0.080904, -0.013147, 0.571329]"
CONTROL,81548121.03400013,"[0.134076, -0.010542, 0.647343, -0.084165, -0.00922, 0.569733]"
CONTROL,81568200.89300004,"[0.132344, -0.006029, 0.646388, -0.087213, -0.005275, 0.567862]"
CONTROL,81588282.25499997,"[0.130528, -0.001508, 0.645287, -0.09004, -0.001319, 0.565723]"
CONTROL,81608360.48200008,"[0.128629, 0.003016, 0.644044, -0.092641, 0.002639, 0.563325]"
CONTROL,81628438.8040001,"[0.126649, 0.007535, 0.642658, -0.095007, 0.006591, 0.560676]"
CONTROL,81648519.49400008,"[0.124589, 0.012043, 0.641132, -0.097133, 0.010532, 0.557788]"
CONTROL,81668599.12900008,"[0.122451, 0.016535, 0.639466, -0.099014, 0.014451, 0.554673]"
CONTROL,81688680.33100012,"[0.120235, 0.021003, 0.637663, -0.100645, 0.018343, 0.551341]"
CONTROL,81708762.26900008,"[0.117943, 0.025441, 0.635724, -0.102021, 0.022199, 0.547807]"
CONTROL,81728842.64000005,"[0.115577, 0.029843, 0.633651, -0.10314, 0.026013, 0.544084]"
CONTROL,81748923.23400013,"[0.113138, 0.034202, 0.631446, -0.103998, 0.029776, 0.540187]"
CONTROL,81769002.74000013,"[0.110627, 0.038513, 0.629111, -0.104594, 0.033481, 0.536132]"
CONTROL,81789083.91100003,"[0.108046, 0.042769, 0.626649, -0.104925, 0.037122, 0.531933]"
CONTROL,81809163.12900013,"[0.105397, 0.046965, 0.624062, -0.104992, 0.040691, 0.527609]"
CONTROL,81829242.89200014,"[0.102682, 0.051094, 0.621353, -0.104793, 0.044181, 0.523176]"
CONTROL,81849322.20600012,"[0.099902, 0.05515, 0.618523, -0.104329, 0.047586, 0.518652]"
CONTROL,81869401.80800001,"[0.097058, 0.059127, 0.615577, -0.103602, 0.050899, 0.514054]"
CONTROL,81889495.52300005,"[0.094154, 0.063021, 0.612517, -0.102613, 0.054113, 0.5094]"
CONTROL,81909573.10900012,"[0.09119, 0.066825, 0.609345, -0.101365, 0.057223, 0.504709]"
CONTROL,81929653.76799998,"[0.088168, 0.070534, 0.606066, -0.099861, 0.060222, 0.5]"
CONTROL,81949811.87000008,"[0.08509, 0.074143, 0.602682, -0.098105, 0.063104, 0.495291]"
CONTROL,81969892.33700015,"[0.081959, 0.077647, 0.599197, -0.0961, 0.065865, 0.4906]"
CONTROL,81989972.803,"[0.078776, 0.08104, 0.595614, -0.093853, 0.068498, 0.485946]"
CONTROL,82010054.00500003,"[0.075543, 0.084318, 0.591936, -0.091369, 0.070998, 0.481348]"
CONTROL,82030135.94399999,"[0.072263, 0.087476, 0.588168, -0.088654, 0.073362, 0.476824]"
CONTROL,82050214.97000007,"[0.068937, 0.09051, 0.584313, -0.085716, 0.075583, 0.472391]"
CONTROL,82070294.54100007,"[0.065567, 0.093415, 0.580374, -0.08256, 0.077658, 0.468067]"
CONTROL,82090374.36700009,"[0.062156, 0.096188, 0.576356, -0.079196, 0.079583, 0.463868]"
CONTROL,82110454.097,"[0.058706, 0.098824, 0.572263, -0.075632, 0.081354, 0.459813]"
CONTROL,82130535.14000012,"[0.055219, 0.101319, 0.568099, -0.071877, 0.082968, 0.455916]"
CONTROL,82150616.15000013,"[0.051696, 0.103671, 0.563867, -0.067941, 0.084421, 0.452193]"
CONTROL,82170695.78400014,"[0.048142, 0.105875, 0.559572, -0.063833, 0.085711, 0.448659]"
CONTROL,82190775.54700015,"[0.044556, 0.107929, 0.555219, -0.059563, 0.086835, 0.445327]"
CONTROL,82210856.23700014,"[0.040943, 0.109829, 0.550811, -0.055143, 0.087791, 0.442212]"
CONTROL,82230936.25499997,"[0.037303, 0.111573, 0.546353, -0.050584, 0.088578, 0.439324]"
CONTROL,82251028.05000006,"[0.033641, 0.113159, 0.541849, -0.045897, 0.089193, 0.436675]"
CONTROL,82271109.669,"[0.029956, 0.114584, 0.537303, -0.041094, 0.089635, 0.434277]"
CONTROL,82291190.03899996,"[0.026253, 0.115846, 0.532721, -0.036188, 0.089904, 0.432138]"
CONTROL,82311272.13800006,"[0.022534, 0.116943, 0.528107, -0.031189, 0.09, 0.430267]"
CONTROL,82331353.27600007,"[0.0188, 0.117874, 0.523465, -0.026112, 0.089921, 0.428671]"
CONTROL,82351434.22300006,"[0.015054, 0.118638, 0.5188, -0.02097, 0.089668, 0.427356]"
CONTROL,82371515.36100009,"[0.011299, 0.119233, 0.514116, -0.015774, 0.089242, 0.426328]"
CONTROL,82391595.89200017,"[0.007537, 0.119659, 0.509419, -0.010538, 0.088644, 0.425591]"
CONTROL,82411674.69400011,"[0.00377, 0.119915, 0.504712, -0.005276, 0.087873, 0.425148]"
CONTROL,82431766.77700011,"[0.0, 0.12, 0.5, -0.0, 0.086933, 0.425]"
CONTROL,82451848.23600017,"[-0.00377, 0.119915, 0.495288, 0.005276, 0.085825, 0.425148]"
CONTROL,82471929.47000007,"[-0.007537, 0.119659, 0.490581, 0.010538, 0.084551, 0.425591]"
CONTROL,82492009.87300014,"[-0.011299, 0.119233, 0.485884, 0.015774, 0.083113, 0.426328]"
CONTROL,82512091.45899998,"[-0.015054, 0.118638, 0.4812, 0.02097, 0.081515, 0.427356]"
CONTROL,82532170.45300016,"[-0.0188, 0.117874, 0.476535, 0.026112, 0.079758, 0.428671]"
CONTROL,82552244.03900002,"[-0.022534, 0.116943, 0.471893, 0.031189, 0.077848, 0.430267]"
CONTROL,82572324.05800004,"[-0.026253, 0.115846, 0.467279, 0.036188, 0.075787, 0.432138]"
CONTROL,82592794.24100009,"[-0.029956, 0.114584, 0.462697, 0.041094, 0.073579, 0.434277]"
CONTROL,82612875.02699998,"[-0.033641, 0.113159, 0.458151, 0.045897, 0.071229, 0.436675]"
CONTROL,82632956.101,"[-0.037303, 0.111573, 0.453647, 0.050584, 0.068742, 0.439324]"
CONTROL,82653037.048,"[-0.040943, 0.109829, 0.449189, 0.055143, 0.066121, 0.442212]"
CONTROL,82673116.81000002,"[-0.044556, 0.107929, 0.444781, 0.059563, 0.063372, 0.445327]"
CONTROL,82693198.8450001,"[-0.048142, 0.105875, 0.440428, 0.063833, 0.060501, 0.448659]"
CONTROL,82713278.95900004,"[-0.051696, 0.103671, 0.436133, 0.067941, 0.057513, 0.452193]"
CONTROL,82733359.61800012,"[-0.055219, 0.101319, 0.431901, 0.071877, 0.054414, 0.455916]"
CONTROL,82753439.86000007,"[-0.058706, 0.098824, 0.427737, 0.075632, 0.051209, 0.459813]"
CONTROL,82773522.27899997,"[-0.062156, 0.096188, 0.423644, 0.079196, 0.047906, 0.463868]"
CONTROL,82793601.97699998,"[-0.065567, 0.093415, 0.419626, 0.08256, 0.044509, 0.468067]"
CONTROL,82813678.02700014,"[-0.068937, 0.09051, 0.415687, 0.085716, 0.041027, 0.472391]"
CONTROL,82833758.87800002,"[-0.072263, 0.087476, 0.411832, 0.088654, 0.037465, 0.476824]"
CONTROL,82853839.3440001,"[-0.075543, 0.084318, 0.408064, 0.091369, 0.033831, 0.481348]"
CONTROL,82873920.89900003,"[-0.078776, 0.08104, 0.404386, 0.093853, 0.030131, 0.485946]"
CONTROL,82894000.72500007,"[-0.081959, 0.077647, 0.400803, 0.0961, 0.026374, 0.4906]"
CONTROL,82914102.24900006,"[-0.08509, 0.074143, 0.397318, 0.098105, 0.022565, 0.495291]"
CONTROL,82934184.73099996,"[-0.088168, 0.070534, 0.393934, 0.099861, 0.018712, 0.5]"
CONTROL,82954339.377,"[-0.09119, 0.066825, 0.390655, 0.101365, 0.014823, 0.504709]"
CONTROL,82974419.65200005,"[-0.094154, 0.063021, 0.387483, 0.102613, 0.010906, 0.5094]"
CONTROL,82994502.06999995,"[-0.097058, 0.059127, 0.384423, 0.103602, 0.006967, 0.514054]"
CONTROL,83014585.32100014,"[-0.099902, 0.05515, 0.381477, 0.104329, 0.003015, 0.518652]"
CONTROL,83034665.05100004,"[-0.102682, 0.051094, 0.378647, 0.104793, -0.000942, 0.523176]"
CONTROL,83054745.45400012,"[-0.105397, 0.046965, 0.375938, 0.104992, -0.004898, 0.527609]"
CONTROL,83074826.40000013,"[-0.108046, 0.042769, 0.373351, 0.104925, -0.008845, 0.531933]"
CONTROL,83094907.02700008,"[-0.110627, 0.038513, 0.370889, 0.104594, -0.012774, 0.536132]"
CONTROL,83114989.73300013,"[-0.113138, 0.034202, 0.368554, 0.103998, -0.016679, 0.540187]"
CONTROL,83135071.31999995,"[-0.115577, 0.029843, 0.366349, 0.10314, -0.020552, 0.544084]"
CONTROL,83155150.76199995,"[-0.117943, 0.025441, 0.364276, 0.102021, -0.024384, 0.547807]"
CONTROL,83175231.45300016,"[-0.120235, 0.021003, 0.362337, 0.100645, -0.02817, 0.551341]"
CONTROL,83195311.88700011,"[-0.122451, 0.016535, 0.360534, 0.099014, -0.031901, 0.554673]"
CONTROL,83215391.77700014,"[-0.124589, 0.012043, 0.358868, 0.097133, -0.03557, 0.557788]"
CONTROL,83235470.67599998,"[-0.126649, 0.007535, 0.357342, 0.095007, -0.039171, 0.560676]"
CONTROL,83255551.33400008,"[-0.128629, 0.003016, 0.355956, 0.092641, -0.042696, 0.563325]"
CONTROL,83275646.68200012,"[-0.130528, -0.001508, 0.354713, 0.09004, -0.046138, 0.565723]"
CONTROL,83295726.86000006,"[-0.132344, -0.006029, 0.353612, 0.087213, -0.049491, 0.567862]"
CONTROL,83315805.34199998,"[-0.134076, -0.010542, 0.352657, 0.084165, -0.052748, 0.569733]"
CONTROL,83335886.89700013,"[-0.135724, -0.01504, 0.351847, 0.080904, -0.055903, 0.571329]"
CONTROL,83355966.78700016,"[-0.137286, -0.019516, 0.351183, 0.077439, -0.05895, 0.572644]"
CONTROL,83376046.86999997,"[-0.138762, -0.023965, 0.350666, 0.073778, -0.061884, 0.573672]"
CONTROL,83396127.72000009,"[-0.140149, -0.02838, 0.350296, 0.069931, -0.064697, 0.574409]"
CONTROL,83416203.93100016,"[-0.141449, -0.032754, 0.350074, 0.065908, -0.067385, 0.574852]"
CONTROL,83436285.19699997,"[-0.142658, -0.037082, 0.35, 0.061717, -0.069943, 0.575]"
CONTROL,83456366.27199997,"[-0.143778, -0.041357, 0.350074, 0.057371, -0.072366, 0.574852]"
CONTROL,83476448.21000017,"[-0.144807, -0.045573, 0.350296, 0.05288, -0.074648, 0.574409]"
CONTROL,83496527.94100007,"[-0.145745, -0.049725, 0.350666, 0.048256, -0.076787, 0.573672]"
CONTROL,83516608.27900013,"[-0.14659, -0.053806, 0.351183, 0.043509, -0.078777, 0.572644]"
CONTROL,83536690.314,"[-0.147343, -0.05781, 0.351847, 0.038653, -0.080614, 0.571329]"
CONTROL,83556769.7880001,"[-0.148003, -0.061733, 0.352657, 0.033699, -0.082296, 0.569733]"
CONTROL,83576845.74300015,"[-0.148569, -0.065567, 0.353612, 0.02866, -0.083818, 0.567862]"
CONTROL,83596925.82499997,"[-0.149042, -0.069309, 0.354713, 0.023548, -0.085178, 0.565723]"
CONTROL,83617005.587,"[-0.14942, -0.072952, 0.355956, 0.018377, -0.086374, 0.563325]"
CONTROL,83637086.11800008,"[-0.149704, -0.076491, 0.357342, 0.01316, -0.087402, 0.560676]"
CONTROL,83657167.15999997,"[-0.149893, -0.079921, 0.358868, 0.007909, -0.088261, 0.557788]"
CONTROL,83677248.29899998,"[-0.149988, -0.083238, 0.360534, 0.002639, -0.08895, 0.554673]"
CONTROL,83697328.22100013,"[-0.149988, -0.086437, 0.362337, -0.002639, -0.089467, 0.551341]"
CONTROL,83717408.49599996,"[-0.149893, -0.089513, 0.364276, -0.007909, -0.08981, 0.547807]"
CONTROL,83737489.41000009,"[-0.149704, -0.092462, 0.366349, -0.01316, -0.08998, 0.544084]"
CONTROL,83757570.70899999,"[-0.14942, -0.095279, 0.368554, -0.018377, -0.089976, 0.540187]"
CONTROL,83777650.47100002,"[-0.149042, -0.097961, 0.370889, -0.023548, -0.089798, 0.536132]"
CONTROL,83797731.41800001,"[-0.148569, -0.100503, 0.373351, -0.02866, -0.089446, 0.531933]"
CONTROL,83817811.53199995,"[-0.148003, -0.102903, 0.375938, -0.033699, -0.088921, 0.527609]"
CONTROL,83837883.423,"[-0.147343, -0.105157, 0.378647, -0.038653, -0.088224, 0.523176]"
CONTROL,83857963.79299995,"[-0.14659, -0.107261, 0.381477, -0.043509, -0.087357, 0.518652]"
CONTROL,83878043.42699997,"[-0.145745, -0.109213, 0.384423, -0.048256, -0.08632, 0.514054]"
CONTROL,83898123.09400009,"[-0.144807, -0.111009, 0.387483, -0.05288, -0.085117, 0.5094]"
CONTROL,83918202.72800009,"[-0.143778, -0.112648, 0.390655, -0.057371, -0.083749, 0.504709]"
CONTROL,83938307.61200002,"[-0.142658, -0.114127, 0.393934, -0.061717, -0.082219, 0.5]"
CONTROL,83958454.35399997,"[-0.141449, -0.115443, 0.397318, -0.065908, -0.08053, 0.495291]"
CONTROL,83978537.44500002,"[-0.140149, -0.116596, 0.400803, -0.069931, -0.078685, 0.4906]"
CONTROL,83998617.91100012,"[-0.138762, -0.117583, 0.404386, -0.073778, -0.076688, 0.485946]"
CONTROL,84018697.44999999,"[-0.137286, -0.118402, 0.408064, -0.077439, -0.074543, 0.481348]"
CONTROL,84038777.75600018,"[-0.135724, -0.119054, 0.411832, -0.080904, -0.072254, 0.476824]"
CONTROL,84058857.74300009,"[-0.134076, -0.119536, 0.415687, -0.084165, -0.069824, 0.472391]"
CONTROL,84078940.289,"[-0.132344, -0.119848, 0.419626, -0.087213, -0.06726, 0.468067]"
CONTROL,84099020.46800016,"[-0.130528, -0.119991, 0.423644, -0.09004, -0.064566, 0.463868]"
CONTROL,84119100.42199998,"[-0.128629, -0.119962, 0.427737, -0.092641, -0.061747, 0.459813]"
CONTROL,84139180.18499999,"[-0.126649, -0.119763, 0.431901, -0.095007, -0.058808, 0.455916]"
CONTROL,84159259.883,"[-0.124589, -0.119394, 0.436133, -0.097133, -0.055755, 0.452193]"
CONTROL,84179339.58200002,"[-0.122451, -0.118855, 0.440428, -0.099014, -0.052595, 0.448659]"
CONTROL,84199420.62400015,"[-0.120235, -0.118148, 0.444781, -0.100645, -0.049333, 0.445327]"
CONTROL,84219500.16200003,"[-0.117943, -0.117272, 0.449189, -0.102021, -0.045976, 0.442212]"
CONTROL,84239579.50900012,"[-0.115577, -0.11623, 0.453647, -0.10314, -0.04253, 0.439324]"
CONTROL,84259660.48700002,"[-0.113138, -0.115023, 0.458151, -0.103998, -0.039001, 0.436675]"
CONTROL,84279742.33000009,"[-0.110627, -0.113652, 0.462697, -0.104594, -0.035397, 0.434277]"
CONTROL,84299823.14900008,"[-0.108046, -0.112119, 0.467279, -0.104925, -0.031725, 0.432138]"
CONTROL,84319903.99899997,"[-0.105397, -0.110428, 0.471893, -0.104992, -0.027991, 0.430267]"
CONTROL,84339983.50599995,"[-0.102682, -0.108579, 0.476535, -0.104793, -0.024203, 0.428671]"
CONTROL,84360064.35600007,"[-0.099902, -0.106576, 0.4812, -0.104329, -0.020368, 0.427356]"
CONTROL,84380145.59099998,"[-0.097058, -0.104422, 0.485884, -0.103602, -0.016494, 0.426328]"
CONTROL,84400225.57700013,"[-0.094154, -0.102119, 0.490581, -0.102613, -0.012588, 0.425591]"
CONTROL,84420302.3,"[-0.09119, -0.099672, 0.495288, -0.101365, -0.008657, 0.425148]"
CONTROL,84440381.77400012,"[-0.088168, -0.097082, 0.5, -0.099861, -0.00471, 0.425]"
CONTROL,84460462.33700009,"[-0.08509, -0.094355, 0.504712, -0.098105, -0.000754, 0.425148]"
CONTROL,84480542.29100011,"[-0.081959, -0.091493, 0.509419, -0.0961, 0.003204, 0.425591]"
CONTROL,84500622.05400014,"[-0.078776, -0.088502, 0.514116, -0.093853, 0.007155, 0.426328]"
CONTROL,84520702.39199997,"[-0.075543, -0.085384, 0.5188, -0.091369, 0.011093, 0.427356]"
CONTROL,84540783.43500009,"[-0.072263, -0.082146, 0.523465, -0.088654, 0.015009, 0.428671]"
CONTROL,84560863.93400006,"[-0.068937, -0.07879, 0.528107, -0.085716, 0.018896, 0.430267]"
CONTROL,84580944.52800015,"[-0.065567, -0.075323, 0.532721, -0.08256, 0.022747, 0.432138]"
CONTROL,84601020.73799999,"[-0.062156, -0.071749, 0.537303, -0.079196, 0.026554, 0.434277]"
CONTROL,84621102.64500007,"[-0.058706, -0.068072, 0.541849, -0.075632, 0.030309, 0.436675]"
CONTROL,84641182.18400018,"[-0.055219, -0.064299, 0.546353, -0.071877, 0.034006, 0.439324]"
CONTROL,84661261.43400015,"[-0.051696, -0.060435, 0.550811, -0.067941, 0.037637, 0.442212]"
CONTROL,84681343.53300002,"[-0.048142, -0.056484, 0.555219, -0.063833, 0.041195, 0.445327]"
CONTROL,84701424.35100001,"[-0.044556, -0.052454, 0.559572, -0.059563, 0.044673, 0.448659]"
CONTROL,84721504.30600004,"[-0.040943, -0.048349, 0.563867, -0.055143, 0.048065, 0.452193]"
CONTROL,84741585.47599995,"[-0.037303, -0.044175, 0.568099, -0.050584, 0.051364, 0.455916]"
CONTROL,84761665.65500012,"[-0.033641, -0.039938, 0.572263, -0.045897, 0.054564, 0.459813]"
CONTROL,84781744.93699999,"[-0.029956, -0.035645, 0.576356, -0.041094, 0.057658, 0.463868]"
CONTROL,84801824.37999997,"[-0.026253, -0.031301, 0.580374, -0.036188, 0.060641, 0.468067]"
CONTROL,84821903.75799996,"[-0.022534, -0.026912, 0.584313, -0.031189, 0.063506, 0.472391]"
CONTROL,84841983.20099995,"[-0.0188, -0.022486, 0.588168, -0.026112, 0.066249, 0.476824]"
CONTROL,84862062.89899996,"[-0.015054, -0.018027, 0.591936, -0.02097, 0.068863, 0.481348]"
CONTROL,84882141.06200007,"[-0.011299, -0.013543, 0.595614, -0.015774, 0.071344, 0.485946]"
CONTROL,84902220.28000017,"[-0.007537, -0.009039, 0.599197, -0.010538, 0.073688, 0.4906]"
CONTROL,84922300.5870001,"[-0.00377, -0.004523, 0.602682, -0.005276, 0.075888, 0.495291]"
CONTROL,84942379.80499998,"[-0.0, -0.0, 0.606066, -0.0, 0.077942, 0.5]"
CONTROL,84962567.22199996,"[0.00377, 0.004523, 0.609345, 0.005276, 0.079845, 0.504709]"
CONTROL,84982651.59200014,"[0.007537, 0.009039, 0.612517, 0.010538, 0.081594, 0.5094]"
CONTROL,85002731.48300016,"[0.011299, 0.013543, 0.615577, 0.015774, 0.083185, 0.514054]"
CONTROL,85022811.6610001,"[0.015054, 0.018027, 0.618523, 0.02097, 0.084615, 0.518652]"
CONTROL,85042892.96000002,"[0.0188, 0.022486, 0.621353, 0.026112, 0.085882, 0.523176]"
CONTROL,85062972.85000005,"[0.022534, 0.026912, 0.624062, 0.031189, 0.086982, 0.527609]"
CONTROL,85083053.41300002,"[0.026253, 0.031301, 0.626649, 0.036188, 0.087914, 0.531933]"
CONTROL,85103132.18300007,"[0.029956, 0.035645, 0.629111, 0.041094, 0.088676, 0.536132]"
CONTROL,85123212.65000014,"[0.033641, 0.039938, 0.631446, 0.045897, 0.089267, 0.540187]"
CONTROL,85143291.8370001,"[0.037303, 0.044175, 0.633651, 0.050584, 0.089684, 0.544084]"
CONTROL,85163371.88700004,"[0.040943, 0.048349, 0.635724, 0.055143, 0.089929, 0.547807]"
CONTROL,85183452.41800012,"[0.044556, 0.052454, 0.637663, 0.059563, 0.089999, 0.551341]"
CONTROL,85203531.60400009,"[0.048142, 0.056484, 0.639466, 0.063833, 0.089896, 0.554673]"
CONTROL,85223610.53500004,"[0.051696, 0.060435, 0.641132, 0.067941, 0.089618, 0.557788]"
CONTROL,85243690.77699998,"[0.055219, 0.064299, 0.642658, 0.071877, 0.089167, 0.560676]"
CONTROL,85263772.01200011,"[0.058706, 0.068072, 0.644044, 0.075632, 0.088544, 0.563325]"
CONTROL,85283852.54199998,"[0.062156, 0.071749, 0.645287, 0.079196, 0.08775, 0.565723]"
CONTROL,85303933.96900013,"[0.065567, 0.075323, 0.646388, 0.08256, 0.086785, 0.567862]"
CONTROL,85324013.63600002,"[0.068937, 0.07879, 0.647343, 0.085716, 0.085653, 0.569733]"
CONTROL,85344093.62199995,"[0.072263, 0.082146, 0.648153, 0.088654, 0.084355, 0.571329]"
CONTROL,85364171.68900016,"[0.075543, 0.085384, 0.648817, 0.091369, 0.082894, 0.572644]"
CONTROL,85384246.523,"[0.078776, 0.088502, 0.649334, 0.093853, 0.081273, 0.573672]"
CONTROL,85404323.30900012,"[0.081959, 0.091493, 0.649704, 0.0961, 0.079495, 0.574409]"
CONTROL,85424398.52799998,"[0.08509, 0.094355, 0.649926, 0.098105, 0.077563, 0.574852]"
CONTROL,85444472.43400009,"[0.088168, 0.097082, 0.65, 0.099861, 0.07548, 0.575]"
CONTROL,85464549.60400002,"[0.09119, 0.099672, 0.649926, 0.101365, 0.073252, 0.574852]"
CONTROL,85484623.95900014,"[0.094154, 0.102119, 0.649704, 0.102613, 0.070882, 0.574409]"
CONTROL,85504701.06500006,"[0.097058, 0.104422, 0.649334, 0.103602, 0.068375, 0.573672]"
CONTROL,85524777.97999996,"[0.099902, 0.106576, 0.648817, 0.104329, 0.065736, 0.572644]"
CONTROL,85544853.39000008,"[0.102682, 0.108579, 0.648153, 0.104793, 0.06297, 0.571329]"
CONTROL,85564935.68099995,"[0.105397, 0.110428, 0.647343, 0.104992, 0.060082, 0.569733]"
CONTROL,85585015.44299997,"[0.108046, 0.112119, 0.646388, 0.104925, 0.057077, 0.567862]"
CONTROL,85605095.1740001,"[0.110627, 0.113652, 0.645287, 0.104594, 0.053962, 0.565723]"
CONTROL,85625168.92000008,"[0.113138, 0.115023, 0.644044, 0.103998, 0.050743, 0.563325]"
CONTROL,85645248.8750001,"[0.115577, 0.11623, 0.642658, 0.10314, 0.047426, 0.560676]"
CONTROL,85665330.42900005,"[0.117943, 0.117272, 0.641132, 0.102021, 0.044017, 0.557788]"
CONTROL,85685425.77700008,"[0.120235, 0.118148, 0.639466, 0.100645, 0.040523, 0.554673]"
CONTROL,85705512.00399996,"[0.122451, 0.118855, 0.637663, 0.099014, 0.03695, 0.551341]"
CONTROL,85725593.78200004,"[0.124589, 0.119394, 0.635724, 0.097133, 0.033306, 0.547807]"
CONTROL,85745674.66500002,"[0.126649, 0.119763, 0.633651, 0.095007, 0.029598, 0.544084]"
CONTROL,85765755.51600012,"[0.128629, 0.119962, 0.631446, 0.092641, 0.025832, 0.540187]"
CONTROL,85785836.302,"[0.130528, 0.119991, 0.629111, 0.09004, 0.022017, 0.536132]"
CONTROL,85805915.96900013,"[0.132344, 0.119848, 0.626649, 0.087213, 0.018159, 0.531933]"
CONTROL,85825997.29900016,"[0.134076, 0.119536, 0.624062, 0.084165, 0.014265, 0.527609]"
CONTROL,85846079.52600004,"[0.135724, 0.119054, 0.621353, 0.080904, 0.010344, 0.523176]"
CONTROL,85866160.21700002,"[0.137286, 0.118402, 0.618523, 0.077439, 0.006403, 0.518652]"
CONTROL,85886240.26699995,"[0.138762, 0.117583, 0.615577, 0.073778, 0.00245, 0.514054]"
CONTROL,85906322.11000001,"[0.140149, 0.116596, 0.612517, 0.069931, -0.001508, 0.5094]"
CONTROL,85926403.40900016,"[0.141449, 0.115443, 0.609345, 0.065908, -0.005463, 0.504709]"
CONTROL,85946482.91500016,"[0.142658, 0.114127, 0.606066, 0.061717, -0.009408, 0.5]"
CONTROL,85966632.95300004,"[0.143778, 0.112648, 0.602682, 0.057371, -0.013334, 0.495291]"
CONTROL,85986754.34999995,"[0.144807, 0.111009, 0.599197, 0.05288, -0.017234, 0.4906]"
CONTROL,86006856.99400015,"[0.145745, 0.109213, 0.595614, 0.048256, -0.021102, 0.485946]"
CONTROL,86026940.24500011,"[0.14659, 0.107261, 0.591936, 0.043509, -0.024928, 0.481348]"
CONTROL,86047022.08699995,"[0.147343, 0.105157, 0.588168, 0.038653, -0.028706, 0.476824]"
CONTROL,86067104.44200008,"[0.148003, 0.102903, 0.584313, 0.033699, -0.032429, 0.472391]"
CONTROL,86087184.493,"[0.148569, 0.100503, 0.580374, 0.02866, -0.036089, 0.468067]"
CONTROL,86107265.02300008,"[0.149042, 0.097961, 0.576356, 0.023548, -0.039679, 0.463868]"
CONTROL,86127345.10600013,"[0.14942, 0.095279, 0.572263, 0.018377, -0.043193, 0.459813]"
CONTROL,86147425.15600005,"[0.149704, 0.092462, 0.568099, 0.01316, -0.046622, 0.455916]"
CONTROL,86167504.98300007,"[0.149893, 0.089513, 0.563867, 0.007909, -0.049962, 0.452193]"
CONTROL,86187585.29000002,"[0.149988, 0.086437, 0.559572, 0.002639, -0.053205, 0.448659]"
CONTROL,86207665.21200016,"[0.149988, 0.083238, 0.555219, -0.002639, -0.056345, 0.445327]"
CONTROL,86227743.66299996,"[0.149893, 0.079921, 0.550811, -0.007909, -0.059377, 0.442212]"
CONTROL,86247823.10499996,"[0.149704, 0.076491, 0.546353, -0.01316, -0.062293, 0.439324]"
CONTROL,86267903.188,"[0.14942, 0.072952, 0.541849, -0.018377, -0.065089, 0.436675]"
CONTROL,86287981.79900013,"[0.149042, 0.069309, 0.537303, -0.023548, -0.067759, 0.434277]"
CONTROL,86308061.27300002,"[0.148569, 0.065567, 0.532721, -0.02866, -0.070298, 0.432138]"
CONTROL,86328142.38000014,"[0.148003, 0.061733, 0.528107, -0.033699, -0.072701, 0.430267]"
CONTROL,86348221.50200011,"[0.147343, 0.05781, 0.523465, -0.038653, -0.074963, 0.428671]"
CONTROL,86368300.33700016,"[0.14659, 0.053806, 0.5188, -0.043509, -0.07708, 0.427356]"
CONTROL,86388378.94800009,"[0.145745, 0.049725, 0.514116, -0.048256, -0.079049, 0.426328]"
CONTROL,86408458.83800012,"[0.144807, 0.045573, 0.509419, -0.05288, -0.080864, 0.425591]"
CONTROL,86428535.30499996,"[0.143778, 0.041357, 0.504712, -0.057371, -0.082523, 0.425148]"
CONTROL,86448616.09100008,"[0.142658, 0.037082, 0.5, -0.061717, -0.084022, 0.425]"
CONTROL,86468696.55800015,"[0.141449, 0.032754, 0.495288, -0.065908, -0.085359, 0.425148]"
CONTROL,86488776.60900007,"[0.140149, 0.02838, 0.490581, -0.069931, -0.086531, 0.425591]"
CONTROL,86508856.24300008,"[0.138762, 0.023965, 0.485884, -0.073778, -0.087535, 0.426328]"
CONTROL,86528937.12600008,"[0.137286, 0.019516, 0.4812, -0.077439, -0.08837, 0.427356]"
CONTROL,86549021.1450001,"[0.135724, 0.01504, 0.476535, -0.080904, -0.089035, 0.428671]"
CONTROL,86569101.42000015,"[0.134076, 0.010542, 0.471893, -0.084165, -0.089526, 0.430267]"
CONTROL,86589182.07800002,"[0.132344, 0.006029, 0.467279, -0.087213, -0.089845, 0.432138]"
CONTROL,86609262.44899997,"[0.130528, 0.001508, 0.462697, -0.09004, -0.08999, 0.434277]"
CONTROL,86629342.50000012,"[0.128629, -0.003016, 0.458151, -0.092641, -0.089961, 0.436675]"
CONTROL,86649418.35800005,"[0.126649, -0.007535, 0.453647, -0.095007, -0.089758, 0.439324]"
CONTROL,86669498.40899996,"[0.124589, -0.012043, 0.449189, -0.097133, -0.089382, 0.442212]"
CONTROL,86689578.26700011,"[0.122451, -0.016535, 0.444781, -0.099014, -0.088832, 0.445327]"
CONTROL,86709657.7100001,"[0.120235, -0.021003, 0.440428, -0.100645, -0.088111, 0.448659]"
CONTROL,86729736.64000006,"[0.117943, -0.025441, 0.436133, -0.102021, -0.087219, 0.452193]"
CONTROL,86749816.46700007,"[0.115577, -0.029843, 0.431901, -0.10314, -0.086159, 0.455916]"
CONTROL,86769896.87000014,"[0.113138, -0.034202, 0.427737, -0.103998, -0.084932, 0.459813]"
CONTROL,86789976.79200006,"[0.110627, -0.038513, 0.423644, -0.104594, -0.08354, 0.463868]"
CONTROL,86810057.06700012,"[0.108046, -0.042769, 0.419626, -0.104925, -0.081987, 0.468067]"
CONTROL,86830136.99000002,"[0.105397, -0.046965, 0.415687, -0.104992, -0.080276, 0.472391]"
CONTROL,86850215.8880001,"[0.102682, -0.051094, 0.411832, -0.104793, -0.078409, 0.476824]"
CONTROL,86870295.87500001,"[0.099902, -0.05515, 0.408064, -0.104329, -0.076391, 0.481348]"
CONTROL,86890374.80499996,"[0.097058, -0.059127, 0.404386, -0.103602, -0.074225, 0.485946]"
CONTROL,86910455.20800003,"[0.094154, -0.063021, 0.400803, -0.102613, -0.071915, 0.4906]"
CONTROL,86930535.771,"[0.09119, -0.066825, 0.397318, -0.101365, -0.069466, 0.495291]"
CONTROL,86950615.91700006,"[0.088168, -0.070534, 0.393934, -0.099861, -0.066883, 0.5]"
CONTROL,86970819.91100003,"[0.08509, -0.074143, 0.390655, -0.098105, -0.064171, 0.504709]"
CONTROL,86990899.19300014,"[0.081959, -0.077647, 0.387483, -0.0961, -0.061334, 0.5094]"
CONTROL,87011005.54899995,"[0.078776, -0.08104, 0.384423, -0.093853, -0.058379, 0.514054]"
CONTROL,87031088.48000011,"[0.075543, -0.084318, 0.381477, -0.091369, -0.05531, 0.518652]"
CONTROL,87051169.71500002,"[0.072263, -0.087476, 0.378647, -0.088654, -0.052135, 0.523176]"
CONTROL,87071249.92500007,"[0.068937, -0.09051, 0.375938, -0.085716, -0.048859, 0.527609]"
CONTROL,87091330.48800004,"[0.065567, -0.093415, 0.373351, -0.08256, -0.045489, 0.531933]"
CONTROL,87111410.31500006,"[0.062156, -0.096188, 0.370889, -0.079196, -0.04203, 0.536132]"
CONTROL,87131491.32500006,"[0.058706, -0.098824, 0.368554, -0.075632, -0.038491, 0.540187]"
CONTROL,87151571.98400016,"[0.055219, -0.101319, 0.366349, -0.071877, -0.034876, 0.544084]"
CONTROL,87171651.71500005,"[0.051696, -0.103671, 0.364276, -0.067941, -0.031195, 0.547807]"
CONTROL,87191733.87700017,"[0.048142, -0.105875, 0.362337, -0.063833, -0.027453, 0.551341]"
CONTROL,87211814.1840001,"[0.044556, -0.107929, 0.360534, -0.059563, -0.023658, 0.554673]"
CONTROL,87231894.10700002,"[0.040943, -0.109829, 0.358868, -0.055143, -0.019817, 0.557788]"
CONTROL,87251973.421,"[0.037303, -0.111573, 0.357342, -0.050584, -0.015938, 0.560676]"
CONTROL,87272053.66400017,"[0.033641, -0.113159, 0.355956, -0.045897, -0.012028, 0.563325]"
CONTROL,87292134.35500014,"[0.029956, -0.114584, 0.354713, -0.041094, -0.008094, 0.565723]"
CONTROL,87312214.14900005,"[0.026253, -0.115846, 0.353612, -0.036188, -0.004145, 0.567862]"
CONTROL,87332293.87999995,"[0.022534, -0.116943, 0.352657, -0.031189, -0.000188, 0.569733]"
CONTROL,87352372.20299996,"[0.0188, -0.117874, 0.351847, -0.026112, 0.003769, 0.571329]"
CONTROL,87372452.73300004,"[0.015054, -0.118638, 0.351183, -0.02097, 0.007719, 0.572644]"
CONTROL,87392541.68100001,"[0.011299, -0.119233, 0.350666, -0.015774, 0.011654, 0.573672]"
CONTROL,87412621.98699996,"[0.007537, -0.119659, 0.350296, -0.010538, 0.015566, 0.574409]"
CONTROL,87432702.42200015,"[0.00377, -0.119915, 0.350074, -0.005276, 0.019449, 0.574852]"
CONTROL,87452786.08900003,"[0.0, -0.12, 0.35, -0.0, 0.023294, 0.575]"
CONTROL,87472865.75600015,"[-0.00377, -0.119915, 0.350074, 0.005276, 0.027093, 0.574852]"
CONTROL,87492946.222,"[-0.007537, -0.119659, 0.350296, 0.010538, 0.030841, 0.574409]"
CONTROL,87513023.20100012,"[-0.011299, -0.119233, 0.350666, 0.015774, 0.034529, 0.573672]"
CONTROL,87533103.63600008,"[-0.015054, -0.118638, 0.351183, 0.02097, 0.038149, 0.572644]"
CONTROL,87553183.94200003,"[-0.0188, -0.117874, 0.351847, 0.026112, 0.041697, 0.571329]"
CONTROL,87573263.25700001,"[-0.022534, -0.116943, 0.352657, 0.031189, 0.045163, 0.569733]"
CONTROL,87593343.02000003,"[-0.026253, -0.115846, 0.353612, 0.036188, 0.048542, 0.567862]"
CONTROL,87613423.00599995,"[-0.029956, -0.114584, 0.354713, 0.041094, 0.051828, 0.565723]"
CONTROL,87633503.53700003,"[-0.033641, -0.113159, 0.355956, 0.045897, 0.055013, 0.563325]"
CONTROL,87653583.84399997,"[-0.037303, -0.111573, 0.357342, 0.050584, 0.058091, 0.560676]"
CONTROL,87673659.70200013,"[-0.040943, -0.109829, 0.358868, 0.055143, 0.061057, 0.557788]"
CONTROL,87693743.30499999,"[-0.044556, -0.107929, 0.360534, 0.059563, 0.063906, 0.554673]"
CONTROL,87713842.01299998,"[-0.048142, -0.105875, 0.362337, 0.063833, 0.06663, 0.551341]"
CONTROL,87733927.66400002,"[-0.051696, -0.103671, 0.364276, 0.067941, 0.069226, 0.547807]"
CONTROL,87754014.30700004,"[-0.055219, -0.101319, 0.366349, 0.071877, 0.071688, 0.544084]"
CONTROL,87774097.622,"[-0.058706, -0.098824, 0.368554, 0.075632, 0.074011, 0.540187]"
CONTROL,87794179.7850001,"[-0.062156, -0.096188, 0.370889, 0.079196, 0.076191, 0.536132]"
CONTROL,87814259.83500002,"[-0.065567, -0.093415, 0.373351, 0.08256, 0.078223, 0.531933]"
CONTROL,87834339.66200005,"[-0.068937, -0.09051, 0.375938, 0.085716, 0.080105, 0.527609]"
CONTROL,87854419.68100008,"[-0.072263, -0.087476, 0.378647, 0.088654, 0.081831, 0.523176]"
CONTROL,87874499.475,"[-0.075543, -0.084318, 0.381477, 0.091369, 0.083399, 0.518652]"
CONTROL,87894580.22999997,"[-0.078776, -0.08104, 0.384423, 0.093853, 0.084806, 0.514054]"
CONTROL,87914661.59300011,"[-0.081959, -0.077647, 0.387483, 0.0961, 0.086049, 0.5094]"
CONTROL,87934741.80400017,"[-0.08509, -0.074143, 0.390655, 0.098105, 0.087125, 0.504709]"
CONTROL,87954822.20600002,"[-0.088168, -0.070534, 0.393934, 0.099861, 0.088033, 0.5]"
CONTROL,87975054.07300013,"[-0.09119, -0.066825, 0.397318, 0.101365, 0.088771, 0.495291]"
CONTROL,87995134.09200017,"[-0.094154, -0.063021, 0.400803, 0.102613, 0.089337, 0.4906]"
CONTROL,88015215.00600006,"[-0.097058, -0.059127, 0.404386, 0.103602, 0.08973, 0.485946]"
CONTROL,88035318.5460001,"[-0.099902, -0.05515, 0.408064, 0.104329, 0.089949, 0.481348]"
CONTROL,88055403.26899995,"[-0.102682, -0.051094, 0.411832, 0.104793, 0.089995, 0.476824]"
CONTROL,88075483.51200011,"[-0.105397, -0.046965, 0.415687, 0.104992, 0.089867, 0.472391]"
CONTROL,88095564.10699998,"[-0.108046, -0.042769, 0.419626, 0.104925, 0.089564, 0.468067]"
CONTROL,88115645.59700014,"[-0.110627, -0.038513, 0.423644, 0.104594, 0.089089, 0.463868]"
CONTROL,88135726.44800001,"[-0.113138, -0.034202, 0.427737, 0.103998, 0.088441, 0.459813]"
CONTROL,88155807.203,"[-0.115577, -0.029843, 0.431901, 0.10314, 0.087622, 0.455916]"
CONTROL,88175886.38999996,"[-0.117943, -0.025441, 0.436133, 0.102021, 0.086634, 0.452193]"
CONTROL,88195966.82400015,"[-0.120235, -0.021003, 0.440428, 0.100645, 0.085478, 0.448659]"
CONTROL,88216047.09899998,"[-0.122451, -0.016535, 0.444781, 0.099014, 0.084157, 0.445327]"
CONTROL,88236127.27800015,"[-0.124589, -0.012043, 0.449189, 0.097133, 0.082673, 0.442212]"
CONTROL,88256207.74399999,"[-0.126649, -0.007535, 0.453647, 0.095007, 0.081029, 0.439324]"
CONTROL,88276287.12299998,"[-0.128629, -0.003016, 0.458151, 0.092641, 0.079228, 0.436675]"
CONTROL,88296366.40600006,"[-0.130528, 0.001508, 0.462697, 0.09004, 0.077274, 0.434277]"
CONTROL,88316445.78500004,"[-0.132344, 0.006029, 0.467279, 0.087213, 0.075171, 0.432138]"
CONTROL,88336524.58699998,"[-0.134076, 0.010542, 0.471893, 0.084165, 0.072922, 0.430267]"
CONTROL,88356603.39000015,"[-0.135724, 0.01504, 0.476535, 0.080904, 0.070532, 0.428671]"
CONTROL,88376683.21700016,"[-0.137286, 0.019516, 0.4812, 0.077439, 0.068006, 0.427356]"
CONTROL,88396762.24300002,"[-0.138762, 0.023965, 0.485884, 0.073778, 0.065349, 0.426328]"
CONTROL,88416841.84600012,"[-0.140149, 0.02838, 0.490581, 0.069931, 0.062564, 0.425591]"
CONTROL,88436921.54500014,"[-0.141449, 0.032754, 0.495288, 0.065908, 0.059659, 0.425148]"
CONTROL,88457001.94799997,"[-0.142658, 0.037082, 0.5, 0.061717, 0.056639, 0.425]"
CONTROL,88477082.28700003,"[-0.143778, 0.041357, 0.504712, 0.057371, 0.053509, 0.425148]"
CONTROL,88497161.88900015,"[-0.144807, 0.045573, 0.509419, 0.05288, 0.050275, 0.425591]"
CONTROL,88517241.20400013,"[-0.145745, 0.049725, 0.514116, 0.048256, 0.046944, 0.426328]"
CONTROL,88537322.79099995,"[-0.14659, 0.053806, 0.5188, 0.043509, 0.043523, 0.427356]"
CONTROL,88557401.59300013,"[-0.147343, 0.05781, 0.523465, 0.038653, 0.040017, 0.428671]"
CONTROL,88577479.4680001,"[-0.148003, 0.061733, 0.528107, 0.033699, 0.036434, 0.430267]"
CONTROL,88597559.74300015,"[-0.148569, 0.065567, 0.532721, 0.02866, 0.03278, 0.432138]"
CONTROL,88617640.08199997,"[-0.149042, 0.069309, 0.537303, 0.023548, 0.029063, 0.434277]"
CONTROL,88637719.844,"[-0.14942, 0.072952, 0.541849, 0.018377, 0.02529, 0.436675]"
CONTROL,88657798.07100011,"[-0.149704, 0.076491, 0.546353, 0.01316, 0.021468, 0.439324]"
CONTROL,88677876.84200016,"[-0.149893, 0.079921, 0.550811, 0.007909, 0.017604, 0.442212]"
CONTROL,88697952.98799999,"[-0.149988, 0.083238, 0.555219, 0.002639, 0.013707, 0.445327]"
CONTROL,88718033.96700011,"[-0.149988, 0.086437, 0.559572, -0.002639, 0.009782, 0.448659]"
CONTROL,88738113.76200001,"[-0.149893, 0.089513, 0.563867, -0.007909, 0.005839, 0.452193]"
CONTROL,88758194.29300009,"[-0.149704, 0.092462, 0.568099, -0.01316, 0.001885, 0.455916]"
CONTROL,88778274.18300012,"[-0.14942, 0.095279, 0.572263, -0.018377, -0.002073, 0.459813]"
CONTROL,88798354.04200003,"[-0.149042, 0.097961, 0.576356, -0.023548, -0.006027, 0.463868]"
CONTROL,88818434.92500003,"[-0.148569, 0.100503, 0.580374, -0.02866, -0.00997, 0.468067]"
CONTROL,88838515.03999995,"[-0.148003, 0.102903, 0.584313, -0.033699, -0.013893, 0.472391]"
CONTROL,88858594.32200004,"[-0.147343, 0.105157, 0.588168, -0.038653, -0.017789, 0.476824]"
CONTROL,88878673.89300004,"[-0.14659, 0.107261, 0.591936, -0.043509, -0.021651, 0.481348]"
CONTROL,88898754.328,"[-0.145745, 0.109213, 0.595614, -0.048256, -0.025471, 0.485946]"
CONTROL,88918834.091,"[-0.144807, 0.111009, 0.599197, -0.05288, -0.029242, 0.4906]"
CONTROL,88938913.94900015,"[-0.143778, 0.112648, 0.602682, -0.057371, -0.032956, 0.495291]"
CONTROL,88958995.02400015,"[-0.142658, 0.114127, 0.606066, -0.061717, -0.036606, 0.5]"
CONTROL,88979188.48900008,"[-0.141449, 0.115443, 0.609345, -0.065908, -0.040186, 0.504709]"
CONTROL,88999269.50000009,"[-0.140149, 0.116596, 0.612517, -0.069931, -0.043688, 0.5094]"
CONTROL,89019350.09500016,"[-0.138762, 0.117583, 0.615577, -0.073778, -0.047105, 0.514054]"
CONTROL,89039431.39300008,"[-0.137286, 0.118402, 0.618523, -0.077439, -0.050431, 0.518652]"
CONTROL,89059533.81300014,"[-0.135724, 0.119054, 0.621353, -0.080904, -0.05366, 0.523176]"
CONTROL,89079623.65699996,"[-0.134076, 0.119536, 0.624062, -0.084165, -0.056785, 0.527609]"
CONTROL,89099705.179,"[-0.132344, 0.119848, 0.626649, -0.087213, -0.0598, 0.531933]"
CONTROL,89119786.09400012,"[-0.130528, 0.119991, 0.629111, -0.09004, -0.0627, 0.536132]"
CONTROL,89139867.39300004,"[-0.128629, 0.119962, 0.631446, -0.092641, -0.065478, 0.540187]"
CONTROL,89159948.02,"[-0.126649, 0.119763, 0.633651, -0.095007, -0.06813, 0.544084]"
CONTROL,89180029.67100006,"[-0.124589, 0.119394, 0.635724, -0.097133, -0.070649, 0.547807]"
CONTROL,89200109.33699995,"[-0.122451, 0.118855, 0.637663, -0.099014, -0.073032, 0.551341]"
CONTROL,89220188.87600006,"[-0.120235, 0.118148, 0.639466, -0.100645, -0.075274, 0.554673]"
CONTROL,89240269.69500005,"[-0.117943, 0.117272, 0.641132, -0.102021, -0.077371, 0.557788]"
CONTROL,89260348.5300001,"[-0.115577, 0.11623, 0.642658, -0.10314, -0.079317, 0.560676]"
CONTROL,89280428.67600016,"[-0.113138, 0.115023, 0.644044, -0.103998, -0.081111, 0.563325]"
CONTROL,89300506.48700012,"[-0.110627, 0.113652, 0.645287, -0.104594, -0.082747, 0.565723]"
CONTROL,89320587.56200013,"[-0.108046, 0.112119, 0.646388, -0.104925, -0.084223, 0.567862]"
CONTROL,89340668.34899999,"[-0.105397, 0.110428, 0.647343, -0.104992, -0.085537, 0.569733]"
CONTROL,89360748.81600007,"[-0.102682, 0.108579, 0.648153, -0.104793, -0.086685, 0.571329]"
CONTROL,89380829.02700011,"[-0.099902, 0.106576, 0.648817, -0.104329, -0.087665, 0.572644]"
CONTROL,89400907.98899996,"[-0.097058, 0.104422, 0.649334, -0.103602, -0.088476, 0.573672]"
CONTROL,89420988.16800012,"[-0.094154, 0.102119, 0.649704, -0.102613, -0.089115, 0.574409]"
CONTROL,89441064.41100007,"[-0.09119, 0.099672, 0.649926, -0.101365, -0.089583, 0.574852]"
CONTROL,89461146.12600014,"[-0.088168, 0.097082, 0.65, -0.099861, -0.089877, 0.575]"
CONTROL,89481225.15199998,"[-0.08509, 0.094355, 0.649926, -0.098105, -0.089997, 0.574852]"
CONTROL,89501304.979,"[-0.081959, 0.091493, 0.649704, -0.0961, -0.089943, 0.574409]"
CONTROL,89521385.12600005,"[-0.078776, 0.088502, 0.649334, -0.093853, -0.089715, 0.573672]"
CONTROL,89541464.85700016,"[-0.075543, 0.085384, 0.648817, -0.091369, -0.089314, 0.572644]"
CONTROL,89561544.58800006,"[-0.072263, 0.082146, 0.648153, -0.088654, -0.08874, 0.571329]"
CONTROL,89581623.67800014,"[-0.068937, 0.07879, 0.647343, -0.085716, -0.087994, 0.569733]"
CONTROL,89601703.98500009,"[-0.065567, 0.075323, 0.646388, -0.08256, -0.087078, 0.567862]"
CONTROL,89621784.03600001,"[-0.062156, 0.071749, 0.645287, -0.079196, -0.085994, 0.565723]"
CONTROL,89641863.83100013,"[-0.058706, 0.068072, 0.644044, -0.075632, -0.084743, 0.563325]"
CONTROL,89661942.92199998,"[-0.055219, 0.064299, 0.642658, -0.071877, -0.083328, 0.560676]"
CONTROL,89682022.39600009,"[-0.051696, 0.060435, 0.641132, -0.067941, -0.081753, 0.557788]"
CONTROL,89702102.57500003,"[-0.048142, 0.056484, 0.639466, -0.063833, -0.080019, 0.554673]"
CONTROL,89722177.41000009,"[-0.044556, 0.052454, 0.637663, -0.059563, -0.07813, 0.551341]"
CONTROL,89742258.83700001,"[-0.040943, 0.048349, 0.635724, -0.055143, -0.07609, 0.547807]"
CONTROL,89762339.81500013,"[-0.037303, 0.044175, 0.633651, -0.050584, -0.073903, 0.544084]"
CONTROL,89782420.82600014,"[-0.033641, 0.039938, 0.631446, -0.045897, -0.071574, 0.540187]"
CONTROL,89802501.96500015,"[-0.029956, 0.035645, 0.629111, -0.041094, -0.069105, 0.536132]"
CONTROL,89822581.98399995,"[-0.026253, 0.031301, 0.626649, -0.036188, -0.066503, 0.531933]"
CONTROL,89842663.15500008,"[-0.022534, 0.026912, 0.624062, -0.031189, -0.063773, 0.527609]"
CONTROL,89862742.43800017,"[-0.0188, 0.022486, 0.621353, -0.026112, -0.060919, 0.523176]"
CONTROL,89882822.58399999,"[-0.015054, 0.018027, 0.618523, -0.02097, -0.057947, 0.518652]"
CONTROL,89902903.3710001,"[-0.011299, 0.013543, 0.615577, -0.015774, -0.054863, 0.514054]"
CONTROL,89922983.0060001,"[-0.007537, 0.009039, 0.612517, -0.010538, -0.051673, 0.5094]"
CONTROL,89943062.64100009,"[-0.00377, 0.004523, 0.609345, -0.005276, -0.048383, 0.504709]"
CONTROL,89963142.59600012,"[0.0, 0.0, 0.606066, 0.0, -0.045, 0.5]"
CONTROL,89983331.0680001,"[0.00377, -0.004523, 0.602682, 0.005276, -0.04153, 0.495291]"
CONTROL,90003411.88700008,"[0.007537, -0.009039, 0.599197, 0.010538, -0.037979, 0.4906]"
CONTROL,90023491.58600008,"[0.011299, -0.013543, 0.595614, 0.015774, -0.034354, 0.485946]"
CONTROL,90043571.76500003,"[0.015054, -0.018027, 0.591936, 0.02097, -0.030664, 0.481348]"
CONTROL,90063652.48700012,"[0.0188, -0.022486, 0.588168, 0.026112, -0.026914, 0.476824]"
CONTROL,90083752.53899999,"[0.022534, -0.026912, 0.584313, 0.031189, -0.023112, 0.472391]"
CONTROL,90103833.96600014,"[0.026253, -0.031301, 0.580374, 0.036188, -0.019265, 0.468067]"
CONTROL,90123914.689,"[0.029956, -0.035645, 0.576356, 0.041094, -0.015381, 0.463868]"
CONTROL,90143994.80400015,"[0.033641, -0.039938, 0.572263, 0.045897, -0.011467, 0.459813]"
CONTROL,90164075.78300004,"[0.037303, -0.044175, 0.568099, 0.050584, -0.007531, 0.455916]"
CONTROL,90184157.17800008,"[0.040943, -0.048349, 0.563867, 0.055143, -0.00358, 0.452193]"
CONTROL,90204237.19600013,"[0.044556, -0.052454, 0.559572, 0.059563, 0.000377, 0.448659]"
CONTROL,90224318.111,"[0.048142, -0.056484, 0.555219, 0.063833, 0.004334, 0.445327]"
CONTROL,90244405.77900009,"[0.051696, -0.060435, 0.550811, 0.067941, 0.008282, 0.442212]"
CONTROL,90264486.08500004,"[0.055219, -0.064299, 0.546353, 0.071877, 0.012214, 0.439324]"
CONTROL,90284565.68800016,"[0.058706, -0.068072, 0.541849, 0.075632, 0.016123, 0.436675]"
CONTROL,90304645.38700016,"[0.062156, -0.071749, 0.537303, 0.079196, 0.020001, 0.434277]"
CONTROL,90324724.73400003,"[0.065567, -0.075323, 0.532721, 0.08256, 0.023839, 0.432138]"
CONTROL,90344803.72899997,"[0.068937, -0.07879, 0.528107, 0.085716, 0.027632, 0.430267]"
CONTROL,90364884.03600015,"[0.072263, -0.082146, 0.523465, 0.088654, 0.031371, 0.428671]"
CONTROL,90384963.73500015,"[0.075543, -0.085384, 0.5188, 0.091369, 0.03505, 0.427356]"
CONTROL,90405043.04900014,"[0.078776, -0.088502, 0.514116, 0.093853, 0.038661, 0.426328]"
CONTROL,90425121.34000003,"[0.081959, -0.091493, 0.509419, 0.0961, 0.042197, 0.425591]"
CONTROL,90445201.48700008,"[0.08509, -0.094355, 0.504712, 0.098105, 0.045651, 0.425148]"
CONTROL,90465281.66600001,"[0.088168, -0.097082, 0.5, 0.099861, 0.049018, 0.425]"
CONTROL,90485361.39700013,"[0.09119, -0.099672, 0.495288, 0.101365, 0.052289, 0.425148]"
CONTROL,90505441.06400003,"[0.094154, -0.102119, 0.490581, 0.102613, 0.055459, 0.425591]"
CONTROL,90525520.73000015,"[0.097058, -0.104422, 0.485884, 0.103602, 0.058522, 0.426328]"
CONTROL,90545600.68499996,"[0.099902, -0.106576, 0.4812, 0.104329, 0.061472, 0.427356]"
CONTROL,90565679.3600001,"[0.102682, -0.108579, 0.476535, 0.104793, 0.064303, 0.428671]"
CONTROL,90585758.80300009,"[0.105397, -0.110428, 0.471893, 0.104992, 0.067009, 0.430267]"
CONTROL,90605838.5020001,"[0.108046, -0.112119, 0.467279, 0.104925, 0.069586, 0.432138]"
CONTROL,90625917.52900016,"[0.110627, -0.113652, 0.462697, 0.104594, 0.072028, 0.434277]"
CONTROL,90645996.68300003,"[0.113138, -0.115023, 0.458151, 0.103998, 0.074331, 0.436675]"
CONTROL,90666077.40600011,"[0.115577, -0.11623, 0.453647, 0.10314, 0.07649, 0.439324]"
CONTROL,90686157.58500005,"[0.117943, -0.117272, 0.449189, 0.102021, 0.078502, 0.442212]"
CONTROL,90706237.34800006,"[0.120235, -0.118148, 0.444781, 0.100645, 0.080361, 0.445327]"
CONTROL,90726316.279,"[0.122451, -0.118855, 0.440428, 0.099014, 0.082065, 0.448659]"
CONTROL,90746391.30500008,"[0.124589, -0.119394, 0.436133, 0.097133, 0.08361, 0.452193]"
CONTROL,90766472.31600009,"[0.126649, -0.119763, 0.431901, 0.095007, 0.084994, 0.455916]"
CONTROL,90786551.72699995,"[0.128629, -0.119962, 0.427737, 0.092641, 0.086213, 0.459813]"
CONTROL,90806631.74599999,"[0.130528, -0.119991, 0.423644, 0.09004, 0.087265, 0.463868]"
CONTROL,90826713.04500014,"[0.132344, -0.119848, 0.419626, 0.087213, 0.088149, 0.468067]"
CONTROL,90846792.16800009,"[0.134076, -0.119536, 0.415687, 0.084165, 0.088862, 0.472391]"
CONTROL,90866871.48300007,"[0.135724, -0.119054, 0.411832, 0.080904, 0.089404, 0.476824]"
CONTROL,90886952.46199995,"[0.137286, -0.118402, 0.408064, 0.077439, 0.089772, 0.481348]"
CONTROL,90907032.51200011,"[0.138762, -0.117583, 0.404386, 0.073778, 0.089967, 0.485946]"
CONTROL,90927112.94700007,"[0.140149, -0.116596, 0.400803, 0.069931, 0.089987, 0.4906]"
CONTROL,90947188.8380001,"[0.141449, -0.115443, 0.397318, 0.065908, 0.089834, 0.495291]"
CONTROL,90967264.18499997,"[0.142658, -0.114127, 0.393934, 0.061717, 0.089507, 0.5]"
CONTROL,90987429.64799999,"[0.143778, -0.112648, 0.390655, 0.057371, 0.089007, 0.504709]"
CONTROL,91007506.595,"[0.144807, -0.111009, 0.387483, 0.05288, 0.088334, 0.5094]"
CONTROL,91027580.98100002,"[0.145745, -0.109213, 0.384423, 0.048256, 0.087491, 0.514054]"
CONTROL,91047651.49600007,"[0.14659, -0.107261, 0.381477, 0.043509, 0.086479, 0.518652]"
CONTROL,91067727.51400013,"[0.147343, -0.105157, 0.378647, 0.038653, 0.085299, 0.523176]"
CONTROL,91087803.78899996,"[0.148003, -0.102903, 0.375938, 0.033699, 0.083955, 0.527609]"
CONTROL,91107916.06500015,"[0.148569, -0.100503, 0.373351, 0.02866, 0.082447, 0.531933]"
CONTROL,91127996.43600011,"[0.149042, -0.097961, 0.370889, 0.023548, 0.080781, 0.536132]"
CONTROL,91148069.38300012,"[0.14942, -0.095279, 0.368554, 0.018377, 0.078958, 0.540187]"
CONTROL,91168144.69700012,"[0.149704, -0.092462, 0.366349, 0.01316, 0.076983, 0.544084]"
CONTROL,91188221.2600001,"[0.149893, -0.089513, 0.364276, 0.007909, 0.074858, 0.547807]"
CONTROL,91208294.71900015,"[0.149988, -0.086437, 0.362337, 0.002639, 0.072589, 0.551341]"
CONTROL,91228370.73699997,"[0.149988, -0.083238, 0.360534, -0.002639, 0.07018, 0.554673]"
CONTROL,91248456.93300018,"[0.149893, -0.079921, 0.358868, -0.007909, 0.067635, 0.557788]"
CONTROL,91268532.50299996,"[0.149704, -0.076491, 0.357342, -0.01316, 0.064958, 0.560676]"
CONTROL,91288607.05000012,"[0.14942, -0.072952, 0.355956, -0.018377, 0.062157, 0.563325]"
CONTROL,91308682.33299997,"[0.149042, -0.069309, 0.354713, -0.023548, 0.059235, 0.565723]"
CONTROL,91328753.4870001,"[0.148569, -0.065567, 0.353612, -0.02866, 0.056198, 0.567862]"
CONTROL,91348829.63400014,"[0.148003, -0.061733, 0.352657, -0.033699, 0.053053, 0.569733]"
CONTROL,91368904.40399998,"[0.147343, -0.05781, 0.351847, -0.038653, 0.049805, 0.571329]"
CONTROL,91388979.46300016,"[0.14659, -0.053806, 0.351183, -0.043509, 0.046461, 0.572644]"
CONTROL,91409054.362,"[0.145745, -0.049725, 0.350666, -0.048256, 0.043027, 0.573672]"
CONTROL,91429129.16399996,"[0.144807, -0.045573, 0.350296, -0.05288, 0.03951, 0.574409]"
CONTROL,91449204.38300005,"[0.143778, -0.041357, 0.350074, -0.057371, 0.035916, 0.574852]"
CONTROL,91469279.53800014,"[0.142658, -0.037082, 0.35, -0.061717, 0.032253, 0.575]"
CONTROL,91489354.05199996,"[0.141449, -0.032754, 0.350074, -0.065908, 0.028528, 0.574852]"
CONTROL,91509428.6630001,"[0.140149, -0.02838, 0.350296, -0.069931, 0.024747, 0.574409]"
CONTROL,91529505.03400007,"[0.138762, -0.023965, 0.350666, -0.073778, 0.020918, 0.573672]"
CONTROL,91549578.71600004,"[0.137286, -0.019516, 0.351183, -0.077439, 0.017049, 0.572644]"
CONTROL,91569652.59100002,"[0.135724, -0.01504, 0.351847, -0.080904, 0.013147, 0.571329]"
CONTROL,91589727.36200008,"[0.134076, -0.010542, 0.352657, -0.084165, 0.00922, 0.569733]"
CONTROL,91609806.89999996,"[0.132344, -0.006029, 0.353612, -0.087213, 0.005275, 0.567862]"
CONTROL,91629883.20700015,"[0.130528, -0.001508, 0.354713, -0.09004, 0.001319, 0.565723]"
CONTROL,91649963.03400017,"[0.128629, 0.003016, 0.355956, -0.092641, -0.002639, 0.563325]"
CONTROL,91670043.437,"[0.126649, 0.007535, 0.357342, -0.095007, -0.006591, 0.560676]"
CONTROL,91690124.51200001,"[0.124589, 0.012043, 0.358868, -0.097133, -0.010532, 0.557788]"
CONTROL,91710204.62700017,"[0.122451, 0.016535, 0.360534, -0.099014, -0.014451, 0.554673]"
CONTROL,91730284.9340001,"[0.120235, 0.021003, 0.362337, -0.100645, -0.018343, 0.551341]"
CONTROL,91750363.99300006,"[0.117943, 0.025441, 0.364276, -0.102021, -0.022199, 0.547807]"
CONTROL,91770442.18800007,"[0.115577, 0.029843, 0.366349, -0.10314, -0.026013, 0.544084]"
CONTROL,91790522.71900013,"[0.113138, 0.034202, 0.368554, -0.103998, -0.029776, 0.540187]"
CONTROL,91810603.18499999,"[0.110627, 0.038513, 0.370889, -0.104594, -0.033481, 0.536132]"
CONTROL,91830683.49200016,"[0.108046, 0.042769, 0.373351, -0.104925, -0.037122, 0.531933]"
CONTROL,91850763.15900005,"[0.105397, 0.046965, 0.375938, -0.104992, -0.040691, 0.527609]"
CONTROL,91870843.658,"[0.102682, 0.051094, 0.378647, -0.104793, -0.044181, 0.523176]"
CONTROL,91890926.10900003,"[0.099902, 0.05515, 0.381477, -0.104329, -0.047586, 0.518652]"
CONTROL,91911006.7040001,"[0.097058, 0.059127, 0.384423, -0.103602, -0.050899, 0.514054]"
CONTROL,91931087.26700006,"[0.094154, 0.063021, 0.387483, -0.102613, -0.054113, 0.5094]"
CONTROL,91951168.43799996,"[0.09119, 0.066825, 0.390655, -0.101365, -0.057223, 0.504709]"
CONTROL,91971249.54500009,"[0.088168, 0.070534, 0.393934, -0.099861, -0.060222, 0.5]"
CONTROL,91991427.80900002,"[0.08509, 0.074143, 0.397318, -0.098105, -0.063104, 0.495291]"
CONTROL,92011507.34800012,"[0.081959, 0.077647, 0.400803, -0.0961, -0.065865, 0.4906]"
CONTROL,92031587.30300015,"[0.078776, 0.08104, 0.404386, -0.093853, -0.068498, 0.485946]"
CONTROL,92051667.5460001,"[0.075543, 0.084318, 0.408064, -0.091369, -0.070998, 0.481348]"
CONTROL,92071745.96499999,"[0.072263, 0.087476, 0.411832, -0.088654, -0.073362, 0.476824]"
CONTROL,92091826.71999997,"[0.068937, 0.09051, 0.415687, -0.085716, -0.075583, 0.472391]"
CONTROL,92111904.81900008,"[0.065567, 0.093415, 0.419626, -0.08256, -0.077658, 0.468067]"
CONTROL,92131987.01400006,"[0.062156, 0.096188, 0.423644, -0.079196, -0.079583, 0.463868]"
CONTROL,92152065.04800017,"[0.058706, 0.098824, 0.427737, -0.075632, -0.081354, 0.459813]"
CONTROL,92172145.25899999,"[0.055219, 0.101319, 0.431901, -0.071877, -0.082968, 0.455916]"
CONTROL,92192222.75000015,"[0.051696, 0.103671, 0.436133, -0.067941, -0.084421, 0.452193]"
CONTROL,92212302.44900016,"[0.048142, 0.105875, 0.440428, -0.063833, -0.085711, 0.448659]"
CONTROL,92232382.53199998,"[0.044556, 0.107929, 0.444781, -0.059563, -0.086835, 0.445327]"
CONTROL,92252462.71100013,"[0.040943, 0.109829, 0.449189, -0.055143, -0.087791, 0.442212]"
CONTROL,92272541.92999999,"[0.037303, 0.111573, 0.453647, -0.050584, -0.088578, 0.439324]"
CONTROL,92292621.78900012,"[0.033641, 0.113159, 0.458151, -0.045897, -0.089193, 0.436675]"
CONTROL,92312704.016,"[0.029956, 0.114584, 0.462697, -0.041094, -0.089635, 0.434277]"
CONTROL,92332784.54700008,"[0.026253, 0.115846, 0.467279, -0.036188, -0.089904, 0.432138]"
CONTROL,92352864.75800012,"[0.022534, 0.116943, 0.471893, -0.031189, -0.09, 0.430267]"
CONTROL,92372944.36100002,"[0.0188, 0.117874, 0.476535, -0.026112, -0.089921, 0.428671]"
CONTROL,92393025.75600004,"[0.015054, 0.118638, 0.4812, -0.02097, -0.089668, 0.427356]"
CONTROL,92413105.64700006,"[0.011299, 0.119233, 0.485884, -0.015774, -0.089242, 0.426328]"
CONTROL,92433199.13899995,"[0.007537, 0.119659, 0.490581, -0.010538, -0.088644, 0.425591]"
CONTROL,92453280.05400006,"[0.00377, 0.119915, 0.495288, -0.005276, -0.087873, 0.425148]"
CONTROL,92473360.32900012,"[0.0, 0.12, 0.5, -0.0, -0.086933, 0.425]"
CONTROL,92493442.556,"[-0.00377, 0.119915, 0.504712, 0.005276, -0.085825, 0.425148]"
CONTROL,92513524.71900009,"[-0.007537, 0.119659, 0.509419, 0.010538, -0.084551, 0.425591]"
CONTROL,92533604.19399996,"[-0.011299, 0.119233, 0.514116, 0.015774, -0.083113, 0.426328]"
CONTROL,92553684.277,"[-0.015054, 0.118638, 0.5188, 0.02097, -0.081515, 0.427356]"
CONTROL,92573764.20000014,"[-0.0188, 0.117874, 0.523465, 0.026112, -0.079758, 0.428671]"
CONTROL,92593845.08300014,"[-0.022534, 0.116943, 0.528107, 0.031189, -0.077848, 0.430267]"
CONTROL,92613925.29399996,"[-0.026253, 0.115846, 0.532721, 0.036188, -0.075787, 0.432138]"
CONTROL,92634004.60900016,"[-0.029956, 0.114584, 0.537303, 0.041094, -0.073579, 0.434277]"
CONTROL,92654085.81199995,"[-0.033641, 0.113159, 0.541849, 0.045897, -0.071229, 0.436675]"
CONTROL,92674165.41500007,"[-0.037303, 0.111573, 0.546353, 0.050584, -0.068742, 0.439324]"
CONTROL,92694246.36200006,"[-0.040943, 0.109829, 0.550811, 0.055143, -0.066121, 0.442212]"
CONTROL,92714328.07700011,"[-0.044556, 0.107929, 0.555219, 0.059563, -0.063372, 0.445327]"
CONTROL,92734409.79199995,"[-0.048142, 0.105875, 0.559572, 0.063833, -0.060501, 0.448659]"
CONTROL,92754490.93099996,"[-0.051696, 0.103671, 0.563867, 0.067941, -0.057513, 0.452193]"
CONTROL,92774569.73400013,"[-0.055219, 0.101319, 0.568099, 0.071877, -0.054414, 0.455916]"
CONTROL,92794647.16100006,"[-0.058706, 0.098824, 0.572263, 0.075632, -0.051209, 0.459813]"
CONTROL,92814728.39599997,"[-0.062156, 0.096188, 0.576356, 0.079196, -0.047906, 0.463868]"
CONTROL,92834808.41499999,"[-0.065567, 0.093415, 0.580374, 0.08256, -0.044509, 0.468067]"
CONTROL,92854888.14600012,"[-0.068937, 0.09051, 0.584313, 0.085716, -0.041027, 0.472391]"
CONTROL,92874967.14100008,"[-0.072263, 0.087476, 0.588168, 0.088654, -0.037465, 0.476824]"
CONTROL,92895047.063,"[-0.075543, 0.084318, 0.591936, 0.091369, -0.033831, 0.481348]"
CONTROL,92915127.62599996,"[-0.078776, 0.08104, 0.595614, 0.093853, -0.030131, 0.485946]"
CONTROL,92935207.45299998,"[-0.081959, 0.077647, 0.599197, 0.0961, -0.026374, 0.4906]"
CONTROL,92955289.45700017,"[-0.08509, 0.074143, 0.602682, 0.098105, -0.022565, 0.495291]"
CONTROL,92975369.82800011,"[-0.088168, 0.070534, 0.606066, 0.099861, -0.018712, 0.5]"
CONTROL,92995539.259,"[-0.09119, 0.066825, 0.609345, 0.101365, -0.014823, 0.504709]"
CONTROL,93015620.0460001,"[-0.094154, 0.063021, 0.612517, 0.102613, -0.010906, 0.5094]"
CONTROL,93035701.217,"[-0.097058, 0.059127, 0.615577, 0.103602, -0.006967, 0.514054]"
CONTROL,93055783.86000001,"[-0.099902, 0.05515, 0.618523, 0.104329, -0.003015, 0.518652]"
CONTROL,93075865.35099995,"[-0.102682, 0.051094, 0.621353, 0.104793, 0.000942, 0.523176]"
CONTROL,93095944.28200012,"[-0.105397, 0.046965, 0.624062, 0.104992, 0.004898, 0.527609]"
CONTROL,93116023.821,"[-0.108046, 0.042769, 0.626649, 0.104925, 0.008845, 0.531933]"
CONTROL,93136102.84800006,"[-0.110627, 0.038513, 0.629111, 0.104594, 0.012774, 0.536132]"
CONTROL,93156198.1960001,"[-0.113138, 0.034202, 0.631446, 0.103998, 0.016679, 0.540187]"
CONTROL,93176276.13500008,"[-0.115577, 0.029843, 0.633651, 0.10314, 0.020552, 0.544084]"
CONTROL,93196356.73000017,"[-0.117943, 0.025441, 0.635724, 0.102021, 0.024384, 0.547807]"
CONTROL,93216438.445,"[-0.120235, 0.021003, 0.637663, 0.100645, 0.02817, 0.551341]"
CONTROL,93236519.10400008,"[-0.122451, 0.016535, 0.639466, 0.099014, 0.031901, 0.554673]"
CONTROL,93256611.06000006,"[-0.124589, 0.012043, 0.641132, 0.097133, 0.03557, 0.557788]"
CONTROL,93276694.56700005,"[-0.126649, 0.007535, 0.642658, 0.095007, 0.039171, 0.560676]"
CONTROL,93296775.19400002,"[-0.128629, 0.003016, 0.644044, 0.092641, 0.042696, 0.563325]"
CONTROL,93316856.26900002,"[-0.130528, -0.001508, 0.645287, 0.09004, 0.046138, 0.565723]"
CONTROL,93336937.92000008,"[-0.132344, -0.006029, 0.646388, 0.087213, 0.049491, 0.567862]"
CONTROL,93357019.05900009,"[-0.134076, -0.010542, 0.647343, 0.084165, 0.052748, 0.569733]"
CONTROL,93377102.08600014,"[-0.135724, -0.01504, 0.648153, 0.080904, 0.055903, 0.571329]"
CONTROL,93397182.45700009,"[-0.137286, -0.019516, 0.648817, 0.077439, 0.05895, 0.572644]"
CONTROL,93417262.70000003,"[-0.138762, -0.023965, 0.649334, 0.073778, 0.061884, 0.573672]"
CONTROL,93437343.90300006,"[-0.140149, -0.02838, 0.649704, 0.069931, 0.064697, 0.574409]"
CONTROL,93457426.22700004,"[-0.141449, -0.032754, 0.649926, 0.065908, 0.067385, 0.574852]"
CONTROL,93477506.31000008,"[-0.142658, -0.037082, 0.65, 0.061717, 0.069943, 0.575]"
CONTROL,93497587.16099995,"[-0.143778, -0.041357, 0.649926, 0.057371, 0.072366, 0.574852]"
CONTROL,93517668.17199996,"[-0.144807, -0.045573, 0.649704, 0.05288, 0.074648, 0.574409]"
CONTROL,93537749.02300006,"[-0.145745, -0.049725, 0.649334, 0.048256, 0.076787, 0.573672]"
CONTROL,93557829.1060001,"[-0.14659, -0.053806, 0.648817, 0.043509, 0.078777, 0.572644]"
CONTROL,93577911.589,"[-0.147343, -0.05781, 0.648153, 0.038653, 0.080614, 0.571329]"
CONTROL,93597994.68000005,"[-0.148003, -0.061733, 0.647343, 0.033699, 0.082296, 0.569733]"
CONTROL,93618075.91499996,"[-0.148569, -0.065567, 0.646388, 0.02866, 0.083818, 0.567862]"
CONTROL,93638156.31800003,"[-0.149042, -0.069309, 0.645287, 0.023548, 0.085178, 0.565723]"
CONTROL,93658237.13700001,"[-0.14942, -0.072952, 0.644044, 0.018377, 0.086374, 0.563325]"
CONTROL,93678318.24500012,"[-0.149704, -0.076491, 0.642658, 0.01316, 0.087402, 0.560676]"
CONTROL,93698398.64799997,"[-0.149893, -0.079921, 0.641132, 0.007909, 0.088261, 0.557788]"
CONTROL,93718479.46699995,"[-0.149988, -0.083238, 0.639466, 0.002639, 0.08895, 0.554673]"
CONTROL,93738560.22200017,"[-0.149988, -0.086437, 0.637663, -0.002639, 0.089467, 0.551341]"
CONTROL,93758639.98499994,"[-0.149893, -0.089513, 0.635724, -0.007909, 0.08981, 0.547807]"
CONTROL,93778720.35600013,"[-0.149704, -0.092462, 0.633651, -0.01316, 0.08998, 0.544084]"
CONTROL,93798802.775,"[-0.14942, -0.095279, 0.631446, -0.018377, 0.089976, 0.540187]"
CONTROL,93818880.64999998,"[-0.149042, -0.097961, 0.629111, -0.023548, 0.089798, 0.536132]"
CONTROL,93838959.19700012,"[-0.148569, -0.100503, 0.626649, -0.02866, 0.089446, 0.531933]"
CONTROL,93859035.56800008,"[-0.148003, -0.102903, 0.624062, -0.033699, 0.088921, 0.527609]"
CONTROL,93879111.52300012,"[-0.147343, -0.105157, 0.621353, -0.038653, 0.088224, 0.523176]"
CONTROL,93899189.04499996,"[-0.14659, -0.107261, 0.618523, -0.043509, 0.087357, 0.518652]"
CONTROL,93919263.33600008,"[-0.145745, -0.109213, 0.615577, -0.048256, 0.08632, 0.514054]"
CONTROL,93939339.70700005,"[-0.144807, -0.111009, 0.612517, -0.05288, 0.085117, 0.5094]"
CONTROL,93959415.50199996,"[-0.143778, -0.112648, 0.609345, -0.057371, 0.083749, 0.504709]"
CONTROL,93979491.13699996,"[-0.142658, -0.114127, 0.606066, -0.061717, 0.082219, 0.5]"
CONTROL,93999678.52100007,"[-0.141449, -0.115443, 0.602682, -0.065908, 0.08053, 0.495291]"
CONTROL,94019755.05200016,"[-0.140149, -0.116596, 0.599197, -0.069931, 0.078685, 0.4906]"
CONTROL,94039830.46300004,"[-0.138762, -0.117583, 0.595614, -0.073778, 0.076688, 0.485946]"
CONTROL,94059903.34600006,"[-0.137286, -0.118402, 0.591936, -0.077439, 0.074543, 0.481348]"
CONTROL,94079980.35600008,"[-0.135724, -0.119054, 0.588168, -0.080904, 0.072254, 0.476824]"
CONTROL,94100071.22399998,"[-0.134076, -0.119536, 0.584313, -0.084165, 0.069824, 0.472391]"
CONTROL,94120151.65900016,"[-0.132344, -0.119848, 0.580374, -0.087213, 0.06726, 0.468067]"
CONTROL,94140231.64600007,"[-0.130528, -0.119991, 0.576356, -0.09004, 0.064566, 0.463868]"
CONTROL,94160312.43300018,"[-0.128629, -0.119962, 0.572263, -0.092641, 0.061747, 0.459813]"
CONTROL,94180393.7960001,"[-0.126649, -0.119763, 0.568099, -0.095007, 0.058808, 0.455916]"
CONTROL,94200493.43200003,"[-0.124589, -0.119394, 0.563867, -0.097133, 0.055755, 0.452193]"
CONTROL,94220573.09900014,"[-0.122451, -0.118855, 0.559572, -0.099014, 0.052595, 0.448659]"
CONTROL,94240664.99100013,"[-0.120235, -0.118148, 0.555219, -0.100645, 0.049333, 0.445327]"
CONTROL,94260744.85000004,"[-0.117943, -0.117272, 0.550811, -0.102021, 0.045976, 0.442212]"
CONTROL,94280825.76500015,"[-0.115577, -0.11623, 0.546353, -0.10314, 0.04253, 0.439324]"
CONTROL,94305326.65400006,"[-0.113138, -0.115023, 0.541849, -0.103998, 0.039001, 0.436675]"
CONTROL,94325428.40200017,"[-0.110627, -0.113652, 0.537303, -0.104594, 0.035397, 0.434277]"
CONTROL,94345529.86200015,"[-0.108046, -0.112119, 0.532721, -0.104925, 0.031725, 0.432138]"
CONTROL,94365622.07400015,"[-0.105397, -0.110428, 0.528107, -0.104992, 0.027991, 0.430267]"
CONTROL,94385730.70300004,"[-0.102682, -0.108579, 0.523465, -0.104793, 0.024203, 0.428671]"
CONTROL,94405830.3710001,"[-0.099902, -0.106576, 0.5188, -0.104329, 0.020368, 0.427356]"
CONTROL,94425920.85399997,"[-0.097058, -0.104422, 0.514116, -0.103602, 0.016494, 0.426328]"
CONTROL,94446008.45800005,"[-0.094154, -0.102119, 0.509419, -0.102613, 0.012588, 0.425591]"
CONTROL,94466087.58100002,"[-0.09119, -0.099672, 0.504712, -0.101365, 0.008657, 0.425148]"
CONTROL,94486173.8080001,"[-0.088168, -0.097082, 0.5, -0.099861, 0.00471, 0.425]"
CONTROL,94506255.58700016,"[-0.08509, -0.094355, 0.495288, -0.098105, 0.000754, 0.425148]"
CONTROL,94526328.9500001,"[-0.081959, -0.091493, 0.490581, -0.0961, -0.003204, 0.425591]"
CONTROL,94546407.369,"[-0.078776, -0.088502, 0.485884, -0.093853, -0.007155, 0.426328]"
CONTROL,94566475.73999998,"[-0.075543, -0.085384, 0.4812, -0.091369, -0.011093, 0.427356]"
CONTROL,94586545.83800012,"[-0.072263, -0.082146, 0.476535, -0.088654, -0.015009, 0.428671]"
CONTROL,94606622.68900001,"[-0.068937, -0.07879, 0.471893, -0.085716, -0.018896, 0.430267]"
CONTROL,94626704.82,"[-0.065567, -0.075323, 0.467279, -0.08256, -0.022747, 0.432138]"
CONTROL,94646784.48700011,"[-0.062156, -0.071749, 0.462697, -0.079196, -0.026554, 0.434277]"
CONTROL,94666866.90699999,"[-0.058706, -0.068072, 0.458151, -0.075632, -0.030309, 0.436675]"
CONTROL,94686950.5100001,"[-0.055219, -0.064299, 0.453647, -0.071877, -0.034006, 0.439324]"
CONTROL,94707035.58500008,"[-0.051696, -0.060435, 0.449189, -0.067941, -0.037637, 0.442212]"
CONTROL,94727114.51600003,"[-0.048142, -0.056484, 0.444781, -0.063833, -0.041195, 0.445327]"
CONTROL,94747198.28000002,"[-0.044556, -0.052454, 0.440428, -0.059563, -0.044673, 0.448659]"
CONTROL,94767276.89100017,"[-0.040943, -0.048349, 0.436133, -0.055143, -0.048065, 0.452193]"
CONTROL,94787375.27900012,"[-0.037303, -0.044175, 0.431901, -0.050584, -0.051364, 0.455916]"
CONTROL,94807456.06599998,"[-0.033641, -0.039938, 0.427737, -0.045897, -0.054564, 0.459813]"
CONTROL,94827537.58900003,"[-0.029956, -0.035645, 0.423644, -0.041094, -0.057658, 0.463868]"
CONTROL,94847616.42400008,"[-0.026253, -0.031301, 0.419626, -0.036188, -0.060641, 0.468067]"
CONTROL,94867698.07500014,"[-0.022534, -0.026912, 0.415687, -0.031189, -0.063506, 0.472391]"
CONTROL,94887779.72599997,"[-0.0188, -0.022486, 0.411832, -0.026112, -0.066249, 0.476824]"
CONTROL,94907857.88900007,"[-0.015054, -0.018027, 0.408064, -0.02097, -0.068863, 0.481348]"
CONTROL,94927938.35600014,"[-0.011299, -0.013543, 0.404386, -0.015774, -0.071344, 0.485946]"
CONTROL,94948020.61600012,"[-0.007537, -0.009039, 0.400803, -0.010538, -0.073688, 0.4906]"
CONTROL,94968100.027,"[-0.00377, -0.004523, 0.397318, -0.005276, -0.075888, 0.495291]"
CONTROL,94988180.43000005,"[-0.0, -0.0, 0.393934, -0.0, -0.077942, 0.5]"
CONTROL,95008481.38800007,"[0.00377, 0.004523, 0.390655, 0.005276, -0.079845, 0.504709]"
CONTROL,95028562.36699995,"[0.007537, 0.009039, 0.387483, 0.010538, -0.081594, 0.5094]"
CONTROL,95048642.4180001,"[0.011299, 0.013543, 0.384423, 0.015774, -0.083185, 0.514054]"
CONTROL,95068722.43800013,"[0.015054, 0.018027, 0.381477, 0.02097, -0.084615, 0.518652]"
CONTROL,95088803.80100004,"[0.0188, 0.022486, 0.378647, 0.026112, -0.085882, 0.523176]"
CONTROL,95108883.50000004,"[0.022534, 0.026912, 0.375938, 0.031189, -0.086982, 0.527609]"
CONTROL,95128964.22300014,"[0.026253, 0.031301, 0.373351, 0.036188, -0.087914, 0.531933]"
CONTROL,95149044.46600008,"[0.029956, 0.035645, 0.370889, 0.041094, -0.088676, 0.536132]"
CONTROL,95169124.64500001,"[0.033641, 0.039938, 0.368554, 0.045897, -0.089267, 0.540187]"
CONTROL,95189202.80800012,"[0.037303, 0.044175, 0.366349, 0.050584, -0.089684, 0.544084]"
CONTROL,95209291.9480001,"[0.040943, 0.048349, 0.364276, 0.055143, -0.089929, 0.547807]"
CONTROL,95229375.99900001,"[0.044556, 0.052454, 0.362337, 0.059563, -0.089999, 0.551341]"
CONTROL,95249466.09900007,"[0.048142, 0.056484, 0.360534, 0.063833, -0.089896, 0.554673]"
CONTROL,95269545.06200014,"[0.051696, 0.060435, 0.358868, 0.067941, -0.089618, 0.557788]"
CONTROL,95289627.0010001,"[0.055219, 0.064299, 0.357342, 0.071877, -0.089167, 0.560676]"
CONTROL,95309708.33200012,"[0.058706, 0.068072, 0.355956, 0.075632, -0.088544, 0.563325]"
CONTROL,95329789.63100004,"[0.062156, 0.071749, 0.354713, 0.079196, -0.08775, 0.565723]"
CONTROL,95349871.02700007,"[0.065567, 0.075323, 0.353612, 0.08256, -0.086785, 0.567862]"
CONTROL,95369951.62200014,"[0.068937, 0.07879, 0.352657, 0.085716, -0.085653, 0.569733]"
CONTROL,95390031.89699997,"[0.072263, 0.082146, 0.351847, 0.088654, -0.084355, 0.571329]"
CONTROL,95410113.1,"[0.075543, 0.085384, 0.351183, 0.091369, -0.082894, 0.572644]"
CONTROL,95430220.641,"[0.078776, 0.088502, 0.350666, 0.093853, -0.081273, 0.573672]"
CONTROL,95450323.02899994,"[0.081959, 0.091493, 0.350296, 0.0961, -0.079495, 0.574409]"
CONTROL,95470403.72000015,"[0.08509, 0.094355, 0.350074, 0.098105, -0.077563, 0.574852]"
CONTROL,95490483.89900008,"[0.088168, 0.097082, 0.35, 0.099861, -0.07548, 0.575]"
CONTROL,95510561.48600014,"[0.09119, 0.099672, 0.350074, 0.101365, -0.073252, 0.574852]"
CONTROL,95530634.49700016,"[0.094154, 0.102119, 0.350296, 0.102613, -0.070882, 0.574409]"
CONTROL,95550708.27600002,"[0.097058, 0.104422, 0.350666, 0.103602, -0.068375, 0.573672]"
CONTROL,95570786.66300003,"[0.099902, 0.106576, 0.351183, 0.104329, -0.065736, 0.572644]"
CONTROL,95590860.1860001,"[0.102682, 0.108579, 0.351847, 0.104793, -0.06297, 0.571329]"
CONTROL,95610935.69300011,"[0.105397, 0.110428, 0.352657, 0.104992, -0.060082, 0.569733]"
CONTROL,95631008.41499999,"[0.108046, 0.112119, 0.353612, 0.104925, -0.057077, 0.567862]"
CONTROL,95651081.39400013,"[0.110627, 0.113652, 0.354713, 0.104594, -0.053962, 0.565723]"
CONTROL,95671155.62100002,"[0.113138, 0.115023, 0.355956, 0.103998, -0.050743, 0.563325]"
CONTROL,95691228.24800001,"[0.115577, 0.11623, 0.357342, 0.10314, -0.047426, 0.560676]"
CONTROL,95711303.627,"[0.117943, 0.117272, 0.358868, 0.102021, -0.044017, 0.557788]"
CONTROL,95731373.56500001,"[0.120235, 0.118148, 0.360534, 0.100645, -0.040523, 0.554673]"
CONTROL,95751445.45600006,"[0.122451, 0.118855, 0.362337, 0.099014, -0.03695, 0.551341]"
CONTROL,95771513.95400006,"[0.124589, 0.119394, 0.364276, 0.097133, -0.033306, 0.547807]"
CONTROL,95791582.29300015,"[0.126649, 0.119763, 0.366349, 0.095007, -0.029598, 0.544084]"
CONTROL,95811653.28800012,"[0.128629, 0.119962, 0.368554, 0.092641, -0.025832, 0.540187]"
CONTROL,95831726.61799994,"[0.130528, 0.119991, 0.370889, 0.09004, -0.022017, 0.536132]"
CONTROL,95851797.00499998,"[0.132344, 0.119848, 0.373351, 0.087213, -0.018159, 0.531933]"
CONTROL,95871867.0400001,"[0.134076, 0.119536, 0.375938, 0.084165, -0.014265, 0.527609]"
CONTROL,95891936.65800008,"[0.135724, 0.119054, 0.378647, 0.080904, -0.010344, 0.523176]"
CONTROL,95912005.86100012,"[0.137286, 0.118402, 0.381477, 0.077439, -0.006403, 0.518652]"
CONTROL,95932077.97600007,"[0.138762, 0.117583, 0.384423, 0.073778, -0.00245, 0.514054]"
CONTROL,95952149.89800002,"[0.140149, 0.116596, 0.387483, 0.069931, 0.001508, 0.5094]"
CONTROL,95972222.84500003,"[0.141449, 0.115443, 0.390655, 0.065908, 0.005463, 0.504709]"
CONTROL,95992298.09600002,"[0.142658, 0.114127, 0.393934, 0.061717, 0.009408, 0.5]"
CONTROL,96012434.31000012,"[0.143778, 0.112648, 0.397318, 0.057371, 0.013334, 0.495291]"
CONTROL,96032506.36100006,"[0.144807, 0.111009, 0.400803, 0.05288, 0.017234, 0.4906]"
CONTROL,96052581.036,"[0.145745, 0.109213, 0.404386, 0.048256, 0.021102, 0.485946]"
CONTROL,96072660.03100017,"[0.14659, 0.107261, 0.408064, 0.043509, 0.024928, 0.481348]"
CONTROL,96092733.61800002,"[0.147343, 0.105157, 0.411832, 0.038653, 0.028706, 0.476824]"
CONTROL,96112805.09200014,"[0.148003, 0.102903, 0.415687, 0.033699, 0.032429, 0.472391]"
CONTROL,96132874.39100009,"[0.148569, 0.100503, 0.419626, 0.02866, 0.036089, 0.468067]"
CONTROL,96152946.95400007,"[0.149042, 0.097961, 0.423644, 0.023548, 0.039679, 0.463868]"
CONTROL,96173021.69200002,"[0.14942, 0.095279, 0.427737, 0.018377, 0.043193, 0.459813]"
CONTROL,96193097.23100014,"[0.149704, 0.092462, 0.431901, 0.01316, 0.046622, 0.455916]"
CONTROL,96213177.954,"[0.149893, 0.089513, 0.436133, 0.007909, 0.049962, 0.452193]"
CONTROL,96233253.04500008,"[0.149988, 0.086437, 0.440428, 0.002639, 0.053205, 0.448659]"
CONTROL,96253330.02399997,"[0.149988, 0.083238, 0.444781, -0.002639, 0.056345, 0.445327]"
CONTROL,96273405.787,"[0.149893, 0.079921, 0.449189, -0.007909, 0.059377, 0.442212]"
CONTROL,96293483.72599998,"[0.149704, 0.076491, 0.453647, -0.01316, 0.062293, 0.439324]"
CONTROL,96313564.8340001,"[0.14942, 0.072952, 0.458151, -0.018377, 0.065089, 0.436675]"
CONTROL,96333657.55800015,"[0.149042, 0.069309, 0.462697, -0.023548, 0.067759, 0.434277]"
CONTROL,96353767.04999998,"[0.148569, 0.065567, 0.467279, -0.02866, 0.070298, 0.432138]"
CONTROL,96373858.33400004,"[0.148003, 0.061733, 0.471893, -0.033699, 0.072701, 0.430267]"
CONTROL,96393935.12100014,"[0.147343, 0.05781, 0.476535, -0.038653, 0.074963, 0.428671]"
CONTROL,96414020.61300005,"[0.14659, 0.053806, 0.4812, -0.043509, 0.07708, 0.427356]"
CONTROL,96434113.08000009,"[0.145745, 0.049725, 0.485884, -0.048256, 0.079049, 0.426328]"
CONTROL,96454224.58899997,"[0.144807, 0.045573, 0.490581, -0.05288, 0.080864, 0.425591]"
CONTROL,96474316.35299996,"[0.143778, 0.041357, 0.495288, -0.057371, 0.082523, 0.425148]"
CONTROL,96494399.1560001,"[0.142658, 0.037082, 0.5, -0.061717, 0.084022, 0.425]"
CONTROL,96514480.584,"[0.141449, 0.032754, 0.504712, -0.065908, 0.085359, 0.425148]"
CONTROL,96534553.75400017,"[0.140149, 0.02838, 0.509419, -0.069931, 0.086531, 0.425591]"
CONTROL,96554634.02999999,"[0.138762, 0.023965, 0.514116, -0.073778, 0.087535, 0.426328]"
CONTROL,96574714.68900007,"[0.137286, 0.019516, 0.5188, -0.077439, 0.08837, 0.427356]"
CONTROL,96594797.364,"[0.135724, 0.01504, 0.523465, -0.080904, 0.089035, 0.428671]"
CONTROL,96614878.69500002,"[0.134076, 0.010542, 0.528107, -0.084165, 0.089526, 0.430267]"
CONTROL,96634961.37100014,"[0.132344, 0.006029, 0.532721, -0.087213, 0.089845, 0.432138]"
CONTROL,96655044.20599996,"[0.130528, 0.001508, 0.537303, -0.09004, 0.08999, 0.434277]"
CONTROL,96675124.44900012,"[0.128629, -0.003016, 0.541849, -0.092641, 0.089961, 0.436675]"
CONTROL,96695205.97300015,"[0.126649, -0.007535, 0.546353, -0.095007, 0.089758, 0.439324]"
CONTROL,96715286.24799998,"[0.124589, -0.012043, 0.550811, -0.097133, 0.089382, 0.442212]"
CONTROL,96735366.74700017,"[0.122451, -0.016535, 0.555219, -0.099014, 0.088832, 0.445327]"
CONTROL,96755446.44599995,"[0.120235, -0.021003, 0.559572, -0.100645, 0.088111, 0.448659]"
CONTROL,96775527.20100015,"[0.117943, -0.025441, 0.563867, -0.102021, 0.087219, 0.452193]"
CONTROL,96795607.28499997,"[0.115577, -0.029843, 0.568099, -0.10314, 0.086159, 0.455916]"
CONTROL,96815689.99199998,"[0.113138, -0.034202, 0.572263, -0.103998, 0.084932, 0.459813]"
CONTROL,96835770.39500006,"[0.110627, -0.038513, 0.576356, -0.104594, 0.08354, 0.463868]"
CONTROL,96855850.6700001,"[0.108046, -0.042769, 0.580374, -0.104925, 0.081987, 0.468067]"
CONTROL,96875929.85700007,"[0.105397, -0.046965, 0.584313, -0.104992, 0.080276, 0.472391]"
CONTROL,96896008.05300006,"[0.102682, -0.051094, 0.588168, -0.104793, 0.078409, 0.476824]"
CONTROL,96916089.35199997,"[0.099902, -0.05515, 0.591936, -0.104329, 0.076391, 0.481348]"
CONTROL,96936169.01900008,"[0.097058, -0.059127, 0.595614, -0.103602, 0.074225, 0.485946]"
CONTROL,96956248.46200007,"[0.094154, -0.063021, 0.599197, -0.102613, 0.071915, 0.4906]"
CONTROL,96976328.96100004,"[0.09119, -0.066825, 0.602682, -0.101365, 0.069466, 0.495291]"
CONTROL,96996409.74900012,"[0.088168, -0.070534, 0.606066, -0.099861, 0.066883, 0.5]"
CONTROL,97016709.33100013,"[0.08509, -0.074143, 0.609345, -0.098105, 0.064171, 0.504709]"
CONTROL,97036791.33500008,"[0.081959, -0.077647, 0.612517, -0.0961, 0.061334, 0.5094]"
CONTROL,97056871.93000017,"[0.078776, -0.08104, 0.615577, -0.093853, 0.058379, 0.514054]"
CONTROL,97076952.205,"[0.075543, -0.084318, 0.618523, -0.091369, 0.05531, 0.518652]"
CONTROL,97097031.71199998,"[0.072263, -0.087476, 0.621353, -0.088654, 0.052135, 0.523176]"
CONTROL,97117114.51500013,"[0.068937, -0.09051, 0.624062, -0.085716, 0.048859, 0.527609]"
CONTROL,97137193.51100008,"[0.065567, -0.093415, 0.626649, -0.08256, 0.045489, 0.531933]"
CONTROL,97157274.36199996,"[0.062156, -0.096188, 0.629111, -0.079196, 0.04203, 0.536132]"
CONTROL,97177354.38099998,"[0.058706, -0.098824, 0.631446, -0.075632, 0.038491, 0.540187]"
CONTROL,97197435.16800009,"[0.055219, -0.101319, 0.633651, -0.071877, 0.034876, 0.544084]"
CONTROL,97217518.67600006,"[0.051696, -0.103671, 0.635724, -0.067941, 0.031195, 0.547807]"
CONTROL,97237600.51900013,"[0.048142, -0.105875, 0.637663, -0.063833, 0.027453, 0.551341]"
CONTROL,97257683.09800014,"[0.044556, -0.107929, 0.639466, -0.059563, 0.023658, 0.554673]"
CONTROL,97277765.326,"[0.040943, -0.109829, 0.641132, -0.055143, 0.019817, 0.557788]"
CONTROL,97297845.15300003,"[0.037303, -0.111573, 0.642658, -0.050584, 0.015938, 0.560676]"
CONTROL,97317924.98000005,"[0.033641, -0.113159, 0.644044, -0.045897, 0.012028, 0.563325]"
CONTROL,97338007.81500009,"[0.029956, -0.114584, 0.645287, -0.041094, 0.008094, 0.565723]"
CONTROL,97358087.00300004,"[0.026253, -0.115846, 0.646388, -0.036188, 0.004145, 0.567862]"
CONTROL,97378166.51000004,"[0.022534, -0.116943, 0.647343, -0.031189, 0.000188, 0.569733]"
CONTROL,97398248.38499999,"[0.0188, -0.117874, 0.648153, -0.026112, -0.003769, 0.571329]"
CONTROL,97418327.82799998,"[0.015054, -0.118638, 0.648817, -0.02097, -0.007719, 0.572644]"
CONTROL,97438412.29600002,"[0.011299, -0.119233, 0.649334, -0.015774, -0.011654, 0.573672]"
CONTROL,97458493.91499996,"[0.007537, -0.119659, 0.649704, -0.010538, -0.015566, 0.574409]"
CONTROL,97478574.062,"[0.00377, -0.119915, 0.649926, -0.005276, -0.019449, 0.574852]"
CONTROL,97498653.826,"[0.0, -0.12, 0.65, -0.0, -0.023294, 0.575]"
CONTROL,97518733.269,"[-0.00377, -0.119915, 0.649926, 0.005276, -0.027093, 0.574852]"
CONTROL,97538812.83999999,"[-0.007537, -0.119659, 0.649704, 0.010538, -0.030841, 0.574409]"
CONTROL,97558893.65899998,"[-0.011299, -0.119233, 0.649334, 0.015774, -0.034529, 0.573672]"
CONTROL,97578976.20700009,"[-0.015054, -0.118638, 0.648817, 0.02097, -0.038149, 0.572644]"
CONTROL,97599056.73800017,"[-0.0188, -0.117874, 0.648153, 0.026112, -0.041697, 0.571329]"
CONTROL,97619136.98100011,"[-0.022534, -0.116943, 0.647343, 0.031189, -0.045163, 0.569733]"
CONTROL,97639217.28900005,"[-0.026253, -0.115846, 0.646388, 0.036188, -0.048542, 0.567862]"
CONTROL,97659297.21199995,"[-0.029956, -0.114584, 0.645287, 0.041094, -0.051828, 0.565723]"
CONTROL,97679377.23099999,"[-0.033641, -0.113159, 0.644044, 0.045897, -0.055013, 0.563325]"
CONTROL,97699457.31400003,"[-0.037303, -0.111573, 0.642658, 0.050584, -0.058091, 0.560676]"
CONTROL,97719537.27000004,"[-0.040943, -0.109829, 0.641132, 0.055143, -0.061057, 0.557788]"
CONTROL,97739616.77700004,"[-0.044556, -0.107929, 0.639466, 0.059563, -0.063906, 0.554673]"
CONTROL,97759694.87600014,"[-0.048142, -0.105875, 0.637663, 0.063833, -0.06663, 0.551341]"
CONTROL,97779775.08699997,"[-0.051696, -0.103671, 0.635724, 0.067941, -0.069226, 0.547807]"
CONTROL,97799857.60299997,"[-0.055219, -0.101319, 0.633651, 0.071877, -0.071688, 0.544084]"
CONTROL,97819937.71800011,"[-0.058706, -0.098824, 0.631446, 0.075632, -0.074011, 0.540187]"
CONTROL,97840018.92100014,"[-0.062156, -0.096188, 0.629111, 0.079196, -0.076191, 0.536132]"
CONTROL,97860098.07599999,"[-0.065567, -0.093415, 0.626649, 0.08256, -0.078223, 0.531933]"
CONTROL,97880180.72,"[-0.068937, -0.09051, 0.624062, 0.085716, -0.080105, 0.527609]"
CONTROL,97900265.89100012,"[-0.072263, -0.087476, 0.621353, 0.088654, -0.081831, 0.523176]"
CONTROL,97920347.41500016,"[-0.075543, -0.084318, 0.618523, 0.091369, -0.083399, 0.518652]"
CONTROL,97940426.92200014,"[-0.078776, -0.08104, 0.615577, 0.093853, -0.084806, 0.514054]"
CONTROL,97960506.94099995,"[-0.081959, -0.077647, 0.612517, 0.0961, -0.086049, 0.5094]"
CONTROL,97980586.80000009,"[-0.08509, -0.074143, 0.609345, 0.098105, -0.087125, 0.504709]"
CONTROL,98000667.61900006,"[-0.088168, -0.070534, 0.606066, 0.099861, -0.088033, 0.5]"
CONTROL,98020919.04000008,"[-0.09119, -0.066825, 0.602682, 0.101365, -0.088771, 0.495291]"
CONTROL,98040998.41900006,"[-0.094154, -0.063021, 0.599197, 0.102613, -0.089337, 0.4906]"
CONTROL,98061078.5020001,"[-0.097058, -0.059127, 0.595614, 0.103602, -0.08973, 0.485946]"
CONTROL,98081159.09699996,"[-0.099902, -0.05515, 0.591936, 0.104329, -0.089949, 0.481348]"
CONTROL,98101239.53300013,"[-0.102682, -0.051094, 0.588168, 0.104793, -0.089995, 0.476824]"
CONTROL,98121323.1040001,"[-0.105397, -0.046965, 0.584313, 0.104992, -0.089867, 0.472391]"
CONTROL,98141404.91500007,"[-0.108046, -0.042769, 0.580374, 0.104925, -0.089564, 0.468067]"
CONTROL,98161486.15099996,"[-0.110627, -0.038513, 0.576356, 0.104594, -0.089089, 0.463868]"
CONTROL,98181565.59399995,"[-0.113138, -0.034202, 0.572263, 0.103998, -0.088441, 0.459813]"
CONTROL,98201644.58900012,"[-0.115577, -0.029843, 0.568099, 0.10314, -0.087622, 0.455916]"
CONTROL,98221723.23200016,"[-0.117943, -0.025441, 0.563867, 0.102021, -0.086634, 0.452193]"
CONTROL,98241809.71600004,"[-0.120235, -0.021003, 0.559572, 0.100645, -0.085478, 0.448659]"
CONTROL,98261891.04700007,"[-0.122451, -0.016535, 0.555219, 0.099014, -0.084157, 0.445327]"
CONTROL,98281971.25900011,"[-0.124589, -0.012043, 0.550811, 0.097133, -0.082673, 0.442212]"
CONTROL,98302048.91000016,"[-0.126649, -0.007535, 0.546353, 0.095007, -0.081029, 0.439324]"
CONTROL,98322129.82500005,"[-0.128629, -0.003016, 0.541849, 0.092641, -0.079228, 0.436675]"
CONTROL,98342210.42000014,"[-0.130528, 0.001508, 0.537303, 0.09004, -0.077274, 0.434277]"
CONTROL,98362291.1760001,"[-0.132344, 0.006029, 0.532721, 0.087213, -0.075171, 0.432138]"
CONTROL,98382371.25900014,"[-0.134076, 0.010542, 0.528107, 0.084165, -0.072922, 0.430267]"
CONTROL,98402452.33400014,"[-0.135724, 0.01504, 0.523465, 0.080904, -0.070532, 0.428671]"
CONTROL,98422533.53800015,"[-0.137286, 0.019516, 0.5188, 0.077439, -0.068006, 0.427356]"
CONTROL,98442613.94099998,"[-0.138762, 0.023965, 0.514116, 0.073778, -0.065349, 0.426328]"
CONTROL,98462693.768,"[-0.140149, 0.02838, 0.509419, 0.069931, -0.062564, 0.425591]"
CONTROL,98482774.26799996,"[-0.141449, 0.032754, 0.504712, 0.065908, -0.059659, 0.425148]"
CONTROL,98502854.51100013,"[-0.142658, 0.037082, 0.5, 0.061717, -0.056639, 0.425]"
CONTROL,98522932.99400003,"[-0.143778, 0.041357, 0.495288, 0.057371, -0.053509, 0.425148]"
CONTROL,98543015.54200014,"[-0.144807, 0.045573, 0.490581, 0.05288, -0.050275, 0.425591]"
CONTROL,98563097.76900002,"[-0.145745, 0.049725, 0.485884, 0.048256, -0.046944, 0.426328]"
CONTROL,98583179.38799997,"[-0.14659, 0.053806, 0.4812, 0.043509, -0.043523, 0.427356]"
CONTROL,98603260.36800006,"[-0.147343, 0.05781, 0.476535, 0.038653, -0.040017, 0.428671]"
CONTROL,98623340.29099998,"[-0.148003, 0.061733, 0.471893, 0.033699, -0.036434, 0.430267]"
CONTROL,98643420.63000004,"[-0.148569, 0.065567, 0.467279, 0.02866, -0.03278, 0.432138]"
CONTROL,98663501.258,"[-0.149042, 0.069309, 0.462697, 0.023548, -0.029063, 0.434277]"
CONTROL,98683584.73300008,"[-0.14942, 0.072952, 0.458151, 0.018377, -0.02529, 0.436675]"
CONTROL,98703664.84800002,"[-0.149704, 0.076491, 0.453647, 0.01316, -0.021468, 0.439324]"
CONTROL,98723746.08400014,"[-0.149893, 0.079921, 0.449189, 0.007909, -0.017604, 0.442212]"
CONTROL,98743825.97500016,"[-0.149988, 0.083238, 0.444781, 0.002639, -0.013707, 0.445327]"
CONTROL,98763906.378,"[-0.149988, 0.086437, 0.440428, -0.002639, -0.009782, 0.448659]"
CONTROL,98783986.11000012,"[-0.149893, 0.089513, 0.436133, -0.007909, -0.005839, 0.452193]"
CONTROL,98804066.25700016,"[-0.149704, 0.092462, 0.431901, -0.01316, -0.001885, 0.455916]"
CONTROL,98824133.60400005,"[-0.14942, 0.095279, 0.427737, -0.018377, 0.002073, 0.459813]"
CONTROL,98844213.87900011,"[-0.149042, 0.097961, 0.423644, -0.023548, 0.006027, 0.463868]"
CONTROL,98864293.3860001,"[-0.148569, 0.100503, 0.419626, -0.02866, 0.00997, 0.468067]"
CONTROL,98884373.0210001,"[-0.148003, 0.102903, 0.415687, -0.033699, 0.013893, 0.472391]"
CONTROL,98904455.98500013,"[-0.147343, 0.105157, 0.411832, -0.038653, 0.017789, 0.476824]"
CONTROL,98924535.49200013,"[-0.14659, 0.107261, 0.408064, -0.043509, 0.021651, 0.481348]"
CONTROL,98944616.43900013,"[-0.145745, 0.109213, 0.404386, -0.048256, 0.025471, 0.485946]"
CONTROL,98964696.65100017,"[-0.144807, 0.111009, 0.400803, -0.05288, 0.029242, 0.4906]"
CONTROL,98984776.28600016,"[-0.143778, 0.112648, 0.397318, -0.057371, 0.032956, 0.495291]"
CONTROL,99004855.98499995,"[-0.142658, 0.114127, 0.393934, -0.061717, 0.036606, 0.5]"
CONTROL,99025084.78000005,"[-0.141449, 0.115443, 0.390655, -0.065908, 0.040186, 0.504709]"
CONTROL,99045165.2480001,"[-0.140149, 0.116596, 0.387483, -0.069931, 0.043688, 0.5094]"
CONTROL,99065245.97099997,"[-0.138762, 0.117583, 0.384423, -0.073778, 0.047105, 0.514054]"
CONTROL,99085326.66200016,"[-0.137286, 0.118402, 0.381477, -0.077439, 0.050431, 0.518652]"
CONTROL,99105406.61799996,"[-0.135724, 0.119054, 0.378647, -0.080904, 0.05366, 0.523176]"
CONTROL,99125486.82900001,"[-0.134076, 0.119536, 0.375938, -0.084165, 0.056785, 0.527609]"
CONTROL,99145567.74400012,"[-0.132344, 0.119848, 0.373351, -0.087213, 0.0598, 0.531933]"
CONTROL,99165649.30000004,"[-0.130528, 0.119991, 0.370889, -0.09004, 0.0627, 0.536132]"
CONTROL,99185731.71900016,"[-0.128629, 0.119962, 0.368554, -0.092641, 0.065478, 0.540187]"
CONTROL,99205812.79400016,"[-0.126649, 0.119763, 0.366349, -0.095007, 0.06813, 0.544084]"
CONTROL,99225894.86200014,"[-0.124589, 0.119394, 0.364276, -0.097133, 0.070649, 0.547807]"
CONTROL,99245979.777,"[-0.122451, 0.118855, 0.362337, -0.099014, 0.073032, 0.551341]"
CONTROL,99266060.50100008,"[-0.120235, 0.118148, 0.360534, -0.100645, 0.075274, 0.554673]"
CONTROL,99286141.5760001,"[-0.117943, 0.117272, 0.358868, -0.102021, 0.077371, 0.557788]"
CONTROL,99306221.11599997,"[-0.115577, 0.11623, 0.357342, -0.10314, 0.079317, 0.560676]"
CONTROL,99326300.87899998,"[-0.113138, 0.115023, 0.355956, -0.103998, 0.081111, 0.563325]"
CONTROL,99346382.33800001,"[-0.110627, 0.113652, 0.354713, -0.104594, 0.082747, 0.565723]"
CONTROL,99366461.8140001,"[-0.108046, 0.112119, 0.353612, -0.104925, 0.084223, 0.567862]"
CONTROL,99386542.60099998,"[-0.105397, 0.110428, 0.352657, -0.104992, 0.085537, 0.569733]"
CONTROL,99406623.22800016,"[-0.102682, 0.108579, 0.351847, -0.104793, 0.086685, 0.571329]"
CONTROL,99426703.82400002,"[-0.099902, 0.106576, 0.351183, -0.104329, 0.087665, 0.572644]"
CONTROL,99446783.07499999,"[-0.097058, 0.104422, 0.350666, -0.103602, 0.088476, 0.573672]"
CONTROL,99466862.71,"[-0.094154, 0.102119, 0.350296, -0.102613, 0.089115, 0.574409]"
CONTROL,99486942.21799996,"[-0.09119, 0.099672, 0.350074, -0.101365, 0.089583, 0.574852]"
CONTROL,99507021.85299997,"[-0.088168, 0.097082, 0.35, -0.099861, 0.089877, 0.575]"
CONTROL,99527101.45600007,"[-0.08509, 0.094355, 0.350074, -0.098105, 0.089997, 0.574852]"
CONTROL,99547173.73100016,"[-0.081959, 0.091493, 0.350296, -0.0961, 0.089943, 0.574409]"
CONTROL,99567249.74999997,"[-0.078776, 0.088502, 0.350666, -0.093853, 0.089715, 0.573672]"
CONTROL,99587330.02600002,"[-0.075543, 0.085384, 0.351183, -0.091369, 0.089314, 0.572644]"
CONTROL,99607409.59700002,"[-0.072263, 0.082146, 0.351847, -0.088654, 0.08874, 0.571329]"
CONTROL,99627489.39200014,"[-0.068937, 0.07879, 0.352657, -0.085716, 0.087994, 0.569733]"
CONTROL,99647569.41200016,"[-0.065567, 0.075323, 0.353612, -0.08256, 0.087078, 0.567862]"
CONTROL,99667650.71100008,"[-0.062156, 0.071749, 0.354713, -0.079196, 0.085994, 0.565723]"
CONTROL,99687731.11500013,"[-0.058706, 0.068072, 0.355956, -0.075632, 0.084743, 0.563325]"
CONTROL,99707811.55000009,"[-0.055219, 0.064299, 0.357342, -0.071877, 0.083328, 0.560676]"
CONTROL,99727890.12900011,"[-0.051696, 0.060435, 0.358868, -0.067941, 0.081753, 0.557788]"
CONTROL,99747968.70800014,"[-0.048142, 0.056484, 0.360534, -0.063833, 0.080019, 0.554673]"
CONTROL,99768049.59200013,"[-0.044556, 0.052454, 0.362337, -0.059563, 0.07813, 0.551341]"
CONTROL,99788129.83500007,"[-0.040943, 0.048349, 0.364276, -0.055143, 0.07609, 0.547807]"
CONTROL,99808210.33500001,"[-0.037303, 0.044175, 0.366349, -0.050584, 0.073903, 0.544084]"
CONTROL,99828291.18600011,"[-0.033641, 0.039938, 0.368554, -0.045897, 0.071574, 0.540187]"
CONTROL,99848368.96499996,"[-0.029956, 0.035645, 0.370889, -0.041094, 0.069105, 0.536132]"
CONTROL,99868450.13700008,"[-0.026253, 0.031301, 0.373351, -0.036188, 0.066503, 0.531933]"
CONTROL,99888530.63600004,"[-0.022534, 0.026912, 0.375938, -0.031189, 0.063773, 0.527609]"
CONTROL,99908611.67900015,"[-0.0188, 0.022486, 0.378647, -0.026112, 0.060919, 0.523176]"
CONTROL,99928691.9870001,"[-0.015054, 0.018027, 0.381477, -0.02097, 0.057947, 0.518652]"
CONTROL,99948770.2460001,"[-0.011299, 0.013543, 0.384423, -0.015774, 0.054863, 0.514054]"
CONTROL,99968850.041,"[-0.007537, 0.009039, 0.387483, -0.010538, 0.051673, 0.5094]"
CONTROL,99988930.54099995,"[-0.00377, 0.004523, 0.390655, -0.005276, 0.048383, 0.504709]"
CONTROL,100009011.16800015,"[-0.0, 0.0, 0.393934, -0.0, 0.045, 0.5]"
CONTROL,100029234.13899998,"[0.00377, -0.004523, 0.397318, 0.005276, 0.04153, 0.495291]"
CONTROL,100049314.63800018,"[0.007537, -0.009039, 0.400803, 0.010538, 0.037979, 0.4906]"
CONTROL,100069395.17,"[0.011299, -0.013543, 0.404386, 0.015774, 0.034354, 0.485946]"
CONTROL,100089475.8930001,"[0.015054, -0.018027, 0.408064, 0.02097, 0.030664, 0.481348]"
CONTROL,100109555.84800012,"[0.0188, -0.022486, 0.411832, 0.026112, 0.026914, 0.476824]"
CONTROL,100129636.31599995,"[0.022534, -0.026912, 0.415687, 0.031189, 0.023112, 0.472391]"
CONTROL,100149716.20699999,"[0.026253, -0.031301, 0.419626, 0.036188, 0.019265, 0.468067]"
CONTROL,100169795.84199998,"[0.029956, -0.035645, 0.423644, 0.041094, 0.015381, 0.463868]"
CONTROL,100189877.59000015,"[0.033641, -0.039938, 0.427737, 0.045897, 0.011467, 0.459813]"
CONTROL,100209957.92899999,"[0.037303, -0.044175, 0.431901, 0.050584, 0.007531, 0.455916]"
CONTROL,100230038.87699997,"[0.040943, -0.048349, 0.436133, 0.055143, 0.00358, 0.452193]"
CONTROL,100250117.64800002,"[0.044556, -0.052454, 0.440428, 0.059563, -0.000377, 0.448659]"
CONTROL,100270202.08399995,"[0.048142, -0.056484, 0.444781, 0.063833, -0.004334, 0.445327]"
CONTROL,100290285.52700014,"[0.051696, -0.060435, 0.449189, 0.067941, -0.008282, 0.442212]"
CONTROL,100310366.82700005,"[0.055219, -0.064299, 0.453647, 0.071877, -0.012214, 0.439324]"
CONTROL,100330447.87000017,"[0.058706, -0.068072, 0.458151, 0.075632, -0.016123, 0.436675]"
CONTROL,100350529.55300012,"[0.062156, -0.071749, 0.462697, 0.079196, -0.020001, 0.434277]"
CONTROL,100370610.18100007,"[0.065567, -0.075323, 0.467279, 0.08256, -0.023839, 0.432138]"
CONTROL,100390689.97599998,"[0.068937, -0.07879, 0.471893, 0.085716, -0.027632, 0.430267]"
CONTROL,100410773.58000007,"[0.072263, -0.082146, 0.476535, 0.088654, -0.031371, 0.428671]"
CONTROL,100430853.24699996,"[0.075543, -0.085384, 0.4812, 0.091369, -0.03505, 0.427356]"
CONTROL,100450932.72300005,"[0.078776, -0.088502, 0.485884, 0.093853, -0.038661, 0.426328]"
CONTROL,100471012.45399995,"[0.081959, -0.091493, 0.490581, 0.0961, -0.042197, 0.425591]"
CONTROL,100491096.09000015,"[0.08509, -0.094355, 0.495288, 0.098105, -0.045651, 0.425148]"
CONTROL,100511177.29299995,"[0.088168, -0.097082, 0.5, 0.099861, -0.049018, 0.425]"
CONTROL,100531257.3440001,"[0.09119, -0.099672, 0.504712, 0.101365, -0.052289, 0.425148]"
CONTROL,100551338.93200013,"[0.094154, -0.102119, 0.509419, 0.102613, -0.055459, 0.425591]"
CONTROL,100571416.58299997,"[0.097058, -0.104422, 0.514116, 0.103602, -0.058522, 0.426328]"
CONTROL,100591496.25100008,"[0.099902, -0.106576, 0.5188, 0.104329, -0.061472, 0.427356]"
CONTROL,100611577.99800003,"[0.102682, -0.108579, 0.523465, 0.104793, -0.064303, 0.428671]"
CONTROL,100631660.45000003,"[0.105397, -0.110428, 0.528107, 0.104992, -0.067009, 0.430267]"
CONTROL,100651740.7890001,"[0.108046, -0.112119, 0.532721, 0.104925, -0.069586, 0.432138]"
CONTROL,100671822.31200013,"[0.110627, -0.113652, 0.537303, 0.104594, -0.072028, 0.434277]"
CONTROL,100691903.03599998,"[0.113138, -0.115023, 0.541849, 0.103998, -0.074331, 0.436675]"
CONTROL,100711983.69500007,"[0.115577, -0.11623, 0.546353, 0.10314, -0.07649, 0.439324]"
CONTROL,100732063.55499996,"[0.117943, -0.117272, 0.550811, 0.102021, -0.078502, 0.442212]"
CONTROL,100752144.18200016,"[0.120235, -0.118148, 0.555219, 0.100645, -0.080361, 0.445327]"
CONTROL,100772224.39399998,"[0.122451, -0.118855, 0.559572, 0.099014, -0.082065, 0.448659]"
CONTROL,100792302.52499996,"[0.124589, -0.119394, 0.563867, 0.097133, -0.08361, 0.452193]"
CONTROL,100812381.64800015,"[0.126649, -0.119763, 0.568099, 0.095007, -0.084994, 0.455916]"
CONTROL,100832463.52400011,"[0.128629, -0.119962, 0.572263, 0.092641, -0.086213, 0.459813]"
CONTROL,100852543.92700016,"[0.130528, -0.119991, 0.576356, 0.09004, -0.087265, 0.463868]"
CONTROL,100872624.29900011,"[0.132344, -0.119848, 0.580374, 0.087213, -0.088149, 0.468067]"
CONTROL,100892705.1820001,"[0.134076, -0.119536, 0.584313, 0.084165, -0.088862, 0.472391]"
CONTROL,100912785.26500013,"[0.135724, -0.119054, 0.588168, 0.080904, -0.089404, 0.476824]"
CONTROL,100932867.74900003,"[0.137286, -0.118402, 0.591936, 0.077439, -0.089772, 0.481348]"
CONTROL,100952946.64800008,"[0.138762, -0.117583, 0.595614, 0.073778, -0.089967, 0.485946]"
CONTROL,100973030.50799997,"[0.140149, -0.116596, 0.599197, 0.069931, -0.089987, 0.4906]"
CONTROL,100993111.58299997,"[0.141449, -0.115443, 0.602682, 0.065908, -0.089834, 0.495291]"
CONTROL,101013192.08300015,"[0.142658, -0.114127, 0.606066, 0.061717, -0.089507, 0.5]"
CONTROL,101033398.25300008,"[0.143778, -0.112648, 0.609345, 0.057371, -0.089007, 0.504709]"
CONTROL,101053478.304,"[0.144807, -0.111009, 0.612517, 0.05288, -0.088334, 0.5094]"
CONTROL,101073558.93199997,"[0.145745, -0.109213, 0.615577, 0.048256, -0.087491, 0.514054]"
CONTROL,101093639.07900001,"[0.14659, -0.107261, 0.618523, 0.043509, -0.086479, 0.518652]"
CONTROL,101113720.09000002,"[0.147343, -0.105157, 0.621353, 0.038653, -0.085299, 0.523176]"
CONTROL,101133800.33400017,"[0.148003, -0.102903, 0.624062, 0.033699, -0.083955, 0.527609]"
CONTROL,101153879.48900002,"[0.148569, -0.100503, 0.626649, 0.02866, -0.082447, 0.531933]"
CONTROL,101173958.83600011,"[0.149042, -0.097961, 0.629111, 0.023548, -0.080781, 0.536132]"
CONTROL,101194038.568,"[0.14942, -0.095279, 0.631446, 0.018377, -0.078958, 0.540187]"
CONTROL,101214118.39500001,"[0.149704, -0.092462, 0.633651, 0.01316, -0.076983, 0.544084]"
CONTROL,101234197.23100005,"[0.149893, -0.089513, 0.635724, 0.007909, -0.074858, 0.547807]"
CONTROL,101254278.37000006,"[0.149988, -0.086437, 0.637663, 0.002639, -0.072589, 0.551341]"
CONTROL,101274359.44600007,"[0.149988, -0.083238, 0.639466, -0.002639, -0.07018, 0.554673]"
CONTROL,101294440.48899995,"[0.149893, -0.079921, 0.641132, -0.007909, -0.067635, 0.557788]"
CONTROL,101314521.40500005,"[0.149704, -0.076491, 0.642658, -0.01316, -0.064958, 0.560676]"
CONTROL,101334601.80800012,"[0.14942, -0.072952, 0.644044, -0.018377, -0.062157, 0.563325]"
CONTROL,101354682.50000007,"[0.149042, -0.069309, 0.645287, -0.023548, -0.059235, 0.565723]"
CONTROL,101374760.53499995,"[0.148569, -0.065567, 0.646388, -0.02866, -0.056198, 0.567862]"
CONTROL,101394841.77000009,"[0.148003, -0.061733, 0.647343, -0.033699, -0.053053, 0.569733]"
CONTROL,101414921.98200013,"[0.147343, -0.05781, 0.648153, -0.038653, -0.049805, 0.571329]"
CONTROL,101434998.54500009,"[0.14659, -0.053806, 0.648817, -0.043509, -0.046461, 0.572644]"
CONTROL,101455079.6210001,"[0.145745, -0.049725, 0.649334, -0.048256, -0.043027, 0.573672]"
CONTROL,101475159.57600012,"[0.144807, -0.045573, 0.649704, -0.05288, -0.03951, 0.574409]"
CONTROL,101495239.179,"[0.143778, -0.041357, 0.649926, -0.057371, -0.035916, 0.574852]"
CONTROL,101515319.83900009,"[0.142658, -0.037082, 0.65, -0.061717, -0.032253, 0.575]"
CONTROL,101535400.17800015,"[0.141449, -0.032754, 0.649926, -0.065908, -0.028528, 0.574852]"
CONTROL,101555480.61400008,"[0.140149, -0.02838, 0.649704, -0.069931, -0.024747, 0.574409]"
CONTROL,101575561.94500011,"[0.138762, -0.023965, 0.649334, -0.073778, -0.020918, 0.573672]"
CONTROL,101595648.71700013,"[0.137286, -0.019516, 0.648817, -0.077439, -0.017049, 0.572644]"
CONTROL,101615728.92900017,"[0.135724, -0.01504, 0.648153, -0.080904, -0.013147, 0.571329]"
CONTROL,101635808.72400007,"[0.134076, -0.010542, 0.647343, -0.084165, -0.00922, 0.569733]"
CONTROL,101655887.97600003,"[0.132344, -0.006029, 0.646388, -0.087213, -0.005275, 0.567862]"
CONTROL,101675967.355,"[0.130528, -0.001508, 0.645287, -0.09004, -0.001319, 0.565723]"
CONTROL,101696047.21400015,"[0.128629, 0.003016, 0.644044, -0.092641, 0.002639, 0.563325]"
CONTROL,101716127.52200007,"[0.126649, 0.007535, 0.642658, -0.095007, 0.006591, 0.560676]"
CONTROL,101736207.76500002,"[0.124589, 0.012043, 0.641132, -0.097133, 0.010532, 0.557788]"
CONTROL,101756287.84900005,"[0.122451, 0.016535, 0.639466, -0.099014, 0.014451, 0.554673]"
CONTROL,101776367.83599997,"[0.120235, 0.021003, 0.637663, -0.100645, 0.018343, 0.551341]"
CONTROL,101796450.03200017,"[0.117943, 0.025441, 0.635724, -0.102021, 0.022199, 0.547807]"
CONTROL,101816530.91500016,"[0.115577, 0.029843, 0.633651, -0.10314, 0.026013, 0.544084]"
CONTROL,101836614.77500005,"[0.113138, 0.034202, 0.631446, -0.103998, 0.029776, 0.540187]"
CONTROL,101856696.13799997,"[0.110627, 0.038513, 0.629111, -0.104594, 0.033481, 0.536132]"
CONTROL,101876778.36600006,"[0.108046, 0.042769, 0.626649, -0.104925, 0.037122, 0.531933]"
CONTROL,101896858.80100001,"[0.105397, 0.046965, 0.624062, -0.104992, 0.040691, 0.527609]"
CONTROL,101916938.56500001,"[0.102682, 0.051094, 0.621353, -0.104793, 0.044181, 0.523176]"
CONTROL,101937018.58400004,"[0.099902, 0.05515, 0.618523, -0.104329, 0.047586, 0.518652]"
CONTROL,101957098.38000016,"[0.097058, 0.059127, 0.615577, -0.103602, 0.050899, 0.514054]"
CONTROL,101977179.10300003,"[0.094154, 0.063021, 0.612517, -0.102613, 0.054113, 0.5094]"
CONTROL,101997259.34699996,"[0.09119, 0.066825, 0.609345, -0.101365, 0.057223, 0.504709]"
CONTROL,102017338.182,"[0.088168, 0.070534, 0.606066, -0.099861, 0.060222, 0.5]"
CONTROL,102037536.7040001,"[0.08509, 0.074143, 0.602682, -0.098105, 0.063104, 0.495291]"
CONTROL,102057616.81900004,"[0.081959, 0.077647, 0.599197, -0.0961, 0.065865, 0.4906]"
CONTROL,102077696.13499999,"[0.078776, 0.08104, 0.595614, -0.093853, 0.068498, 0.485946]"
CONTROL,102097775.93000013,"[0.075543, 0.084318, 0.591936, -0.091369, 0.070998, 0.481348]"
CONTROL,102117857.83799997,"[0.072263, 0.087476, 0.588168, -0.088654, 0.073362, 0.476824]"
CONTROL,102137939.84100015,"[0.068937, 0.09051, 0.584313, -0.085716, 0.075583, 0.472391]"
CONTROL,102158020.34100011,"[0.065567, 0.093415, 0.580374, -0.08256, 0.077658, 0.468067]"
CONTROL,102178100.48800015,"[0.062156, 0.096188, 0.576356, -0.079196, 0.079583, 0.463868]"
CONTROL,102198179.61100012,"[0.058706, 0.098824, 0.572263, -0.075632, 0.081354, 0.459813]"
CONTROL,102218259.53500001,"[0.055219, 0.101319, 0.568099, -0.071877, 0.082968, 0.455916]"
CONTROL,102238339.87400007,"[0.051696, 0.103671, 0.563867, -0.067941, 0.084421, 0.452193]"
CONTROL,102258419.66999997,"[0.048142, 0.105875, 0.559572, -0.063833, 0.085711, 0.448659]"
CONTROL,102278500.07300003,"[0.044556, 0.107929, 0.555219, -0.059563, 0.086835, 0.445327]"
CONTROL,102298579.42100011,"[0.040943, 0.109829, 0.550811, -0.055143, 0.087791, 0.442212]"
CONTROL,102318658.80000009,"[0.037303, 0.111573, 0.546353, -0.050584, 0.088578, 0.439324]"
CONTROL,102338738.6920001,"[0.033641, 0.113159, 0.541849, -0.045897, 0.089193, 0.436675]"
CONTROL,102358819.54299998,"[0.029956, 0.114584, 0.537303, -0.041094, 0.089635, 0.434277]"
CONTROL,102378900.61899997,"[0.026253, 0.115846, 0.532721, -0.036188, 0.089904, 0.432138]"
CONTROL,102398977.27800007,"[0.022534, 0.116943, 0.528107, -0.031189, 0.09, 0.430267]"
CONTROL,102419057.13799997,"[0.0188, 0.117874, 0.523465, -0.026112, 0.089921, 0.428671]"
CONTROL,102439138.11700009,"[0.015054, 0.118638, 0.5188, -0.02097, 0.089668, 0.427356]"
CONTROL,102459217.88100009,"[0.011299, 0.119233, 0.514116, -0.015774, 0.089242, 0.426328]"
CONTROL,102479297.7720001,"[0.007537, 0.119659, 0.509419, -0.010538, 0.088644, 0.425591]"
CONTROL,102499378.20800005,"[0.00377, 0.119915, 0.504712, -0.005276, 0.087873, 0.425148]"
CONTROL,102519458.83500002,"[0.0, 0.12, 0.5, -0.0, 0.086933, 0.425]"
CONTROL,102539541.38300014,"[-0.00377, 0.119915, 0.495288, 0.005276, 0.085825, 0.425148]"
CONTROL,102559622.33000013,"[-0.007537, 0.119659, 0.490581, 0.010538, 0.084551, 0.425591]"
CONTROL,102579701.80600001,"[-0.011299, 0.119233, 0.485884, 0.015774, 0.083113, 0.426328]"
CONTROL,102599781.313,"[-0.015054, 0.118638, 0.4812, 0.02097, 0.081515, 0.427356]"
CONTROL,102619861.46100003,"[-0.0188, 0.117874, 0.476535, 0.026112, 0.079758, 0.428671]"
CONTROL,102639943.27199998,"[-0.022534, 0.116943, 0.471893, 0.031189, 0.077848, 0.430267]"
CONTROL,102660023.03599998,"[-0.026253, 0.115846, 0.467279, 0.036188, 0.075787, 0.432138]"
CONTROL,102680102.73499998,"[-0.029956, 0.114584, 0.462697, 0.041094, 0.073579, 0.434277]"
CONTROL,102700182.78700013,"[-0.033641, 0.113159, 0.458151, 0.045897, 0.071229, 0.436675]"
CONTROL,102720261.30200015,"[-0.037303, 0.111573, 0.453647, 0.050584, 0.068742, 0.439324]"
CONTROL,102740341.6740001,"[-0.040943, 0.109829, 0.449189, 0.055143, 0.066121, 0.442212]"
CONTROL,102760422.78099999,"[-0.044556, 0.107929, 0.444781, 0.059563, 0.063372, 0.445327]"
CONTROL,102780505.425,"[-0.048142, 0.105875, 0.440428, 0.063833, 0.060501, 0.448659]"
CONTROL,102800585.31700002,"[-0.051696, 0.103671, 0.436133, 0.067941, 0.057513, 0.452193]"
CONTROL,102820665.52800006,"[-0.055219, 0.101319, 0.431901, 0.071877, 0.054414, 0.455916]"
CONTROL,102840746.86000007,"[-0.058706, 0.098824, 0.427737, 0.075632, 0.051209, 0.459813]"
CONTROL,102860826.97500001,"[-0.062156, 0.096188, 0.423644, 0.079196, 0.047906, 0.463868]"
CONTROL,102880906.80300002,"[-0.065567, 0.093415, 0.419626, 0.08256, 0.044509, 0.468067]"
CONTROL,102900987.04599996,"[-0.068937, 0.09051, 0.415687, 0.085716, 0.041027, 0.472391]"
CONTROL,102921067.35400012,"[-0.072263, 0.087476, 0.411832, 0.088654, 0.037465, 0.476824]"
CONTROL,102941147.56500016,"[-0.075543, 0.084318, 0.408064, 0.091369, 0.033831, 0.481348]"
CONTROL,102961229.18500009,"[-0.078776, 0.08104, 0.404386, 0.093853, 0.030131, 0.485946]"
CONTROL,102981308.65999997,"[-0.081959, 0.077647, 0.400803, 0.0961, 0.026374, 0.4906]"
CONTROL,103001389.44800006,"[-0.08509, 0.074143, 0.397318, 0.098105, 0.022565, 0.495291]"
CONTROL,103021469.56299998,"[-0.088168, 0.070534, 0.393934, 0.099861, 0.018712, 0.5]"
CONTROL,103041667.09300011,"[-0.09119, 0.066825, 0.390655, 0.101365, 0.014823, 0.504709]"
CONTROL,103061747.94399999,"[-0.094154, 0.063021, 0.387483, 0.102613, 0.010906, 0.5094]"
CONTROL,103081827.9,"[-0.097058, 0.059127, 0.384423, 0.103602, 0.006967, 0.514054]"
CONTROL,103101907.471,"[-0.099902, 0.05515, 0.381477, 0.104329, 0.003015, 0.518652]"
CONTROL,103121987.93900007,"[-0.102682, 0.051094, 0.378647, 0.104793, -0.000942, 0.523176]"
CONTROL,103142070.26300006,"[-0.105397, 0.046965, 0.375938, 0.104992, -0.004898, 0.527609]"
CONTROL,103162152.23400013,"[-0.108046, 0.042769, 0.373351, 0.104925, -0.008845, 0.531933]"
CONTROL,103182232.15800004,"[-0.110627, 0.038513, 0.370889, 0.104594, -0.012774, 0.536132]"
CONTROL,103202313.55300006,"[-0.113138, 0.034202, 0.368554, 0.103998, -0.016679, 0.540187]"
CONTROL,103222393.89300011,"[-0.115577, 0.029843, 0.366349, 0.10314, -0.020552, 0.544084]"
CONTROL,103242475.89600009,"[-0.117943, 0.025441, 0.364276, 0.102021, -0.024384, 0.547807]"
CONTROL,103262560.58800004,"[-0.120235, 0.021003, 0.362337, 0.100645, -0.02817, 0.551341]"
CONTROL,103282642.81600013,"[-0.122451, 0.016535, 0.360534, 0.099014, -0.031901, 0.554673]"
CONTROL,103302723.44300011,"[-0.124589, 0.012043, 0.358868, 0.097133, -0.03557, 0.557788]"
CONTROL,103322806.08700012,"[-0.126649, 0.007535, 0.357342, 0.095007, -0.039171, 0.560676]"
CONTROL,103342885.43499997,"[-0.128629, 0.003016, 0.355956, 0.092641, -0.042696, 0.563325]"
CONTROL,103362965.74200015,"[-0.130528, -0.001508, 0.354713, 0.09004, -0.046138, 0.565723]"
CONTROL,103383047.23400006,"[-0.132344, -0.006029, 0.353612, 0.087213, -0.049491, 0.567862]"
CONTROL,103403127.95700015,"[-0.134076, -0.010542, 0.352657, 0.084165, -0.052748, 0.569733]"
CONTROL,103423207.59300014,"[-0.135724, -0.01504, 0.351847, 0.080904, -0.055903, 0.571329]"
CONTROL,103443288.57200003,"[-0.137286, -0.019516, 0.351183, 0.077439, -0.05895, 0.572644]"
CONTROL,103463369.74400015,"[-0.138762, -0.023965, 0.350666, 0.073778, -0.061884, 0.573672]"
CONTROL,103483451.81200011,"[-0.140149, -0.02838, 0.350296, 0.069931, -0.064697, 0.574409]"
CONTROL,103503532.34299996,"[-0.141449, -0.032754, 0.350074, 0.065908, -0.067385, 0.574852]"
CONTROL,103523612.3950001,"[-0.142658, -0.037082, 0.35, 0.061717, -0.069943, 0.575]"
CONTROL,103543692.47800013,"[-0.143778, -0.041357, 0.350074, 0.057371, -0.072366, 0.574852]"
CONTROL,103563772.91400008,"[-0.144807, -0.045573, 0.350296, 0.05288, -0.074648, 0.574409]"
CONTROL,103583853.73400006,"[-0.145745, -0.049725, 0.350666, 0.048256, -0.076787, 0.573672]"
CONTROL,103603934.48900004,"[-0.14659, -0.053806, 0.351183, 0.043509, -0.078777, 0.572644]"
CONTROL,103624014.57300007,"[-0.147343, -0.05781, 0.351847, 0.038653, -0.080614, 0.571329]"
CONTROL,103644093.248,"[-0.148003, -0.061733, 0.352657, 0.033699, -0.082296, 0.569733]"
CONTROL,103664175.37999997,"[-0.148569, -0.065567, 0.353612, 0.02866, -0.083818, 0.567862]"
CONTROL,103684254.43900014,"[-0.149042, -0.069309, 0.354713, 0.023548, -0.085178, 0.565723]"
CONTROL,103704334.49100006,"[-0.14942, -0.072952, 0.355956, 0.018377, -0.086374, 0.563325]"
CONTROL,103724413.90200014,"[-0.149704, -0.076491, 0.357342, 0.01316, -0.087402, 0.560676]"
CONTROL,103744495.10600016,"[-0.149893, -0.079921, 0.358868, 0.007909, -0.088261, 0.557788]"
CONTROL,103764576.69399998,"[-0.149988, -0.083238, 0.360534, 0.002639, -0.08895, 0.554673]"
CONTROL,103784658.12100013,"[-0.149988, -0.086437, 0.362337, -0.002639, -0.089467, 0.551341]"
CONTROL,103804737.37300009,"[-0.149893, -0.089513, 0.364276, -0.007909, -0.08981, 0.547807]"
CONTROL,103824816.72000018,"[-0.149704, -0.092462, 0.366349, -0.01316, -0.08998, 0.544084]"
CONTROL,103844898.08400008,"[-0.14942, -0.095279, 0.368554, -0.018377, -0.089976, 0.540187]"
CONTROL,103864979.512,"[-0.149042, -0.097961, 0.370889, -0.023548, -0.089798, 0.536132]"
CONTROL,103885060.13899995,"[-0.148569, -0.100503, 0.373351, -0.02866, -0.089446, 0.531933]"
CONTROL,103905141.82300012,"[-0.148003, -0.102903, 0.375938, -0.033699, -0.088921, 0.527609]"
CONTROL,103925222.738,"[-0.147343, -0.105157, 0.378647, -0.038653, -0.088224, 0.523176]"
CONTROL,103945304.00600001,"[-0.14659, -0.107261, 0.381477, -0.043509, -0.087357, 0.518652]"
CONTROL,103965382.96900007,"[-0.145745, -0.109213, 0.384423, -0.048256, -0.08632, 0.514054]"
CONTROL,103985464.39699998,"[-0.144807, -0.111009, 0.387483, -0.05288, -0.085117, 0.5094]"
CONTROL,104005545.34499997,"[-0.143778, -0.112648, 0.390655, -0.057371, -0.083749, 0.504709]"
CONTROL,104025625.10799998,"[-0.142658, -0.114127, 0.393934, -0.061717, -0.082219, 0.5]"
CONTROL,104045803.18100011,"[-0.141449, -0.115443, 0.397318, -0.065908, -0.08053, 0.495291]"
CONTROL,104065883.61600007,"[-0.140149, -0.116596, 0.400803, -0.069931, -0.078685, 0.4906]"
CONTROL,104085963.7640001,"[-0.138762, -0.117583, 0.404386, -0.073778, -0.076688, 0.485946]"
CONTROL,104106044.48799995,"[-0.137286, -0.118402, 0.408064, -0.077439, -0.074543, 0.481348]"
CONTROL,104126126.39500003,"[-0.135724, -0.119054, 0.411832, -0.080904, -0.072254, 0.476824]"
CONTROL,104146206.15900002,"[-0.134076, -0.119536, 0.415687, -0.084165, -0.069824, 0.472391]"
CONTROL,104166286.786,"[-0.132344, -0.119848, 0.419626, -0.087213, -0.06726, 0.468067]"
CONTROL,104186367.19000006,"[-0.130528, -0.119991, 0.423644, -0.09004, -0.064566, 0.463868]"
CONTROL,104206446.50500003,"[-0.128629, -0.119962, 0.427737, -0.092641, -0.061747, 0.459813]"
CONTROL,104226527.00499998,"[-0.126649, -0.119763, 0.431901, -0.095007, -0.058808, 0.455916]"
CONTROL,104246606.54400009,"[-0.124589, -0.119394, 0.436133, -0.097133, -0.055755, 0.452193]"
CONTROL,104266686.53199999,"[-0.122451, -0.118855, 0.440428, -0.099014, -0.052595, 0.448659]"
CONTROL,104286766.232,"[-0.120235, -0.118148, 0.444781, -0.100645, -0.049333, 0.445327]"
CONTROL,104306846.60300016,"[-0.117943, -0.117272, 0.449189, -0.102021, -0.045976, 0.442212]"
CONTROL,104326927.03900011,"[-0.115577, -0.11623, 0.453647, -0.10314, -0.04253, 0.439324]"
CONTROL,104347007.21900003,"[-0.113138, -0.115023, 0.458151, -0.103998, -0.039001, 0.436675]"
CONTROL,104367089.83000016,"[-0.110627, -0.113652, 0.462697, -0.104594, -0.035397, 0.434277]"
CONTROL,104387169.33800015,"[-0.108046, -0.112119, 0.467279, -0.104925, -0.031725, 0.432138]"
CONTROL,104407249.38900007,"[-0.105397, -0.110428, 0.471893, -0.104992, -0.027991, 0.430267]"
CONTROL,104427330.08100003,"[-0.102682, -0.108579, 0.476535, -0.104793, -0.024203, 0.428671]"
CONTROL,104447407.70099998,"[-0.099902, -0.106576, 0.4812, -0.104329, -0.020368, 0.427356]"
CONTROL,104467487.84800002,"[-0.097058, -0.104422, 0.485884, -0.103602, -0.016494, 0.426328]"
CONTROL,104487567.00400008,"[-0.094154, -0.102119, 0.490581, -0.102613, -0.012588, 0.425591]"
CONTROL,104507654.16000013,"[-0.09119, -0.099672, 0.495288, -0.101365, -0.008657, 0.425148]"
CONTROL,104527734.91500011,"[-0.088168, -0.097082, 0.5, -0.099861, -0.00471, 0.425]"
CONTROL,104547815.31900017,"[-0.08509, -0.094355, 0.504712, -0.098105, -0.000754, 0.425148]"
CONTROL,104567895.6270001,"[-0.081959, -0.091493, 0.509419, -0.0961, 0.003204, 0.425591]"
CONTROL,104587975.1340001,"[-0.078776, -0.088502, 0.514116, -0.093853, 0.007155, 0.426328]"
CONTROL,104608055.50600003,"[-0.075543, -0.085384, 0.5188, -0.091369, 0.011093, 0.427356]"
CONTROL,104628134.34100008,"[-0.072263, -0.082146, 0.523465, -0.088654, 0.015009, 0.428671]"
CONTROL,104648213.94499995,"[-0.068937, -0.07879, 0.528107, -0.085716, 0.018896, 0.430267]"
CONTROL,104668293.00400013,"[-0.065567, -0.075323, 0.532721, -0.08256, 0.022747, 0.432138]"
CONTROL,104688372.67200002,"[-0.062156, -0.071749, 0.537303, -0.079196, 0.026554, 0.434277]"
CONTROL,104708450.96300013,"[-0.058706, -0.068072, 0.541849, -0.075632, 0.030309, 0.436675]"
CONTROL,104728530.91900015,"[-0.055219, -0.064299, 0.546353, -0.071877, 0.034006, 0.439324]"
CONTROL,104748610.33100002,"[-0.051696, -0.060435, 0.550811, -0.067941, 0.037637, 0.442212]"
CONTROL,104768692.17400008,"[-0.048142, -0.056484, 0.555219, -0.063833, 0.041195, 0.445327]"
CONTROL,104788771.33000015,"[-0.044556, -0.052454, 0.559572, -0.059563, 0.044673, 0.448659]"
CONTROL,104808852.63000004,"[-0.040943, -0.048349, 0.563867, -0.055143, 0.048065, 0.452193]"
CONTROL,104828932.48899995,"[-0.037303, -0.044175, 0.568099, -0.050584, 0.051364, 0.455916]"
CONTROL,104849011.42100011,"[-0.033641, -0.039938, 0.572263, -0.045897, 0.054564, 0.459813]"
CONTROL,104869091.98400007,"[-0.029956, -0.035645, 0.576356, -0.041094, 0.057658, 0.463868]"
CONTROL,104889171.10800003,"[-0.026253, -0.031301, 0.580374, -0.036188, 0.060641, 0.468067]"
CONTROL,104909253.20800011,"[-0.022534, -0.026912, 0.584313, -0.031189, 0.063506, 0.472391]"
CONTROL,104929333.70700006,"[-0.0188, -0.022486, 0.588168, -0.026112, 0.066249, 0.476824]"
CONTROL,104949416.51099998,"[-0.015054, -0.018027, 0.591936, -0.02097, 0.068863, 0.481348]"
CONTROL,104969495.02600001,"[-0.011299, -0.013543, 0.595614, -0.015774, 0.071344, 0.485946]"
CONTROL,104989574.18200007,"[-0.007537, -0.009039, 0.599197, -0.010538, 0.073688, 0.4906]"
CONTROL,105009655.25800006,"[-0.00377, -0.004523, 0.602682, -0.005276, 0.075888, 0.495291]"
CONTROL,105029735.85300015,"[-0.0, -0.0, 0.606066, -0.0, 0.077942, 0.5]"
CONTROL,105049909.73400004,"[0.00377, 0.004523, 0.609345, 0.005276, 0.079845, 0.504709]"
CONTROL,105069989.14500013,"[0.007537, 0.009039, 0.612517, 0.010538, 0.081594, 0.5094]"
CONTROL,105090067.98099995,"[0.011299, 0.013543, 0.615577, 0.015774, 0.083185, 0.514054]"
CONTROL,105110147.23200014,"[0.015054, 0.018027, 0.618523, 0.02097, 0.084615, 0.518652]"
CONTROL,105130227.828,"[0.0188, 0.022486, 0.621353, 0.026112, 0.085882, 0.523176]"
CONTROL,105150307.14399995,"[0.022534, 0.026912, 0.624062, 0.031189, 0.086982, 0.527609]"
CONTROL,105170388.37900008,"[0.026253, 0.031301, 0.626649, 0.036188, 0.087914, 0.531933]"
CONTROL,105190469.51900008,"[0.029956, 0.035645, 0.629111, 0.041094, 0.088676, 0.536132]"
CONTROL,105210549.3460001,"[0.033641, 0.039938, 0.631446, 0.045897, 0.089267, 0.540187]"
CONTROL,105230629.46200003,"[0.037303, 0.044175, 0.633651, 0.050584, 0.089684, 0.544084]"
CONTROL,105250709.64199995,"[0.040943, 0.048349, 0.635724, 0.055143, 0.089929, 0.547807]"
CONTROL,105270791.00500008,"[0.044556, 0.052454, 0.637663, 0.059563, 0.089999, 0.551341]"
CONTROL,105290870.64100008,"[0.048142, 0.056484, 0.639466, 0.063833, 0.089896, 0.554673]"
CONTROL,105310949.50900002,"[0.051696, 0.060435, 0.641132, 0.067941, 0.089618, 0.557788]"
CONTROL,105331029.30400014,"[0.055219, 0.064299, 0.642658, 0.071877, 0.089167, 0.560676]"
CONTROL,105351109.00400014,"[0.058706, 0.068072, 0.644044, 0.075632, 0.088544, 0.563325]"
CONTROL,105371188.83200014,"[0.062156, 0.071749, 0.645287, 0.079196, 0.08775, 0.565723]"
CONTROL,105391269.36299999,"[0.065567, 0.075323, 0.646388, 0.08256, 0.086785, 0.567862]"
CONTROL,105411351.39900006,"[0.068937, 0.07879, 0.647343, 0.085716, 0.085653, 0.569733]"
CONTROL,105431431.73900011,"[0.072263, 0.082146, 0.648153, 0.088654, 0.084355, 0.571329]"
CONTROL,105451511.1180001,"[0.075543, 0.085384, 0.648817, 0.091369, 0.082894, 0.572644]"
CONTROL,105471591.29800002,"[0.078776, 0.088502, 0.649334, 0.093853, 0.081273, 0.573672]"
CONTROL,105491671.70200008,"[0.081959, 0.091493, 0.649704, 0.0961, 0.079495, 0.574409]"
CONTROL,105511752.68099996,"[0.08509, 0.094355, 0.649926, 0.098105, 0.077563, 0.574852]"
CONTROL,105531831.54900011,"[0.088168, 0.097082, 0.65, 0.099861, 0.07548, 0.575]"
CONTROL,105551910.8640001,"[0.09119, 0.099672, 0.649926, 0.101365, 0.073252, 0.574852]"
CONTROL,105571991.42800005,"[0.094154, 0.102119, 0.649704, 0.102613, 0.070882, 0.574409]"
CONTROL,105592071.51200007,"[0.097058, 0.104422, 0.649334, 0.103602, 0.068375, 0.573672]"
CONTROL,105612151.21100008,"[0.099902, 0.106576, 0.648817, 0.104329, 0.065736, 0.572644]"
CONTROL,105632230.27100003,"[0.102682, 0.108579, 0.648153, 0.104793, 0.06297, 0.571329]"
CONTROL,105652308.339,"[0.105397, 0.110428, 0.647343, 0.104992, 0.060082, 0.569733]"
CONTROL,105672386.50200011,"[0.108046, 0.112119, 0.646388, 0.104925, 0.057077, 0.567862]"
CONTROL,105692466.10599998,"[0.110627, 0.113652, 0.645287, 0.104594, 0.053962, 0.565723]"
CONTROL,105712546.73299995,"[0.113138, 0.115023, 0.644044, 0.103998, 0.050743, 0.563325]"
CONTROL,105732625.12099996,"[0.115577, 0.11623, 0.642658, 0.10314, 0.047426, 0.560676]"
CONTROL,105752703.76499999,"[0.117943, 0.117272, 0.641132, 0.102021, 0.044017, 0.557788]"
CONTROL,105772783.656,"[0.120235, 0.118148, 0.639466, 0.100645, 0.040523, 0.554673]"
CONTROL,105792864.18800007,"[0.122451, 0.118855, 0.637663, 0.099014, 0.03695, 0.551341]"
CONTROL,105812945.64800009,"[0.124589, 0.119394, 0.635724, 0.097133, 0.033306, 0.547807]"
CONTROL,105833026.14700006,"[0.126649, 0.119763, 0.633651, 0.095007, 0.029598, 0.544084]"
CONTROL,105853105.65500003,"[0.128629, 0.119962, 0.631446, 0.092641, 0.025832, 0.540187]"
CONTROL,105873186.15499999,"[0.130528, 0.119991, 0.629111, 0.09004, 0.022017, 0.536132]"
CONTROL,105893265.72599998,"[0.132344, 0.119848, 0.626649, 0.087213, 0.018159, 0.531933]"
CONTROL,105913345.682,"[0.134076, 0.119536, 0.624062, 0.084165, 0.014265, 0.527609]"
CONTROL,105933425.73400013,"[0.135724, 0.119054, 0.621353, 0.080904, 0.010344, 0.523176]"
CONTROL,105953505.017,"[0.137286, 0.118402, 0.618523, 0.077439, 0.006403, 0.518652]"
CONTROL,105973584.58899999,"[0.138762, 0.117583, 0.615577, 0.073778, 0.00245, 0.514054]"
CONTROL,105993663.71200018,"[0.140149, 0.116596, 0.612517, 0.069931, -0.001508, 0.5094]"
CONTROL,106013742.48399998,"[0.141449, 0.115443, 0.609345, 0.065908, -0.005463, 0.504709]"
CONTROL,106033821.83200006,"[0.142658, 0.114127, 0.606066, 0.061717, -0.009408, 0.5]"
CONTROL,106053993.63200013,"[0.143778, 0.112648, 0.602682, 0.057371, -0.013334, 0.495291]"
CONTROL,106074073.65200016,"[0.144807, 0.111009, 0.599197, 0.05288, -0.017234, 0.4906]"
CONTROL,106094152.45500009,"[0.145745, 0.109213, 0.595614, 0.048256, -0.021102, 0.485946]"
CONTROL,106114236.25099997,"[0.14659, 0.107261, 0.591936, 0.043509, -0.024928, 0.481348]"
CONTROL,106134315.37500015,"[0.147343, 0.105157, 0.588168, 0.038653, -0.028706, 0.476824]"
CONTROL,106154395.29800005,"[0.148003, 0.102903, 0.584313, 0.033699, -0.032429, 0.472391]"
CONTROL,106174475.22199996,"[0.148569, 0.100503, 0.580374, 0.02866, -0.036089, 0.468067]"
CONTROL,106194555.21000008,"[0.149042, 0.097961, 0.576356, 0.023548, -0.039679, 0.463868]"
CONTROL,106214635.38900003,"[0.14942, 0.095279, 0.572263, 0.018377, -0.043193, 0.459813]"
CONTROL,106234716.59300002,"[0.149704, 0.092462, 0.568099, 0.01316, -0.046622, 0.455916]"
CONTROL,106254798.50100009,"[0.149893, 0.089513, 0.563867, 0.007909, -0.049962, 0.452193]"
CONTROL,106274879.35199997,"[0.149988, 0.086437, 0.559572, 0.002639, -0.053205, 0.448659]"
CONTROL,106294958.76400006,"[0.149988, 0.083238, 0.555219, -0.002639, -0.056345, 0.445327]"
CONTROL,106315040.54400012,"[0.149893, 0.079921, 0.550811, -0.007909, -0.059377, 0.442212]"
CONTROL,106335116.56300016,"[0.149704, 0.076491, 0.546353, -0.01316, -0.062293, 0.439324]"
CONTROL,106355197.89499995,"[0.14942, 0.072952, 0.541849, -0.018377, -0.065089, 0.436675]"
CONTROL,106375277.88300008,"[0.149042, 0.069309, 0.537303, -0.023548, -0.067759, 0.434277]"
CONTROL,106395358.03100011,"[0.148569, 0.065567, 0.532721, -0.02866, -0.070298, 0.432138]"
CONTROL,106415442.85100009,"[0.148003, 0.061733, 0.528107, -0.033699, -0.072701, 0.430267]"
CONTROL,106435525.4940001,"[0.147343, 0.05781, 0.523465, -0.038653, -0.074963, 0.428671]"
CONTROL,106455607.52999996,"[0.14659, 0.053806, 0.5188, -0.043509, -0.07708, 0.427356]"
CONTROL,106475689.40600012,"[0.145745, 0.049725, 0.514116, -0.048256, -0.079049, 0.426328]"
CONTROL,106495768.33800006,"[0.144807, 0.045573, 0.509419, -0.05288, -0.080864, 0.425591]"
CONTROL,106515849.44499996,"[0.143778, 0.041357, 0.504712, -0.057371, -0.082523, 0.425148]"
CONTROL,106535929.01700017,"[0.142658, 0.037082, 0.5, -0.061717, -0.084022, 0.425]"
CONTROL,106556008.74900006,"[0.141449, 0.032754, 0.495288, -0.065908, -0.085359, 0.425148]"
CONTROL,106576085.91999997,"[0.140149, 0.02838, 0.490581, -0.069931, -0.086531, 0.425591]"
CONTROL,106596165.04400015,"[0.138762, 0.023965, 0.485884, -0.073778, -0.087535, 0.426328]"
CONTROL,106616244.19999999,"[0.137286, 0.019516, 0.4812, -0.077439, -0.08837, 0.427356]"
CONTROL,106636324.027,"[0.135724, 0.01504, 0.476535, -0.080904, -0.089035, 0.428671]"
CONTROL,106656403.727,"[0.134076, 0.010542, 0.471893, -0.084165, -0.089526, 0.430267]"
CONTROL,106676483.29899998,"[0.132344, 0.006029, 0.467279, -0.087213, -0.089845, 0.432138]"
CONTROL,106696564.11799997,"[0.130528, 0.001508, 0.462697, -0.09004, -0.08999, 0.434277]"
CONTROL,106716641.89800003,"[0.128629, -0.003016, 0.458151, -0.092641, -0.089961, 0.436675]"
CONTROL,106736721.18200012,"[0.126649, -0.007535, 0.453647, -0.095007, -0.089758, 0.439324]"
CONTROL,106756801.42500004,"[0.124589, -0.012043, 0.449189, -0.097133, -0.089382, 0.442212]"
CONTROL,106776881.73299998,"[0.122451, -0.016535, 0.444781, -0.099014, -0.088832, 0.445327]"
CONTROL,106796961.33700009,"[0.120235, -0.021003, 0.440428, -0.100645, -0.088111, 0.448659]"
CONTROL,106817040.46000004,"[0.117943, -0.025441, 0.436133, -0.102021, -0.087219, 0.452193]"
CONTROL,106837120.67200008,"[0.115577, -0.029843, 0.431901, -0.10314, -0.086159, 0.455916]"
CONTROL,106857201.33200017,"[0.113138, -0.034202, 0.427737, -0.103998, -0.084932, 0.459813]"
CONTROL,106877283.24,"[0.110627, -0.038513, 0.423644, -0.104594, -0.08354, 0.463868]"
CONTROL,106897364.28300011,"[0.108046, -0.042769, 0.419626, -0.104925, -0.081987, 0.468067]"
CONTROL,106917444.81499995,"[0.105397, -0.046965, 0.415687, -0.104992, -0.080276, 0.472391]"
CONTROL,106937523.20299995,"[0.102682, -0.051094, 0.411832, -0.104793, -0.078409, 0.476824]"
CONTROL,106957603.286,"[0.099902, -0.05515, 0.408064, -0.104329, -0.076391, 0.481348]"
CONTROL,106977682.37800005,"[0.097058, -0.059127, 0.404386, -0.103602, -0.074225, 0.485946]"
CONTROL,106997775.198,"[0.094154, -0.063021, 0.400803, -0.102613, -0.071915, 0.4906]"
CONTROL,107017855.50600016,"[0.09119, -0.066825, 0.397318, -0.101365, -0.069466, 0.495291]"
CONTROL,107037937.63800013,"[0.088168, -0.070534, 0.393934, -0.099861, -0.066883, 0.5]"
CONTROL,107058113.11800016,"[0.08509, -0.074143, 0.390655, -0.098105, -0.064171, 0.504709]"
CONTROL,107078193.45799999,"[0.081959, -0.077647, 0.387483, -0.0961, -0.061334, 0.5094]"
CONTROL,107098273.99000005,"[0.078776, -0.08104, 0.384423, -0.093853, -0.058379, 0.514054]"
CONTROL,107118355.19400007,"[0.075543, -0.084318, 0.381477, -0.091369, -0.05531, 0.518652]"
CONTROL,107138433.35700017,"[0.072263, -0.087476, 0.378647, -0.088654, -0.052135, 0.523176]"
CONTROL,107158513.34500007,"[0.068937, -0.09051, 0.375938, -0.085716, -0.048859, 0.527609]"
CONTROL,107178592.30900012,"[0.065567, -0.093415, 0.373351, -0.08256, -0.045489, 0.531933]"
CONTROL,107198670.72800003,"[0.062156, -0.096188, 0.370889, -0.079196, -0.04203, 0.536132]"
CONTROL,107218750.87600006,"[0.058706, -0.098824, 0.368554, -0.075632, -0.038491, 0.540187]"
CONTROL,107238830.67199995,"[0.055219, -0.101319, 0.366349, -0.071877, -0.034876, 0.544084]"
CONTROL,107258912.29100011,"[0.051696, -0.103671, 0.364276, -0.067941, -0.031195, 0.547807]"
CONTROL,107278993.84700003,"[0.048142, -0.105875, 0.362337, -0.063833, -0.027453, 0.551341]"
CONTROL,107299073.29100001,"[0.044556, -0.107929, 0.360534, -0.059563, -0.023658, 0.554673]"
CONTROL,107319152.38300008,"[0.040943, -0.109829, 0.358868, -0.055143, -0.019817, 0.557788]"
CONTROL,107339232.36999999,"[0.037303, -0.111573, 0.357342, -0.050584, -0.015938, 0.560676]"
CONTROL,107359310.98200013,"[0.033641, -0.113159, 0.355956, -0.045897, -0.012028, 0.563325]"
CONTROL,107379391.13000016,"[0.029956, -0.114584, 0.354713, -0.041094, -0.008094, 0.565723]"
CONTROL,107399470.99000005,"[0.026253, -0.115846, 0.353612, -0.036188, -0.004145, 0.567862]"
CONTROL,107419551.96900016,"[0.022534, -0.116943, 0.352657, -0.031189, -0.000188, 0.569733]"
CONTROL,107439647.15800007,"[0.0188, -0.117874, 0.351847, -0.026112, 0.003769, 0.571329]"
CONTROL,107459727.78600003,"[0.015054, -0.118638, 0.351183, -0.02097, 0.007719, 0.572644]"
CONTROL,107479805.46899998,"[0.011299, -0.119233, 0.350666, -0.015774, 0.011654, 0.573672]"
CONTROL,107499888.40100014,"[0.007537, -0.119659, 0.350296, -0.010538, 0.015566, 0.574409]"
CONTROL,107519969.63700002,"[0.00377, -0.119915, 0.350074, -0.005276, 0.019449, 0.574852]"
CONTROL,107540051.54500009,"[0.0, -0.12, 0.35, -0.0, 0.023294, 0.575]"
CONTROL,107560132.58899997,"[-0.00377, -0.119915, 0.350074, 0.005276, 0.027093, 0.574852]"
CONTROL,107580213.08800016,"[-0.007537, -0.119659, 0.350296, 0.010538, 0.030841, 0.574409]"
CONTROL,107600293.3960001,"[-0.011299, -0.119233, 0.350666, 0.015774, 0.034529, 0.573672]"
CONTROL,107620374.11999995,"[-0.015054, -0.118638, 0.351183, 0.02097, 0.038149, 0.572644]"
CONTROL,107640453.85200006,"[-0.0188, -0.117874, 0.351847, 0.026112, 0.041697, 0.571329]"
CONTROL,107660534.12700012,"[-0.022534, -0.116943, 0.352657, 0.031189, 0.045163, 0.569733]"
CONTROL,107680613.73099999,"[-0.026253, -0.115846, 0.353612, 0.036188, 0.048542, 0.567862]"
CONTROL,107700694.07100004,"[-0.029956, -0.114584, 0.354713, 0.041094, 0.051828, 0.565723]"
CONTROL,107720772.45900005,"[-0.033641, -0.113159, 0.355956, 0.045897, 0.055013, 0.563325]"
CONTROL,107740852.6060001,"[-0.037303, -0.111573, 0.357342, 0.050584, 0.058091, 0.560676]"
CONTROL,107760933.07400015,"[-0.040943, -0.109829, 0.358868, 0.055143, 0.061057, 0.557788]"
CONTROL,107781012.00600009,"[-0.044556, -0.107929, 0.360534, 0.059563, 0.063906, 0.554673]"
CONTROL,107801093.562,"[-0.048142, -0.105875, 0.362337, 0.063833, 0.06663, 0.551341]"
CONTROL,107821174.79700014,"[-0.051696, -0.103671, 0.364276, 0.067941, 0.069226, 0.547807]"
CONTROL,107841254.62500015,"[-0.055219, -0.101319, 0.366349, 0.071877, 0.071688, 0.544084]"
CONTROL,107861334.06900012,"[-0.058706, -0.098824, 0.368554, 0.075632, 0.074011, 0.540187]"
CONTROL,107881415.20900013,"[-0.062156, -0.096188, 0.370889, 0.079196, 0.076191, 0.536132]"
CONTROL,107901496.85999995,"[-0.065567, -0.093415, 0.373351, 0.08256, 0.078223, 0.531933]"
CONTROL,107921576.24000014,"[-0.068937, -0.09051, 0.375938, 0.085716, 0.080105, 0.527609]"
CONTROL,107941656.16400005,"[-0.072263, -0.087476, 0.378647, 0.088654, 0.081831, 0.523176]"
CONTROL,107961737.27200016,"[-0.075543, -0.084318, 0.381477, 0.091369, 0.083399, 0.518652]"
CONTROL,107981818.12400003,"[-0.078776, -0.08104, 0.384423, 0.093853, 0.084806, 0.514054]"
CONTROL,108001895.93499999,"[-0.081959, -0.077647, 0.387483, 0.0961, 0.086049, 0.5094]"
CONTROL,108021976.30700016,"[-0.08509, -0.074143, 0.390655, 0.098105, 0.087125, 0.504709]"
CONTROL,108042057.63899995,"[-0.088168, -0.070534, 0.393934, 0.099861, 0.088033, 0.5]"
CONTROL,108062221.85499996,"[-0.09119, -0.066825, 0.397318, 0.101365, 0.088771, 0.495291]"
CONTROL,108082304.69099998,"[-0.094154, -0.063021, 0.400803, 0.102613, 0.089337, 0.4906]"
CONTROL,108102385.35100007,"[-0.097058, -0.059127, 0.404386, 0.103602, 0.08973, 0.485946]"
CONTROL,108122464.69800016,"[-0.099902, -0.05515, 0.408064, 0.104329, 0.089949, 0.481348]"
CONTROL,108142545.26200011,"[-0.102682, -0.051094, 0.411832, 0.104793, 0.089995, 0.476824]"
CONTROL,108162625.28200014,"[-0.105397, -0.046965, 0.415687, 0.104992, 0.089867, 0.472391]"
CONTROL,108182705.23700017,"[-0.108046, -0.042769, 0.419626, 0.104925, 0.089564, 0.468067]"
CONTROL,108202785.99300013,"[-0.110627, -0.038513, 0.423644, 0.104594, 0.089089, 0.463868]"
CONTROL,108222866.973,"[-0.113138, -0.034202, 0.427737, 0.103998, 0.088441, 0.459813]"
CONTROL,108242947.05700004,"[-0.115577, -0.029843, 0.431901, 0.10314, 0.087622, 0.455916]"
CONTROL,108263026.66100013,"[-0.117943, -0.025441, 0.436133, 0.102021, 0.086634, 0.452193]"
CONTROL,108283106.61600018,"[-0.120235, -0.021003, 0.440428, 0.100645, 0.085478, 0.448659]"
CONTROL,108303186.06000014,"[-0.122451, -0.016535, 0.444781, 0.099014, 0.084157, 0.445327]"
CONTROL,108323265.21599998,"[-0.124589, -0.012043, 0.449189, 0.097133, 0.082673, 0.442212]"
CONTROL,108343345.87600006,"[-0.126649, -0.007535, 0.453647, 0.095007, 0.081029, 0.439324]"
CONTROL,108363428.26400004,"[-0.128629, -0.003016, 0.458151, 0.092641, 0.079228, 0.436675]"
CONTROL,108383507.83500005,"[-0.130528, 0.001508, 0.462697, 0.09004, 0.077274, 0.434277]"
CONTROL,108403588.78300004,"[-0.132344, 0.006029, 0.467279, 0.087213, 0.075171, 0.432138]"
CONTROL,108423669.69900014,"[-0.134076, 0.010542, 0.471893, 0.084165, 0.072922, 0.430267]"
CONTROL,108443749.97499995,"[-0.135724, 0.01504, 0.476535, 0.080904, 0.070532, 0.428671]"
CONTROL,108463830.47500013,"[-0.137286, 0.019516, 0.4812, 0.077439, 0.068006, 0.427356]"
CONTROL,108483910.33400004,"[-0.138762, 0.023965, 0.485884, 0.073778, 0.065349, 0.426328]"
CONTROL,108503990.41800006,"[-0.140149, 0.02838, 0.490581, 0.069931, 0.062564, 0.425591]"
CONTROL,108524069.79800002,"[-0.141449, 0.032754, 0.495288, 0.065908, 0.059659, 0.425148]"
CONTROL,108544149.46600014,"[-0.142658, 0.037082, 0.5, 0.061717, 0.056639, 0.425]"
CONTROL,108564231.5340001,"[-0.143778, 0.041357, 0.504712, 0.057371, 0.053509, 0.425148]"
CONTROL,108584311.74600014,"[-0.144807, 0.045573, 0.509419, 0.05288, 0.050275, 0.425591]"
CONTROL,108604392.277,"[-0.145745, 0.049725, 0.514116, 0.048256, 0.046944, 0.426328]"
CONTROL,108624476.0730001,"[-0.14659, 0.053806, 0.5188, 0.043509, 0.043523, 0.427356]"
CONTROL,108644556.09300011,"[-0.147343, 0.05781, 0.523465, 0.038653, 0.040017, 0.428671]"
CONTROL,108664639.37699996,"[-0.148003, 0.061733, 0.528107, 0.033699, 0.036434, 0.430267]"
CONTROL,108684718.14899999,"[-0.148569, 0.065567, 0.532721, 0.02866, 0.03278, 0.432138]"
CONTROL,108704797.08100015,"[-0.149042, 0.069309, 0.537303, 0.023548, 0.029063, 0.434277]"
CONTROL,108724877.16399996,"[-0.14942, 0.072952, 0.541849, 0.018377, 0.02529, 0.436675]"
CONTROL,108744956.86399996,"[-0.149704, 0.076491, 0.546353, 0.01316, 0.021468, 0.439324]"
CONTROL,108765035.57199998,"[-0.149893, 0.079921, 0.550811, 0.007909, 0.017604, 0.442212]"
CONTROL,108785117.16000003,"[-0.149988, 0.083238, 0.555219, 0.002639, 0.013707, 0.445327]"
CONTROL,108805196.63500012,"[-0.149988, 0.086437, 0.559572, -0.002639, 0.009782, 0.448659]"
CONTROL,108825278.31900007,"[-0.149893, 0.089513, 0.563867, -0.007909, 0.005839, 0.452193]"
CONTROL,108845358.27500008,"[-0.149704, 0.092462, 0.568099, -0.01316, 0.001885, 0.455916]"
CONTROL,108865438.03900008,"[-0.14942, 0.095279, 0.572263, -0.018377, -0.002073, 0.459813]"
CONTROL,108885520.45899996,"[-0.149042, 0.097961, 0.576356, -0.023548, -0.006027, 0.463868]"
CONTROL,108905599.71100014,"[-0.148569, 0.100503, 0.580374, -0.02866, -0.00997, 0.468067]"
CONTROL,108925679.18600002,"[-0.148003, 0.102903, 0.584313, -0.033699, -0.013893, 0.472391]"
CONTROL,108945759.23800017,"[-0.147343, 0.105157, 0.588168, -0.038653, -0.017789, 0.476824]"
CONTROL,108965838.36200011,"[-0.14659, 0.107261, 0.591936, -0.043509, -0.021651, 0.481348]"
CONTROL,108985918.70200016,"[-0.145745, 0.109213, 0.595614, -0.048256, -0.025471, 0.485946]"
CONTROL,109005999.29800001,"[-0.144807, 0.111009, 0.599197, -0.05288, -0.029242, 0.4906]"
CONTROL,109026079.22100015,"[-0.143778, 0.112648, 0.602682, -0.057371, -0.032956, 0.495291]"
CONTROL,109046160.04100013,"[-0.142658, 0.114127, 0.606066, -0.061717, -0.036606, 0.5]"
CONTROL,109066313.37700014,"[-0.141449, 0.115443, 0.609345, -0.065908, -0.040186, 0.504709]"
CONTROL,109086393.46100017,"[-0.140149, 0.116596, 0.612517, -0.069931, -0.043688, 0.5094]"
CONTROL,109106474.47199994,"[-0.138762, 0.117583, 0.615577, -0.073778, -0.047105, 0.514054]"
CONTROL,109126555.45200005,"[-0.137286, 0.118402, 0.618523, -0.077439, -0.050431, 0.518652]"
CONTROL,109146635.50399996,"[-0.135724, 0.119054, 0.621353, -0.080904, -0.05366, 0.523176]"
CONTROL,109166715.62000011,"[-0.134076, 0.119536, 0.624062, -0.084165, -0.056785, 0.527609]"
CONTROL,109186795.64000013,"[-0.132344, 0.119848, 0.626649, -0.087213, -0.0598, 0.531933]"
CONTROL,109206874.47499995,"[-0.130528, 0.119991, 0.629111, -0.09004, -0.0627, 0.536132]"
CONTROL,109226954.815,"[-0.128629, 0.119962, 0.631446, -0.092641, -0.065478, 0.540187]"
CONTROL,109247032.88299997,"[-0.126649, 0.119763, 0.633651, -0.095007, -0.06813, 0.544084]"
CONTROL,109267115.4950001,"[-0.124589, 0.119394, 0.635724, -0.097133, -0.070649, 0.547807]"
CONTROL,109287194.45900014,"[-0.122451, 0.118855, 0.637663, -0.099014, -0.073032, 0.551341]"
CONTROL,109307274.76700008,"[-0.120235, 0.118148, 0.639466, -0.100645, -0.075274, 0.554673]"
CONTROL,109327355.80999997,"[-0.117943, 0.117272, 0.641132, -0.102021, -0.077371, 0.557788]"
CONTROL,109347435.67000009,"[-0.115577, 0.11623, 0.642658, -0.10314, -0.079317, 0.560676]"
CONTROL,109367514.53800002,"[-0.113138, 0.115023, 0.644044, -0.103998, -0.081111, 0.563325]"
CONTROL,109387592.86200002,"[-0.110627, 0.113652, 0.645287, -0.104594, -0.082747, 0.565723]"
CONTROL,109407672.49800001,"[-0.108046, 0.112119, 0.646388, -0.104925, -0.084223, 0.567862]"
CONTROL,109427752.005,"[-0.105397, 0.110428, 0.647343, -0.104992, -0.085537, 0.569733]"
CONTROL,109447831.76900001,"[-0.102682, 0.108579, 0.648153, -0.104793, -0.086685, 0.571329]"
CONTROL,109467911.43700011,"[-0.099902, 0.106576, 0.648817, -0.104329, -0.087665, 0.572644]"
CONTROL,109487990.65699996,"[-0.097058, 0.104422, 0.649334, -0.103602, -0.088476, 0.573672]"
CONTROL,109508069.58900012,"[-0.094154, 0.102119, 0.649704, -0.102613, -0.089115, 0.574409]"
CONTROL,109528148.36000016,"[-0.09119, 0.099672, 0.649926, -0.101365, -0.089583, 0.574852]"
CONTROL,109548227.90000004,"[-0.088168, 0.097082, 0.65, -0.099861, -0.089877, 0.575]"
CONTROL,109568305.20000017,"[-0.08509, 0.094355, 0.649926, -0.098105, -0.089997, 0.574852]"
CONTROL,109588384.70800015,"[-0.081959, 0.091493, 0.649704, -0.0961, -0.089943, 0.574409]"
CONTROL,109608464.50400004,"[-0.078776, 0.088502, 0.649334, -0.093853, -0.089715, 0.573672]"
CONTROL,109628548.26800004,"[-0.075543, 0.085384, 0.648817, -0.091369, -0.089314, 0.572644]"
CONTROL,109648627.455,"[-0.072263, 0.082146, 0.648153, -0.088654, -0.08874, 0.571329]"
CONTROL,109668707.1230001,"[-0.068937, 0.07879, 0.647343, -0.085716, -0.087994, 0.569733]"
CONTROL,109688797.60799997,"[-0.065567, 0.075323, 0.646388, -0.08256, -0.087078, 0.567862]"
CONTROL,109708879.00399998,"[-0.062156, 0.071749, 0.645287, -0.079196, -0.085994, 0.565723]"
CONTROL,109728959.18300015,"[-0.058706, 0.068072, 0.644044, -0.075632, -0.084743, 0.563325]"
CONTROL,109749039.04300004,"[-0.055219, 0.064299, 0.642658, -0.071877, -0.083328, 0.560676]"
CONTROL,109769118.99900006,"[-0.051696, 0.060435, 0.641132, -0.067941, -0.081753, 0.557788]"
CONTROL,109789198.92299996,"[-0.048142, 0.056484, 0.639466, -0.063833, -0.080019, 0.554673]"
CONTROL,109809279.90300006,"[-0.044556, 0.052454, 0.637663, -0.059563, -0.07813, 0.551341]"
CONTROL,109829360.85100004,"[-0.040943, 0.048349, 0.635724, -0.055143, -0.07609, 0.547807]"
CONTROL,109849441.02999999,"[-0.037303, 0.044175, 0.633651, -0.050584, -0.073903, 0.544084]"
CONTROL,109869522.10599998,"[-0.033641, 0.039938, 0.631446, -0.045897, -0.071574, 0.540187]"
CONTROL,109889603.15000008,"[-0.029956, 0.035645, 0.629111, -0.041094, -0.069105, 0.536132]"
CONTROL,109909683.36200012,"[-0.026253, 0.031301, 0.626649, -0.036188, -0.066503, 0.531933]"
CONTROL,109929764.08599998,"[-0.022534, 0.026912, 0.624062, -0.031189, -0.063773, 0.527609]"
CONTROL,109949845.06600007,"[-0.0188, 0.022486, 0.621353, -0.026112, -0.060919, 0.523176]"
CONTROL,109969923.39000008,"[-0.015054, 0.018027, 0.618523, -0.02097, -0.057947, 0.518652]"
CONTROL,109990002.99299996,"[-0.011299, 0.013543, 0.615577, -0.015774, -0.054863, 0.514054]"
CONTROL,110010082.53300005,"[-0.007537, 0.009039, 0.612517, -0.010538, -0.051673, 0.5094]"
CONTROL,110030162.23300005,"[-0.00377, 0.004523, 0.609345, -0.005276, -0.048383, 0.504709]"
CONTROL,110050243.02100015,"[0.0, -0.0, 0.606066, 0.0, -0.045, 0.5]"
CONTROL,110070402.629,"[0.00377, -0.004523, 0.602682, 0.005276, -0.04153, 0.495291]"
CONTROL,110090482.93700016,"[0.007537, -0.009039, 0.599197, 0.010538, -0.037979, 0.4906]"
CONTROL,110110563.3090001,"[0.011299, -0.013543, 0.595614, 0.015774, -0.034354, 0.485946]"
CONTROL,110130642.976,"[0.015054, -0.018027, 0.591936, 0.02097, -0.030664, 0.481348]"
CONTROL,110150722.61199999,"[0.0188, -0.022486, 0.588168, 0.026112, -0.026914, 0.476824]"
CONTROL,110170802.60000011,"[0.022534, -0.026912, 0.584313, 0.031189, -0.023112, 0.472391]"
CONTROL,110190882.46000001,"[0.026253, -0.031301, 0.580374, 0.036188, -0.019265, 0.468067]"
CONTROL,110210964.91200002,"[0.029956, -0.035645, 0.576356, 0.041094, -0.015381, 0.463868]"
CONTROL,110231044.22799997,"[0.033641, -0.039938, 0.572263, 0.045897, -0.011467, 0.459813]"
CONTROL,110251124.248,"[0.037303, -0.044175, 0.568099, 0.050584, -0.007531, 0.455916]"
CONTROL,110271204.04300013,"[0.040943, -0.048349, 0.563867, 0.055143, -0.00358, 0.452193]"
CONTROL,110291283.10300007,"[0.044556, -0.052454, 0.559572, 0.059563, 0.000377, 0.448659]"
CONTROL,110311363.95500016,"[0.048142, -0.056484, 0.555219, 0.063833, 0.004334, 0.445327]"
CONTROL,110331444.58300012,"[0.051696, -0.060435, 0.550811, 0.067941, 0.008282, 0.442212]"
CONTROL,110351524.76300004,"[0.055219, -0.064299, 0.546353, 0.071877, 0.012214, 0.439324]"
CONTROL,110371606.89500001,"[0.058706, -0.068072, 0.541849, 0.075632, 0.016123, 0.436675]"
CONTROL,110391687.58699998,"[0.062156, -0.071749, 0.537303, 0.079196, 0.020001, 0.434277]"
CONTROL,110411767.63900012,"[0.065567, -0.075323, 0.532721, 0.08256, 0.023839, 0.432138]"
CONTROL,110431845.16300017,"[0.068937, -0.07879, 0.528107, 0.085716, 0.027632, 0.430267]"
CONTROL,110451924.92700016,"[0.072263, -0.082146, 0.523465, 0.088654, 0.031371, 0.428671]"
CONTROL,110472004.43400015,"[0.075543, -0.085384, 0.5188, 0.091369, 0.03505, 0.427356]"
CONTROL,110492084.55000007,"[0.078776, -0.088502, 0.514116, 0.093853, 0.038661, 0.426328]"
CONTROL,110512166.77800016,"[0.081959, -0.091493, 0.509419, 0.0961, 0.042197, 0.425591]"
CONTROL,110532246.44600004,"[0.08509, -0.094355, 0.504712, 0.098105, 0.045651, 0.425148]"
CONTROL,110552326.43399996,"[0.088168, -0.097082, 0.5, 0.099861, 0.049018, 0.425]"
CONTROL,110572406.6780001,"[0.09119, -0.099672, 0.495288, 0.101365, 0.052289, 0.425148]"
CONTROL,110592485.83400017,"[0.094154, -0.102119, 0.490581, 0.102613, 0.055459, 0.425591]"
CONTROL,110612568.28600016,"[0.097058, -0.104422, 0.485884, 0.103602, 0.058522, 0.426328]"
CONTROL,110632648.40200008,"[0.099902, -0.106576, 0.4812, 0.104329, 0.061472, 0.427356]"
CONTROL,110652728.00599997,"[0.102682, -0.108579, 0.476535, 0.104793, 0.064303, 0.428671]"
CONTROL,110672807.57699996,"[0.105397, -0.110428, 0.471893, 0.104992, 0.067009, 0.430267]"
CONTROL,110692889.03699999,"[0.108046, -0.112119, 0.467279, 0.104925, 0.069586, 0.432138]"
CONTROL,110712971.5210001,"[0.110627, -0.113652, 0.462697, 0.104594, 0.072028, 0.434277]"
CONTROL,110733053.55699995,"[0.113138, -0.115023, 0.458151, 0.103998, 0.074331, 0.436675]"
CONTROL,110753134.34500003,"[0.115577, -0.11623, 0.453647, 0.10314, 0.07649, 0.439324]"
CONTROL,110773215.51700015,"[0.117943, -0.117272, 0.449189, 0.102021, 0.078502, 0.442212]"
CONTROL,110793296.62500004,"[0.120235, -0.118148, 0.444781, 0.100645, 0.080361, 0.445327]"
CONTROL,110813375.20500006,"[0.122451, -0.118855, 0.440428, 0.099014, 0.082065, 0.448659]"
CONTROL,110833454.58500002,"[0.124589, -0.119394, 0.436133, 0.097133, 0.08361, 0.452193]"
CONTROL,110853534.66900006,"[0.126649, -0.119763, 0.431901, 0.095007, 0.084994, 0.455916]"
CONTROL,110873613.69700012,"[0.128629, -0.119962, 0.427737, 0.092641, 0.086213, 0.459813]"
CONTROL,110893693.3320001,"[0.130528, -0.119991, 0.423644, 0.09004, 0.087265, 0.463868]"
CONTROL,110913772.74399997,"[0.132344, -0.119848, 0.419626, 0.087213, 0.088149, 0.468067]"
CONTROL,110933852.5400001,"[0.134076, -0.119536, 0.415687, 0.084165, 0.088862, 0.472391]"
CONTROL,110953931.56800014,"[0.135724, -0.119054, 0.411832, 0.080904, 0.089404, 0.476824]"
CONTROL,110974011.77999996,"[0.137286, -0.118402, 0.408064, 0.077439, 0.089772, 0.481348]"
CONTROL,110994093.72000013,"[0.138762, -0.117583, 0.404386, 0.073778, 0.089967, 0.485946]"
CONTROL,111014174.2840001,"[0.140149, -0.116596, 0.400803, 0.069931, 0.089987, 0.4906]"
CONTROL,111034254.24000011,"[0.141449, -0.115443, 0.397318, 0.065908, 0.089834, 0.495291]"
CONTROL,111054333.49200007,"[0.142658, -0.114127, 0.393934, 0.061717, 0.089507, 0.5]"
CONTROL,111074493.13200004,"[0.143778, -0.112648, 0.390655, 0.057371, 0.089007, 0.504709]"
CONTROL,111094573.11899996,"[0.144807, -0.111009, 0.387483, 0.05288, 0.088334, 0.5094]"
CONTROL,111114652.53100005,"[0.145745, -0.109213, 0.384423, 0.048256, 0.087491, 0.514054]"
CONTROL,111134733.41500002,"[0.14659, -0.107261, 0.381477, 0.043509, 0.086479, 0.518652]"
CONTROL,111154813.56300007,"[0.147343, -0.105157, 0.378647, 0.038653, 0.085299, 0.523176]"
CONTROL,111174894.15900013,"[0.148003, -0.102903, 0.375938, 0.033699, 0.083955, 0.527609]"
CONTROL,111194973.6030001,"[0.148569, -0.100503, 0.373351, 0.02866, 0.082447, 0.531933]"
CONTROL,111215053.81500015,"[0.149042, -0.097961, 0.370889, 0.023548, 0.080781, 0.536132]"
CONTROL,111235135.01900016,"[0.14942, -0.095279, 0.368554, 0.018377, 0.078958, 0.540187]"
CONTROL,111255215.90300013,"[0.149704, -0.092462, 0.366349, 0.01316, 0.076983, 0.544084]"
CONTROL,111275295.63500002,"[0.149893, -0.089513, 0.364276, 0.007909, 0.074858, 0.547807]"
CONTROL,111295375.62300016,"[0.149988, -0.086437, 0.362337, 0.002639, 0.072589, 0.551341]"
CONTROL,111315456.47500002,"[0.149988, -0.083238, 0.360534, -0.002639, 0.07018, 0.554673]"
CONTROL,111335536.07800013,"[0.149893, -0.079921, 0.358868, -0.007909, 0.067635, 0.557788]"
CONTROL,111355620.03500013,"[0.149704, -0.076491, 0.357342, -0.01316, 0.064958, 0.560676]"
CONTROL,111375700.37499996,"[0.14942, -0.072952, 0.355956, -0.018377, 0.062157, 0.563325]"
CONTROL,111395780.6190001,"[0.149042, -0.069309, 0.354713, -0.023548, 0.059235, 0.565723]"
CONTROL,111415860.54200003,"[0.148569, -0.065567, 0.353612, -0.02866, 0.056198, 0.567862]"
CONTROL,111435938.738,"[0.148003, -0.061733, 0.352657, -0.033699, 0.053053, 0.569733]"
CONTROL,111456019.23799996,"[0.147343, -0.05781, 0.351847, -0.038653, 0.049805, 0.571329]"
CONTROL,111476098.65000004,"[0.14659, -0.053806, 0.351183, -0.043509, 0.046461, 0.572644]"
CONTROL,111496178.15800002,"[0.145745, -0.049725, 0.350666, -0.048256, 0.043027, 0.573672]"
CONTROL,111516258.08200015,"[0.144807, -0.045573, 0.350296, -0.05288, 0.03951, 0.574409]"
CONTROL,111536338.83800012,"[0.143778, -0.041357, 0.350074, -0.057371, 0.035916, 0.574852]"
CONTROL,111556418.506,"[0.142658, -0.037082, 0.35, -0.061717, 0.032253, 0.575]"
CONTROL,111576499.23000008,"[0.141449, -0.032754, 0.350074, -0.065908, 0.028528, 0.574852]"
CONTROL,111596579.85800004,"[0.140149, -0.02838, 0.350296, -0.069931, 0.024747, 0.574409]"
CONTROL,111616658.69400008,"[0.138762, -0.023965, 0.350666, -0.073778, 0.020918, 0.573672]"
CONTROL,111636738.33000007,"[0.137286, -0.019516, 0.351183, -0.077439, 0.017049, 0.572644]"
CONTROL,111656818.09400007,"[0.135724, -0.01504, 0.351847, -0.080904, 0.013147, 0.571329]"
CONTROL,111676897.34500004,"[0.134076, -0.010542, 0.352657, -0.084165, 0.00922, 0.569733]"
CONTROL,111696977.07700016,"[0.132344, -0.006029, 0.353612, -0.087213, 0.005275, 0.567862]"
CONTROL,111717058.02500014,"[0.130528, -0.001508, 0.354713, -0.09004, 0.001319, 0.565723]"
CONTROL,111737137.05299997,"[0.128629, 0.003016, 0.355956, -0.092641, -0.002639, 0.563325]"
CONTROL,111757218.70500001,"[0.126649, 0.007535, 0.357342, -0.095007, -0.006591, 0.560676]"
CONTROL,111777298.62900014,"[0.124589, 0.012043, 0.358868, -0.097133, -0.010532, 0.557788]"
CONTROL,111797378.80900006,"[0.122451, 0.016535, 0.360534, -0.099014, -0.014451, 0.554673]"
CONTROL,111817458.06100002,"[0.120235, 0.021003, 0.362337, -0.100645, -0.018343, 0.551341]"
CONTROL,111837537.72900014,"[0.117943, 0.025441, 0.364276, -0.102021, -0.022199, 0.547807]"
CONTROL,111857616.40500005,"[0.115577, 0.029843, 0.366349, -0.10314, -0.026013, 0.544084]"
CONTROL,111877696.58499996,"[0.113138, 0.034202, 0.368554, -0.103998, -0.029776, 0.540187]"
CONTROL,111897776.22099996,"[0.110627, 0.038513, 0.370889, -0.104594, -0.033481, 0.536132]"
CONTROL,111917855.15300012,"[0.108046, 0.042769, 0.373351, -0.104925, -0.037122, 0.531933]"
CONTROL,111937938.30899994,"[0.105397, 0.046965, 0.375938, -0.104992, -0.040691, 0.527609]"
CONTROL,111958017.43200013,"[0.102682, 0.051094, 0.378647, -0.104793, -0.044181, 0.523176]"
CONTROL,111978097.03600001,"[0.099902, 0.05515, 0.381477, -0.104329, -0.047586, 0.518652]"
CONTROL,111998178.36800003,"[0.097058, 0.059127, 0.384423, -0.103602, -0.050899, 0.514054]"
CONTROL,112018259.05999999,"[0.094154, 0.063021, 0.387483, -0.102613, -0.054113, 0.5094]"
CONTROL,112038338.43999997,"[0.09119, 0.066825, 0.390655, -0.101365, -0.057223, 0.504709]"
CONTROL,112058417.62800014,"[0.088168, 0.070534, 0.393934, -0.099861, -0.060222, 0.5]"
CONTROL,112078571.50800009,"[0.08509, 0.074143, 0.397318, -0.098105, -0.063104, 0.495291]"
CONTROL,112098652.26400007,"[0.081959, 0.077647, 0.400803, -0.0961, -0.065865, 0.4906]"
CONTROL,112118732.66800012,"[0.078776, 0.08104, 0.404386, -0.093853, -0.068498, 0.485946]"
CONTROL,112138812.68800014,"[0.075543, 0.084318, 0.408064, -0.091369, -0.070998, 0.481348]"
CONTROL,112158894.94800012,"[0.072263, 0.087476, 0.411832, -0.088654, -0.073362, 0.476824]"
CONTROL,112178975.79999998,"[0.068937, 0.09051, 0.415687, -0.085716, -0.075583, 0.472391]"
CONTROL,112199056.81199998,"[0.065567, 0.093415, 0.419626, -0.08256, -0.077658, 0.468067]"
CONTROL,112219137.82399997,"[0.062156, 0.096188, 0.423644, -0.079196, -0.079583, 0.463868]"
CONTROL,112239218.51600017,"[0.058706, 0.098824, 0.427737, -0.075632, -0.081354, 0.459813]"
CONTROL,112259301.19200006,"[0.055219, 0.101319, 0.431901, -0.071877, -0.082968, 0.455916]"
CONTROL,112279380.47600015,"[0.051696, 0.103671, 0.436133, -0.067941, -0.084421, 0.452193]"
CONTROL,112299461.90400006,"[0.048142, 0.105875, 0.440428, -0.063833, -0.085711, 0.448659]"
CONTROL,112319542.43600012,"[0.044556, 0.107929, 0.444781, -0.059563, -0.086835, 0.445327]"
CONTROL,112339622.104,"[0.040943, 0.109829, 0.449189, -0.055143, -0.087791, 0.442212]"
CONTROL,112359702.09200013,"[0.037303, 0.111573, 0.453647, -0.050584, -0.088578, 0.439324]"
CONTROL,112379783.16800013,"[0.033641, 0.113159, 0.458151, -0.045897, -0.089193, 0.436675]"
CONTROL,112399863.28400005,"[0.029956, 0.114584, 0.462697, -0.041094, -0.089635, 0.434277]"
CONTROL,112419943.08000016,"[0.026253, 0.115846, 0.467279, -0.036188, -0.089904, 0.432138]"
CONTROL,112440025.08400013,"[0.022534, 0.116943, 0.471893, -0.031189, -0.09, 0.430267]"
CONTROL,112460104.81600001,"[0.0188, 0.117874, 0.476535, -0.026112, -0.089921, 0.428671]"
CONTROL,112480185.18799995,"[0.015054, 0.118638, 0.4812, -0.02097, -0.089668, 0.427356]"
CONTROL,112500265.3040001,"[0.011299, 0.119233, 0.485884, -0.015774, -0.089242, 0.426328]"
CONTROL,112520346.31600009,"[0.007537, 0.119659, 0.490581, -0.010538, -0.088644, 0.425591]"
CONTROL,112540426.84800015,"[0.00377, 0.119915, 0.495288, -0.005276, -0.087873, 0.425148]"
CONTROL,112560506.58000004,"[0.0, 0.12, 0.5, -0.0, -0.086933, 0.425]"
CONTROL,112580586.12000014,"[-0.00377, 0.119915, 0.504712, 0.005276, -0.085825, 0.425148]"
CONTROL,112600667.38800015,"[-0.007537, 0.119659, 0.509419, 0.010538, -0.084551, 0.425591]"
CONTROL,112620747.05600002,"[-0.011299, 0.119233, 0.514116, 0.015774, -0.083113, 0.426328]"
CONTROL,112640825.18800001,"[-0.015054, 0.118638, 0.5188, 0.02097, -0.081515, 0.427356]"
CONTROL,112660906.264,"[-0.0188, 0.117874, 0.523465, 0.026112, -0.079758, 0.428671]"
CONTROL,112680985.8040001,"[-0.022534, 0.116943, 0.528107, 0.031189, -0.077848, 0.430267]"
CONTROL,112701066.08000015,"[-0.026253, 0.115846, 0.532721, 0.036188, -0.075787, 0.432138]"
CONTROL,112721145.46000011,"[-0.029956, 0.114584, 0.537303, 0.041094, -0.073579, 0.434277]"
CONTROL,112741226.05599996,"[-0.033641, 0.113159, 0.541849, 0.045897, -0.071229, 0.436675]"
CONTROL,112761307.93200013,"[-0.037303, 0.111573, 0.546353, 0.050584, -0.068742, 0.439324]"
CONTROL,112781389.61600007,"[-0.040943, 0.109829, 0.550811, 0.055143, -0.066121, 0.442212]"
CONTROL,112801468.612,"[-0.044556, 0.107929, 0.555219, 0.059563, -0.063372, 0.445327]"
CONTROL,112821548.85600017,"[-0.048142, 0.105875, 0.559572, 0.063833, -0.060501, 0.448659]"
CONTROL,112841627.948,"[-0.051696, 0.103671, 0.563867, 0.067941, -0.057513, 0.452193]"
CONTROL,112861707.04000005,"[-0.055219, 0.101319, 0.568099, 0.071877, -0.054414, 0.455916]"
CONTROL,112881786.54800004,"[-0.058706, 0.098824, 0.572263, 0.075632, -0.051209, 0.459813]"
CONTROL,112901866.05500002,"[-0.062156, 0.096188, 0.576356, 0.079196, -0.047906, 0.463868]"
CONTROL,112921946.6510001,"[-0.065567, 0.093415, 0.580374, 0.08256, -0.044509, 0.468067]"
CONTROL,112942026.95900004,"[-0.068937, 0.09051, 0.584313, 0.085716, -0.041027, 0.472391]"
CONTROL,112962106.211,"[-0.072263, 0.087476, 0.588168, 0.088654, -0.037465, 0.476824]"
CONTROL,112982186.13500012,"[-0.075543, 0.084318, 0.591936, 0.091369, -0.033831, 0.481348]"
CONTROL,113002264.77900015,"[-0.078776, 0.08104, 0.595614, 0.093853, -0.030131, 0.485946]"
CONTROL,113022344.127,"[-0.081959, 0.077647, 0.599197, 0.0961, -0.026374, 0.4906]"
CONTROL,113042424.14700001,"[-0.08509, 0.074143, 0.602682, 0.098105, -0.022565, 0.495291]"
CONTROL,113062503.14299996,"[-0.088168, 0.070534, 0.606066, 0.099861, -0.018712, 0.5]"
CONTROL,113082659.77500014,"[-0.09119, 0.066825, 0.609345, 0.101365, -0.014823, 0.504709]"
CONTROL,113102739.44300002,"[-0.094154, 0.063021, 0.612517, 0.102613, -0.010906, 0.5094]"
CONTROL,113122818.40700006,"[-0.097058, 0.059127, 0.615577, 0.103602, -0.006967, 0.514054]"
CONTROL,113142897.94700016,"[-0.099902, 0.05515, 0.618523, 0.104329, -0.003015, 0.518652]"
CONTROL,113162976.975,"[-0.102682, 0.051094, 0.621353, 0.104793, 0.000942, 0.523176]"
CONTROL,113183056.16299994,"[-0.105397, 0.046965, 0.624062, 0.104992, 0.004898, 0.527609]"
CONTROL,113203137.11100017,"[-0.108046, 0.042769, 0.626649, 0.104925, 0.008845, 0.531933]"
CONTROL,113223216.93900017,"[-0.110627, 0.038513, 0.629111, 0.104594, 0.012774, 0.536132]"
CONTROL,113243296.70300017,"[-0.113138, 0.034202, 0.631446, 0.103998, 0.016679, 0.540187]"
CONTROL,113263377.97099996,"[-0.115577, 0.029843, 0.633651, 0.10314, 0.020552, 0.544084]"
CONTROL,113283456.10300016,"[-0.117943, 0.025441, 0.635724, 0.102021, 0.024384, 0.547807]"
CONTROL,113303535.89900005,"[-0.120235, 0.021003, 0.637663, 0.100645, 0.02817, 0.551341]"
CONTROL,113323615.79100007,"[-0.122451, 0.016535, 0.639466, 0.099014, 0.031901, 0.554673]"
CONTROL,113343695.01100014,"[-0.124589, 0.012043, 0.641132, 0.097133, 0.03557, 0.557788]"
CONTROL,113363775.67099999,"[-0.126649, 0.007535, 0.642658, 0.095007, 0.039171, 0.560676]"
CONTROL,113383855.08300006,"[-0.128629, 0.003016, 0.644044, 0.092641, 0.042696, 0.563325]"
CONTROL,113403934.11100012,"[-0.130528, -0.001508, 0.645287, 0.09004, 0.046138, 0.565723]"
CONTROL,113424014.03500003,"[-0.132344, -0.006029, 0.646388, 0.087213, 0.049491, 0.567862]"
CONTROL,113444093.67100002,"[-0.134076, -0.010542, 0.647343, 0.084165, 0.052748, 0.569733]"
CONTROL,113464172.73099996,"[-0.135724, -0.01504, 0.648153, 0.080904, 0.055903, 0.571329]"
CONTROL,113484252.91100012,"[-0.137286, -0.019516, 0.648817, 0.077439, 0.05895, 0.572644]"
CONTROL,113504332.45099998,"[-0.138762, -0.023965, 0.649334, 0.073778, 0.061884, 0.573672]"
CONTROL,113524412.66300002,"[-0.140149, -0.02838, 0.649704, 0.069931, 0.064697, 0.574409]"
CONTROL,113544491.97899999,"[-0.141449, -0.032754, 0.649926, 0.065908, 0.067385, 0.574852]"
CONTROL,113564574.20700008,"[-0.142658, -0.037082, 0.65, 0.061717, 0.069943, 0.575]"
CONTROL,113584654.387,"[-0.143778, -0.041357, 0.649926, 0.057371, 0.072366, 0.574852]"
CONTROL,113604735.463,"[-0.144807, -0.045573, 0.649704, 0.05288, 0.074648, 0.574409]"
CONTROL,113624815.19500011,"[-0.145745, -0.049725, 0.649334, 0.048256, 0.076787, 0.573672]"
CONTROL,113644896.303,"[-0.14659, -0.053806, 0.648817, 0.043509, 0.078777, 0.572644]"
CONTROL,113664973.92300016,"[-0.147343, -0.05781, 0.648153, 0.038653, 0.080614, 0.571329]"
CONTROL,113685054.03900008,"[-0.148003, -0.061733, 0.647343, 0.033699, 0.082296, 0.569733]"
CONTROL,113705133.54700007,"[-0.148569, -0.065567, 0.646388, 0.02866, 0.083818, 0.567862]"
CONTROL,113725213.919,"[-0.149042, -0.069309, 0.645287, 0.023548, 0.085178, 0.565723]"
CONTROL,113745293.84300013,"[-0.14942, -0.072952, 0.644044, 0.018377, 0.086374, 0.563325]"
CONTROL,113765373.54300012,"[-0.149704, -0.076491, 0.642658, 0.01316, 0.087402, 0.560676]"
CONTROL,113785454.39499998,"[-0.149893, -0.079921, 0.641132, 0.007909, 0.088261, 0.557788]"
CONTROL,113805535.31100008,"[-0.149988, -0.083238, 0.639466, 0.002639, 0.08895, 0.554673]"
CONTROL,113825603.39500014,"[-0.149988, -0.086437, 0.637663, -0.002639, 0.089467, 0.551341]"
CONTROL,113845683.79899997,"[-0.149893, -0.089513, 0.635724, -0.007909, 0.08981, 0.547807]"
CONTROL,113865763.01900004,"[-0.149704, -0.092462, 0.633651, -0.01316, 0.08998, 0.544084]"
CONTROL,113885841.11900014,"[-0.14942, -0.095279, 0.631446, -0.018377, 0.089976, 0.540187]"
CONTROL,113905920.56300011,"[-0.149042, -0.097961, 0.629111, -0.023548, 0.089798, 0.536132]"
CONTROL,113925999.14300013,"[-0.148569, -0.100503, 0.626649, -0.02866, 0.089446, 0.531933]"
CONTROL,113946078.93900001,"[-0.148003, -0.102903, 0.624062, -0.033699, 0.088921, 0.527609]"
CONTROL,113966158.19099997,"[-0.147343, -0.105157, 0.621353, -0.038653, 0.088224, 0.523176]"
CONTROL,113986238.24300012,"[-0.14659, -0.107261, 0.618523, -0.043509, 0.087357, 0.518652]"
CONTROL,114006319.03099997,"[-0.145745, -0.109213, 0.615577, -0.048256, 0.08632, 0.514054]"
CONTROL,114026398.63500008,"[-0.144807, -0.111009, 0.612517, -0.05288, 0.085117, 0.5094]"
CONTROL,114046479.26300004,"[-0.143778, -0.112648, 0.609345, -0.057371, 0.083749, 0.504709]"
CONTROL,114066558.32299998,"[-0.142658, -0.114127, 0.606066, -0.061717, 0.082219, 0.5]"
CONTROL,114086707.24300009,"[-0.141449, -0.115443, 0.602682, -0.065908, 0.08053, 0.495291]"
CONTROL,114106786.62300006,"[-0.140149, -0.116596, 0.599197, -0.069931, 0.078685, 0.4906]"
CONTROL,114126867.31500003,"[-0.138762, -0.117583, 0.595614, -0.073778, 0.076688, 0.485946]"
CONTROL,114146946.5350001,"[-0.137286, -0.118402, 0.591936, -0.077439, 0.074543, 0.481348]"
CONTROL,114167026.10700008,"[-0.135724, -0.119054, 0.588168, -0.080904, 0.072254, 0.476824]"
CONTROL,114187105.35900004,"[-0.134076, -0.119536, 0.584313, -0.084165, 0.069824, 0.472391]"
CONTROL,114207185.12300004,"[-0.132344, -0.119848, 0.580374, -0.087213, 0.06726, 0.468067]"
CONTROL,114227265.17499995,"[-0.130528, -0.119991, 0.576356, -0.09004, 0.064566, 0.463868]"
CONTROL,114247346.57099998,"[-0.128629, -0.119962, 0.572263, -0.092641, 0.061747, 0.459813]"
CONTROL,114267426.49500011,"[-0.126649, -0.119763, 0.568099, -0.095007, 0.058808, 0.455916]"
CONTROL,114287505.93900008,"[-0.124589, -0.119394, 0.563867, -0.097133, 0.055755, 0.452193]"
CONTROL,114307584.743,"[-0.122451, -0.118855, 0.559572, -0.099014, 0.052595, 0.448659]"
CONTROL,114327664.315,"[-0.120235, -0.118148, 0.555219, -0.100645, 0.049333, 0.445327]"
CONTROL,114347743.47100006,"[-0.117943, -0.117272, 0.550811, -0.102021, 0.045976, 0.442212]"
CONTROL,114367824.45100015,"[-0.115577, -0.11623, 0.546353, -0.10314, 0.04253, 0.439324]"
CONTROL,114387902.90300016,"[-0.113138, -0.115023, 0.541849, -0.103998, 0.039001, 0.436675]"
CONTROL,114407982.69900006,"[-0.110627, -0.113652, 0.537303, -0.104594, 0.035397, 0.434277]"
CONTROL,114428063.03900011,"[-0.108046, -0.112119, 0.532721, -0.104925, 0.031725, 0.432138]"
CONTROL,114448142.32299995,"[-0.105397, -0.110428, 0.528107, -0.104992, 0.027991, 0.430267]"
CONTROL,114468222.3110001,"[-0.102682, -0.108579, 0.523465, -0.104793, 0.024203, 0.428671]"
CONTROL,114488301.81900007,"[-0.099902, -0.106576, 0.5188, -0.104329, 0.020368, 0.427356]"
CONTROL,114508381.13500004,"[-0.097058, -0.104422, 0.514116, -0.103602, 0.016494, 0.426328]"
CONTROL,114528460.70700002,"[-0.094154, -0.102119, 0.509419, -0.102613, 0.012588, 0.425591]"
CONTROL,114548539.63899995,"[-0.09119, -0.099672, 0.504712, -0.101365, 0.008657, 0.425148]"
CONTROL,114568620.77999994,"[-0.088168, -0.097082, 0.5, -0.099861, 0.00471, 0.425]"
CONTROL,114588701.28000012,"[-0.08509, -0.094355, 0.495288, -0.098105, 0.000754, 0.425148]"
CONTROL,114608782.452,"[-0.081959, -0.091493, 0.490581, -0.0961, -0.003204, 0.425591]"
CONTROL,114628861.67200008,"[-0.078776, -0.088502, 0.485884, -0.093853, -0.007155, 0.426328]"
CONTROL,114648942.97199999,"[-0.075543, -0.085384, 0.4812, -0.091369, -0.011093, 0.427356]"
CONTROL,114669023.50400005,"[-0.072263, -0.082146, 0.476535, -0.088654, -0.015009, 0.428671]"
CONTROL,114689102.75600001,"[-0.068937, -0.07879, 0.471893, -0.085716, -0.018896, 0.430267]"
CONTROL,114709181.59200005,"[-0.065567, -0.075323, 0.467279, -0.08256, -0.022747, 0.432138]"
CONTROL,114729262.41200003,"[-0.062156, -0.071749, 0.462697, -0.079196, -0.026554, 0.434277]"
CONTROL,114749341.66399999,"[-0.058706, -0.068072, 0.458151, -0.075632, -0.030309, 0.436675]"
CONTROL,114769420.34000012,"[-0.055219, -0.064299, 0.453647, -0.071877, -0.034006, 0.439324]"
CONTROL,114789500.84000008,"[-0.051696, -0.060435, 0.449189, -0.067941, -0.037637, 0.442212]"
CONTROL,114809579.4840001,"[-0.048142, -0.056484, 0.444781, -0.063833, -0.041195, 0.445327]"
CONTROL,114829658.76800017,"[-0.044556, -0.052454, 0.440428, -0.059563, -0.044673, 0.448659]"
CONTROL,114849738.11600003,"[-0.040943, -0.048349, 0.436133, -0.055143, -0.048065, 0.452193]"
CONTROL,114869817.36799999,"[-0.037303, -0.044175, 0.431901, -0.050584, -0.051364, 0.455916]"
CONTROL,114889896.39700003,"[-0.033641, -0.039938, 0.427737, -0.045897, -0.054564, 0.459813]"
CONTROL,114909974.84900004,"[-0.029956, -0.035645, 0.423644, -0.041094, -0.057658, 0.463868]"
CONTROL,114930053.52499995,"[-0.026253, -0.031301, 0.419626, -0.036188, -0.060641, 0.468067]"
CONTROL,114950134.53700016,"[-0.022534, -0.026912, 0.415687, -0.031189, -0.063506, 0.472391]"
CONTROL,114970214.7810001,"[-0.0188, -0.022486, 0.411832, -0.026112, -0.066249, 0.476824]"
CONTROL,114990293.80900015,"[-0.015054, -0.018027, 0.408064, -0.02097, -0.068863, 0.481348]"
CONTROL,115010373.25300013,"[-0.011299, -0.013543, 0.404386, -0.015774, -0.071344, 0.485946]"
CONTROL,115030453.20900014,"[-0.007537, -0.009039, 0.400803, -0.010538, -0.073688, 0.4906]"
CONTROL,115050532.74900001,"[-0.00377, -0.004523, 0.397318, -0.005276, -0.075888, 0.495291]"
CONTROL,115070613.05699995,"[-0.0, -0.0, 0.393934, -0.0, -0.077942, 0.5]"
CONTROL,115090768.95299995,"[0.00377, 0.004523, 0.390655, 0.005276, -0.079845, 0.504709]"
CONTROL,115110849.10099998,"[0.007537, 0.009039, 0.387483, 0.010538, -0.081594, 0.5094]"
CONTROL,115130927.90500014,"[0.011299, 0.013543, 0.384423, 0.015774, -0.083185, 0.514054]"
CONTROL,115151006.22900014,"[0.015054, 0.018027, 0.381477, 0.02097, -0.084615, 0.518652]"
CONTROL,115171086.37700017,"[0.0188, 0.022486, 0.378647, 0.026112, -0.085882, 0.523176]"
CONTROL,115191166.94100012,"[0.022534, 0.026912, 0.375938, 0.031189, -0.086982, 0.527609]"
CONTROL,115211245.39300013,"[0.026253, 0.031301, 0.373351, 0.036188, -0.087914, 0.531933]"
CONTROL,115231324.61299998,"[0.029956, 0.035645, 0.370889, 0.041094, -0.088676, 0.536132]"
CONTROL,115251411.32199997,"[0.033641, 0.039938, 0.368554, 0.045897, -0.089267, 0.540187]"
CONTROL,115271490.25400013,"[0.037303, 0.044175, 0.366349, 0.050584, -0.089684, 0.544084]"
CONTROL,115291568.70600013,"[0.040943, 0.048349, 0.364276, 0.055143, -0.089929, 0.547807]"
CONTROL,115311647.66999996,"[0.044556, 0.052454, 0.362337, 0.059563, -0.089999, 0.551341]"
CONTROL,115331727.17800017,"[0.048142, 0.056484, 0.360534, 0.063833, -0.089896, 0.554673]"
CONTROL,115351806.334,"[0.051696, 0.060435, 0.358868, 0.067941, -0.089618, 0.557788]"
CONTROL,115371885.58599997,"[0.055219, 0.064299, 0.357342, 0.071877, -0.089167, 0.560676]"
CONTROL,115391966.91799998,"[0.058706, 0.068072, 0.355956, 0.075632, -0.088544, 0.563325]"
CONTROL,115412047.002,"[0.062156, 0.071749, 0.354713, 0.079196, -0.08775, 0.565723]"
CONTROL,115432123.69399999,"[0.065567, 0.075323, 0.353612, 0.08256, -0.086785, 0.567862]"
CONTROL,115452203.04200007,"[0.068937, 0.07879, 0.352657, 0.085716, -0.085653, 0.569733]"
CONTROL,115472283.76700014,"[0.072263, 0.082146, 0.351847, 0.088654, -0.084355, 0.571329]"
CONTROL,115492363.43500002,"[0.075543, 0.085384, 0.351183, 0.091369, -0.082894, 0.572644]"
CONTROL,115512442.75099999,"[0.078776, 0.088502, 0.350666, 0.093853, -0.081273, 0.573672]"
CONTROL,115532524.46700004,"[0.081959, 0.091493, 0.350296, 0.0961, -0.079495, 0.574409]"
CONTROL,115552605.89500017,"[0.08509, 0.094355, 0.350074, 0.098105, -0.077563, 0.574852]"
CONTROL,115572686.1390001,"[0.088168, 0.097082, 0.35, 0.099861, -0.07548, 0.575]"
CONTROL,115592766.79899995,"[0.09119, 0.099672, 0.350074, 0.101365, -0.073252, 0.574852]"
CONTROL,115612847.13999999,"[0.094154, 0.102119, 0.350296, 0.102613, -0.070882, 0.574409]"
CONTROL,115632932.05600007,"[0.097058, 0.104422, 0.350666, 0.103602, -0.068375, 0.573672]"
CONTROL,115653014.28400016,"[0.099902, 0.106576, 0.351183, 0.104329, -0.065736, 0.572644]"
CONTROL,115673095.80799997,"[0.102682, 0.108579, 0.351847, 0.104793, -0.06297, 0.571329]"
CONTROL,115693171.5400001,"[0.105397, 0.110428, 0.352657, 0.104992, -0.060082, 0.569733]"
CONTROL,115713266.12100007,"[0.108046, 0.112119, 0.353612, 0.104925, -0.057077, 0.567862]"
CONTROL,115733339.29299997,"[0.110627, 0.113652, 0.354713, 0.104594, -0.053962, 0.565723]"
CONTROL,115753414.83300008,"[0.113138, 0.115023, 0.355956, 0.103998, -0.050743, 0.563325]"
CONTROL,115773487.9730001,"[0.115577, 0.11623, 0.357342, 0.10314, -0.047426, 0.560676]"
CONTROL,115793561.17600013,"[0.117943, 0.117272, 0.358868, 0.102021, -0.044017, 0.557788]"
CONTROL,115813637.35600007,"[0.120235, 0.118148, 0.360534, 0.100645, -0.040523, 0.554673]"
CONTROL,115833712.44800015,"[0.122451, 0.118855, 0.362337, 0.099014, -0.03695, 0.551341]"
CONTROL,115853786.26000011,"[0.124589, 0.119394, 0.364276, 0.097133, -0.033306, 0.547807]"
CONTROL,115873862.31200002,"[0.126649, 0.119763, 0.366349, 0.095007, -0.029598, 0.544084]"
CONTROL,115893937.02000007,"[0.128629, 0.119962, 0.368554, 0.092641, -0.025832, 0.540187]"
CONTROL,115914012.08000001,"[0.130528, 0.119991, 0.370889, 0.09004, -0.022017, 0.536132]"
CONTROL,115934087.97100006,"[0.132344, 0.119848, 0.373351, 0.087213, -0.018159, 0.531933]"
CONTROL,115954162.10300004,"[0.134076, 0.119536, 0.375938, 0.084165, -0.014265, 0.527609]"
CONTROL,115974239.979,"[0.135724, 0.119054, 0.378647, 0.080904, -0.010344, 0.523176]"
CONTROL,115994320.44700006,"[0.137286, 0.118402, 0.381477, 0.077439, -0.006403, 0.518652]"
CONTROL,116014399.79600014,"[0.138762, 0.117583, 0.384423, 0.073778, -0.00245, 0.514054]"
CONTROL,116034479.65600003,"[0.140149, 0.116596, 0.387483, 0.069931, 0.001508, 0.5094]"
CONTROL,116054559.06800012,"[0.141449, 0.115443, 0.390655, 0.065908, 0.005463, 0.504709]"
CONTROL,116074639.40800017,"[0.142658, 0.114127, 0.393934, 0.061717, 0.009408, 0.5]"
CONTROL,116094797.19199999,"[0.143778, 0.112648, 0.397318, 0.057371, 0.013334, 0.495291]"
CONTROL,116114876.76399997,"[0.144807, 0.111009, 0.400803, 0.05288, 0.017234, 0.4906]"
CONTROL,116134960.46399996,"[0.145745, 0.109213, 0.404386, 0.048256, 0.021102, 0.485946]"
CONTROL,116155041.02900013,"[0.14659, 0.107261, 0.408064, 0.043509, 0.024928, 0.481348]"
CONTROL,116175122.20100002,"[0.147343, 0.105157, 0.411832, 0.038653, 0.028706, 0.476824]"
CONTROL,116195201.74100012,"[0.148003, 0.102903, 0.415687, 0.033699, 0.032429, 0.472391]"
CONTROL,116215280.80100006,"[0.148569, 0.100503, 0.419626, 0.02866, 0.036089, 0.468067]"
CONTROL,116235359.797,"[0.149042, 0.097961, 0.423644, 0.023548, 0.039679, 0.463868]"
CONTROL,116255439.497,"[0.14942, 0.095279, 0.427737, 0.018377, 0.043193, 0.459813]"
CONTROL,116275520.637,"[0.149704, 0.092462, 0.431901, 0.01316, 0.046622, 0.455916]"
CONTROL,116295600.43300012,"[0.149893, 0.089513, 0.436133, 0.007909, 0.049962, 0.452193]"
CONTROL,116315681.92600003,"[0.149988, 0.086437, 0.440428, 0.002639, 0.053205, 0.448659]"
CONTROL,116335762.42599997,"[0.149988, 0.083238, 0.444781, -0.002639, 0.056345, 0.445327]"
CONTROL,116355841.99799997,"[0.149893, 0.079921, 0.449189, -0.007909, 0.059377, 0.442212]"
CONTROL,116375920.83399999,"[0.149704, 0.076491, 0.453647, -0.01316, 0.062293, 0.439324]"
CONTROL,116396000.63000011,"[0.14942, 0.072952, 0.458151, -0.018377, 0.065089, 0.436675]"
CONTROL,116416081.06600006,"[0.149042, 0.069309, 0.462697, -0.023548, 0.067759, 0.434277]"
CONTROL,116436161.4070001,"[0.148569, 0.065567, 0.467279, -0.02866, 0.070298, 0.432138]"
CONTROL,116456240.49900016,"[0.148003, 0.061733, 0.471893, -0.033699, 0.072701, 0.430267]"
CONTROL,116476320.48700006,"[0.147343, 0.05781, 0.476535, -0.038653, 0.074963, 0.428671]"
CONTROL,116496401.46700017,"[0.14659, 0.053806, 0.4812, -0.043509, 0.07708, 0.427356]"
CONTROL,116516481.16700016,"[0.145745, 0.049725, 0.485884, -0.048256, 0.079049, 0.426328]"
CONTROL,116536561.05899996,"[0.144807, 0.045573, 0.490581, -0.05288, 0.080864, 0.425591]"
CONTROL,116556642.16800006,"[0.143778, 0.041357, 0.495288, -0.057371, 0.082523, 0.425148]"
CONTROL,116576722.21999997,"[0.142658, 0.037082, 0.5, -0.061717, 0.084022, 0.425]"
CONTROL,116596803.5200001,"[0.141449, 0.032754, 0.504712, -0.065908, 0.085359, 0.425148]"
CONTROL,116616883.57200001,"[0.140149, 0.02838, 0.509419, -0.069931, 0.086531, 0.425591]"
CONTROL,116636963.30400012,"[0.138762, 0.023965, 0.514116, -0.073778, 0.087535, 0.426328]"
CONTROL,116657043.96499996,"[0.137286, 0.019516, 0.5188, -0.077439, 0.08837, 0.427356]"
CONTROL,116677124.177,"[0.135724, 0.01504, 0.523465, -0.080904, 0.089035, 0.428671]"
CONTROL,116697220.74200013,"[0.134076, 0.010542, 0.528107, -0.084165, 0.089526, 0.430267]"
CONTROL,116717297.14599997,"[0.132344, 0.006029, 0.532721, -0.087213, 0.089845, 0.432138]"
CONTROL,116737374.41399999,"[0.130528, 0.001508, 0.537303, -0.09004, 0.08999, 0.434277]"
CONTROL,116757449.72999996,"[0.128629, -0.003016, 0.541849, -0.092641, 0.089961, 0.436675]"
CONTROL,116777524.1500001,"[0.126649, -0.007535, 0.546353, -0.095007, 0.089758, 0.439324]"
CONTROL,116797599.11300015,"[0.124589, -0.012043, 0.550811, -0.097133, 0.089382, 0.442212]"
CONTROL,116817674.74900016,"[0.122451, -0.016535, 0.555219, -0.099014, 0.088832, 0.445327]"
CONTROL,116837748.56100012,"[0.120235, -0.021003, 0.559572, -0.100645, 0.088111, 0.448659]"
CONTROL,116857822.05300006,"[0.117943, -0.025441, 0.563867, -0.102021, 0.087219, 0.452193]"
CONTROL,116877895.92900003,"[0.115577, -0.029843, 0.568099, -0.10314, 0.086159, 0.455916]"
CONTROL,116897970.47700018,"[0.113138, -0.034202, 0.572263, -0.103998, 0.084932, 0.459813]"
CONTROL,116918044.80099995,"[0.110627, -0.038513, 0.576356, -0.104594, 0.08354, 0.463868]"
CONTROL,116938119.701,"[0.108046, -0.042769, 0.580374, -0.104925, 0.081987, 0.468067]"
CONTROL,116958192.52000001,"[0.105397, -0.046965, 0.584313, -0.104992, 0.080276, 0.472391]"
CONTROL,116978267.19600016,"[0.102682, -0.051094, 0.588168, -0.104793, 0.078409, 0.476824]"
CONTROL,116998341.52000017,"[0.099902, -0.05515, 0.591936, -0.104329, 0.076391, 0.481348]"
CONTROL,117018416.90000014,"[0.097058, -0.059127, 0.595614, -0.103602, 0.074225, 0.485946]"
CONTROL,117038491.06400003,"[0.094154, -0.063021, 0.599197, -0.102613, 0.071915, 0.4906]"
CONTROL,117058565.93199997,"[0.09119, -0.066825, 0.602682, -0.101365, 0.069466, 0.495291]"
CONTROL,117078638.84800008,"[0.088168, -0.070534, 0.606066, -0.099861, 0.066883, 0.5]"
CONTROL,117098788.91900007,"[0.08509, -0.074143, 0.609345, -0.098105, 0.064171, 0.504709]"
CONTROL,117118866.82700014,"[0.081959, -0.077647, 0.612517, -0.0961, 0.061334, 0.5094]"
CONTROL,117138940.99100003,"[0.078776, -0.08104, 0.615577, -0.093853, 0.058379, 0.514054]"
CONTROL,117159017.90700014,"[0.075543, -0.084318, 0.618523, -0.091369, 0.05531, 0.518652]"
CONTROL,117179094.72700012,"[0.072263, -0.087476, 0.621353, -0.088654, 0.052135, 0.523176]"
CONTROL,117199169.97900009,"[0.068937, -0.09051, 0.624062, -0.085716, 0.048859, 0.527609]"
CONTROL,117219243.69500016,"[0.065567, -0.093415, 0.626649, -0.08256, 0.045489, 0.531933]"
CONTROL,117239320.22700001,"[0.062156, -0.096188, 0.629111, -0.079196, 0.04203, 0.536132]"
CONTROL,117259396.11900003,"[0.058706, -0.098824, 0.631446, -0.075632, 0.038491, 0.540187]"
CONTROL,117279471.14700009,"[0.055219, -0.101319, 0.633651, -0.071877, 0.034876, 0.544084]"
CONTROL,117299545.69500001,"[0.051696, -0.103671, 0.635724, -0.067941, 0.031195, 0.547807]"
CONTROL,117319619.7950001,"[0.048142, -0.105875, 0.637663, -0.063833, 0.027453, 0.551341]"
CONTROL,117339652.09999996,"[0.044556, -0.107929, 0.639466, -0.059563, 0.023658, 0.554673]"
CONTROL,117359725.33600011,"[0.040943, -0.109829, 0.641132, -0.055143, 0.019817, 0.557788]"
CONTROL,117379800.58800007,"[0.037303, -0.111573, 0.642658, -0.050584, 0.015938, 0.560676]"
CONTROL,117399872.83200003,"[0.033641, -0.113159, 0.644044, -0.045897, 0.012028, 0.563325]"
CONTROL,117419946.74000011,"[0.029956, -0.114584, 0.645287, -0.041094, 0.008094, 0.565723]"
CONTROL,117440021.80000007,"[0.026253, -0.115846, 0.646388, -0.036188, 0.004145, 0.567862]"
CONTROL,117460097.50000007,"[0.022534, -0.116943, 0.647343, -0.031189, 0.000188, 0.569733]"
CONTROL,117480172.36800002,"[0.0188, -0.117874, 0.648153, -0.026112, -0.003769, 0.571329]"
CONTROL,117500247.5240001,"[0.015054, -0.118638, 0.648817, -0.02097, -0.007719, 0.572644]"
CONTROL,117520321.55999996,"[0.011299, -0.119233, 0.649334, -0.015774, -0.011654, 0.573672]"
CONTROL,117540399.37200014,"[0.007537, -0.119659, 0.649704, -0.010538, -0.015566, 0.574409]"
CONTROL,117560473.79200004,"[0.00377, -0.119915, 0.649926, -0.005276, -0.019449, 0.574852]"
CONTROL,117580547.92400002,"[0.0, -0.12, 0.65, -0.0, -0.023294, 0.575]"
CONTROL,117600623.36800002,"[-0.00377, -0.119915, 0.649926, 0.005276, -0.027093, 0.574852]"
CONTROL,117620697.78800014,"[-0.007537, -0.119659, 0.649704, 0.010538, -0.030841, 0.574409]"
CONTROL,117640772.39900006,"[-0.011299, -0.119233, 0.649334, 0.015774, -0.034529, 0.573672]"
CONTROL,117660849.76399998,"[-0.015054, -0.118638, 0.648817, 0.02097, -0.038149, 0.572644]"
CONTROL,117680924.98300007,"[-0.0188, -0.117874, 0.648153, 0.026112, -0.041697, 0.571329]"
CONTROL,117700999.85100001,"[-0.022534, -0.116943, 0.647343, 0.031189, -0.045163, 0.569733]"
CONTROL,117721076.22299996,"[-0.026253, -0.115846, 0.646388, 0.036188, -0.048542, 0.567862]"
CONTROL,117741151.47500016,"[-0.029956, -0.114584, 0.645287, 0.041094, -0.051828, 0.565723]"
CONTROL,117761227.8470001,"[-0.033641, -0.113159, 0.644044, 0.045897, -0.055013, 0.563325]"
CONTROL,117781302.267,"[-0.037303, -0.111573, 0.642658, 0.050584, -0.058091, 0.560676]"
CONTROL,117801376.335,"[-0.040943, -0.109829, 0.641132, 0.055143, -0.061057, 0.557788]"
CONTROL,117821450.62700011,"[-0.044556, -0.107929, 0.639466, 0.059563, -0.063906, 0.554673]"
CONTROL,117841526.2630001,"[-0.048142, -0.105875, 0.637663, 0.063833, -0.06663, 0.551341]"
CONTROL,117861600.4590001,"[-0.051696, -0.103671, 0.635724, 0.067941, -0.069226, 0.547807]"
CONTROL,117881676.319,"[-0.055219, -0.101319, 0.633651, 0.071877, -0.071688, 0.544084]"
CONTROL,117901751.09100005,"[-0.058706, -0.098824, 0.631446, 0.075632, -0.074011, 0.540187]"
CONTROL,117921825.41500005,"[-0.062156, -0.096188, 0.629111, 0.079196, -0.076191, 0.536132]"
CONTROL,117941901.787,"[-0.065567, -0.093415, 0.626649, 0.08256, -0.078223, 0.531933]"
CONTROL,117961977.61500002,"[-0.068937, -0.09051, 0.624062, 0.085716, -0.080105, 0.527609]"
CONTROL,117982060.03500013,"[-0.072263, -0.087476, 0.621353, 0.088654, -0.081831, 0.523176]"
CONTROL,118002156.82400016,"[-0.075543, -0.084318, 0.618523, 0.091369, -0.083399, 0.518652]"
CONTROL,118022238.733,"[-0.078776, -0.08104, 0.615577, 0.093853, -0.084806, 0.514054]"
CONTROL,118042318.97700015,"[-0.081959, -0.077647, 0.612517, 0.0961, -0.086049, 0.5094]"
CONTROL,118062399.60500011,"[-0.08509, -0.074143, 0.609345, 0.098105, -0.087125, 0.504709]"
CONTROL,118082479.84900004,"[-0.088168, -0.070534, 0.606066, 0.099861, -0.088033, 0.5]"
CONTROL,118102624.96099995,"[-0.09119, -0.066825, 0.602682, 0.101365, -0.088771, 0.495291]"
CONTROL,118122705.55700001,"[-0.094154, -0.063021, 0.599197, 0.102613, -0.089337, 0.4906]"
CONTROL,118142785.92899996,"[-0.097058, -0.059127, 0.595614, 0.103602, -0.08973, 0.485946]"
CONTROL,118162865.85400008,"[-0.099902, -0.05515, 0.591936, 0.104329, -0.089949, 0.481348]"
CONTROL,118182946.29000002,"[-0.102682, -0.051094, 0.588168, 0.104793, -0.089995, 0.476824]"
CONTROL,118203025.83000012,"[-0.105397, -0.046965, 0.584313, 0.104992, -0.089867, 0.472391]"
CONTROL,118223105.81800002,"[-0.108046, -0.042769, 0.580374, 0.104925, -0.089564, 0.468067]"
CONTROL,118243186.15800007,"[-0.110627, -0.038513, 0.576356, 0.104594, -0.089089, 0.463868]"
CONTROL,118263266.24300009,"[-0.113138, -0.034202, 0.572263, 0.103998, -0.088441, 0.459813]"
CONTROL,118283347.543,"[-0.115577, -0.029843, 0.568099, 0.10314, -0.087622, 0.455916]"
CONTROL,118303427.2110001,"[-0.117943, -0.025441, 0.563867, 0.102021, -0.086634, 0.452193]"
CONTROL,118323506.11100014,"[-0.120235, -0.021003, 0.559572, 0.100645, -0.085478, 0.448659]"
CONTROL,118343587.06000012,"[-0.122451, -0.016535, 0.555219, 0.099014, -0.084157, 0.445327]"
CONTROL,118363667.62400007,"[-0.124589, -0.012043, 0.550811, 0.097133, -0.082673, 0.442212]"
CONTROL,118383747.67599998,"[-0.126649, -0.007535, 0.546353, 0.095007, -0.081029, 0.439324]"
CONTROL,118403826.83200005,"[-0.128629, -0.003016, 0.541849, 0.092641, -0.079228, 0.436675]"
CONTROL,118423902.40400004,"[-0.130528, 0.001508, 0.537303, 0.09004, -0.077274, 0.434277]"
CONTROL,118443983.19300012,"[-0.132344, 0.006029, 0.532721, 0.087213, -0.075171, 0.432138]"
CONTROL,118464063.69300008,"[-0.134076, 0.010542, 0.528107, 0.084165, -0.072922, 0.430267]"
CONTROL,118484144.96100008,"[-0.135724, 0.01504, 0.523465, 0.080904, -0.070532, 0.428671]"
CONTROL,118504225.36600013,"[-0.137286, 0.019516, 0.5188, 0.077439, -0.068006, 0.427356]"
CONTROL,118524307.85000001,"[-0.138762, 0.023965, 0.514116, 0.073778, -0.065349, 0.426328]"
CONTROL,118544387.77400014,"[-0.140149, 0.02838, 0.509419, 0.069931, -0.062564, 0.425591]"
CONTROL,118564467.85900016,"[-0.141449, 0.032754, 0.504712, 0.065908, -0.059659, 0.425148]"
CONTROL,118584547.27100001,"[-0.142658, 0.037082, 0.5, 0.061717, -0.056639, 0.425]"
CONTROL,118604628.47500002,"[-0.143778, 0.041357, 0.495288, 0.057371, -0.053509, 0.425148]"
CONTROL,118624708.62300006,"[-0.144807, 0.045573, 0.490581, 0.05288, -0.050275, 0.425591]"
CONTROL,118644787.97200014,"[-0.145745, 0.049725, 0.485884, 0.048256, -0.046944, 0.426328]"
CONTROL,118664867.28800009,"[-0.14659, 0.053806, 0.4812, 0.043509, -0.043523, 0.427356]"
CONTROL,118684949.57999997,"[-0.147343, 0.05781, 0.476535, 0.038653, -0.040017, 0.428671]"
CONTROL,118705029.5040001,"[-0.148003, 0.061733, 0.471893, 0.033699, -0.036434, 0.430267]"
CONTROL,118725109.97300014,"[-0.148569, 0.065567, 0.467279, 0.02866, -0.03278, 0.432138]"
CONTROL,118745190.79300012,"[-0.149042, 0.069309, 0.462697, 0.023548, -0.029063, 0.434277]"
CONTROL,118765272.06100014,"[-0.14942, 0.072952, 0.458151, 0.018377, -0.02529, 0.436675]"
CONTROL,118785355.82600011,"[-0.149704, 0.076491, 0.453647, 0.01316, -0.021468, 0.439324]"
CONTROL,118805436.10200016,"[-0.149893, 0.079921, 0.449189, 0.007909, -0.017604, 0.442212]"
CONTROL,118825516.21800007,"[-0.149988, 0.083238, 0.444781, 0.002639, -0.013707, 0.445327]"
CONTROL,118845596.55800012,"[-0.149988, 0.086437, 0.440428, -0.002639, -0.009782, 0.448659]"
CONTROL,118865676.51500013,"[-0.149893, 0.089513, 0.436133, -0.007909, -0.005839, 0.452193]"
CONTROL,118885755.57500008,"[-0.149704, 0.092462, 0.431901, -0.01316, -0.001885, 0.455916]"
CONTROL,118905851.21200001,"[-0.14942, 0.095279, 0.427737, -0.018377, 0.002073, 0.459813]"
CONTROL,118925930.97600001,"[-0.149042, 0.097961, 0.423644, -0.023548, 0.006027, 0.463868]"
CONTROL,118946011.09300016,"[-0.148569, 0.100503, 0.419626, -0.02866, 0.00997, 0.468067]"
CONTROL,118966091.7210001,"[-0.148003, 0.102903, 0.415687, -0.033699, 0.013893, 0.472391]"
CONTROL,118986170.33300002,"[-0.147343, 0.105157, 0.411832, -0.038653, 0.017789, 0.476824]"
CONTROL,119006249.52099997,"[-0.14659, 0.107261, 0.408064, -0.043509, 0.021651, 0.481348]"
CONTROL,119026329.18900008,"[-0.145745, 0.109213, 0.404386, -0.048256, 0.025471, 0.485946]"
CONTROL,119046408.69800004,"[-0.144807, 0.111009, 0.400803, -0.05288, 0.029242, 0.4906]"
CONTROL,119066488.74999996,"[-0.143778, 0.112648, 0.397318, -0.057371, 0.032956, 0.495291]"
CONTROL,119086567.97000003,"[-0.142658, 0.114127, 0.393934, -0.061717, 0.036606, 0.5]"
CONTROL,119106712.05800009,"[-0.141449, 0.115443, 0.390655, -0.065908, 0.040186, 0.504709]"
CONTROL,119126791.40600017,"[-0.140149, 0.116596, 0.387483, -0.069931, 0.043688, 0.5094]"
CONTROL,119146871.36199996,"[-0.138762, 0.117583, 0.384423, -0.073778, 0.047105, 0.514054]"
CONTROL,119166951.99000014,"[-0.137286, 0.118402, 0.381477, -0.077439, 0.050431, 0.518652]"
CONTROL,119187032.17100005,"[-0.135724, 0.119054, 0.378647, -0.080904, 0.05366, 0.523176]"
CONTROL,119207111.55100003,"[-0.134076, 0.119536, 0.375938, -0.084165, 0.056785, 0.527609]"
CONTROL,119227189.23499997,"[-0.132344, 0.119848, 0.373351, -0.087213, 0.0598, 0.531933]"
CONTROL,119247270.24699996,"[-0.130528, 0.119991, 0.370889, -0.09004, 0.0627, 0.536132]"
CONTROL,119267350.90800002,"[-0.128629, 0.119962, 0.368554, -0.092641, 0.065478, 0.540187]"
CONTROL,119287431.21599996,"[-0.126649, 0.119763, 0.366349, -0.095007, 0.06813, 0.544084]"
CONTROL,119307510.66000016,"[-0.124589, 0.119394, 0.364276, -0.097133, 0.070649, 0.547807]"
CONTROL,119327590.39300004,"[-0.122451, 0.118855, 0.362337, -0.099014, 0.073032, 0.551341]"
CONTROL,119347670.15700004,"[-0.120235, 0.118148, 0.360534, -0.100645, 0.075274, 0.554673]"
CONTROL,119367750.94500013,"[-0.117943, 0.117272, 0.358868, -0.102021, 0.077371, 0.557788]"
CONTROL,119387832.95000008,"[-0.115577, 0.11623, 0.357342, -0.10314, 0.079317, 0.560676]"
CONTROL,119407912.74599996,"[-0.113138, 0.115023, 0.355956, -0.103998, 0.081111, 0.563325]"
CONTROL,119427993.02200001,"[-0.110627, 0.113652, 0.354713, -0.104594, 0.082747, 0.565723]"
CONTROL,119448072.3700001,"[-0.108046, 0.112119, 0.353612, -0.104925, 0.084223, 0.567862]"
CONTROL,119468150.82300009,"[-0.105397, 0.110428, 0.352657, -0.104992, 0.085537, 0.569733]"
CONTROL,119488232.34700012,"[-0.102682, 0.108579, 0.351847, -0.104793, 0.086685, 0.571329]"
CONTROL,119508312.11100012,"[-0.099902, 0.106576, 0.351183, -0.104329, 0.087665, 0.572644]"
CONTROL,119528392.9960001,"[-0.097058, 0.104422, 0.350666, -0.103602, 0.088476, 0.573672]"
CONTROL,119548471.96000014,"[-0.094154, 0.102119, 0.350296, -0.102613, 0.089115, 0.574409]"
CONTROL,119568551.91600016,"[-0.09119, 0.099672, 0.350074, -0.101365, 0.089583, 0.574852]"
CONTROL,119588631.93599996,"[-0.088168, 0.097082, 0.35, -0.099861, 0.089877, 0.575]"
CONTROL,119608711.95699997,"[-0.08509, 0.094355, 0.350074, -0.098105, 0.089997, 0.574852]"
CONTROL,119628791.68900008,"[-0.081959, 0.091493, 0.350296, -0.0961, 0.089943, 0.574409]"
CONTROL,119648872.41300017,"[-0.078776, 0.088502, 0.350666, -0.093853, 0.089715, 0.573672]"
CONTROL,119668952.17800015,"[-0.075543, 0.085384, 0.351183, -0.091369, 0.089314, 0.572644]"
CONTROL,119689044.93500008,"[-0.072263, 0.082146, 0.351847, -0.088654, 0.08874, 0.571329]"
CONTROL,119709123.83500013,"[-0.068937, 0.07879, 0.352657, -0.085716, 0.087994, 0.569733]"
CONTROL,119729202.44700004,"[-0.065567, 0.075323, 0.353612, -0.08256, 0.087078, 0.567862]"
CONTROL,119749281.5390001,"[-0.062156, 0.071749, 0.354713, -0.079196, 0.085994, 0.565723]"
CONTROL,119769360.31200011,"[-0.058706, 0.068072, 0.355956, -0.075632, 0.084743, 0.563325]"
CONTROL,119789440.26800014,"[-0.055219, 0.064299, 0.357342, -0.071877, 0.083328, 0.560676]"
CONTROL,119809519.45600009,"[-0.051696, 0.060435, 0.358868, -0.067941, 0.081753, 0.557788]"
CONTROL,119829598.80400017,"[-0.048142, 0.056484, 0.360534, -0.063833, 0.080019, 0.554673]"
CONTROL,119849678.28100002,"[-0.044556, 0.052454, 0.362337, -0.059563, 0.07813, 0.551341]"
CONTROL,119869757.05300006,"[-0.040943, 0.048349, 0.364276, -0.055143, 0.07609, 0.547807]"
CONTROL,119889836.40100014,"[-0.037303, 0.044175, 0.366349, -0.050584, 0.073903, 0.544084]"
CONTROL,119909916.32500003,"[-0.033641, 0.039938, 0.368554, -0.045897, 0.071574, 0.540187]"
CONTROL,119929996.53800006,"[-0.029956, 0.035645, 0.370889, -0.041094, 0.069105, 0.536132]"
CONTROL,119950076.65399998,"[-0.026253, 0.031301, 0.373351, -0.036188, 0.066503, 0.531933]"
CONTROL,119970155.45800014,"[-0.022534, 0.026912, 0.375938, -0.031189, 0.063773, 0.527609]"
CONTROL,119990235.28700013,"[-0.0188, 0.022486, 0.378647, -0.026112, 0.060919, 0.523176]"
CONTROL,120010315.11500014,"[-0.015054, 0.018027, 0.381477, -0.02097, 0.057947, 0.518652]"
CONTROL,120030393.66300005,"[-0.011299, 0.013543, 0.384423, -0.015774, 0.054863, 0.514054]"
CONTROL,120050473.07500012,"[-0.007537, 0.009039, 0.387483, -0.010538, 0.051673, 0.5094]"
CONTROL,120070553.16000015,"[-0.00377, 0.004523, 0.390655, -0.005276, 0.048383, 0.504709]"
CONTROL,120090632.54000011,"[-0.0, 0.0, 0.393934, -0.0, 0.045, 0.5]"
CONTROL,120110775.31499995,"[0.00377, -0.004523, 0.397318, 0.005276, 0.04153, 0.495291]"
CONTROL,120130854.69600014,"[0.007537, -0.009039, 0.400803, 0.010538, 0.037979, 0.4906]"
CONTROL,120150933.69200008,"[0.011299, -0.013543, 0.404386, 0.015774, 0.034354, 0.485946]"
CONTROL,120171012.91200015,"[0.015054, -0.018027, 0.408064, 0.02097, 0.030664, 0.481348]"
CONTROL,120191096.06899996,"[0.0188, -0.022486, 0.411832, 0.026112, 0.026914, 0.476824]"
CONTROL,120211175.83299997,"[0.022534, -0.026912, 0.415687, 0.031189, 0.023112, 0.472391]"
CONTROL,120231256.39700015,"[0.026253, -0.031301, 0.419626, 0.036188, 0.019265, 0.468067]"
CONTROL,120251337.47400014,"[0.029956, -0.035645, 0.423644, 0.041094, 0.015381, 0.463868]"
CONTROL,120271417.46200004,"[0.033641, -0.039938, 0.427737, 0.045897, 0.011467, 0.459813]"
CONTROL,120291495.62600014,"[0.037303, -0.044175, 0.431901, 0.050584, 0.007531, 0.455916]"
CONTROL,120311574.97499998,"[0.040943, -0.048349, 0.436133, 0.055143, 0.00358, 0.452193]"
CONTROL,120331654.35499996,"[0.044556, -0.052454, 0.440428, 0.059563, -0.000377, 0.448659]"
CONTROL,120351734.11899996,"[0.048142, -0.056484, 0.444781, 0.063833, -0.004334, 0.445327]"
CONTROL,120371813.72400005,"[0.051696, -0.060435, 0.449189, 0.067941, -0.008282, 0.442212]"
CONTROL,120391893.23200002,"[0.055219, -0.064299, 0.453647, 0.071877, -0.012214, 0.439324]"
CONTROL,120411968.58000012,"[0.058706, -0.068072, 0.458151, 0.075632, -0.016123, 0.436675]"
CONTROL,120432048.184,"[0.062156, -0.071749, 0.462697, 0.079196, -0.020001, 0.434277]"
CONTROL,120452128.68500017,"[0.065567, -0.075323, 0.467279, 0.08256, -0.023839, 0.432138]"
CONTROL,120472208.67300007,"[0.068937, -0.07879, 0.471893, 0.085716, -0.027632, 0.430267]"
CONTROL,120492289.68500006,"[0.072263, -0.082146, 0.476535, 0.088654, -0.031371, 0.428671]"
CONTROL,120512373.19400002,"[0.075543, -0.085384, 0.4812, 0.091369, -0.03505, 0.427356]"
CONTROL,120532453.05400014,"[0.078776, -0.088502, 0.485884, 0.093853, -0.038661, 0.426328]"
CONTROL,120552532.05000009,"[0.081959, -0.091493, 0.490581, 0.0961, -0.042197, 0.425591]"
CONTROL,120572613.22299996,"[0.08509, -0.094355, 0.495288, 0.098105, -0.045651, 0.425148]"
CONTROL,120592693.37099999,"[0.088168, -0.097082, 0.5, 0.099861, -0.049018, 0.425]"
CONTROL,120612773.00799997,"[0.09119, -0.099672, 0.504712, 0.101365, -0.052289, 0.425148]"
CONTROL,120632853.70000017,"[0.094154, -0.102119, 0.509419, 0.102613, -0.055459, 0.425591]"
CONTROL,120652934.0080001,"[0.097058, -0.104422, 0.514116, 0.103602, -0.058522, 0.426328]"
CONTROL,120673016.5890001,"[0.099902, -0.106576, 0.5188, 0.104329, -0.061472, 0.427356]"
CONTROL,120693096.06499997,"[0.102682, -0.108579, 0.523465, 0.104793, -0.064303, 0.428671]"
CONTROL,120713175.41300005,"[0.105397, -0.110428, 0.528107, 0.104992, -0.067009, 0.430267]"
CONTROL,120733253.83400016,"[0.108046, -0.112119, 0.532721, 0.104925, -0.069586, 0.432138]"
CONTROL,120753335.6460001,"[0.110627, -0.113652, 0.537303, 0.104594, -0.072028, 0.434277]"
CONTROL,120773416.72200009,"[0.113138, -0.115023, 0.541849, 0.103998, -0.074331, 0.436675]"
CONTROL,120793498.279,"[0.115577, -0.11623, 0.546353, 0.10314, -0.07649, 0.439324]"
CONTROL,120813579.38700011,"[0.117943, -0.117272, 0.550811, 0.102021, -0.078502, 0.442212]"
CONTROL,120833658.51200005,"[0.120235, -0.118148, 0.555219, 0.100645, -0.080361, 0.445327]"
CONTROL,120853738.14800005,"[0.122451, -0.118855, 0.559572, 0.099014, -0.082065, 0.448659]"
CONTROL,120873817.36800012,"[0.124589, -0.119394, 0.563867, 0.097133, -0.08361, 0.452193]"
CONTROL,120893899.08500016,"[0.126649, -0.119763, 0.568099, 0.095007, -0.084994, 0.455916]"
CONTROL,120913979.29699998,"[0.128629, -0.119962, 0.572263, 0.092641, -0.086213, 0.459813]"
CONTROL,120934059.79700014,"[0.130528, -0.119991, 0.576356, 0.09004, -0.087265, 0.463868]"
CONTROL,120954140.13799995,"[0.132344, -0.119848, 0.580374, 0.087213, -0.088149, 0.468067]"
CONTROL,120974221.05400005,"[0.134076, -0.119536, 0.584313, 0.084165, -0.088862, 0.472391]"
CONTROL,120994300.24200001,"[0.135724, -0.119054, 0.588168, 0.080904, -0.089404, 0.476824]"
CONTROL,121014380.74299994,"[0.137286, -0.118402, 0.591936, 0.077439, -0.089772, 0.481348]"
CONTROL,121034459.48300008,"[0.138762, -0.117583, 0.595614, 0.073778, -0.089967, 0.485946]"
CONTROL,121054537.80700009,"[0.140149, -0.116596, 0.599197, 0.069931, -0.089987, 0.4906]"
CONTROL,121074617.06000003,"[0.141449, -0.115443, 0.602682, 0.065908, -0.089834, 0.495291]"
CONTROL,121094699.192,"[0.142658, -0.114127, 0.606066, 0.061717, -0.089507, 0.5]"
CONTROL,121114839.43899998,"[0.143778, -0.112648, 0.609345, 0.057371, -0.089007, 0.504709]"
CONTROL,121134920.89999999,"[0.144807, -0.111009, 0.612517, 0.05288, -0.088334, 0.5094]"
CONTROL,121154999.51200013,"[0.145745, -0.109213, 0.615577, 0.048256, -0.087491, 0.514054]"
CONTROL,121175081.61299998,"[0.14659, -0.107261, 0.618523, 0.043509, -0.086479, 0.518652]"
CONTROL,121195162.30500017,"[0.147343, -0.105157, 0.621353, 0.038653, -0.085299, 0.523176]"
CONTROL,121215244.91700007,"[0.148003, -0.102903, 0.624062, 0.033699, -0.083955, 0.527609]"
CONTROL,121235325.93000005,"[0.148569, -0.100503, 0.626649, 0.02866, -0.082447, 0.531933]"
CONTROL,121255408.22200014,"[0.149042, -0.097961, 0.629111, 0.023548, -0.080781, 0.536132]"
CONTROL,121275488.94699998,"[0.14942, -0.095279, 0.631446, 0.018377, -0.078958, 0.540187]"
CONTROL,121295569.79900008,"[0.149704, -0.092462, 0.633651, 0.01316, -0.076983, 0.544084]"
CONTROL,121315654.36400001,"[0.149893, -0.089513, 0.635724, 0.007909, -0.074858, 0.547807]"
CONTROL,121335730.76800008,"[0.149988, -0.086437, 0.637663, 0.002639, -0.072589, 0.551341]"
CONTROL,121355812.196,"[0.149988, -0.083238, 0.639466, -0.002639, -0.07018, 0.554673]"
CONTROL,121375891.76899996,"[0.149893, -0.079921, 0.641132, -0.007909, -0.067635, 0.557788]"
CONTROL,121395970.86100002,"[0.149704, -0.076491, 0.642658, -0.01316, -0.064958, 0.560676]"
CONTROL,121416050.75400002,"[0.14942, -0.072952, 0.644044, -0.018377, -0.062157, 0.563325]"
CONTROL,121436127.31799999,"[0.149042, -0.069309, 0.645287, -0.023548, -0.059235, 0.565723]"
CONTROL,121456207.81800017,"[0.148569, -0.065567, 0.646388, -0.02866, -0.056198, 0.567862]"
CONTROL,121476285.14999996,"[0.148003, -0.061733, 0.647343, -0.033699, -0.053053, 0.569733]"
CONTROL,121496364.85099995,"[0.147343, -0.05781, 0.648153, -0.038653, -0.049805, 0.571329]"
CONTROL,121516445.73500016,"[0.14659, -0.053806, 0.648817, -0.043509, -0.046461, 0.572644]"
CONTROL,121536526.94000016,"[0.145745, -0.049725, 0.649334, -0.048256, -0.043027, 0.573672]"
CONTROL,121556607.34399998,"[0.144807, -0.045573, 0.649704, -0.05288, -0.03951, 0.574409]"
CONTROL,121576687.10799998,"[0.143778, -0.041357, 0.649926, -0.057371, -0.035916, 0.574852]"
CONTROL,121596767.48100014,"[0.142658, -0.037082, 0.65, -0.061717, -0.032253, 0.575]"
CONTROL,121616847.9810001,"[0.141449, -0.032754, 0.649926, -0.065908, -0.028528, 0.574852]"
CONTROL,121636928.19400012,"[0.140149, -0.02838, 0.649704, -0.069931, -0.024747, 0.574409]"
CONTROL,121657009.2060001,"[0.138762, -0.023965, 0.649334, -0.073778, -0.020918, 0.573672]"
CONTROL,121677090.12199998,"[0.137286, -0.019516, 0.648817, -0.077439, -0.017049, 0.572644]"
CONTROL,121697170.59100004,"[0.135724, -0.01504, 0.648153, -0.080904, -0.013147, 0.571329]"
CONTROL,121717251.50700013,"[0.134076, -0.010542, 0.647343, -0.084165, -0.00922, 0.569733]"
CONTROL,121737334.37600003,"[0.132344, -0.006029, 0.646388, -0.087213, -0.005275, 0.567862]"
CONTROL,121757413.88400002,"[0.130528, -0.001508, 0.645287, -0.09004, -0.001319, 0.565723]"
CONTROL,121777495.69699995,"[0.128629, 0.003016, 0.644044, -0.092641, 0.002639, 0.563325]"
CONTROL,121797578.02100016,"[0.126649, 0.007535, 0.642658, -0.095007, 0.006591, 0.560676]"
CONTROL,121817660.89000008,"[0.124589, 0.012043, 0.641132, -0.097133, 0.010532, 0.557788]"
CONTROL,121837742.18999997,"[0.122451, 0.016535, 0.639466, -0.099014, 0.014451, 0.554673]"
CONTROL,121857823.81100012,"[0.120235, 0.021003, 0.637663, -0.100645, 0.018343, 0.551341]"
CONTROL,121877904.43900007,"[0.117943, 0.025441, 0.635724, -0.102021, 0.022199, 0.547807]"
CONTROL,121897984.93900003,"[0.115577, 0.029843, 0.633651, -0.10314, 0.026013, 0.544084]"
CONTROL,121918065.02400005,"[0.113138, 0.034202, 0.631446, -0.103998, 0.029776, 0.540187]"
CONTROL,121938146.54800008,"[0.110627, 0.038513, 0.629111, -0.104594, 0.033481, 0.536132]"
CONTROL,121958228.77700016,"[0.108046, 0.042769, 0.626649, -0.104925, 0.037122, 0.531933]"
CONTROL,121978310.01300006,"[0.105397, 0.046965, 0.624062, -0.104992, 0.040691, 0.527609]"
CONTROL,121998390.578,"[0.102682, 0.051094, 0.621353, -0.104793, 0.044181, 0.523176]"
CONTROL,122018469.70199995,"[0.099902, 0.05515, 0.618523, -0.104329, 0.047586, 0.518652]"
CONTROL,122038548.73,"[0.097058, 0.059127, 0.615577, -0.103602, 0.050899, 0.514054]"
CONTROL,122058628.4630001,"[0.094154, 0.063021, 0.612517, -0.102613, 0.054113, 0.5094]"
CONTROL,122078707.45900004,"[0.09119, 0.066825, 0.609345, -0.101365, 0.057223, 0.504709]"
CONTROL,122098788.63100016,"[0.088168, 0.070534, 0.606066, -0.099861, 0.060222, 0.5]"
CONTROL,122118936.78299998,"[0.08509, 0.074143, 0.602682, -0.098105, 0.063104, 0.495291]"
CONTROL,122139017.60399994,"[0.081959, 0.077647, 0.599197, -0.0961, 0.065865, 0.4906]"
CONTROL,122159098.80799995,"[0.078776, 0.08104, 0.595614, -0.093853, 0.068498, 0.485946]"
CONTROL,122179180.52499999,"[0.075543, 0.084318, 0.591936, -0.091369, 0.070998, 0.481348]"
CONTROL,122199260.481,"[0.072263, 0.087476, 0.588168, -0.088654, 0.073362, 0.476824]"
CONTROL,122219340.66200015,"[0.068937, 0.09051, 0.584313, -0.085716, 0.075583, 0.472391]"
CONTROL,122239420.68199995,"[0.065567, 0.093415, 0.580374, -0.08256, 0.077658, 0.468067]"
CONTROL,122259502.11000009,"[0.062156, 0.096188, 0.576356, -0.079196, 0.079583, 0.463868]"
CONTROL,122279582.86700004,"[0.058706, 0.098824, 0.572263, -0.075632, 0.081354, 0.459813]"
CONTROL,122299663.75100003,"[0.055219, 0.101319, 0.568099, -0.071877, 0.082968, 0.455916]"
CONTROL,122319744.5400001,"[0.051696, 0.103671, 0.563867, -0.067941, 0.084421, 0.452193]"
CONTROL,122339825.712,"[0.048142, 0.105875, 0.559572, -0.063833, 0.085711, 0.448659]"
CONTROL,122359905.797,"[0.044556, 0.107929, 0.555219, -0.059563, 0.086835, 0.445327]"
CONTROL,122379987.48100017,"[0.040943, 0.109829, 0.550811, -0.055143, 0.087791, 0.442212]"
CONTROL,122400067.66200009,"[0.037303, 0.111573, 0.546353, -0.050584, 0.088578, 0.439324]"
CONTROL,122420147.45799997,"[0.033641, 0.113159, 0.541849, -0.045897, 0.089193, 0.436675]"
CONTROL,122440228.43900007,"[0.029956, 0.114584, 0.537303, -0.041094, 0.089635, 0.434277]"
CONTROL,122460309.41900016,"[0.026253, 0.115846, 0.532721, -0.036188, 0.089904, 0.432138]"
CONTROL,122480388.2230001,"[0.022534, 0.116943, 0.528107, -0.031189, 0.09, 0.430267]"
CONTROL,122500469.20399995,"[0.0188, 0.117874, 0.523465, -0.026112, 0.089921, 0.428671]"
CONTROL,122520548.71200016,"[0.015054, 0.118638, 0.5188, -0.02097, 0.089668, 0.427356]"
CONTROL,122540628.89300008,"[0.011299, 0.119233, 0.514116, -0.015774, 0.089242, 0.426328]"
CONTROL,122560711.28100006,"[0.007537, 0.119659, 0.509419, -0.010538, 0.088644, 0.425591]"
CONTROL,122580791.46199998,"[0.00377, 0.119915, 0.504712, -0.005276, 0.087873, 0.425148]"
CONTROL,122600873.08200014,"[-0.0, 0.12, 0.5, 0.0, 0.086933, 0.425]"
CONTROL,122620953.7750001,"[-0.00377, 0.119915, 0.495288, 0.005276, 0.085825, 0.425148]"
CONTROL,122641033.21900007,"[-0.007537, 0.119659, 0.490581, 0.010538, 0.084551, 0.425591]"
CONTROL,122661113.78400001,"[-0.011299, 0.119233, 0.485884, 0.015774, 0.083113, 0.426328]"
CONTROL,122681194.86,"[-0.015054, 0.118638, 0.4812, 0.02097, 0.081515, 0.427356]"
CONTROL,122701274.17599997,"[-0.0188, 0.117874, 0.476535, 0.026112, 0.079758, 0.428671]"
CONTROL,122721354.83700004,"[-0.022534, 0.116943, 0.471893, 0.031189, 0.077848, 0.430267]"
CONTROL,122741436.07300016,"[-0.026253, 0.115846, 0.467279, 0.036188, 0.075787, 0.432138]"
CONTROL,122761516.54199998,"[-0.029956, 0.114584, 0.462697, 0.041094, 0.073579, 0.434277]"
CONTROL,122781596.97800015,"[-0.033641, 0.113159, 0.458151, 0.045897, 0.071229, 0.436675]"
CONTROL,122801676.55100013,"[-0.037303, 0.111573, 0.453647, 0.050584, 0.068742, 0.439324]"
CONTROL,122821756.79500006,"[-0.040943, 0.109829, 0.449189, 0.055143, 0.066121, 0.442212]"
CONTROL,122841836.27100015,"[-0.044556, 0.107929, 0.444781, 0.059563, 0.063372, 0.445327]"
CONTROL,122861916.13200003,"[-0.048142, 0.105875, 0.440428, 0.063833, 0.060501, 0.448659]"
CONTROL,122881998.77600005,"[-0.051696, 0.103671, 0.436133, 0.067941, 0.057513, 0.452193]"
CONTROL,122902079.08499996,"[-0.055219, 0.101319, 0.431901, 0.071877, 0.054414, 0.455916]"
CONTROL,122922159.36100002,"[-0.058706, 0.098824, 0.427737, 0.075632, 0.051209, 0.459813]"
CONTROL,122942238.7740001,"[-0.062156, 0.096188, 0.423644, 0.079196, 0.047906, 0.463868]"
CONTROL,122962318.44199997,"[-0.065567, 0.093415, 0.419626, 0.08256, 0.044509, 0.468067]"
CONTROL,122982398.23900008,"[-0.068937, 0.09051, 0.415687, 0.085716, 0.041027, 0.472391]"
CONTROL,123002478.73900002,"[-0.072263, 0.087476, 0.411832, 0.088654, 0.037465, 0.476824]"
CONTROL,123022558.91899996,"[-0.075543, 0.084318, 0.408064, 0.091369, 0.033831, 0.481348]"
CONTROL,123042638.87599996,"[-0.078776, 0.08104, 0.404386, 0.093853, 0.030131, 0.485946]"
CONTROL,123062719.69600016,"[-0.081959, 0.077647, 0.400803, 0.0961, 0.026374, 0.4906]"
CONTROL,123082799.55700004,"[-0.08509, 0.074143, 0.397318, 0.098105, 0.022565, 0.495291]"
CONTROL,123102879.32100004,"[-0.088168, 0.070534, 0.393934, 0.099861, 0.018712, 0.5]"
CONTROL,123123024.59300008,"[-0.09119, 0.066825, 0.390655, 0.101365, 0.014823, 0.504709]"
CONTROL,123143104.86900012,"[-0.094154, 0.063021, 0.387483, 0.102613, 0.010906, 0.5094]"
CONTROL,123163184.82600014,"[-0.097058, 0.059127, 0.384423, 0.103602, 0.006967, 0.514054]"
CONTROL,123183264.52600013,"[-0.099902, 0.05515, 0.381477, 0.104329, 0.003015, 0.518652]"
CONTROL,123203344.57900003,"[-0.102682, 0.051094, 0.378647, 0.104793, -0.000942, 0.523176]"
CONTROL,123223425.20699999,"[-0.105397, 0.046965, 0.375938, 0.104992, -0.004898, 0.527609]"
CONTROL,123243503.50000009,"[-0.108046, 0.042769, 0.373351, 0.104925, -0.008845, 0.531933]"
CONTROL,123263583.16799997,"[-0.110627, 0.038513, 0.370889, 0.104594, -0.012774, 0.536132]"
CONTROL,123283663.252,"[-0.113138, 0.034202, 0.368554, 0.103998, -0.016679, 0.540187]"
CONTROL,123303743.01699999,"[-0.115577, 0.029843, 0.366349, 0.10314, -0.020552, 0.544084]"
CONTROL,123323822.55700009,"[-0.117943, 0.025441, 0.364276, 0.102021, -0.024384, 0.547807]"
CONTROL,123343902.13000005,"[-0.120235, 0.021003, 0.362337, 0.100645, -0.02817, 0.551341]"
CONTROL,123363983.11000016,"[-0.122451, 0.016535, 0.360534, 0.099014, -0.031901, 0.554673]"
CONTROL,123384062.459,"[-0.124589, 0.012043, 0.358868, 0.097133, -0.03557, 0.557788]"
CONTROL,123404141.48700006,"[-0.126649, 0.007535, 0.357342, 0.095007, -0.039171, 0.560676]"
CONTROL,123424219.17199999,"[-0.128629, 0.003016, 0.355956, 0.092641, -0.042696, 0.563325]"
CONTROL,123444299.0,"[-0.130528, -0.001508, 0.354713, 0.09004, -0.046138, 0.565723]"
CONTROL,123464379.34000005,"[-0.132344, -0.006029, 0.353612, 0.087213, -0.049491, 0.567862]"
CONTROL,123484458.84900002,"[-0.134076, -0.010542, 0.352657, 0.084165, -0.052748, 0.569733]"
CONTROL,123504536.8210001,"[-0.135724, -0.01504, 0.351847, 0.080904, -0.055903, 0.571329]"
CONTROL,123524615.75400002,"[-0.137286, -0.019516, 0.351183, 0.077439, -0.05895, 0.572644]"
CONTROL,123544696.83000003,"[-0.138762, -0.023965, 0.350666, 0.073778, -0.061884, 0.573672]"
CONTROL,123564776.91500004,"[-0.140149, -0.02838, 0.350296, 0.069931, -0.064697, 0.574409]"
CONTROL,123584858.37500007,"[-0.141449, -0.032754, 0.350074, 0.065908, -0.067385, 0.574852]"
CONTROL,123604939.58000006,"[-0.142658, -0.037082, 0.35, 0.061717, -0.069943, 0.575]"
CONTROL,123625020.97600009,"[-0.143778, -0.041357, 0.350074, 0.057371, -0.072366, 0.574852]"
CONTROL,123645100.70899996,"[-0.144807, -0.045573, 0.350296, 0.05288, -0.074648, 0.574409]"
CONTROL,123665179.51300012,"[-0.145745, -0.049725, 0.350666, 0.048256, -0.076787, 0.573672]"
CONTROL,123685258.57400005,"[-0.14659, -0.053806, 0.351183, 0.043509, -0.078777, 0.572644]"
CONTROL,123705338.9780001,"[-0.147343, -0.05781, 0.351847, 0.038653, -0.080614, 0.571329]"
CONTROL,123725419.67100005,"[-0.148003, -0.061733, 0.352657, 0.033699, -0.082296, 0.569733]"
CONTROL,123745500.42700003,"[-0.148569, -0.065567, 0.353612, 0.02866, -0.083818, 0.567862]"
CONTROL,123765580.16000013,"[-0.149042, -0.069309, 0.354713, 0.023548, -0.085178, 0.565723]"
CONTROL,123785659.6040001,"[-0.14942, -0.072952, 0.355956, 0.018377, -0.086374, 0.563325]"
CONTROL,123805741.19300014,"[-0.149704, -0.076491, 0.357342, 0.01316, -0.087402, 0.560676]"
CONTROL,123825822.42900002,"[-0.149893, -0.079921, 0.358868, 0.007909, -0.088261, 0.557788]"
CONTROL,123845901.809,"[-0.149988, -0.083238, 0.360534, 0.002639, -0.08895, 0.554673]"
CONTROL,123865981.4140001,"[-0.149988, -0.086437, 0.362337, -0.002639, -0.089467, 0.551341]"
CONTROL,123886062.10600005,"[-0.149893, -0.089513, 0.364276, -0.007909, -0.08981, 0.547807]"
CONTROL,123906142.28699997,"[-0.149704, -0.092462, 0.366349, -0.01316, -0.08998, 0.544084]"
CONTROL,123926221.41100015,"[-0.14942, -0.095279, 0.368554, -0.018377, -0.089976, 0.540187]"
CONTROL,123946301.04800013,"[-0.149042, -0.097961, 0.370889, -0.023548, -0.089798, 0.536132]"
CONTROL,123966382.28400002,"[-0.148569, -0.100503, 0.373351, -0.02866, -0.089446, 0.531933]"
CONTROL,123986461.66499998,"[-0.148003, -0.102903, 0.375938, -0.033699, -0.088921, 0.527609]"
CONTROL,124006542.22900017,"[-0.147343, -0.105157, 0.378647, -0.038653, -0.088224, 0.523176]"
CONTROL,124026621.38599999,"[-0.14659, -0.107261, 0.381477, -0.043509, -0.087357, 0.518652]"
CONTROL,124046702.23800008,"[-0.145745, -0.109213, 0.384423, -0.048256, -0.08632, 0.514054]"
CONTROL,124066782.86700003,"[-0.144807, -0.111009, 0.387483, -0.05288, -0.085117, 0.5094]"
CONTROL,124086862.21500011,"[-0.143778, -0.112648, 0.390655, -0.057371, -0.083749, 0.504709]"
CONTROL,124106942.39600003,"[-0.142658, -0.114127, 0.393934, -0.061717, -0.082219, 0.5]"
CONTROL,124127090.10000004,"[-0.141449, -0.115443, 0.397318, -0.065908, -0.08053, 0.495291]"
CONTROL,124147170.18400006,"[-0.140149, -0.116596, 0.400803, -0.069931, -0.078685, 0.4906]"
CONTROL,124167249.46800014,"[-0.138762, -0.117583, 0.404386, -0.073778, -0.076688, 0.485946]"
CONTROL,124187329.87299995,"[-0.137286, -0.118402, 0.408064, -0.077439, -0.074543, 0.481348]"
CONTROL,124207409.15700004,"[-0.135724, -0.119054, 0.411832, -0.080904, -0.072254, 0.476824]"
CONTROL,124227489.43400006,"[-0.134076, -0.119536, 0.415687, -0.084165, -0.069824, 0.472391]"
CONTROL,124247568.01400007,"[-0.132344, -0.119848, 0.419626, -0.087213, -0.06726, 0.468067]"
CONTROL,124267648.67500015,"[-0.130528, -0.119991, 0.423644, -0.09004, -0.064566, 0.463868]"
CONTROL,124287728.95099996,"[-0.128629, -0.119962, 0.427737, -0.092641, -0.061747, 0.459813]"
CONTROL,124307809.292,"[-0.126649, -0.119763, 0.431901, -0.095007, -0.058808, 0.455916]"
CONTROL,124327889.82400006,"[-0.124589, -0.119394, 0.436133, -0.097133, -0.055755, 0.452193]"
CONTROL,124347970.67700015,"[-0.122451, -0.118855, 0.440428, -0.099014, -0.052595, 0.448659]"
CONTROL,124368050.69800016,"[-0.120235, -0.118148, 0.444781, -0.100645, -0.049333, 0.445327]"
CONTROL,124388130.23800004,"[-0.117943, -0.117272, 0.449189, -0.102021, -0.045976, 0.442212]"
CONTROL,124408209.42599998,"[-0.115577, -0.11623, 0.453647, -0.10314, -0.04253, 0.439324]"
CONTROL,124428289.67100012,"[-0.113138, -0.115023, 0.458151, -0.103998, -0.039001, 0.436675]"
CONTROL,124448369.69200014,"[-0.110627, -0.113652, 0.462697, -0.104594, -0.035397, 0.434277]"
CONTROL,124468450.09599997,"[-0.108046, -0.112119, 0.467279, -0.104925, -0.031725, 0.432138]"
CONTROL,124488529.89300008,"[-0.105397, -0.110428, 0.471893, -0.104992, -0.027991, 0.430267]"
CONTROL,124508609.59300007,"[-0.102682, -0.108579, 0.476535, -0.104793, -0.024203, 0.428671]"
CONTROL,124528690.79800007,"[-0.099902, -0.106576, 0.4812, -0.104329, -0.020368, 0.427356]"
CONTROL,124548771.33000013,"[-0.097058, -0.104422, 0.485884, -0.103602, -0.016494, 0.426328]"
CONTROL,124568849.65500012,"[-0.094154, -0.102119, 0.490581, -0.102613, -0.012588, 0.425591]"
CONTROL,124588931.78700009,"[-0.09119, -0.099672, 0.495288, -0.101365, -0.008657, 0.425148]"
CONTROL,124609014.592,"[-0.088168, -0.097082, 0.5, -0.099861, -0.00471, 0.425]"
CONTROL,124629094.22799999,"[-0.08509, -0.094355, 0.504712, -0.098105, -0.000754, 0.425148]"
CONTROL,124649173.70500007,"[-0.081959, -0.091493, 0.509419, -0.0961, 0.003204, 0.425591]"
CONTROL,124669251.93300016,"[-0.078776, -0.088502, 0.514116, -0.093853, 0.007155, 0.426328]"
CONTROL,124689330.51399995,"[-0.075543, -0.085384, 0.5188, -0.091369, 0.011093, 0.427356]"
CONTROL,124709409.35,"[-0.072263, -0.082146, 0.523465, -0.088654, 0.015009, 0.428671]"
CONTROL,124729488.44300003,"[-0.068937, -0.07879, 0.528107, -0.085716, 0.018896, 0.430267]"
CONTROL,124749566.2230001,"[-0.065567, -0.075323, 0.532721, -0.08256, 0.022747, 0.432138]"
CONTROL,124769645.95499998,"[-0.062156, -0.071749, 0.537303, -0.079196, 0.026554, 0.434277]"
CONTROL,124789725.49600007,"[-0.058706, -0.068072, 0.541849, -0.075632, 0.030309, 0.436675]"
CONTROL,124809805.5800001,"[-0.055219, -0.064299, 0.546353, -0.071877, 0.034006, 0.439324]"
CONTROL,124829884.60900015,"[-0.051696, -0.060435, 0.550811, -0.067941, 0.037637, 0.442212]"
CONTROL,124849968.85400005,"[-0.048142, -0.056484, 0.555219, -0.063833, 0.041195, 0.445327]"
CONTROL,124870049.41800001,"[-0.044556, -0.052454, 0.559572, -0.059563, 0.044673, 0.448659]"
CONTROL,124890129.75900005,"[-0.040943, -0.048349, 0.563867, -0.055143, 0.048065, 0.452193]"
CONTROL,124910213.45900004,"[-0.037303, -0.044175, 0.568099, -0.050584, 0.051364, 0.455916]"
CONTROL,124930293.89599997,"[-0.033641, -0.039938, 0.572263, -0.045897, 0.054564, 0.459813]"
CONTROL,124950374.36500001,"[-0.029956, -0.035645, 0.576356, -0.041094, 0.057658, 0.463868]"
CONTROL,124970455.12099999,"[-0.026253, -0.031301, 0.580374, -0.036188, 0.060641, 0.468067]"
CONTROL,124990535.43000014,"[-0.022534, -0.026912, 0.584313, -0.031189, 0.063506, 0.472391]"
CONTROL,125010616.346,"[-0.0188, -0.022486, 0.588168, -0.026112, 0.066249, 0.476824]"
CONTROL,125030697.4550001,"[-0.015054, -0.018027, 0.591936, -0.02097, 0.068863, 0.481348]"
CONTROL,125050778.65900011,"[-0.011299, -0.013543, 0.595614, -0.015774, 0.071344, 0.485946]"
CONTROL,125070860.34400004,"[-0.007537, -0.009039, 0.599197, -0.010538, 0.073688, 0.4906]"
CONTROL,125090941.61200005,"[-0.00377, -0.004523, 0.602682, -0.005276, 0.075888, 0.495291]"
