type,timestamp,positions
CONTROL,70.91400004810566,"[0.0, 0.0, 0.606066, 0.0, 0.077942, 0.5]"
CONTROL,24384.198000007018,"[0.00377, 0.004523, 0.609345, 0.005276, 0.079845, 0.504709]"
CONTROL,44478.51099996569,"[0.007537, 0.009039, 0.612517, 0.010538, 0.081594, 0.5094]"
CONTROL,64557.68800003625,"[0.011299, 0.013543, 0.615577, 0.015774, 0.083185, 0.514054]"
CONTROL,84636.99300000371,"[0.015054, 0.018027, 0.618523, 0.02097, 0.084615, 0.518652]"
CONTROL,104715.75400003986,"[0.0188, 0.022486, 0.621353, 0.026112, 0.085882, 0.523176]"
CONTROL,124795.37800004437,"[0.022534, 0.026912, 0.624062, 0.031189, 0.086982, 0.527609]"
CONTROL,144877.14699998833,"[0.026253, 0.031301, 0.626649, 0.036188, 0.087914, 0.531933]"
CONTROL,164956.54799996375,"[0.029956, 0.035645, 0.629111, 0.041094, 0.088676, 0.536132]"
CONTROL,185037.77299997635,"[0.033641, 0.039938, 0.631446, 0.045897, 0.089267, 0.540187]"
CONTROL,205119.35000001814,"[0.037303, 0.044175, 0.633651, 0.050584, 0.089684, 0.544084]"
CONTROL,225200.12600000427,"[0.040943, 0.048349, 0.635724, 0.055143, 0.089929, 0.547807]"
CONTROL,245278.9510000457,"[0.044556, 0.052454, 0.637663, 0.059563, 0.089999, 0.551341]"
CONTROL,265358.2240000105,"[0.048142, 0.056484, 0.639466, 0.063833, 0.089896, 0.554673]"
CONTROL,285439.1289999967,"[0.051696, 0.060435, 0.641132, 0.067941, 0.089618, 0.557788]"
CONTROL,305518.59299998794,"[0.055219, 0.064299, 0.642658, 0.071877, 0.089167, 0.560676]"
CONTROL,325597.9619999607,"[0.058706, 0.068072, 0.644044, 0.075632, 0.088544, 0.563325]"
CONTROL,345682.06699998426,"[0.062156, 0.071749, 0.645287, 0.079196, 0.08775, 0.565723]"
CONTROL,365764.9240000183,"[0.065567, 0.075323, 0.646388, 0.08256, 0.086785, 0.567862]"
CONTROL,385844.64500002016,"[0.068937, 0.07879, 0.647343, 0.085716, 0.085653, 0.569733]"
CONTROL,405926.030000046,"[0.072263, 0.082146, 0.648153, 0.088654, 0.084355, 0.571329]"
CONTROL,426007.2219999529,"[0.075543, 0.085384, 0.648817, 0.091369, 0.082894, 0.572644]"
CONTROL,446086.3350000181,"[0.078776, 0.088502, 0.649334, 0.093853, 0.081273, 0.573672]"
CONTROL,466298.955999946,"[0.081959, 0.091493, 0.649704, 0.0961, 0.079495, 0.574409]"
CONTROL,486383.02899996686,"[0.08509, 0.094355, 0.649926, 0.098105, 0.077563, 0.574852]"
CONTROL,506461.98000004,"[0.088168, 0.097082, 0.65, 0.099861, 0.07548, 0.575]"
CONTROL,526544.8999999763,"[0.09119, 0.099672, 0.649926, 0.101365, 0.073252, 0.574852]"
CONTROL,546626.1880000047,"[0.094154, 0.102119, 0.649704, 0.102613, 0.070882, 0.574409]"
CONTROL,566703.4749999403,"[0.097058, 0.104422, 0.649334, 0.103602, 0.068375, 0.573672]"
CONTROL,586787.7069999849,"[0.099902, 0.106576, 0.648817, 0.104329, 0.065736, 0.572644]"
CONTROL,606865.665999976,"[0.102682, 0.108579, 0.648153, 0.104793, 0.06297, 0.571329]"
CONTROL,626940.3940000302,"[0.105397, 0.110428, 0.647343, 0.104992, 0.060082, 0.569733]"
CONTROL,647020.1780000479,"[0.108046, 0.112119, 0.646388, 0.104925, 0.057077, 0.567862]"
CONTROL,667102.9369999815,"[0.110627, 0.113652, 0.645287, 0.104594, 0.053962, 0.565723]"
CONTROL,687181.1209999805,"[0.113138, 0.115023, 0.644044, 0.103998, 0.050743, 0.563325]"
CONTROL,707262.3440000144,"[0.115577, 0.11623, 0.642658, 0.10314, 0.047426, 0.560676]"
CONTROL,727344.2399999794,"[0.117943, 0.117272, 0.641132, 0.102021, 0.044017, 0.557788]"
CONTROL,747422.2639999653,"[0.120235, 0.118148, 0.639466, 0.100645, 0.040523, 0.554673]"
CONTROL,767501.4709999459,"[0.122451, 0.118855, 0.637663, 0.099014, 0.03695, 0.551341]"
CONTROL,787579.9429999688,"[0.124589, 0.119394, 0.635724, 0.097133, 0.033306, 0.547807]"
CONTROL,807658.253999989,"[0.126649, 0.119763, 0.633651, 0.095007, 0.029598, 0.544084]"
CONTROL,827735.893999943,"[0.128629, 0.119962, 0.631446, 0.092641, 0.025832, 0.540187]"
CONTROL,847810.3009999814,"[0.130528, 0.119991, 0.629111, 0.09004, 0.022017, 0.536132]"
CONTROL,867888.9970000228,"[0.132344, 0.119848, 0.626649, 0.087213, 0.018159, 0.531933]"
CONTROL,887967.5010000482,"[0.134076, 0.119536, 0.624062, 0.084165, 0.014265, 0.527609]"
CONTROL,908044.4679999573,"[0.135724, 0.119054, 0.621353, 0.080904, 0.010344, 0.523176]"
CONTROL,928122.6519999563,"[0.137286, 0.118402, 0.618523, 0.077439, 0.006403, 0.518652]"
CONTROL,948200.6109999474,"[0.138762, 0.117583, 0.615577, 0.073778, 0.00245, 0.514054]"
CONTROL,968278.6989999386,"[0.140149, 0.116596, 0.612517, 0.069931, -0.001508, 0.5094]"
CONTROL,988358.5459999721,"[0.141449, 0.115443, 0.609345, 0.065908, -0.005463, 0.504709]"
CONTROL,1008436.1540000372,"[0.142658, 0.114127, 0.606066, 0.061717, -0.009408, 0.5]"
CONTROL,1028617.2849999957,"[0.143778, 0.112648, 0.602682, 0.057371, -0.013334, 0.495291]"
CONTROL,1048695.7240000265,"[0.144807, 0.111009, 0.599197, 0.05288, -0.017234, 0.4906]"
CONTROL,1068773.6200000017,"[0.145745, 0.109213, 0.595614, 0.048256, -0.021102, 0.485946]"
CONTROL,1088851.642999998,"[0.14659, 0.107261, 0.591936, 0.043509, -0.024928, 0.481348]"
CONTROL,1108929.7309999892,"[0.147343, 0.105157, 0.588168, 0.038653, -0.028706, 0.476824]"
CONTROL,1129005.865999943,"[0.148003, 0.102903, 0.584313, 0.033699, -0.032429, 0.472391]"
CONTROL,1149084.62599999,"[0.148569, 0.100503, 0.580374, 0.02866, -0.036089, 0.468067]"
CONTROL,1169163.7699999546,"[0.149042, 0.097961, 0.576356, 0.023548, -0.039679, 0.463868]"
CONTROL,1189239.7770000116,"[0.14942, 0.095279, 0.572263, 0.018377, -0.043193, 0.459813]"
CONTROL,1209319.3370000108,"[0.149704, 0.092462, 0.568099, 0.01316, -0.046622, 0.455916]"
CONTROL,1229397.8720000496,"[0.149893, 0.089513, 0.563867, 0.007909, -0.049962, 0.452193]"
CONTROL,1249476.695999988,"[0.149988, 0.086437, 0.559572, 0.002639, -0.053205, 0.448659]"
CONTROL,1269556.062999982,"[0.149988, 0.083238, 0.555219, -0.002639, -0.056345, 0.445327]"
CONTROL,1289635.3669999598,"[0.149893, 0.079921, 0.550811, -0.007909, -0.059377, 0.442212]"
CONTROL,1309714.9909999643,"[0.149704, 0.076491, 0.546353, -0.01316, -0.062293, 0.439324]"
CONTROL,1329796.5660000273,"[0.14942, 0.072952, 0.541849, -0.018377, -0.065089, 0.436675]"
CONTROL,1349871.0699999493,"[0.149042, 0.069309, 0.537303, -0.023548, -0.067759, 0.434277]"
CONTROL,1369949.6369999906,"[0.148569, 0.065567, 0.532721, -0.02866, -0.070298, 0.432138]"
CONTROL,1390028.2690000266,"[0.148003, 0.061733, 0.528107, -0.033699, -0.072701, 0.430267]"
CONTROL,1410104.179999962,"[0.147343, 0.05781, 0.523465, -0.038653, -0.074963, 0.428671]"
CONTROL,1430184.8279999376,"[0.14659, 0.053806, 0.5188, -0.043509, -0.07708, 0.427356]"
CONTROL,1450263.5879999844,"[0.145745, 0.049725, 0.514116, -0.048256, -0.079049, 0.426328]"
CONTROL,1470339.4990000334,"[0.144807, 0.045573, 0.509419, -0.05288, -0.080864, 0.425591]"
CONTROL,1490444.979000017,"[0.143778, 0.041357, 0.504712, -0.057371, -0.082523, 0.425148]"
CONTROL,1510527.4180000378,"[0.142658, 0.037082, 0.5, -0.061717, -0.084022, 0.425]"
CONTROL,1530609.4080000322,"[0.141449, 0.032754, 0.495288, -0.065908, -0.085359, 0.425148]"
CONTROL,1550690.3750000447,"[0.140149, 0.02838, 0.490581, -0.069931, -0.086531, 0.425591]"
CONTROL,1570769.036999991,"[0.138762, 0.023965, 0.485884, -0.073778, -0.087535, 0.426328]"
CONTROL,1590845.9400000083,"[0.137286, 0.019516, 0.4812, -0.077439, -0.08837, 0.427356]"
CONTROL,1610926.2979999813,"[0.135724, 0.01504, 0.476535, -0.080904, -0.089035, 0.428671]"
CONTROL,1631006.0490000069,"[0.134076, 0.010542, 0.471893, -0.084165, -0.089526, 0.430267]"
CONTROL,1651085.8630000486,"[0.132344, 0.006029, 0.467279, -0.087213, -0.089845, 0.432138]"
CONTROL,1671165.4539999473,"[0.130528, 0.001508, 0.462697, -0.09004, -0.08999, 0.434277]"
CONTROL,1691251.4760000478,"[0.128629, -0.003016, 0.458151, -0.092641, -0.089961, 0.436675]"
CONTROL,1711330.2989999966,"[0.126649, -0.007535, 0.453647, -0.095007, -0.089758, 0.439324]"
CONTROL,1731409.024999948,"[0.124589, -0.012043, 0.449189, -0.097133, -0.089382, 0.442212]"
CONTROL,1751488.2960000478,"[0.122451, -0.016535, 0.444781, -0.099014, -0.088832, 0.445327]"
CONTROL,1771567.6939999412,"[0.120235, -0.021003, 0.440428, -0.100645, -0.088111, 0.448659]"
CONTROL,1791646.1969999773,"[0.117943, -0.025441, 0.436133, -0.102021, -0.087219, 0.452193]"
CONTROL,1811723.8029999498,"[0.115577, -0.029843, 0.431901, -0.10314, -0.086159, 0.455916]"
CONTROL,1831804.1940000285,"[0.113138, -0.034202, 0.427737, -0.103998, -0.084932, 0.459813]"
CONTROL,1851882.6959999616,"[0.110627, -0.038513, 0.423644, -0.104594, -0.08354, 0.463868]"
CONTROL,1871959.598999979,"[0.108046, -0.042769, 0.419626, -0.104925, -0.081987, 0.468067]"
CONTROL,1892038.4209999384,"[0.105397, -0.046965, 0.415687, -0.104992, -0.080276, 0.472391]"
CONTROL,1912118.3959999825,"[0.102682, -0.051094, 0.411832, -0.104793, -0.078409, 0.476824]"
CONTROL,1932198.8499999633,"[0.099902, -0.05515, 0.408064, -0.104329, -0.076391, 0.481348]"
CONTROL,1952280.3290000183,"[0.097058, -0.059127, 0.404386, -0.103602, -0.074225, 0.485946]"
CONTROL,1972389.6479999893,"[0.094154, -0.063021, 0.400803, -0.102613, -0.071915, 0.4906]"
CONTROL,1992497.526999955,"[0.09119, -0.066825, 0.397318, -0.101365, -0.069466, 0.495291]"
CONTROL,2012589.2779999503,"[0.088168, -0.070534, 0.393934, -0.099861, -0.066883, 0.5]"
CONTROL,2032820.7769999835,"[0.08509, -0.074143, 0.390655, -0.098105, -0.064171, 0.504709]"
CONTROL,2052905.2639999464,"[0.081959, -0.077647, 0.387483, -0.0961, -0.061334, 0.5094]"
CONTROL,2072984.310000038,"[0.078776, -0.08104, 0.384423, -0.093853, -0.058379, 0.514054]"
CONTROL,2093063.485000016,"[0.075543, -0.084318, 0.381477, -0.091369, -0.05531, 0.518652]"
CONTROL,2113142.6590000046,"[0.072263, -0.087476, 0.378647, -0.088654, -0.052135, 0.523176]"
CONTROL,2133222.442000033,"[0.068937, -0.09051, 0.375938, -0.085716, -0.048859, 0.527609]"
CONTROL,2153302.0319999424,"[0.065567, -0.093415, 0.373351, -0.08256, -0.045489, 0.531933]"
CONTROL,2173380.91900001,"[0.062156, -0.096188, 0.370889, -0.079196, -0.04203, 0.536132]"
CONTROL,2193461.308999986,"[0.058706, -0.098824, 0.368554, -0.075632, -0.038491, 0.540187]"
CONTROL,2213540.355999953,"[0.055219, -0.101319, 0.366349, -0.071877, -0.034876, 0.544084]"
CONTROL,2233621.097999958,"[0.051696, -0.103671, 0.364276, -0.067941, -0.031195, 0.547807]"
CONTROL,2253698.865000047,"[0.048142, -0.105875, 0.362337, -0.063833, -0.027453, 0.551341]"
CONTROL,2273777.6550000035,"[0.044556, -0.107929, 0.360534, -0.059563, -0.023658, 0.554673]"
CONTROL,2293855.678,"[0.040943, -0.109829, 0.358868, -0.055143, -0.019817, 0.557788]"
CONTROL,2313935.076000007,"[0.037303, -0.111573, 0.357342, -0.050584, -0.015938, 0.560676]"
CONTROL,2334014.0909999716,"[0.033641, -0.113159, 0.355956, -0.045897, -0.012028, 0.563325]"
CONTROL,2354094.5449999524,"[0.029956, -0.114584, 0.354713, -0.041094, -0.008094, 0.565723]"
CONTROL,2374173.1759999995,"[0.026253, -0.115846, 0.353612, -0.036188, -0.004145, 0.567862]"
CONTROL,2394252.606000009,"[0.022534, -0.116943, 0.352657, -0.031189, -0.000188, 0.569733]"
CONTROL,2414331.0440000505,"[0.0188, -0.117874, 0.351847, -0.026112, 0.003769, 0.571329]"
CONTROL,2434410.538999941,"[0.015054, -0.118638, 0.351183, -0.02097, 0.007719, 0.572644]"
CONTROL,2454489.7130000438,"[0.011299, -0.119233, 0.350666, -0.015774, 0.011654, 0.573672]"
CONTROL,2474569.719999977,"[0.007537, -0.119659, 0.350296, -0.010538, 0.015566, 0.574409]"
CONTROL,2494647.998000005,"[0.00377, -0.119915, 0.350074, -0.005276, 0.019449, 0.574852]"
CONTROL,2514736.38799996,"[0.0, -0.12, 0.35, -0.0, 0.023294, 0.575]"
CONTROL,2534821.7690000185,"[-0.00377, -0.119915, 0.350074, 0.005276, 0.027093, 0.574852]"
CONTROL,2554900.814999996,"[-0.007537, -0.119659, 0.350296, 0.010538, 0.030841, 0.574409]"
CONTROL,2574979.763999977,"[-0.011299, -0.119233, 0.350666, 0.015774, 0.034529, 0.573672]"
CONTROL,2595060.280999974,"[-0.015054, -0.118638, 0.351183, 0.02097, 0.038149, 0.572644]"
CONTROL,2615141.054999981,"[-0.0188, -0.117874, 0.351847, 0.026112, 0.041697, 0.571329]"
CONTROL,2635221.9240000066,"[-0.022534, -0.116943, 0.352657, 0.031189, 0.045163, 0.569733]"
CONTROL,2655307.050000033,"[-0.026253, -0.115846, 0.353612, 0.036188, 0.048542, 0.567862]"
CONTROL,2675386.0950000216,"[-0.029956, -0.114584, 0.354713, 0.041094, 0.051828, 0.565723]"
CONTROL,2695464.4369999412,"[-0.033641, -0.113159, 0.355956, 0.045897, 0.055013, 0.563325]"
CONTROL,2715543.8979999647,"[-0.037303, -0.111573, 0.357342, 0.050584, 0.058091, 0.560676]"
CONTROL,2735622.3990000216,"[-0.040943, -0.109829, 0.358868, 0.055143, 0.061057, 0.557788]"
CONTROL,2755700.7409999412,"[-0.044556, -0.107929, 0.360534, 0.059563, 0.063906, 0.554673]"
CONTROL,2775779.306000004,"[-0.048142, -0.105875, 0.362337, 0.063833, 0.06663, 0.551341]"
CONTROL,2795857.870999953,"[-0.051696, -0.103671, 0.364276, 0.067941, 0.069226, 0.547807]"
CONTROL,2815936.50100001,"[-0.055219, -0.101319, 0.366349, 0.071877, 0.071688, 0.544084]"
CONTROL,2836015.866000025,"[-0.058706, -0.098824, 0.368554, 0.075632, 0.074011, 0.540187]"
CONTROL,2856093.920000035,"[-0.062156, -0.096188, 0.370889, 0.079196, 0.076191, 0.536132]"
CONTROL,2876175.717000024,"[-0.065567, -0.093415, 0.373351, 0.08256, 0.078223, 0.531933]"
CONTROL,2896255.0510000256,"[-0.068937, -0.09051, 0.375938, 0.085716, 0.080105, 0.527609]"
CONTROL,2916334.000000006,"[-0.072263, -0.087476, 0.378647, 0.088654, 0.081831, 0.523176]"
CONTROL,2936413.301000016,"[-0.075543, -0.084318, 0.381477, 0.091369, 0.083399, 0.518652]"
CONTROL,2956493.0190000497,"[-0.078776, -0.08104, 0.384423, 0.093853, 0.084806, 0.514054]"
CONTROL,2976572.319999946,"[-0.081959, -0.077647, 0.387483, 0.0961, 0.086049, 0.5094]"
CONTROL,2996653.6700000004,"[-0.08509, -0.074143, 0.390655, 0.098105, 0.087125, 0.504709]"
CONTROL,3016731.627000013,"[-0.088168, -0.070534, 0.393934, 0.099861, 0.088033, 0.5]"
CONTROL,3036914.7709999424,"[-0.09119, -0.066825, 0.397318, 0.101365, 0.088771, 0.495291]"
CONTROL,3056995.4809999443,"[-0.094154, -0.063021, 0.400803, 0.102613, 0.089337, 0.4906]"
CONTROL,3077073.5339999646,"[-0.097058, -0.059127, 0.404386, 0.103602, 0.08973, 0.485946]"
CONTROL,3097152.2920000325,"[-0.099902, -0.05515, 0.408064, 0.104329, 0.089949, 0.481348]"
CONTROL,3117231.145000005,"[-0.102682, -0.051094, 0.411832, 0.104793, 0.089995, 0.476824]"
CONTROL,3137308.845999996,"[-0.105397, -0.046965, 0.415687, 0.104992, 0.089867, 0.472391]"
CONTROL,3157387.348000043,"[-0.108046, -0.042769, 0.419626, 0.104925, 0.089564, 0.468067]"
CONTROL,3177467.0649999734,"[-0.110627, -0.038513, 0.423644, 0.104594, 0.089089, 0.463868]"
CONTROL,3197546.2069999594,"[-0.113138, -0.034202, 0.427737, 0.103998, 0.088441, 0.459813]"
CONTROL,3217625.315999953,"[-0.115577, -0.029843, 0.431901, 0.10314, 0.087622, 0.455916]"
CONTROL,3237703.9130000183,"[-0.117943, -0.025441, 0.436133, 0.102021, 0.086634, 0.452193]"
CONTROL,3257782.3189999433,"[-0.120235, -0.021003, 0.440428, 0.100645, 0.085478, 0.448659]"
CONTROL,3277862.54800003,"[-0.122451, -0.016535, 0.444781, 0.099014, 0.084157, 0.445327]"
CONTROL,3297942.169999942,"[-0.124589, -0.012043, 0.449189, 0.097133, 0.082673, 0.442212]"
CONTROL,3318020.8630000153,"[-0.126649, -0.007535, 0.453647, 0.095007, 0.081029, 0.439324]"
CONTROL,3338099.715999988,"[-0.128629, -0.003016, 0.458151, 0.092641, 0.079228, 0.436675]"
CONTROL,3358178.186000032,"[-0.130528, 0.001508, 0.462697, 0.09004, 0.077274, 0.434277]"
CONTROL,3378257.2310000206,"[-0.132344, 0.006029, 0.467279, 0.087213, 0.075171, 0.432138]"
CONTROL,3398336.180000001,"[-0.134076, 0.010542, 0.471893, 0.084165, 0.072922, 0.430267]"
CONTROL,3418416.1219999394,"[-0.135724, 0.01504, 0.476535, 0.080904, 0.070532, 0.428671]"
CONTROL,3438494.366999976,"[-0.137286, 0.019516, 0.4812, 0.077439, 0.068006, 0.427356]"
CONTROL,3458573.4449999565,"[-0.138762, 0.023965, 0.485884, 0.073778, 0.065349, 0.426328]"
CONTROL,3478652.3300000452,"[-0.140149, 0.02838, 0.490581, 0.069931, 0.062564, 0.425591]"
CONTROL,3498730.7669999837,"[-0.141449, 0.032754, 0.495288, 0.065908, 0.059659, 0.425148]"
CONTROL,3518810.25900002,"[-0.142658, 0.037082, 0.5, 0.061717, 0.056639, 0.425]"
CONTROL,3538899.5119999438,"[-0.143778, 0.041357, 0.504712, 0.057371, 0.053509, 0.425148]"
CONTROL,3558985.084000028,"[-0.144807, 0.045573, 0.509419, 0.05288, 0.050275, 0.425591]"
CONTROL,3579064.3210000326,"[-0.145745, 0.049725, 0.514116, 0.048256, 0.046944, 0.426328]"
CONTROL,3599144.2289999896,"[-0.14659, 0.053806, 0.5188, 0.043509, 0.043523, 0.427356]"
CONTROL,3619223.0809999728,"[-0.147343, 0.05781, 0.523465, 0.038653, 0.040017, 0.428671]"
CONTROL,3639302.7660000143,"[-0.148003, 0.061733, 0.528107, 0.033699, 0.036434, 0.430267]"
CONTROL,3659382.1940000453,"[-0.148569, 0.065567, 0.532721, 0.02866, 0.03278, 0.432138]"
CONTROL,3679460.277999965,"[-0.149042, 0.069309, 0.537303, 0.023548, 0.029063, 0.434277]"
CONTROL,3699538.683000014,"[-0.14942, 0.072952, 0.541849, 0.018377, 0.02529, 0.436675]"
CONTROL,3719617.791000019,"[-0.149704, 0.076491, 0.546353, 0.01316, 0.021468, 0.439324]"
CONTROL,3739697.570999965,"[-0.149893, 0.079921, 0.550811, 0.007909, 0.017604, 0.442212]"
CONTROL,3759776.1680000303,"[-0.149988, 0.083238, 0.555219, 0.002639, 0.013707, 0.445327]"
CONTROL,3779855.563999945,"[-0.149988, 0.086437, 0.559572, -0.002639, 0.009782, 0.448659]"
CONTROL,3799931.7919999384,"[-0.149893, 0.089513, 0.563867, -0.007909, 0.005839, 0.452193]"
CONTROL,3820009.908999964,"[-0.149704, 0.092462, 0.568099, -0.01316, 0.001885, 0.455916]"
CONTROL,3840087.2889999393,"[-0.14942, 0.095279, 0.572263, -0.018377, -0.002073, 0.459813]"
CONTROL,3860162.973000001,"[-0.149042, 0.097961, 0.576356, -0.023548, -0.006027, 0.463868]"
CONTROL,3880241.1220000293,"[-0.148569, 0.100503, 0.580374, -0.02866, -0.00997, 0.468067]"
CONTROL,3900320.070000021,"[-0.148003, 0.102903, 0.584313, -0.033699, -0.013893, 0.472391]"
CONTROL,3920399.8819999695,"[-0.147343, 0.105157, 0.588168, -0.038653, -0.017789, 0.476824]"
CONTROL,3940479.054999969,"[-0.14659, 0.107261, 0.591936, -0.043509, -0.021651, 0.481348]"
CONTROL,3960557.9709999575,"[-0.145745, 0.109213, 0.595614, -0.048256, -0.025471, 0.485946]"
CONTROL,3980637.0789999617,"[-0.144807, 0.111009, 0.599197, -0.05288, -0.029242, 0.4906]"
CONTROL,4000715.9000000455,"[-0.143778, 0.112648, 0.602682, -0.057371, -0.032956, 0.495291]"
CONTROL,4020794.3359999945,"[-0.142658, 0.114127, 0.606066, -0.061717, -0.036606, 0.5]"
CONTROL,4040950.3109999606,"[-0.141449, 0.115443, 0.609345, -0.065908, -0.040186, 0.504709]"
CONTROL,4061029.2589999516,"[-0.140149, 0.116596, 0.612517, -0.069931, -0.043688, 0.5094]"
CONTROL,4081106.607000038,"[-0.138762, 0.117583, 0.615577, -0.073778, -0.047105, 0.514054]"
CONTROL,4101196.436000009,"[-0.137286, 0.118402, 0.618523, -0.077439, -0.050431, 0.518652]"
CONTROL,4121281.3040000354,"[-0.135724, 0.119054, 0.621353, -0.080904, -0.05366, 0.523176]"
CONTROL,4141360.637000048,"[-0.134076, 0.119536, 0.624062, -0.084165, -0.056785, 0.527609]"
CONTROL,4161440.2249999787,"[-0.132344, 0.119848, 0.626649, -0.087213, -0.0598, 0.531933]"
CONTROL,4181518.0849999934,"[-0.130528, 0.119991, 0.629111, -0.09004, -0.0627, 0.536132]"
CONTROL,4201597.450000009,"[-0.128629, 0.119962, 0.631446, -0.092641, -0.065478, 0.540187]"
CONTROL,4221676.398,"[-0.126649, 0.119763, 0.633651, -0.095007, -0.06813, 0.544084]"
CONTROL,4241758.707000031,"[-0.124589, 0.119394, 0.635724, -0.097133, -0.070649, 0.547807]"
CONTROL,4261837.559000014,"[-0.122451, 0.118855, 0.637663, -0.099014, -0.073032, 0.551341]"
CONTROL,4281918.203000032,"[-0.120235, 0.118148, 0.639466, -0.100645, -0.075274, 0.554673]"
CONTROL,4301998.303999994,"[-0.117943, 0.117272, 0.641132, -0.102021, -0.077371, 0.557788]"
CONTROL,4322077.379999996,"[-0.115577, 0.11623, 0.642658, -0.10314, -0.079317, 0.560676]"
CONTROL,4342156.6800000165,"[-0.113138, 0.115023, 0.644044, -0.103998, -0.081111, 0.563325]"
CONTROL,4362237.261000019,"[-0.110627, 0.113652, 0.645287, -0.104594, -0.082747, 0.565723]"
CONTROL,4382317.489000002,"[-0.108046, 0.112119, 0.646388, -0.104925, -0.084223, 0.567862]"
CONTROL,4402400.2459999565,"[-0.105397, 0.110428, 0.647343, -0.104992, -0.085537, 0.569733]"
CONTROL,4422480.825999969,"[-0.102682, 0.108579, 0.648153, -0.104793, -0.086685, 0.571329]"
CONTROL,4442559.198000026,"[-0.099902, 0.106576, 0.648817, -0.104329, -0.087665, 0.572644]"
CONTROL,4462638.722999941,"[-0.097058, 0.104422, 0.649334, -0.103602, -0.088476, 0.573672]"
CONTROL,4482717.830999945,"[-0.094154, 0.102119, 0.649704, -0.102613, -0.089115, 0.574409]"
CONTROL,4502797.482000005,"[-0.09119, 0.099672, 0.649926, -0.101365, -0.089583, 0.574852]"
CONTROL,4522877.165999943,"[-0.088168, 0.097082, 0.65, -0.099861, -0.089877, 0.575]"
CONTROL,4542955.921000044,"[-0.08509, 0.094355, 0.649926, -0.098105, -0.089997, 0.574852]"
CONTROL,4563034.868000045,"[-0.081959, 0.091493, 0.649704, -0.0961, -0.089943, 0.574409]"
CONTROL,4583117.1439999705,"[-0.078776, 0.088502, 0.649334, -0.093853, -0.089715, 0.573672]"
CONTROL,4603197.242999954,"[-0.075543, 0.085384, 0.648817, -0.091369, -0.089314, 0.572644]"
CONTROL,4623276.318999956,"[-0.072263, 0.082146, 0.648153, -0.088654, -0.08874, 0.571329]"
CONTROL,4643355.329999963,"[-0.068937, 0.07879, 0.647343, -0.085716, -0.087994, 0.569733]"
CONTROL,4663435.364999942,"[-0.065567, 0.075323, 0.646388, -0.08256, -0.087078, 0.567862]"
CONTROL,4683515.3690000195,"[-0.062156, 0.071749, 0.645287, -0.079196, -0.085994, 0.565723]"
CONTROL,4703593.45199995,"[-0.058706, 0.068072, 0.644044, -0.075632, -0.084743, 0.563325]"
CONTROL,4723673.0390000045,"[-0.055219, 0.064299, 0.642658, -0.071877, -0.083328, 0.560676]"
CONTROL,4743751.762999978,"[-0.051696, 0.060435, 0.641132, -0.067941, -0.081753, 0.557788]"
CONTROL,4763830.677999977,"[-0.048142, 0.056484, 0.639466, -0.063833, -0.080019, 0.554673]"
CONTROL,4783909.784999992,"[-0.044556, 0.052454, 0.637663, -0.059563, -0.07813, 0.551341]"
CONTROL,4803988.796999988,"[-0.040943, 0.048349, 0.635724, -0.055143, -0.07609, 0.547807]"
CONTROL,4824072.703999946,"[-0.037303, 0.044175, 0.633651, -0.050584, -0.073903, 0.544084]"
CONTROL,4844151.618999945,"[-0.033641, 0.039938, 0.631446, -0.045897, -0.071574, 0.540187]"
CONTROL,4864230.471000042,"[-0.029956, 0.035645, 0.629111, -0.041094, -0.069105, 0.536132]"
CONTROL,4884309.450000046,"[-0.026253, 0.031301, 0.626649, -0.036188, -0.066503, 0.531933]"
CONTROL,4904388.429000051,"[-0.022534, 0.026912, 0.624062, -0.031189, -0.063773, 0.527609]"
CONTROL,4924467.536999941,"[-0.0188, 0.022486, 0.621353, -0.026112, -0.060919, 0.523176]"
CONTROL,4944546.451999941,"[-0.015054, 0.018027, 0.618523, -0.02097, -0.057947, 0.518652]"
CONTROL,4964624.983000021,"[-0.011299, 0.013543, 0.615577, -0.015774, -0.054863, 0.514054]"
CONTROL,4984704.762999968,"[-0.007537, 0.009039, 0.612517, -0.010538, -0.051673, 0.5094]"
CONTROL,5004783.549999956,"[-0.00377, 0.004523, 0.609345, -0.005276, -0.048383, 0.504709]"
CONTROL,5024863.2970000245,"[-0.0, 0.0, 0.606066, -0.0, -0.045, 0.5]"
CONTROL,5045015.431000024,"[0.00377, -0.004523, 0.602682, 0.005276, -0.04153, 0.495291]"
CONTROL,5065093.929999989,"[0.007537, -0.009039, 0.599197, 0.010538, -0.037979, 0.4906]"
CONTROL,5085172.556999965,"[0.011299, -0.013543, 0.595614, 0.015774, -0.034354, 0.485946]"
CONTROL,5105250.897000019,"[0.015054, -0.018027, 0.591936, 0.02097, -0.030664, 0.481348]"
CONTROL,5125331.763999952,"[0.0188, -0.022486, 0.588168, 0.026112, -0.026914, 0.476824]"
CONTROL,5145410.231000028,"[0.022534, -0.026912, 0.584313, 0.031189, -0.023112, 0.472391]"
CONTROL,5165488.82699999,"[0.026253, -0.031301, 0.580374, 0.036188, -0.019265, 0.468067]"
CONTROL,5185567.325999955,"[0.029956, -0.035645, 0.576356, 0.041094, -0.015381, 0.463868]"
CONTROL,5205645.53700001,"[0.033641, -0.039938, 0.572263, 0.045897, -0.011467, 0.459813]"
CONTROL,5225724.1329999715,"[0.037303, -0.044175, 0.568099, 0.050584, -0.007531, 0.455916]"
CONTROL,5245803.239999986,"[0.040943, -0.048349, 0.563867, 0.055143, -0.00358, 0.452193]"
CONTROL,5265882.282999996,"[0.044556, -0.052454, 0.559572, 0.059563, 0.000377, 0.448659]"
CONTROL,5285961.423000003,"[0.048142, -0.056484, 0.555219, 0.063833, 0.004334, 0.445327]"
CONTROL,5306040.658000029,"[0.051696, -0.060435, 0.550811, 0.067941, 0.008282, 0.442212]"
CONTROL,5326121.332999947,"[0.055219, -0.064299, 0.546353, 0.071877, 0.012214, 0.439324]"
CONTROL,5346200.217000046,"[0.058706, -0.068072, 0.541849, 0.075632, 0.016123, 0.436675]"
CONTROL,5366279.2919999445,"[0.062156, -0.071749, 0.537303, 0.079196, 0.020001, 0.434277]"
CONTROL,5386360.190999994,"[0.065567, -0.075323, 0.532721, 0.08256, 0.023839, 0.432138]"
CONTROL,5406439.170999988,"[0.068937, -0.07879, 0.528107, 0.085716, 0.027632, 0.430267]"
CONTROL,5426518.917999943,"[0.072263, -0.082146, 0.523465, 0.088654, 0.031371, 0.428671]"
CONTROL,5446598.216999973,"[0.075543, -0.085384, 0.5188, 0.091369, 0.03505, 0.427356]"
CONTROL,5466677.196999967,"[0.078776, -0.088502, 0.514116, 0.093853, 0.038661, 0.426328]"
CONTROL,5486755.536000032,"[0.081959, -0.091493, 0.509419, 0.0961, 0.042197, 0.425591]"
CONTROL,5506835.089999981,"[0.08509, -0.094355, 0.504712, 0.098105, 0.045651, 0.425148]"
CONTROL,5526914.581000028,"[0.088168, -0.097082, 0.5, 0.099861, 0.049018, 0.425]"
CONTROL,5546994.615000017,"[0.09119, -0.099672, 0.495288, 0.101365, 0.052289, 0.425148]"
CONTROL,5567072.44100005,"[0.094154, -0.102119, 0.490581, 0.102613, 0.055459, 0.425591]"
CONTROL,5587164.475999998,"[0.097058, -0.104422, 0.485884, 0.103602, 0.058522, 0.426328]"
CONTROL,5607244.414999968,"[0.099902, -0.106576, 0.4812, 0.104329, 0.061472, 0.427356]"
CONTROL,5627323.488999992,"[0.102682, -0.108579, 0.476535, 0.104793, 0.064303, 0.428671]"
CONTROL,5647402.659000022,"[0.105397, -0.110428, 0.471893, 0.104992, 0.067009, 0.430267]"
CONTROL,5667482.309999969,"[0.108046, -0.112119, 0.467279, 0.104925, 0.069586, 0.432138]"
CONTROL,5687558.727999999,"[0.110627, -0.113652, 0.462697, 0.104594, 0.072028, 0.434277]"
CONTROL,5707638.058000043,"[0.113138, -0.115023, 0.458151, 0.103998, 0.074331, 0.436675]"
CONTROL,5727717.837,"[0.115577, -0.11623, 0.453647, 0.10314, 0.07649, 0.439324]"
CONTROL,5747796.334999976,"[0.117943, -0.117272, 0.449189, 0.102021, 0.078502, 0.442212]"
CONTROL,5767875.697000022,"[0.120235, -0.118148, 0.444781, 0.100645, 0.080361, 0.445327]"
CONTROL,5787953.46000004,"[0.122451, -0.118855, 0.440428, 0.099014, 0.082065, 0.448659]"
CONTROL,5808030.870000038,"[0.124589, -0.119394, 0.436133, 0.097133, 0.08361, 0.452193]"
CONTROL,5828105.879999952,"[0.126649, -0.119763, 0.431901, 0.095007, 0.084994, 0.455916]"
CONTROL,5848183.705999986,"[0.128629, -0.119962, 0.427737, 0.092641, 0.086213, 0.459813]"
CONTROL,5868257.917000051,"[0.130528, -0.119991, 0.423644, 0.09004, 0.087265, 0.463868]"
CONTROL,5888333.982999939,"[0.132344, -0.119848, 0.419626, 0.087213, 0.088149, 0.468067]"
CONTROL,5908408.896999958,"[0.134076, -0.119536, 0.415687, 0.084165, 0.088862, 0.472391]"
CONTROL,5928483.490999952,"[0.135724, -0.119054, 0.411832, 0.080904, 0.089404, 0.476824]"
CONTROL,5948561.221999967,"[0.137286, -0.118402, 0.408064, 0.077439, 0.089772, 0.481348]"
CONTROL,5968636.584000023,"[0.138762, -0.117583, 0.404386, 0.073778, 0.089967, 0.485946]"
CONTROL,5988712.169999985,"[0.140149, -0.116596, 0.400803, 0.069931, 0.089987, 0.4906]"
CONTROL,6008788.299999992,"[0.141449, -0.115443, 0.397318, 0.065908, 0.089834, 0.495291]"
CONTROL,6028862.926999978,"[0.142658, -0.114127, 0.393934, 0.061717, 0.089507, 0.5]"
CONTROL,6049012.371000003,"[0.143778, -0.112648, 0.390655, 0.057371, 0.089007, 0.504709]"
CONTROL,6069086.964999997,"[0.144807, -0.111009, 0.387483, 0.05288, 0.088334, 0.5094]"
CONTROL,6089162.550999958,"[0.145745, -0.109213, 0.384423, 0.048256, 0.087491, 0.514054]"
CONTROL,6109200.440999985,"[0.14659, -0.107261, 0.381477, 0.043509, 0.086479, 0.518652]"
CONTROL,6129277.27500005,"[0.147343, -0.105157, 0.378647, 0.038653, 0.085299, 0.523176]"
CONTROL,6149353.08500003,"[0.148003, -0.102903, 0.375938, 0.033699, 0.083955, 0.527609]"
CONTROL,6169428.766999999,"[0.148569, -0.100503, 0.373351, 0.02866, 0.082447, 0.531933]"
CONTROL,6189504.962000001,"[0.149042, -0.097961, 0.370889, 0.023548, 0.080781, 0.536132]"
CONTROL,6209580.51599996,"[0.14942, -0.095279, 0.368554, 0.018377, 0.078958, 0.540187]"
CONTROL,6229659.653999988,"[0.149704, -0.092462, 0.366349, 0.01316, 0.076983, 0.544084]"
CONTROL,6249734.984000042,"[0.149893, -0.089513, 0.364276, 0.007909, 0.074858, 0.547807]"
CONTROL,6269810.346999975,"[0.149988, -0.086437, 0.362337, 0.002639, 0.072589, 0.551341]"
CONTROL,6289885.869000046,"[0.149988, -0.083238, 0.360534, -0.002639, 0.07018, 0.554673]"
CONTROL,6309961.13499998,"[0.149893, -0.079921, 0.358868, -0.007909, 0.067635, 0.557788]"
CONTROL,6330039.56999994,"[0.149704, -0.076491, 0.357342, -0.01316, 0.064958, 0.560676]"
CONTROL,6350114.675999976,"[0.14942, -0.072952, 0.355956, -0.018377, 0.062157, 0.563325]"
CONTROL,6370189.493999988,"[0.149042, -0.069309, 0.354713, -0.023548, 0.059235, 0.565723]"
CONTROL,6390282.521000017,"[0.148569, -0.065567, 0.353612, -0.02866, 0.056198, 0.567862]"
CONTROL,6410357.978999969,"[0.148003, -0.061733, 0.352657, -0.033699, 0.053053, 0.569733]"
CONTROL,6430447.67799995,"[0.147343, -0.05781, 0.351847, -0.038653, 0.049805, 0.571329]"
CONTROL,6450525.471999981,"[0.14659, -0.053806, 0.351183, -0.043509, 0.046461, 0.572644]"
CONTROL,6470601.409999972,"[0.145745, -0.049725, 0.350666, -0.048256, 0.043027, 0.573672]"
CONTROL,6490676.548000011,"[0.144807, -0.045573, 0.350296, -0.05288, 0.03951, 0.574409]"
CONTROL,6510751.844999959,"[0.143778, -0.041357, 0.350074, -0.057371, 0.035916, 0.574852]"
CONTROL,6530826.790999982,"[0.142658, -0.037082, 0.35, -0.061717, 0.032253, 0.575]"
CONTROL,6550900.680000041,"[0.141449, -0.032754, 0.350074, -0.065908, 0.028528, 0.574852]"
CONTROL,6570976.361000021,"[0.140149, -0.02838, 0.350296, -0.069931, 0.024747, 0.574409]"
CONTROL,6591051.43499994,"[0.138762, -0.023965, 0.350666, -0.073778, 0.020918, 0.573672]"
CONTROL,6611146.731999952,"[0.137286, -0.019516, 0.351183, -0.077439, 0.017049, 0.572644]"
CONTROL,6631225.070000027,"[0.135724, -0.01504, 0.351847, -0.080904, 0.013147, 0.571329]"
CONTROL,6651300.430999981,"[0.134076, -0.010542, 0.352657, -0.084165, 0.00922, 0.569733]"
CONTROL,6671375.919999946,"[0.132344, -0.006029, 0.353612, -0.087213, 0.005275, 0.567862]"
CONTROL,6691451.474000019,"[0.130528, -0.001508, 0.354713, -0.09004, 0.001319, 0.565723]"
CONTROL,6711541.842999964,"[0.128629, 0.003016, 0.355956, -0.092641, -0.002639, 0.563325]"
CONTROL,6731625.140999995,"[0.126649, 0.007535, 0.357342, -0.095007, -0.006591, 0.560676]"
CONTROL,6751706.4219999835,"[0.124589, 0.012043, 0.358868, -0.097133, -0.010532, 0.557788]"
CONTROL,6771787.096000025,"[0.122451, 0.016535, 0.360534, -0.099014, -0.014451, 0.554673]"
CONTROL,6791867.001000014,"[0.120235, 0.021003, 0.362337, -0.100645, -0.018343, 0.551341]"
CONTROL,6811946.7789999815,"[0.117943, 0.025441, 0.364276, -0.102021, -0.022199, 0.547807]"
CONTROL,6832027.356000026,"[0.115577, 0.029843, 0.366349, -0.10314, -0.026013, 0.544084]"
CONTROL,6852107.6780000385,"[0.113138, 0.034202, 0.368554, -0.103998, -0.029776, 0.540187]"
CONTROL,6872188.639,"[0.110627, 0.038513, 0.370889, -0.104594, -0.033481, 0.536132]"
CONTROL,6892269.599999963,"[0.108046, 0.042769, 0.373351, -0.104925, -0.037122, 0.531933]"
CONTROL,6912349.60199995,"[0.105397, 0.046965, 0.375938, -0.104992, -0.040691, 0.527609]"
CONTROL,6932428.450999964,"[0.102682, 0.051094, 0.378647, -0.104793, -0.044181, 0.523176]"
CONTROL,6952508.420999948,"[0.099902, 0.05515, 0.381477, -0.104329, -0.047586, 0.518652]"
CONTROL,6972588.453999947,"[0.097058, 0.059127, 0.384423, -0.103602, -0.050899, 0.514054]"
CONTROL,6992667.847000007,"[0.094154, 0.063021, 0.387483, -0.102613, -0.054113, 0.5094]"
CONTROL,7012746.793000019,"[0.09119, 0.066825, 0.390655, -0.101365, -0.057223, 0.504709]"
CONTROL,7032826.762000013,"[0.088168, 0.070534, 0.393934, -0.099861, -0.060222, 0.5]"
CONTROL,7052976.525999952,"[0.08509, 0.074143, 0.397318, -0.098105, -0.063104, 0.495291]"
CONTROL,7073054.190999983,"[0.081959, 0.077647, 0.400803, -0.0961, -0.065865, 0.4906]"
CONTROL,7093134.383999995,"[0.078776, 0.08104, 0.404386, -0.093853, -0.068498, 0.485946]"
CONTROL,7113213.266000003,"[0.075543, 0.084318, 0.408064, -0.091369, -0.070998, 0.481348]"
CONTROL,7133291.762999988,"[0.072263, 0.087476, 0.411832, -0.088654, -0.073362, 0.476824]"
CONTROL,7153371.572999959,"[0.068937, 0.09051, 0.415687, -0.085716, -0.075583, 0.472391]"
CONTROL,7173452.374000021,"[0.065567, 0.093415, 0.419626, -0.08256, -0.077658, 0.468067]"
CONTROL,7193530.614999986,"[0.062156, 0.096188, 0.423644, -0.079196, -0.079583, 0.463868]"
CONTROL,7213609.721000012,"[0.058706, 0.098824, 0.427737, -0.075632, -0.081354, 0.459813]"
CONTROL,7233688.953999945,"[0.055219, 0.101319, 0.431901, -0.071877, -0.082968, 0.455916]"
CONTROL,7253768.283999989,"[0.051696, 0.103671, 0.436133, -0.067941, -0.084421, 0.452193]"
CONTROL,7273848.509000004,"[0.048142, 0.105875, 0.440428, -0.063833, -0.085711, 0.448659]"
CONTROL,7293928.190999963,"[0.044556, 0.107929, 0.444781, -0.059563, -0.086835, 0.445327]"
CONTROL,7314009.663999968,"[0.040943, 0.109829, 0.449189, -0.055143, -0.087791, 0.442212]"
CONTROL,7334088.640999994,"[0.037303, 0.111573, 0.453647, -0.050584, -0.088578, 0.439324]"
CONTROL,7354167.426999993,"[0.033641, 0.113159, 0.458151, -0.045897, -0.089193, 0.436675]"
CONTROL,7374248.227999942,"[0.029956, 0.114584, 0.462697, -0.041094, -0.089635, 0.434277]"
CONTROL,7394327.717999999,"[0.026253, 0.115846, 0.467279, -0.036188, -0.089904, 0.432138]"
CONTROL,7414408.998999989,"[0.022534, 0.116943, 0.471893, -0.031189, -0.09, 0.430267]"
CONTROL,7434488.16800003,"[0.0188, 0.117874, 0.476535, -0.026112, -0.089921, 0.428671]"
CONTROL,7454567.689999976,"[0.015054, 0.118638, 0.4812, -0.02097, -0.089668, 0.427356]"
CONTROL,7474647.0510000335,"[0.011299, 0.119233, 0.485884, -0.015774, -0.089242, 0.426328]"
CONTROL,7494727.307999938,"[0.007537, 0.119659, 0.490581, -0.010538, -0.088644, 0.425591]"
CONTROL,7514806.636999993,"[0.00377, 0.119915, 0.495288, -0.005276, -0.087873, 0.425148]"
CONTROL,7534886.124999957,"[0.0, 0.12, 0.5, -0.0, -0.086933, 0.425]"
CONTROL,7554966.221999962,"[-0.00377, 0.119915, 0.504712, 0.005276, -0.085825, 0.425148]"
CONTROL,7575045.646000035,"[-0.007537, 0.119659, 0.509419, 0.010538, -0.084551, 0.425591]"
CONTROL,7595124.942999974,"[-0.011299, 0.119233, 0.514116, 0.015774, -0.083113, 0.426328]"
CONTROL,7615204.68699996,"[-0.015054, 0.118638, 0.5188, 0.02097, -0.081515, 0.427356]"
CONTROL,7635310.767999954,"[-0.0188, 0.117874, 0.523465, 0.026112, -0.079758, 0.428671]"
CONTROL,7655397.712999957,"[-0.022534, 0.116943, 0.528107, 0.031189, -0.077848, 0.430267]"
CONTROL,7675479.377999977,"[-0.026253, 0.115846, 0.532721, 0.036188, -0.075787, 0.432138]"
CONTROL,7695561.106000014,"[-0.029956, 0.114584, 0.537303, 0.041094, -0.073579, 0.434277]"
CONTROL,7715642.707000029,"[-0.033641, 0.113159, 0.541849, 0.045897, -0.071229, 0.436675]"
CONTROL,7735723.3149999725,"[-0.037303, 0.111573, 0.546353, 0.050584, -0.068742, 0.439324]"
CONTROL,7755802.580000022,"[-0.040943, 0.109829, 0.550811, 0.055143, -0.066121, 0.442212]"
CONTROL,7775882.388000013,"[-0.044556, 0.107929, 0.555219, 0.059563, -0.063372, 0.445327]"
CONTROL,7795963.316999974,"[-0.048142, 0.105875, 0.559572, 0.063833, -0.060501, 0.448659]"
CONTROL,7816043.348999984,"[-0.051696, 0.103671, 0.563867, 0.067941, -0.057513, 0.452193]"
CONTROL,7836121.110000022,"[-0.055219, 0.101319, 0.568099, 0.071877, -0.054414, 0.455916]"
CONTROL,7856198.230000018,"[-0.058706, 0.098824, 0.572263, 0.075632, -0.051209, 0.459813]"
CONTROL,7876277.494999954,"[-0.062156, 0.096188, 0.576356, 0.079196, -0.047906, 0.463868]"
CONTROL,7896356.566999998,"[-0.065567, 0.093415, 0.580374, 0.08256, -0.044509, 0.468067]"
CONTROL,7916435.159000003,"[-0.068937, 0.09051, 0.584313, 0.085716, -0.041027, 0.472391]"
CONTROL,7936516.535999999,"[-0.072263, 0.087476, 0.588168, 0.088654, -0.037465, 0.476824]"
CONTROL,7956594.903999985,"[-0.075543, 0.084318, 0.591936, 0.091369, -0.033831, 0.481348]"
CONTROL,7976673.817000005,"[-0.078776, 0.08104, 0.595614, 0.093853, -0.030131, 0.485946]"
CONTROL,7996754.936999992,"[-0.081959, 0.077647, 0.599197, 0.0961, -0.026374, 0.4906]"
CONTROL,8016833.850000012,"[-0.08509, 0.074143, 0.602682, 0.098105, -0.022565, 0.495291]"
CONTROL,8036912.953999945,"[-0.088168, 0.070534, 0.606066, 0.099861, -0.018712, 0.5]"
CONTROL,8057066.01299994,"[-0.09119, 0.066825, 0.609345, 0.101365, -0.014823, 0.504709]"
CONTROL,8077145.4050000105,"[-0.094154, 0.063021, 0.612517, 0.102613, -0.010906, 0.5094]"
CONTROL,8097224.382000036,"[-0.097058, 0.059127, 0.615577, 0.103602, -0.006967, 0.514054]"
CONTROL,8117304.126000022,"[-0.099902, 0.05515, 0.618523, 0.104329, -0.003015, 0.518652]"
CONTROL,8137383.582999974,"[-0.102682, 0.051094, 0.621353, 0.104793, 0.000942, 0.523176]"
CONTROL,8157461.72699994,"[-0.105397, 0.046965, 0.624062, 0.104992, 0.004898, 0.527609]"
CONTROL,8177541.727999938,"[-0.108046, 0.042769, 0.626649, 0.104925, 0.008845, 0.531933]"
CONTROL,8197620.12800004,"[-0.110627, 0.038513, 0.629111, 0.104594, 0.012774, 0.536132]"
CONTROL,8217701.409000029,"[-0.113138, 0.034202, 0.631446, 0.103998, 0.016679, 0.540187]"
CONTROL,8237780.608999969,"[-0.115577, 0.029843, 0.633651, 0.10314, 0.020552, 0.544084]"
CONTROL,8257858.8820000505,"[-0.117943, 0.025441, 0.635724, 0.102021, 0.024384, 0.547807]"
CONTROL,8277937.985999984,"[-0.120235, 0.021003, 0.637663, 0.100645, 0.02817, 0.551341]"
CONTROL,8298017.155000025,"[-0.122451, 0.016535, 0.639466, 0.099014, 0.031901, 0.554673]"
CONTROL,8318097.25100004,"[-0.124589, 0.012043, 0.641132, 0.097133, 0.03557, 0.557788]"
CONTROL,8338175.588000013,"[-0.126649, 0.007535, 0.642658, 0.095007, 0.039171, 0.560676]"
CONTROL,8358254.244000022,"[-0.128629, 0.003016, 0.644044, 0.092641, 0.042696, 0.563325]"
CONTROL,8378332.196999963,"[-0.130528, -0.001508, 0.645287, 0.09004, 0.046138, 0.565723]"
CONTROL,8398410.94899998,"[-0.132344, -0.006029, 0.646388, 0.087213, 0.049491, 0.567862]"
CONTROL,8418489.733000001,"[-0.134076, -0.010542, 0.647343, 0.084165, 0.052748, 0.569733]"
CONTROL,8438570.437999943,"[-0.135724, -0.01504, 0.648153, 0.080904, 0.055903, 0.571329]"
CONTROL,8458649.509999987,"[-0.137286, -0.019516, 0.648817, 0.077439, 0.05895, 0.572644]"
CONTROL,8478728.58300002,"[-0.138762, -0.023965, 0.649334, 0.073778, 0.061884, 0.573672]"
CONTROL,8498809.15899996,"[-0.140149, -0.02838, 0.649704, 0.069931, 0.064697, 0.574409]"
CONTROL,8518888.326000024,"[-0.141449, -0.032754, 0.649926, 0.065908, 0.067385, 0.574852]"
CONTROL,8538966.437999988,"[-0.142658, -0.037082, 0.65, 0.061717, 0.069943, 0.575]"
CONTROL,8559045.446000027,"[-0.143778, -0.041357, 0.649926, 0.057371, 0.072366, 0.574852]"
CONTROL,8579124.16499994,"[-0.144807, -0.045573, 0.649704, 0.05288, 0.074648, 0.574409]"
CONTROL,8599203.621000014,"[-0.145745, -0.049725, 0.649334, 0.048256, 0.076787, 0.573672]"
CONTROL,8619282.691999957,"[-0.14659, -0.053806, 0.648817, 0.043509, 0.078777, 0.572644]"
CONTROL,8639370.020000001,"[-0.147343, -0.05781, 0.648153, 0.038653, 0.080614, 0.571329]"
CONTROL,8659449.02800004,"[-0.148003, -0.061733, 0.647343, 0.033699, 0.082296, 0.569733]"
CONTROL,8679530.914999986,"[-0.148569, -0.065567, 0.646388, 0.02866, 0.083818, 0.567862]"
CONTROL,8699613.730999999,"[-0.149042, -0.069309, 0.645287, 0.023548, 0.085178, 0.565723]"
CONTROL,8719692.898999939,"[-0.14942, -0.072952, 0.644044, 0.018377, 0.086374, 0.563325]"
CONTROL,8739773.281999987,"[-0.149704, -0.076491, 0.642658, 0.01316, 0.087402, 0.560676]"
CONTROL,8759853.82600004,"[-0.149893, -0.079921, 0.641132, 0.007909, 0.088261, 0.557788]"
CONTROL,8779943.553999942,"[-0.149988, -0.083238, 0.639466, 0.002639, 0.08895, 0.554673]"
CONTROL,8800027.073000023,"[-0.149988, -0.086437, 0.637663, -0.002639, 0.089467, 0.551341]"
CONTROL,8820108.097000003,"[-0.149893, -0.089513, 0.635724, -0.007909, 0.08981, 0.547807]"
CONTROL,8840191.041000025,"[-0.149704, -0.092462, 0.633651, -0.01316, 0.08998, 0.544084]"
CONTROL,8860271.487999966,"[-0.14942, -0.095279, 0.631446, -0.018377, 0.089976, 0.540187]"
CONTROL,8880354.047999958,"[-0.149042, -0.097961, 0.629111, -0.023548, 0.089798, 0.536132]"
CONTROL,8900434.976000043,"[-0.148569, -0.100503, 0.626649, -0.02866, 0.089446, 0.531933]"
CONTROL,8920514.271000002,"[-0.148003, -0.102903, 0.624062, -0.033699, 0.088921, 0.527609]"
CONTROL,8940593.630999956,"[-0.147343, -0.105157, 0.621353, -0.038653, 0.088224, 0.523176]"
CONTROL,8960673.82199999,"[-0.14659, -0.107261, 0.618523, -0.043509, 0.087357, 0.518652]"
CONTROL,8980753.37399996,"[-0.145745, -0.109213, 0.615577, -0.048256, 0.08632, 0.514054]"
CONTROL,9000834.397999939,"[-0.144807, -0.111009, 0.612517, -0.05288, 0.085117, 0.5094]"
CONTROL,9020918.013000028,"[-0.143778, -0.112648, 0.609345, -0.057371, 0.083749, 0.504709]"
CONTROL,9040999.133000014,"[-0.142658, -0.114127, 0.606066, -0.061717, 0.082219, 0.5]"
CONTROL,9061153.599000022,"[-0.141449, -0.115443, 0.602682, -0.065908, 0.08053, 0.495291]"
CONTROL,9081233.053999994,"[-0.140149, -0.116596, 0.599197, -0.069931, 0.078685, 0.4906]"
CONTROL,9101312.12600004,"[-0.138762, -0.117583, 0.595614, -0.073778, 0.076688, 0.485946]"
CONTROL,9121393.246000025,"[-0.137286, -0.118402, 0.591936, -0.077439, 0.074543, 0.481348]"
CONTROL,9141470.525000045,"[-0.135724, -0.119054, 0.588168, -0.080904, 0.072254, 0.476824]"
CONTROL,9161549.852999996,"[-0.134076, -0.119536, 0.584313, -0.084165, 0.069824, 0.472391]"
CONTROL,9181632.924000042,"[-0.132344, -0.119848, 0.580374, -0.087213, 0.06726, 0.468067]"
CONTROL,9201713.980000023,"[-0.130528, -0.119991, 0.576356, -0.09004, 0.064566, 0.463868]"
CONTROL,9221793.98000003,"[-0.128629, -0.119962, 0.572263, -0.092641, 0.061747, 0.459813]"
CONTROL,9241873.53100001,"[-0.126649, -0.119763, 0.568099, -0.095007, 0.058808, 0.455916]"
CONTROL,9261952.858999962,"[-0.124589, -0.119394, 0.563867, -0.097133, 0.055755, 0.452193]"
CONTROL,9282033.33800002,"[-0.122451, -0.118855, 0.559572, -0.099014, 0.052595, 0.448659]"
CONTROL,9302112.729999976,"[-0.120235, -0.118148, 0.555219, -0.100645, 0.049333, 0.445327]"
CONTROL,9322192.345999952,"[-0.117943, -0.117272, 0.550811, -0.102021, 0.045976, 0.442212]"
CONTROL,9342271.128999982,"[-0.115577, -0.11623, 0.546353, -0.10314, 0.04253, 0.439324]"
CONTROL,9362351.257000001,"[-0.113138, -0.115023, 0.541849, -0.103998, 0.039001, 0.436675]"
CONTROL,9382430.423999948,"[-0.110627, -0.113652, 0.537303, -0.104594, 0.035397, 0.434277]"
CONTROL,9402508.408000017,"[-0.108046, -0.112119, 0.532721, -0.104925, 0.031725, 0.432138]"
CONTROL,9422589.97500005,"[-0.105397, -0.110428, 0.528107, -0.104992, 0.027991, 0.430267]"
CONTROL,9442669.847000048,"[-0.102682, -0.108579, 0.523465, -0.104793, 0.024203, 0.428671]"
CONTROL,9462749.527000029,"[-0.099902, -0.106576, 0.5188, -0.104329, 0.020368, 0.427356]"
CONTROL,9482827.990000032,"[-0.097058, -0.104422, 0.514116, -0.103602, 0.016494, 0.426328]"
CONTROL,9502907.765000032,"[-0.094154, -0.102119, 0.509419, -0.102613, 0.012588, 0.425591]"
CONTROL,9522986.899999978,"[-0.09119, -0.099672, 0.504712, -0.101365, 0.008657, 0.425148]"
CONTROL,9543066.034000048,"[-0.088168, -0.097082, 0.5, -0.099861, 0.00471, 0.425]"
CONTROL,9563146.897000024,"[-0.08509, -0.094355, 0.495288, -0.098105, 0.000754, 0.425148]"
CONTROL,9583226.86400004,"[-0.081959, -0.091493, 0.490581, -0.0961, -0.003204, 0.425591]"
CONTROL,9603307.438999992,"[-0.078776, -0.088502, 0.485884, -0.093853, -0.007155, 0.426328]"
CONTROL,9623387.597000033,"[-0.075543, -0.085384, 0.4812, -0.091369, -0.011093, 0.427356]"
CONTROL,9643466.923999995,"[-0.072263, -0.082146, 0.476535, -0.088654, -0.015009, 0.428671]"
CONTROL,9663545.547000013,"[-0.068937, -0.07879, 0.471893, -0.085716, -0.018896, 0.430267]"
CONTROL,9683629.033999978,"[-0.065567, -0.075323, 0.467279, -0.08256, -0.022747, 0.432138]"
CONTROL,9703708.391999952,"[-0.062156, -0.071749, 0.462697, -0.079196, -0.026554, 0.434277]"
CONTROL,9723787.911000045,"[-0.058706, -0.068072, 0.458151, -0.075632, -0.030309, 0.436675]"
CONTROL,9743865.894000009,"[-0.055219, -0.064299, 0.453647, -0.071877, -0.034006, 0.439324]"
CONTROL,9763955.81299994,"[-0.051696, -0.060435, 0.449189, -0.067941, -0.037637, 0.442212]"
CONTROL,9784032.19500001,"[-0.048142, -0.056484, 0.444781, -0.063833, -0.041195, 0.445327]"
CONTROL,9804111.26599995,"[-0.044556, -0.052454, 0.440428, -0.059563, -0.044673, 0.448659]"
CONTROL,9824191.328999974,"[-0.040943, -0.048349, 0.436133, -0.055143, -0.048065, 0.452193]"
CONTROL,9844269.919999989,"[-0.037303, -0.044175, 0.431901, -0.050584, -0.051364, 0.455916]"
CONTROL,9864350.142000034,"[-0.033641, -0.039938, 0.427737, -0.045897, -0.054564, 0.459813]"
CONTROL,9884431.00500001,"[-0.029956, -0.035645, 0.423644, -0.041094, -0.057658, 0.463868]"
CONTROL,9904510.716000004,"[-0.026253, -0.031301, 0.419626, -0.036188, -0.060641, 0.468067]"
CONTROL,9924589.72299994,"[-0.022534, -0.026912, 0.415687, -0.031189, -0.063506, 0.472391]"
CONTROL,9944668.921000015,"[-0.0188, -0.022486, 0.411832, -0.026112, -0.066249, 0.476824]"
CONTROL,9964748.27999998,"[-0.015054, -0.018027, 0.408064, -0.02097, -0.068863, 0.481348]"
CONTROL,9984828.471000014,"[-0.011299, -0.013543, 0.404386, -0.015774, -0.071344, 0.485946]"
CONTROL,10004907.316999948,"[-0.007537, -0.009039, 0.400803, -0.010538, -0.073688, 0.4906]"
CONTROL,10024988.723999968,"[-0.00377, -0.004523, 0.397318, -0.005276, -0.075888, 0.495291]"
CONTROL,10045066.675000044,"[-0.0, -0.0, 0.393934, -0.0, -0.077942, 0.5]"
CONTROL,10065228.371999979,"[0.00377, 0.004523, 0.390655, 0.005276, -0.079845, 0.504709]"
CONTROL,10085310.610999955,"[0.007537, 0.009039, 0.387483, 0.010538, -0.081594, 0.5094]"
CONTROL,10105390.384999964,"[0.011299, 0.013543, 0.384423, 0.015774, -0.083185, 0.514054]"
CONTROL,10125469.232,"[0.015054, 0.018027, 0.381477, 0.02097, -0.084615, 0.518652]"
CONTROL,10145547.919000024,"[0.0188, 0.022486, 0.378647, 0.026112, -0.085882, 0.523176]"
CONTROL,10165625.389999945,"[0.022534, 0.026912, 0.375938, 0.031189, -0.086982, 0.527609]"
CONTROL,10185703.59599994,"[0.026253, 0.031301, 0.373351, 0.036188, -0.087914, 0.531933]"
CONTROL,10205781.322999997,"[0.029956, 0.035645, 0.370889, 0.041094, -0.088676, 0.536132]"
CONTROL,10225862.185999973,"[0.033641, 0.039938, 0.368554, 0.045897, -0.089267, 0.540187]"
CONTROL,10245947.368999964,"[0.037303, 0.044175, 0.366349, 0.050584, -0.089684, 0.544084]"
CONTROL,10266027.591000011,"[0.040943, 0.048349, 0.364276, 0.055143, -0.089929, 0.547807]"
CONTROL,10286106.182000026,"[0.044556, 0.052454, 0.362337, 0.059563, -0.089999, 0.551341]"
CONTROL,10306187.493000038,"[0.048142, 0.056484, 0.360534, 0.063833, -0.089896, 0.554673]"
CONTROL,10326267.554999959,"[0.051696, 0.060435, 0.358868, 0.067941, -0.089618, 0.557788]"
CONTROL,10346346.914000036,"[0.055219, 0.064299, 0.357342, 0.071877, -0.089167, 0.560676]"
CONTROL,10366426.144999992,"[0.058706, 0.068072, 0.355956, 0.075632, -0.088544, 0.563325]"
CONTROL,10386505.91999999,"[0.062156, 0.071749, 0.354713, 0.079196, -0.08775, 0.565723]"
CONTROL,10406583.581999939,"[0.065567, 0.075323, 0.353612, 0.08256, -0.086785, 0.567862]"
CONTROL,10426664.57300004,"[0.068937, 0.07879, 0.352657, 0.085716, -0.085653, 0.569733]"
CONTROL,10446745.083999986,"[0.072263, 0.082146, 0.351847, 0.088654, -0.084355, 0.571329]"
CONTROL,10466825.595000045,"[0.075543, 0.085384, 0.351183, 0.091369, -0.082894, 0.572644]"
CONTROL,10486910.361000014,"[0.078776, 0.088502, 0.350666, 0.093853, -0.081273, 0.573672]"
CONTROL,10506990.774999963,"[0.081959, 0.091493, 0.350296, 0.0961, -0.079495, 0.574409]"
CONTROL,10527072.245,"[0.08509, 0.094355, 0.350074, 0.098105, -0.077563, 0.574852]"
CONTROL,10547152.083000014,"[0.088168, 0.097082, 0.35, 0.099861, -0.07548, 0.575]"
CONTROL,10567232.945,"[0.09119, 0.099672, 0.350074, 0.101365, -0.073252, 0.574852]"
CONTROL,10587313.390999952,"[0.094154, 0.102119, 0.350296, 0.102613, -0.070882, 0.574409]"
CONTROL,10607397.805000005,"[0.097058, 0.104422, 0.350666, 0.103602, -0.068375, 0.573672]"
CONTROL,10627480.106999997,"[0.099902, 0.106576, 0.351183, 0.104329, -0.065736, 0.572644]"
CONTROL,10647558.985000046,"[0.102682, 0.108579, 0.351847, 0.104793, -0.06297, 0.571329]"
CONTROL,10667637.766999973,"[0.105397, 0.110428, 0.352657, 0.104992, -0.060082, 0.569733]"
CONTROL,10687717.98900002,"[0.108046, 0.112119, 0.353612, 0.104925, -0.057077, 0.567862]"
CONTROL,10707799.970999986,"[0.110627, 0.113652, 0.354713, 0.104594, -0.053962, 0.565723]"
CONTROL,10727881.056000002,"[0.113138, 0.115023, 0.355956, 0.103998, -0.050743, 0.563325]"
CONTROL,10747961.118000034,"[0.115577, 0.11623, 0.357342, 0.10314, -0.047426, 0.560676]"
CONTROL,10768052.861000001,"[0.117943, 0.117272, 0.358868, 0.102021, -0.044017, 0.557788]"
CONTROL,10788131.450000037,"[0.120235, 0.118148, 0.360534, 0.100645, -0.040523, 0.554673]"
CONTROL,10808210.712000005,"[0.122451, 0.118855, 0.362337, 0.099014, -0.03695, 0.551341]"
CONTROL,10828288.501999963,"[0.124589, 0.119394, 0.364276, 0.097133, -0.033306, 0.547807]"
CONTROL,10848367.98799995,"[0.126649, 0.119763, 0.366349, 0.095007, -0.029598, 0.544084]"
CONTROL,10868446.673999984,"[0.128629, 0.119962, 0.368554, 0.092641, -0.025832, 0.540187]"
CONTROL,10888525.648000041,"[0.130528, 0.119991, 0.370889, 0.09004, -0.022017, 0.536132]"
CONTROL,10908604.942000011,"[0.132344, 0.119848, 0.373351, 0.087213, -0.018159, 0.531933]"
CONTROL,10928683.946999967,"[0.134076, 0.119536, 0.375938, 0.084165, -0.014265, 0.527609]"
CONTROL,10948762.120999958,"[0.135724, 0.119054, 0.378647, 0.080904, -0.010344, 0.523176]"
CONTROL,10968837.702999962,"[0.137286, 0.118402, 0.381477, 0.077439, -0.006403, 0.518652]"
CONTROL,10988917.316999959,"[0.138762, 0.117583, 0.384423, 0.073778, -0.00245, 0.514054]"
CONTROL,11008996.19500001,"[0.140149, 0.116596, 0.387483, 0.069931, 0.001508, 0.5094]"
CONTROL,11029076.193000037,"[0.141449, 0.115443, 0.390655, 0.065908, 0.005463, 0.504709]"
CONTROL,11049154.718999945,"[0.142658, 0.114127, 0.393934, 0.061717, 0.009408, 0.5]"
CONTROL,11069296.733999977,"[0.143778, 0.112648, 0.397318, 0.057371, 0.013334, 0.495291]"
CONTROL,11089379.195999982,"[0.144807, 0.111009, 0.400803, 0.05288, 0.017234, 0.4906]"
CONTROL,11109458.649999965,"[0.145745, 0.109213, 0.404386, 0.048256, 0.021102, 0.485946]"
CONTROL,11129536.791999953,"[0.14659, 0.107261, 0.408064, 0.043509, 0.024928, 0.481348]"
CONTROL,11149618.101999978,"[0.147343, 0.105157, 0.411832, 0.038653, 0.028706, 0.476824]"
CONTROL,11169697.076000035,"[0.148003, 0.102903, 0.415687, 0.033699, 0.032429, 0.472391]"
CONTROL,11189775.761999954,"[0.148569, 0.100503, 0.419626, 0.02866, 0.036089, 0.468067]"
CONTROL,11209854.927000038,"[0.149042, 0.097961, 0.423644, 0.023548, 0.039679, 0.463868]"
CONTROL,11229937.069000017,"[0.14942, 0.095279, 0.427737, 0.018377, 0.043193, 0.459813]"
CONTROL,11250017.16299994,"[0.149704, 0.092462, 0.431901, 0.01316, 0.046622, 0.455916]"
CONTROL,11270096.201000001,"[0.149893, 0.089513, 0.436133, 0.007909, 0.049962, 0.452193]"
CONTROL,11290175.526999975,"[0.149988, 0.086437, 0.440428, 0.002639, 0.053205, 0.448659]"
CONTROL,11310256.484999968,"[0.149988, 0.083238, 0.444781, -0.002639, 0.056345, 0.445327]"
CONTROL,11330336.739000017,"[0.149893, 0.079921, 0.449189, -0.007909, 0.059377, 0.442212]"
CONTROL,11350418.208999941,"[0.149704, 0.076491, 0.453647, -0.01316, 0.062293, 0.439324]"
CONTROL,11370502.622999992,"[0.14942, 0.072952, 0.458151, -0.018377, 0.065089, 0.436675]"
CONTROL,11390581.46900004,"[0.149042, 0.069309, 0.462697, -0.023548, 0.067759, 0.434277]"
CONTROL,11410661.754999978,"[0.148569, 0.065567, 0.467279, -0.02866, 0.070298, 0.432138]"
CONTROL,11430744.216999983,"[0.148003, 0.061733, 0.471893, -0.033699, 0.072701, 0.430267]"
CONTROL,11450823.734999971,"[0.147343, 0.05781, 0.476535, -0.038653, 0.074963, 0.428671]"
CONTROL,11470903.796000017,"[0.14659, 0.053806, 0.4812, -0.043509, 0.07708, 0.427356]"
CONTROL,11490983.410000013,"[0.145745, 0.049725, 0.485884, -0.048256, 0.079049, 0.426328]"
CONTROL,11511062.766999999,"[0.144807, 0.045573, 0.490581, -0.05288, 0.080864, 0.425591]"
CONTROL,11531142.05999998,"[0.143778, 0.041357, 0.495288, -0.057371, 0.082523, 0.425148]"
CONTROL,11551220.200999979,"[0.142658, 0.037082, 0.5, -0.061717, 0.084022, 0.425]"
CONTROL,11571299.813999986,"[0.141449, 0.032754, 0.504712, -0.065908, 0.085359, 0.425148]"
CONTROL,11591380.482999966,"[0.140149, 0.02838, 0.509419, -0.069931, 0.086531, 0.425591]"
CONTROL,11611457.728000006,"[0.138762, 0.023965, 0.514116, -0.073778, 0.087535, 0.426328]"
CONTROL,11631535.068999937,"[0.137286, 0.019516, 0.5188, -0.077439, 0.08837, 0.427356]"
CONTROL,11651615.418000005,"[0.135724, 0.01504, 0.523465, -0.080904, 0.089035, 0.428671]"
CONTROL,11671697.047999943,"[0.134076, 0.010542, 0.528107, -0.084165, 0.089526, 0.430267]"
CONTROL,11691776.181000022,"[0.132344, 0.006029, 0.532721, -0.087213, 0.089845, 0.432138]"
CONTROL,11711854.226000015,"[0.130528, 0.001508, 0.537303, -0.09004, 0.08999, 0.434277]"
CONTROL,11731933.550999997,"[0.128629, -0.003016, 0.541849, -0.092641, 0.089961, 0.436675]"
CONTROL,11752011.820000008,"[0.126649, -0.007535, 0.546353, -0.095007, 0.089758, 0.439324]"
CONTROL,11772102.825000048,"[0.124589, -0.012043, 0.550811, -0.097133, 0.089382, 0.442212]"
CONTROL,11792181.798000002,"[0.122451, -0.016535, 0.555219, -0.099014, 0.088832, 0.445327]"
CONTROL,11812261.090999981,"[0.120235, -0.021003, 0.559572, -0.100645, 0.088111, 0.448659]"
CONTROL,11832341.535999944,"[0.117943, -0.025441, 0.563867, -0.102021, 0.087219, 0.452193]"
CONTROL,11852421.212999957,"[0.115577, -0.029843, 0.568099, -0.10314, 0.086159, 0.455916]"
CONTROL,11872503.642999958,"[0.113138, -0.034202, 0.572263, -0.103998, 0.084932, 0.459813]"
CONTROL,11892583.383999977,"[0.110627, -0.038513, 0.576356, -0.104594, 0.08354, 0.463868]"
CONTROL,11912663.381000016,"[0.108046, -0.042769, 0.580374, -0.104925, 0.081987, 0.468067]"
CONTROL,11932744.498000033,"[0.105397, -0.046965, 0.584313, -0.104992, 0.080276, 0.472391]"
CONTROL,11952824.334999945,"[0.102682, -0.051094, 0.588168, -0.104793, 0.078409, 0.476824]"
CONTROL,11972904.299999982,"[0.099902, -0.05515, 0.591936, -0.104329, 0.076391, 0.481348]"
CONTROL,11992983.720999973,"[0.097058, -0.059127, 0.595614, -0.103602, 0.074225, 0.485946]"
CONTROL,12013073.318000011,"[0.094154, -0.063021, 0.599197, -0.102613, 0.071915, 0.4906]"
CONTROL,12033152.22799995,"[0.09119, -0.066825, 0.602682, -0.101365, 0.069466, 0.495291]"
CONTROL,12053233.280999962,"[0.088168, -0.070534, 0.606066, -0.099861, 0.066883, 0.5]"
CONTROL,12073380.447999965,"[0.08509, -0.074143, 0.609345, -0.098105, 0.064171, 0.504709]"
CONTROL,12093462.109000029,"[0.081959, -0.077647, 0.612517, -0.0961, 0.061334, 0.5094]"
CONTROL,12113541.017999979,"[0.078776, -0.08104, 0.615577, -0.093853, 0.058379, 0.514054]"
CONTROL,12133620.694999991,"[0.075543, -0.084318, 0.618523, -0.091369, 0.05531, 0.518652]"
CONTROL,12153700.051999977,"[0.072263, -0.087476, 0.621353, -0.088654, 0.052135, 0.523176]"
CONTROL,12173779.664999984,"[0.068937, -0.09051, 0.624062, -0.085716, 0.048859, 0.527609]"
CONTROL,12193864.557999972,"[0.065567, -0.093415, 0.626649, -0.08256, 0.045489, 0.531933]"
CONTROL,12213944.362999996,"[0.062156, -0.096188, 0.629111, -0.079196, 0.04203, 0.536132]"
CONTROL,12234024.456000043,"[0.058706, -0.098824, 0.631446, -0.075632, 0.038491, 0.540187]"
CONTROL,12254103.33299999,"[0.055219, -0.101319, 0.633651, -0.071877, 0.034876, 0.544084]"
CONTROL,12274183.906999951,"[0.051696, -0.103671, 0.635724, -0.067941, 0.031195, 0.547807]"
CONTROL,12294262.688000003,"[0.048142, -0.105875, 0.637663, -0.063833, 0.027453, 0.551341]"
CONTROL,12314341.213000035,"[0.044556, -0.107929, 0.639466, -0.059563, 0.023658, 0.554673]"
CONTROL,12334421.497999983,"[0.040943, -0.109829, 0.641132, -0.055143, 0.019817, 0.557788]"
CONTROL,12354501.271000003,"[0.037303, -0.111573, 0.642658, -0.050584, 0.015938, 0.560676]"
CONTROL,12374585.172000024,"[0.033641, -0.113159, 0.644044, -0.045897, 0.012028, 0.563325]"
CONTROL,12394665.360999966,"[0.029956, -0.114584, 0.645287, -0.041094, 0.008094, 0.565723]"
CONTROL,12414743.853999995,"[0.026253, -0.115846, 0.646388, -0.036188, 0.004145, 0.567862]"
CONTROL,12434822.507000035,"[0.022534, -0.116943, 0.647343, -0.031189, 0.000188, 0.569733]"
CONTROL,12454900.903999941,"[0.0188, -0.117874, 0.648153, -0.026112, -0.003769, 0.571329]"
CONTROL,12474981.157000002,"[0.015054, -0.118638, 0.648817, -0.02097, -0.007719, 0.572644]"
CONTROL,12495066.913999949,"[0.011299, -0.119233, 0.649334, -0.015774, -0.011654, 0.573672]"
CONTROL,12515144.925999949,"[0.007537, -0.119659, 0.649704, -0.010538, -0.015566, 0.574409]"
CONTROL,12535227.06700005,"[0.00377, -0.119915, 0.649926, -0.005276, -0.019449, 0.574852]"
CONTROL,12555305.558999976,"[0.0, -0.12, 0.65, -0.0, -0.023294, 0.575]"
CONTROL,12575384.946999975,"[-0.00377, -0.119915, 0.649926, 0.005276, -0.027093, 0.574852]"
CONTROL,12595465.67999996,"[-0.007537, -0.119659, 0.649704, 0.010538, -0.030841, 0.574409]"
CONTROL,12615544.620000036,"[-0.011299, -0.119233, 0.649334, 0.015774, -0.034529, 0.573672]"
CONTROL,12635628.232000045,"[-0.015054, -0.118638, 0.648817, 0.02097, -0.038149, 0.572644]"
CONTROL,12655710.117000012,"[-0.0188, -0.117874, 0.648153, 0.026112, -0.041697, 0.571329]"
CONTROL,12675788.35300003,"[-0.022534, -0.116943, 0.647343, 0.031189, -0.045163, 0.569733]"
CONTROL,12695867.645000022,"[-0.026253, -0.115846, 0.646388, 0.036188, -0.048542, 0.567862]"
CONTROL,12715947.16100003,"[-0.029956, -0.114584, 0.645287, 0.041094, -0.051828, 0.565723]"
CONTROL,12736025.366000036,"[-0.033641, -0.113159, 0.644044, 0.045897, -0.055013, 0.563325]"
CONTROL,12756110.098000022,"[-0.037303, -0.111573, 0.642658, 0.050584, -0.058091, 0.560676]"
CONTROL,12776202.191000039,"[-0.040943, -0.109829, 0.641132, 0.055143, -0.061057, 0.557788]"
CONTROL,12796282.795000024,"[-0.044556, -0.107929, 0.639466, 0.059563, -0.063906, 0.554673]"
CONTROL,12816364.262999969,"[-0.048142, -0.105875, 0.637663, 0.063833, -0.06663, 0.551341]"
CONTROL,12836444.196000002,"[-0.051696, -0.103671, 0.635724, 0.067941, -0.069226, 0.547807]"
CONTROL,12856525.472000044,"[-0.055219, -0.101319, 0.633651, 0.071877, -0.071688, 0.544084]"
CONTROL,12876605.403999975,"[-0.058706, -0.098824, 0.631446, 0.075632, -0.074011, 0.540187]"
CONTROL,12896685.88099994,"[-0.062156, -0.096188, 0.629111, 0.079196, -0.076191, 0.536132]"
CONTROL,12916767.861000039,"[-0.065567, -0.093415, 0.626649, 0.08256, -0.078223, 0.531933]"
CONTROL,12936851.02500001,"[-0.068937, -0.09051, 0.624062, 0.085716, -0.080105, 0.527609]"
CONTROL,12956932.334000044,"[-0.072263, -0.087476, 0.621353, 0.088654, -0.081831, 0.523176]"
CONTROL,12977012.746000014,"[-0.075543, -0.084318, 0.618523, 0.091369, -0.083399, 0.518652]"
CONTROL,12997091.941999998,"[-0.078776, -0.08104, 0.615577, 0.093853, -0.084806, 0.514054]"
CONTROL,13017171.61900001,"[-0.081959, -0.077647, 0.612517, 0.0961, -0.086049, 0.5094]"
CONTROL,13037251.77499996,"[-0.08509, -0.074143, 0.609345, 0.098105, -0.087125, 0.504709]"
CONTROL,13057331.162999958,"[-0.088168, -0.070534, 0.606066, 0.099861, -0.088033, 0.5]"
CONTROL,13077467.929000022,"[-0.09119, -0.066825, 0.602682, 0.101365, -0.088771, 0.495291]"
CONTROL,13097556.822,"[-0.094154, -0.063021, 0.599197, 0.102613, -0.089337, 0.4906]"
CONTROL,13117637.137999963,"[-0.097058, -0.059127, 0.595614, 0.103602, -0.08973, 0.485946]"
CONTROL,13137716.909999995,"[-0.099902, -0.05515, 0.591936, 0.104329, -0.089949, 0.481348]"
CONTROL,13157794.697999975,"[-0.102682, -0.051094, 0.588168, 0.104793, -0.089995, 0.476824]"
CONTROL,13177873.479000026,"[-0.105397, -0.046965, 0.584313, 0.104992, -0.089867, 0.472391]"
CONTROL,13197955.202999992,"[-0.108046, -0.042769, 0.580374, 0.104925, -0.089564, 0.468067]"
CONTROL,13218034.046999946,"[-0.110627, -0.038513, 0.576356, 0.104594, -0.089089, 0.463868]"
CONTROL,13238116.315999946,"[-0.113138, -0.034202, 0.572263, 0.103998, -0.088441, 0.459813]"
CONTROL,13258197.079999946,"[-0.115577, -0.029843, 0.568099, 0.10314, -0.087622, 0.455916]"
CONTROL,13278276.40399994,"[-0.117943, -0.025441, 0.563867, 0.102021, -0.086634, 0.452193]"
CONTROL,13298358.16100001,"[-0.120235, -0.021003, 0.559572, 0.100645, -0.085478, 0.448659]"
CONTROL,13318437.901000038,"[-0.122451, -0.016535, 0.555219, 0.099014, -0.084157, 0.445327]"
CONTROL,13338518.888999943,"[-0.124589, -0.012043, 0.550811, 0.097133, -0.082673, 0.442212]"
CONTROL,13358599.045000006,"[-0.126649, -0.007535, 0.546353, 0.095007, -0.081029, 0.439324]"
CONTROL,13378678.01799996,"[-0.128629, -0.003016, 0.541849, 0.092641, -0.079228, 0.436675]"
CONTROL,13398757.02200004,"[-0.130528, 0.001508, 0.537303, 0.09004, -0.077274, 0.434277]"
CONTROL,13418838.649999999,"[-0.132344, 0.006029, 0.532721, 0.087213, -0.075171, 0.432138]"
CONTROL,13438919.382999985,"[-0.134076, 0.010542, 0.528107, 0.084165, -0.072922, 0.430267]"
CONTROL,13458999.187000018,"[-0.135724, 0.01504, 0.523465, 0.080904, -0.070532, 0.428671]"
CONTROL,13479080.079000028,"[-0.137286, 0.019516, 0.5188, 0.077439, -0.068006, 0.427356]"
CONTROL,13499158.890999978,"[-0.138762, 0.023965, 0.514116, 0.073778, -0.065349, 0.426328]"
CONTROL,13519237.606000047,"[-0.140149, 0.02838, 0.509419, 0.069931, -0.062564, 0.425591]"
CONTROL,13539317.665999988,"[-0.141449, 0.032754, 0.504712, 0.065908, -0.059659, 0.425148]"
CONTROL,13559396.350000042,"[-0.142658, 0.037082, 0.5, 0.061717, -0.056639, 0.425]"
CONTROL,13579476.440999998,"[-0.143778, 0.041357, 0.495288, 0.057371, -0.053509, 0.425148]"
CONTROL,13599556.24500003,"[-0.144807, 0.045573, 0.490581, 0.05288, -0.050275, 0.425591]"
CONTROL,13619634.543999951,"[-0.145745, 0.049725, 0.485884, 0.048256, -0.046944, 0.426328]"
CONTROL,13639713.740000047,"[-0.14659, 0.053806, 0.4812, 0.043509, -0.043523, 0.427356]"
CONTROL,13659793.22299995,"[-0.147343, 0.05781, 0.476535, 0.038653, -0.040017, 0.428671]"
CONTROL,13679872.738999961,"[-0.148003, 0.061733, 0.471893, 0.033699, -0.036434, 0.430267]"
CONTROL,13699952.574000008,"[-0.148569, 0.065567, 0.467279, 0.02866, -0.03278, 0.432138]"
CONTROL,13720032.250000032,"[-0.149042, 0.069309, 0.462697, 0.023548, -0.029063, 0.434277]"
CONTROL,13740116.084999954,"[-0.14942, 0.072952, 0.458151, 0.018377, -0.02529, 0.436675]"
CONTROL,13760195.504999956,"[-0.149704, 0.076491, 0.453647, 0.01316, -0.021468, 0.439324]"
CONTROL,13780275.66000003,"[-0.149893, 0.079921, 0.449189, 0.007909, -0.017604, 0.442212]"
CONTROL,13800355.33599994,"[-0.149988, 0.083238, 0.444781, 0.002639, -0.013707, 0.445327]"
CONTROL,13820434.946999967,"[-0.149988, 0.086437, 0.440428, -0.002639, -0.009782, 0.448659]"
CONTROL,13840515.966999987,"[-0.149893, 0.089513, 0.436133, -0.007909, -0.005839, 0.452193]"
CONTROL,13860594.01,"[-0.149704, 0.092462, 0.431901, -0.01316, -0.001885, 0.455916]"
CONTROL,13880673.462000005,"[-0.14942, 0.095279, 0.427737, -0.018377, 0.002073, 0.459813]"
CONTROL,13900753.648999967,"[-0.149042, 0.097961, 0.423644, -0.023548, 0.006027, 0.463868]"
CONTROL,13920834.092999939,"[-0.148569, 0.100503, 0.419626, -0.02866, 0.00997, 0.468067]"
CONTROL,13940913.928999975,"[-0.148003, 0.102903, 0.415687, -0.033699, 0.013893, 0.472391]"
CONTROL,13960994.275999952,"[-0.147343, 0.105157, 0.411832, -0.038653, 0.017789, 0.476824]"
CONTROL,13981073.216000028,"[-0.14659, 0.107261, 0.408064, -0.043509, 0.021651, 0.481348]"
CONTROL,14001151.418999938,"[-0.145745, 0.109213, 0.404386, -0.048256, 0.025471, 0.485946]"
CONTROL,14021231.31899998,"[-0.144807, 0.111009, 0.400803, -0.05288, 0.029242, 0.4906]"
CONTROL,14041309.233999982,"[-0.143778, 0.112648, 0.397318, -0.057371, 0.032956, 0.495291]"
CONTROL,14061392.142000046,"[-0.142658, 0.114127, 0.393934, -0.061717, 0.036606, 0.5]"
CONTROL,14081528.458999969,"[-0.141449, 0.115443, 0.390655, -0.065908, 0.040186, 0.504709]"
CONTROL,14101609.702000018,"[-0.140149, 0.116596, 0.387483, -0.069931, 0.043688, 0.5094]"
CONTROL,14121688.321999954,"[-0.138762, 0.117583, 0.384423, -0.073778, 0.047105, 0.514054]"
CONTROL,14141768.124999998,"[-0.137286, 0.118402, 0.381477, -0.077439, 0.050431, 0.518652]"
CONTROL,14161848.344999952,"[-0.135724, 0.119054, 0.378647, -0.080904, 0.05366, 0.523176]"
CONTROL,14181927.028000018,"[-0.134076, 0.119536, 0.375938, -0.084165, 0.056785, 0.527609]"
CONTROL,14202005.807999967,"[-0.132344, 0.119848, 0.373351, -0.087213, 0.0598, 0.531933]"
CONTROL,14222086.442999966,"[-0.130528, 0.119991, 0.370889, -0.09004, 0.0627, 0.536132]"
CONTROL,14242165.255000032,"[-0.128629, 0.119962, 0.368554, -0.092641, 0.065478, 0.540187]"
CONTROL,14262244.450000025,"[-0.126649, 0.119763, 0.366349, -0.095007, 0.06813, 0.544084]"
CONTROL,14282325.661999948,"[-0.124589, 0.119394, 0.364276, -0.097133, 0.070649, 0.547807]"
CONTROL,14302405.946000021,"[-0.122451, 0.118855, 0.362337, -0.099014, 0.073032, 0.551341]"
CONTROL,14322485.652999945,"[-0.120235, 0.118148, 0.360534, -0.100645, 0.075274, 0.554673]"
CONTROL,14342565.648999995,"[-0.117943, 0.117272, 0.358868, -0.102021, 0.077371, 0.557788]"
CONTROL,14362644.427999953,"[-0.115577, 0.11623, 0.357342, -0.10314, 0.079317, 0.560676]"
CONTROL,14382724.359999998,"[-0.113138, 0.115023, 0.355956, -0.103998, 0.081111, 0.563325]"
CONTROL,14402803.17099996,"[-0.110627, 0.113652, 0.354713, -0.104594, 0.082747, 0.565723]"
CONTROL,14422882.622999964,"[-0.108046, 0.112119, 0.353612, -0.104925, 0.084223, 0.567862]"
CONTROL,14442961.274000026,"[-0.105397, 0.110428, 0.352657, -0.104992, 0.085537, 0.569733]"
CONTROL,14463040.502000013,"[-0.102682, 0.108579, 0.351847, -0.104793, 0.086685, 0.571329]"
CONTROL,14483121.041000005,"[-0.099902, 0.106576, 0.351183, -0.104329, 0.087665, 0.572644]"
CONTROL,14503199.65999995,"[-0.097058, 0.104422, 0.350666, -0.103602, 0.088476, 0.573672]"
CONTROL,14523278.91899995,"[-0.094154, 0.102119, 0.350296, -0.102613, 0.089115, 0.574409]"
CONTROL,14543358.91400001,"[-0.09119, 0.099672, 0.350074, -0.101365, 0.089583, 0.574852]"
CONTROL,14563438.619999943,"[-0.088168, 0.097082, 0.35, -0.099861, 0.089877, 0.575]"
CONTROL,14583518.262999974,"[-0.08509, 0.094355, 0.350074, -0.098105, 0.089997, 0.574852]"
CONTROL,14603598.258000033,"[-0.081959, 0.091493, 0.350296, -0.0961, 0.089943, 0.574409]"
CONTROL,14623677.421000024,"[-0.078776, 0.088502, 0.350666, -0.093853, 0.089715, 0.573672]"
CONTROL,14643757.671999993,"[-0.075543, 0.085384, 0.351183, -0.091369, 0.089314, 0.572644]"
CONTROL,14663836.769999988,"[-0.072263, 0.082146, 0.351847, -0.088654, 0.08874, 0.571329]"
CONTROL,14683915.676999958,"[-0.068937, 0.07879, 0.352657, -0.085716, 0.087994, 0.569733]"
CONTROL,14703995.704000022,"[-0.065567, 0.075323, 0.353612, -0.08256, 0.087078, 0.567862]"
CONTROL,14724074.418999976,"[-0.062156, 0.071749, 0.354713, -0.079196, 0.085994, 0.565723]"
CONTROL,14744153.037000047,"[-0.058706, 0.068072, 0.355956, -0.075632, 0.084743, 0.563325]"
CONTROL,14764231.39999997,"[-0.055219, 0.064299, 0.357342, -0.071877, 0.083328, 0.560676]"
CONTROL,14784310.690999974,"[-0.051696, 0.060435, 0.358868, -0.067941, 0.081753, 0.557788]"
CONTROL,14804398.397999989,"[-0.048142, 0.056484, 0.360534, -0.063833, 0.080019, 0.554673]"
CONTROL,14824479.992999954,"[-0.044556, 0.052454, 0.362337, -0.059563, 0.07813, 0.551341]"
CONTROL,14844558.67500003,"[-0.040943, 0.048349, 0.364276, -0.055143, 0.07609, 0.547807]"
CONTROL,14864633.870000035,"[-0.037303, 0.044175, 0.366349, -0.050584, 0.073903, 0.544084]"
CONTROL,14884714.345000021,"[-0.033641, 0.039938, 0.368554, -0.045897, 0.071574, 0.540187]"
CONTROL,14904793.412000004,"[-0.029956, 0.035645, 0.370889, -0.041094, 0.069105, 0.536132]"
CONTROL,14924872.093999965,"[-0.026253, 0.031301, 0.373351, -0.036188, 0.066503, 0.531933]"
CONTROL,14944951.001000049,"[-0.022534, 0.026912, 0.375938, -0.031189, 0.063773, 0.527609]"
CONTROL,14965031.252000017,"[-0.0188, 0.022486, 0.378647, -0.026112, 0.060919, 0.523176]"
CONTROL,14985111.054999948,"[-0.015054, 0.018027, 0.381477, -0.02097, 0.057947, 0.518652]"
CONTROL,15005191.466000043,"[-0.011299, 0.013543, 0.384423, -0.015774, 0.054863, 0.514054]"
CONTROL,15025270.148000004,"[-0.007537, 0.009039, 0.387483, -0.010538, 0.051673, 0.5094]"
CONTROL,15045349.24699999,"[-0.00377, 0.004523, 0.390655, -0.005276, 0.048383, 0.504709]"
CONTROL,15065428.409999982,"[-0.0, 0.0, 0.393934, -0.0, 0.045, 0.5]"
CONTROL,15085565.62199999,"[0.00377, -0.004523, 0.397318, 0.005276, 0.04153, 0.495291]"
CONTROL,15105655.600999966,"[0.007537, -0.009039, 0.400803, 0.010538, 0.037979, 0.4906]"
CONTROL,15125734.316000035,"[0.011299, -0.013543, 0.404386, 0.015774, 0.034354, 0.485946]"
CONTROL,15145813.607000036,"[0.015054, -0.018027, 0.408064, 0.02097, 0.030664, 0.481348]"
CONTROL,15165893.858000005,"[0.0188, -0.022486, 0.411832, 0.026112, 0.026914, 0.476824]"
CONTROL,15185972.891999995,"[0.022534, -0.026912, 0.415687, 0.031189, 0.023112, 0.472391]"
CONTROL,15206051.990999982,"[0.026253, -0.031301, 0.419626, 0.036188, 0.019265, 0.468067]"
CONTROL,15226132.177999943,"[0.029956, -0.035645, 0.423644, 0.041094, 0.015381, 0.463868]"
CONTROL,15246210.732999997,"[0.033641, -0.039938, 0.427737, 0.045897, 0.011467, 0.459813]"
CONTROL,15266290.15200001,"[0.037303, -0.044175, 0.431901, 0.050584, 0.007531, 0.455916]"
CONTROL,15286369.762000049,"[0.040943, -0.048349, 0.436133, 0.055143, 0.00358, 0.452193]"
CONTROL,15306450.077000022,"[0.044556, -0.052454, 0.440428, 0.059563, -0.000377, 0.448659]"
CONTROL,15326530.135999974,"[0.048142, -0.056484, 0.444781, 0.063833, -0.004334, 0.445327]"
CONTROL,15346609.554999987,"[0.051696, -0.060435, 0.449189, 0.067941, -0.008282, 0.442212]"
CONTROL,15366689.166000014,"[0.055219, -0.064299, 0.453647, 0.071877, -0.012214, 0.439324]"
CONTROL,15386768.392000021,"[0.058706, -0.068072, 0.458151, 0.075632, -0.016123, 0.436675]"
CONTROL,15406847.362999998,"[0.062156, -0.071749, 0.462697, 0.079196, -0.020001, 0.434277]"
CONTROL,15426928.797999948,"[0.065567, -0.075323, 0.467279, 0.08256, -0.023839, 0.432138]"
CONTROL,15447008.697,"[0.068937, -0.07879, 0.471893, 0.085716, -0.027632, 0.430267]"
CONTROL,15467087.378999963,"[0.072263, -0.082146, 0.476535, 0.088654, -0.031371, 0.428671]"
CONTROL,15487167.021999994,"[0.075543, -0.085384, 0.4812, 0.091369, -0.03505, 0.427356]"
CONTROL,15507246.440000016,"[0.078776, -0.088502, 0.485884, 0.093853, -0.038661, 0.426328]"
CONTROL,15527325.85800004,"[0.081959, -0.091493, 0.490581, 0.0961, -0.042197, 0.425591]"
CONTROL,15547408.539999992,"[0.08509, -0.094355, 0.495288, 0.098105, -0.045651, 0.425148]"
CONTROL,15567487.477999976,"[0.088168, -0.097082, 0.5, 0.099861, -0.049018, 0.425]"
CONTROL,15587566.096000046,"[0.09119, -0.099672, 0.504712, 0.101365, -0.052289, 0.425148]"
CONTROL,15607646.219000002,"[0.094154, -0.102119, 0.509419, 0.102613, -0.055459, 0.425591]"
CONTROL,15627726.116999952,"[0.097058, -0.104422, 0.514116, 0.103602, -0.058522, 0.426328]"
CONTROL,15647805.887000004,"[0.099902, -0.106576, 0.5188, 0.104329, -0.061472, 0.427356]"
CONTROL,15667886.681000028,"[0.102682, -0.108579, 0.523465, 0.104793, -0.064303, 0.428671]"
CONTROL,15687965.715000018,"[0.105397, -0.110428, 0.528107, 0.104992, -0.067009, 0.430267]"
CONTROL,15708045.452999955,"[0.108046, -0.112119, 0.532721, 0.104925, -0.069586, 0.432138]"
CONTROL,15728124.454999942,"[0.110627, -0.113652, 0.537303, 0.104594, -0.072028, 0.434277]"
CONTROL,15748203.808999961,"[0.113138, -0.115023, 0.541849, 0.103998, -0.074331, 0.436675]"
CONTROL,15768283.002999965,"[0.115577, -0.11623, 0.546353, 0.10314, -0.07649, 0.439324]"
CONTROL,15788361.940999947,"[0.117943, -0.117272, 0.550811, 0.102021, -0.078502, 0.442212]"
CONTROL,15808442.638999963,"[0.120235, -0.118148, 0.555219, 0.100645, -0.080361, 0.445327]"
CONTROL,15828529.097000001,"[0.122451, -0.118855, 0.559572, 0.099014, -0.082065, 0.448659]"
CONTROL,15848610.37199994,"[0.124589, -0.119394, 0.563867, 0.097133, -0.08361, 0.452193]"
CONTROL,15868691.710000006,"[0.126649, -0.119763, 0.568099, 0.095007, -0.084994, 0.455916]"
CONTROL,15888770.615999987,"[0.128629, -0.119962, 0.572263, 0.092641, -0.086213, 0.459813]"
CONTROL,15908851.410000011,"[0.130528, -0.119991, 0.576356, 0.09004, -0.087265, 0.463868]"
CONTROL,15928936.268000029,"[0.132344, -0.119848, 0.580374, 0.087213, -0.088149, 0.468067]"
CONTROL,15949017.894000009,"[0.134076, -0.119536, 0.584313, 0.084165, -0.088862, 0.472391]"
CONTROL,15969097.855999961,"[0.135724, -0.119054, 0.588168, 0.080904, -0.089404, 0.476824]"
CONTROL,15989196.762999995,"[0.137286, -0.118402, 0.591936, 0.077439, -0.089772, 0.481348]"
CONTROL,16009276.277000027,"[0.138762, -0.117583, 0.595614, 0.073778, -0.089967, 0.485946]"
CONTROL,16029355.75899994,"[0.140149, -0.116596, 0.599197, 0.069931, -0.089987, 0.4906]"
CONTROL,16049435.49699999,"[0.141449, -0.115443, 0.602682, 0.065908, -0.089834, 0.495291]"
CONTROL,16069515.554999953,"[0.142658, -0.114127, 0.606066, 0.061717, -0.089507, 0.5]"
CONTROL,16089656.57500005,"[0.143778, -0.112648, 0.609345, 0.057371, -0.089007, 0.504709]"
CONTROL,16109736.63300001,"[0.144807, -0.111009, 0.612517, 0.05288, -0.088334, 0.5094]"
CONTROL,16129817.523000043,"[0.145745, -0.109213, 0.615577, 0.048256, -0.087491, 0.514054]"
CONTROL,16149898.348999955,"[0.14659, -0.107261, 0.618523, 0.043509, -0.086479, 0.518652]"
CONTROL,16169978.375000028,"[0.147343, -0.105157, 0.621353, 0.038653, -0.085299, 0.523176]"
CONTROL,16190058.17699997,"[0.148003, -0.102903, 0.624062, 0.033699, -0.083955, 0.527609]"
CONTROL,16210138.07500003,"[0.148569, -0.100503, 0.626649, 0.02866, -0.082447, 0.531933]"
CONTROL,16230218.965999939,"[0.149042, -0.097961, 0.629111, 0.023548, -0.080781, 0.536132]"
CONTROL,16250298.543999976,"[0.14942, -0.095279, 0.631446, 0.018377, -0.078958, 0.540187]"
CONTROL,16270380.13799995,"[0.149704, -0.092462, 0.633651, 0.01316, -0.076983, 0.544084]"
CONTROL,16290460.420000045,"[0.149893, -0.089513, 0.635724, 0.007909, -0.074858, 0.547807]"
CONTROL,16310539.773999948,"[0.149988, -0.086437, 0.637663, 0.002639, -0.072589, 0.551341]"
CONTROL,16330619.608000007,"[0.149988, -0.083238, 0.639466, -0.002639, -0.07018, 0.554673]"
CONTROL,16350699.761999976,"[0.149893, -0.079921, 0.641132, -0.007909, -0.067635, 0.557788]"
CONTROL,16370779.724000044,"[0.149704, -0.076491, 0.642658, -0.01316, -0.064958, 0.560676]"
CONTROL,16390859.397999976,"[0.14942, -0.072952, 0.644044, -0.018377, -0.062157, 0.563325]"
CONTROL,16410939.040000016,"[0.149042, -0.069309, 0.645287, -0.023548, -0.059235, 0.565723]"
CONTROL,16431019.097999979,"[0.148569, -0.065567, 0.646388, -0.02866, -0.056198, 0.567862]"
CONTROL,16451101.460000018,"[0.148003, -0.061733, 0.647343, -0.033699, -0.053053, 0.569733]"
CONTROL,16471182.479000049,"[0.147343, -0.05781, 0.648153, -0.038653, -0.049805, 0.571329]"
CONTROL,16491262.568000024,"[0.14659, -0.053806, 0.648817, -0.043509, -0.046461, 0.572644]"
CONTROL,16511341.76200003,"[0.145745, -0.049725, 0.649334, -0.048256, -0.043027, 0.573672]"
CONTROL,16531420.795000032,"[0.144807, -0.045573, 0.649704, -0.05288, -0.03951, 0.574409]"
CONTROL,16551500.179999948,"[0.143778, -0.041357, 0.649926, -0.057371, -0.035916, 0.574852]"
CONTROL,16571581.19799999,"[0.142658, -0.037082, 0.65, -0.061717, -0.032253, 0.575]"
CONTROL,16591659.590999939,"[0.141449, -0.032754, 0.649926, -0.065908, -0.028528, 0.574852]"
CONTROL,16611739.072999967,"[0.140149, -0.02838, 0.649704, -0.069931, -0.024747, 0.574409]"
CONTROL,16631818.938000038,"[0.138762, -0.023965, 0.649334, -0.073778, -0.020918, 0.573672]"
CONTROL,16651900.627000032,"[0.137286, -0.019516, 0.648817, -0.077439, -0.017049, 0.572644]"
CONTROL,16671981.22900004,"[0.135724, -0.01504, 0.648153, -0.080904, -0.013147, 0.571329]"
CONTROL,16692062.63000001,"[0.134076, -0.010542, 0.647343, -0.084165, -0.00922, 0.569733]"
CONTROL,16712141.920000022,"[0.132344, -0.006029, 0.646388, -0.087213, -0.005275, 0.567862]"
CONTROL,16732221.78499998,"[0.130528, -0.001508, 0.645287, -0.09004, -0.001319, 0.565723]"
CONTROL,16752301.42600003,"[0.128629, 0.003016, 0.644044, -0.092641, 0.002639, 0.563325]"
CONTROL,16772380.939999947,"[0.126649, 0.007535, 0.642658, -0.095007, 0.006591, 0.560676]"
CONTROL,16792460.516999993,"[0.124589, 0.012043, 0.641132, -0.097133, 0.010532, 0.557788]"
CONTROL,16812540.797999986,"[0.122451, 0.016535, 0.639466, -0.099014, 0.014451, 0.554673]"
CONTROL,16832623.671999954,"[0.120235, 0.021003, 0.637663, -0.100645, 0.018343, 0.551341]"
CONTROL,16853080.443999942,"[0.117943, 0.025441, 0.635724, -0.102021, 0.022199, 0.547807]"
CONTROL,16873160.91699995,"[0.115577, 0.029843, 0.633651, -0.10314, 0.026013, 0.544084]"
CONTROL,16893241.454999954,"[0.113138, 0.034202, 0.631446, -0.103998, 0.029776, 0.540187]"
CONTROL,16913322.31199999,"[0.110627, 0.038513, 0.629111, -0.104594, 0.033481, 0.536132]"
CONTROL,16933402.56199997,"[0.108046, 0.042769, 0.626649, -0.104925, 0.037122, 0.531933]"
CONTROL,16953483.867000047,"[0.105397, 0.046965, 0.624062, -0.104992, 0.040691, 0.527609]"
CONTROL,16973562.388000004,"[0.102682, 0.051094, 0.621353, -0.104793, 0.044181, 0.523176]"
CONTROL,16993640.238000013,"[0.099902, 0.05515, 0.618523, -0.104329, 0.047586, 0.518652]"
CONTROL,17013719.974999957,"[0.097058, 0.059127, 0.615577, -0.103602, 0.050899, 0.514054]"
CONTROL,17033799.552000005,"[0.094154, 0.063021, 0.612517, -0.102613, 0.054113, 0.5094]"
CONTROL,17053880.697999943,"[0.09119, 0.066825, 0.609345, -0.101365, 0.057223, 0.504709]"
CONTROL,17073960.947000045,"[0.088168, 0.070534, 0.606066, -0.099861, 0.060222, 0.5]"
CONTROL,17094108.173999984,"[0.08509, 0.074143, 0.602682, -0.098105, 0.063104, 0.495291]"
CONTROL,17114190.312000006,"[0.081959, 0.077647, 0.599197, -0.0961, 0.065865, 0.4906]"
CONTROL,17134270.49699999,"[0.078776, 0.08104, 0.595614, -0.093853, 0.068498, 0.485946]"
CONTROL,17154351.098999996,"[0.075543, 0.084318, 0.591936, -0.091369, 0.070998, 0.481348]"
CONTROL,17174432.659999978,"[0.072263, 0.087476, 0.588168, -0.088654, 0.073362, 0.476824]"
CONTROL,17194512.398000028,"[0.068937, 0.09051, 0.584313, -0.085716, 0.075583, 0.472391]"
CONTROL,17214594.950999983,"[0.065567, 0.093415, 0.580374, -0.08256, 0.077658, 0.468067]"
CONTROL,17234675.872000024,"[0.062156, 0.096188, 0.576356, -0.079196, 0.079583, 0.463868]"
CONTROL,17254755.737999972,"[0.058706, 0.098824, 0.572263, -0.075632, 0.081354, 0.459813]"
CONTROL,17274836.178999975,"[0.055219, 0.101319, 0.568099, -0.071877, 0.082968, 0.455916]"
CONTROL,17294916.716999978,"[0.051696, 0.103671, 0.563867, -0.067941, 0.084421, 0.452193]"
CONTROL,17314998.693999995,"[0.048142, 0.105875, 0.559572, -0.063833, 0.085711, 0.448659]"
CONTROL,17335078.271000043,"[0.044556, 0.107929, 0.555219, -0.059563, 0.086835, 0.445327]"
CONTROL,17355157.624999948,"[0.040943, 0.109829, 0.550811, -0.055143, 0.087791, 0.442212]"
CONTROL,17375236.529999938,"[0.037303, 0.111573, 0.546353, -0.050584, 0.088578, 0.439324]"
CONTROL,17395315.435000043,"[0.033641, 0.113159, 0.541849, -0.045897, 0.089193, 0.436675]"
CONTROL,17415396.516999975,"[0.029956, 0.114584, 0.537303, -0.041094, 0.089635, 0.434277]"
CONTROL,17435474.942000043,"[0.026253, 0.115846, 0.532721, -0.036188, 0.089904, 0.432138]"
CONTROL,17455553.94400003,"[0.022534, 0.116943, 0.528107, -0.031189, 0.09, 0.430267]"
CONTROL,17475633.904999994,"[0.0188, 0.117874, 0.523465, -0.026112, 0.089921, 0.428671]"
CONTROL,17495716.425999943,"[0.015054, 0.118638, 0.5188, -0.02097, 0.089668, 0.427356]"
CONTROL,17515796.163000006,"[0.011299, 0.119233, 0.514116, -0.015774, 0.089242, 0.426328]"
CONTROL,17535876.25099999,"[0.007537, 0.119659, 0.509419, -0.010538, 0.088644, 0.425591]"
CONTROL,17555955.444000006,"[0.00377, 0.119915, 0.504712, -0.005276, 0.087873, 0.425148]"
CONTROL,17576035.116999947,"[0.0, 0.12, 0.5, -0.0, 0.086933, 0.425]"
CONTROL,17596113.12499999,"[-0.00377, 0.119915, 0.495288, 0.005276, 0.085825, 0.425148]"
CONTROL,17616193.05399995,"[-0.007537, 0.119659, 0.490581, 0.010538, 0.084551, 0.425591]"
CONTROL,17636272.18299996,"[-0.011299, 0.119233, 0.485884, 0.015774, 0.083113, 0.426328]"
CONTROL,17656351.18399996,"[-0.015054, 0.118638, 0.4812, 0.02097, 0.081515, 0.427356]"
CONTROL,17676431.271999944,"[-0.0188, 0.117874, 0.476535, 0.026112, 0.079758, 0.428671]"
CONTROL,17696511.457000043,"[-0.022534, 0.116943, 0.471893, 0.031189, 0.077848, 0.430267]"
CONTROL,17716591.930000048,"[-0.026253, 0.115846, 0.467279, 0.036188, 0.075787, 0.432138]"
CONTROL,17736671.08999996,"[-0.029956, 0.114584, 0.462697, 0.041094, 0.073579, 0.434277]"
CONTROL,17756749.99499995,"[-0.033641, 0.113159, 0.458151, 0.045897, 0.071229, 0.436675]"
CONTROL,17776830.819999985,"[-0.037303, 0.111573, 0.453647, 0.050584, 0.068742, 0.439324]"
CONTROL,17796911.644000035,"[-0.040943, 0.109829, 0.449189, 0.055143, 0.066121, 0.442212]"
CONTROL,17816991.669000003,"[-0.044556, 0.107929, 0.444781, 0.059563, 0.063372, 0.445327]"
CONTROL,17837071.66199997,"[-0.048142, 0.105875, 0.440428, 0.063833, 0.060501, 0.448659]"
CONTROL,17857152.615000017,"[-0.051696, 0.103671, 0.436133, 0.067941, 0.057513, 0.452193]"
CONTROL,17877231.807000045,"[-0.055219, 0.101319, 0.431901, 0.071877, 0.054414, 0.455916]"
CONTROL,17897310.840000045,"[-0.058706, 0.098824, 0.427737, 0.075632, 0.051209, 0.459813]"
CONTROL,17917390.961000025,"[-0.062156, 0.096188, 0.423644, 0.079196, 0.047906, 0.463868]"
CONTROL,17937470.696999982,"[-0.065567, 0.093415, 0.419626, 0.08256, 0.044509, 0.468067]"
CONTROL,17957551.58600002,"[-0.068937, 0.09051, 0.415687, 0.085716, 0.041027, 0.472391]"
CONTROL,17977630.07499998,"[-0.072263, 0.087476, 0.411832, 0.088654, 0.037465, 0.476824]"
CONTROL,17997713.203999978,"[-0.075543, 0.084318, 0.408064, 0.091369, 0.033831, 0.481348]"
CONTROL,18017793.419999976,"[-0.078776, 0.08104, 0.404386, 0.093853, 0.030131, 0.485946]"
CONTROL,18037875.525000002,"[-0.081959, 0.077647, 0.400803, 0.0961, 0.026374, 0.4906]"
CONTROL,18057954.878000032,"[-0.08509, 0.074143, 0.397318, 0.098105, 0.022565, 0.495291]"
CONTROL,18078035.255000032,"[-0.088168, 0.070534, 0.393934, 0.099861, 0.018712, 0.5]"
CONTROL,18098178.192999966,"[-0.09119, 0.066825, 0.390655, 0.101365, 0.014823, 0.504709]"
CONTROL,18118258.313999943,"[-0.094154, 0.063021, 0.387483, 0.102613, 0.010906, 0.5094]"
CONTROL,18138340.35399998,"[-0.097058, 0.059127, 0.384423, 0.103602, 0.006967, 0.514054]"
CONTROL,18158419.322999977,"[-0.099902, 0.05515, 0.381477, 0.104329, 0.003015, 0.518652]"
CONTROL,18178498.612,"[-0.102682, 0.051094, 0.378647, 0.104793, -0.000942, 0.523176]"
CONTROL,18198578.189000044,"[-0.105397, 0.046965, 0.375938, 0.104992, -0.004898, 0.527609]"
CONTROL,18218658.02100001,"[-0.108046, 0.042769, 0.373351, 0.104925, -0.008845, 0.531933]"
CONTROL,18238737.37400004,"[-0.110627, 0.038513, 0.370889, 0.104594, -0.012774, 0.536132]"
CONTROL,18258819.15900004,"[-0.113138, 0.034202, 0.368554, 0.103998, -0.016679, 0.540187]"
CONTROL,18278898.19099994,"[-0.115577, 0.029843, 0.366349, 0.10314, -0.020552, 0.544084]"
CONTROL,18298979.271999996,"[-0.117943, 0.025441, 0.364276, 0.102021, -0.024384, 0.547807]"
CONTROL,18319058.849000044,"[-0.120235, 0.021003, 0.362337, 0.100645, -0.02817, 0.551341]"
CONTROL,18339158.266000025,"[-0.122451, 0.016535, 0.360534, 0.099014, -0.031901, 0.554673]"
CONTROL,18359237.395000037,"[-0.124589, 0.012043, 0.358868, 0.097133, -0.03557, 0.557788]"
CONTROL,18379316.29900004,"[-0.126649, 0.007535, 0.357342, 0.095007, -0.039171, 0.560676]"
CONTROL,18399396.003999982,"[-0.128629, 0.003016, 0.355956, 0.092641, -0.042696, 0.563325]"
CONTROL,18419474.716999955,"[-0.130528, -0.001508, 0.354713, 0.09004, -0.046138, 0.565723]"
CONTROL,18439553.941999976,"[-0.132344, -0.006029, 0.353612, 0.087213, -0.049491, 0.567862]"
CONTROL,18459632.621999957,"[-0.134076, -0.010542, 0.352657, 0.084165, -0.052748, 0.569733]"
CONTROL,18479713.959000036,"[-0.135724, -0.01504, 0.351847, 0.080904, -0.055903, 0.571329]"
CONTROL,18499793.502999976,"[-0.137286, -0.019516, 0.351183, 0.077439, -0.05895, 0.572644]"
CONTROL,18519872.88700002,"[-0.138762, -0.023965, 0.350666, 0.073778, -0.061884, 0.573672]"
CONTROL,18539952.911,"[-0.140149, -0.02838, 0.350296, 0.069931, -0.064697, 0.574409]"
CONTROL,18560033.223000005,"[-0.141449, -0.032754, 0.350074, 0.065908, -0.067385, 0.574852]"
CONTROL,18580114.11099994,"[-0.142658, -0.037082, 0.35, 0.061717, -0.069943, 0.575]"
CONTROL,18600194.071000032,"[-0.143778, -0.041357, 0.350074, 0.057371, -0.072366, 0.574852]"
CONTROL,18620275.82400003,"[-0.144807, -0.045573, 0.350296, 0.05288, -0.074648, 0.574409]"
CONTROL,18640358.05599997,"[-0.145745, -0.049725, 0.350666, 0.048256, -0.076787, 0.573672]"
CONTROL,18660437.344,"[-0.14659, -0.053806, 0.351183, 0.043509, -0.078777, 0.572644]"
CONTROL,18680517.495999992,"[-0.147343, -0.05781, 0.351847, 0.038653, -0.080614, 0.571329]"
CONTROL,18700597.295999955,"[-0.148003, -0.061733, 0.352657, 0.033699, -0.082296, 0.569733]"
CONTROL,18720676.551999986,"[-0.148569, -0.065567, 0.353612, 0.02866, -0.083818, 0.567862]"
CONTROL,18740757.21600002,"[-0.149042, -0.069309, 0.354713, 0.023548, -0.085178, 0.565723]"
CONTROL,18760835.60799998,"[-0.14942, -0.072952, 0.355956, 0.018377, -0.086374, 0.563325]"
CONTROL,18780915.280000046,"[-0.149704, -0.076491, 0.357342, 0.01316, -0.087402, 0.560676]"
CONTROL,18800994.951999996,"[-0.149893, -0.079921, 0.358868, 0.007909, -0.088261, 0.557788]"
CONTROL,18821073.567999974,"[-0.149988, -0.083238, 0.360534, 0.002639, -0.08895, 0.554673]"
CONTROL,18841153.87999998,"[-0.149988, -0.086437, 0.362337, -0.002639, -0.089467, 0.551341]"
CONTROL,18861625.946999993,"[-0.149893, -0.089513, 0.364276, -0.007909, -0.08981, 0.547807]"
CONTROL,18881708.11500004,"[-0.149704, -0.092462, 0.366349, -0.01316, -0.08998, 0.544084]"
CONTROL,18901796.844000045,"[-0.14942, -0.095279, 0.368554, -0.018377, -0.089976, 0.540187]"
CONTROL,18921877.187999938,"[-0.149042, -0.097961, 0.370889, -0.023548, -0.089798, 0.536132]"
CONTROL,18941956.02800005,"[-0.148569, -0.100503, 0.373351, -0.02866, -0.089446, 0.531933]"
CONTROL,18962036.56399996,"[-0.148003, -0.102903, 0.375938, -0.033699, -0.088921, 0.527609]"
CONTROL,18982120.55600004,"[-0.147343, -0.105157, 0.378647, -0.038653, -0.088224, 0.523176]"
CONTROL,19002200.612000026,"[-0.14659, -0.107261, 0.381477, -0.043509, -0.087357, 0.518652]"
CONTROL,19022284.411999978,"[-0.145745, -0.109213, 0.384423, -0.048256, -0.08632, 0.514054]"
CONTROL,19042363.66800001,"[-0.144807, -0.111009, 0.387483, -0.05288, -0.085117, 0.5094]"
CONTROL,19062444.10800002,"[-0.143778, -0.112648, 0.390655, -0.057371, -0.083749, 0.504709]"
CONTROL,19082523.427999943,"[-0.142658, -0.114127, 0.393934, -0.061717, -0.082219, 0.5]"
CONTROL,19102682.207000043,"[-0.141449, -0.115443, 0.397318, -0.065908, -0.08053, 0.495291]"
CONTROL,19122765.302999936,"[-0.140149, -0.116596, 0.400803, -0.069931, -0.078685, 0.4906]"
CONTROL,19142844.46299996,"[-0.138762, -0.117583, 0.404386, -0.073778, -0.076688, 0.485946]"
CONTROL,19162924.45499994,"[-0.137286, -0.118402, 0.408064, -0.077439, -0.074543, 0.481348]"
CONTROL,19183005.59900001,"[-0.135724, -0.119054, 0.411832, -0.080904, -0.072254, 0.476824]"
CONTROL,19203085.366999973,"[-0.134076, -0.119536, 0.415687, -0.084165, -0.069824, 0.472391]"
CONTROL,19223164.623000003,"[-0.132344, -0.119848, 0.419626, -0.087213, -0.06726, 0.468067]"
CONTROL,19243243.463,"[-0.130528, -0.119991, 0.423644, -0.09004, -0.064566, 0.463868]"
CONTROL,19263322.59100002,"[-0.128629, -0.119962, 0.427737, -0.092641, -0.061747, 0.459813]"
CONTROL,19283400.790999964,"[-0.126649, -0.119763, 0.431901, -0.095007, -0.058808, 0.455916]"
CONTROL,19303479.822999977,"[-0.124589, -0.119394, 0.436133, -0.097133, -0.055755, 0.452193]"
CONTROL,19323557.831000015,"[-0.122451, -0.118855, 0.440428, -0.099014, -0.052595, 0.448659]"
CONTROL,19343637.983000007,"[-0.120235, -0.118148, 0.444781, -0.100645, -0.049333, 0.445327]"
CONTROL,19363718.80699994,"[-0.117943, -0.117272, 0.449189, -0.102021, -0.045976, 0.442212]"
CONTROL,19383798.126999978,"[-0.115577, -0.11623, 0.453647, -0.10314, -0.04253, 0.439324]"
CONTROL,19403877.15899999,"[-0.113138, -0.115023, 0.458151, -0.103998, -0.039001, 0.436675]"
CONTROL,19423956.03099999,"[-0.110627, -0.113652, 0.462697, -0.104594, -0.035397, 0.434277]"
CONTROL,19444036.760000017,"[-0.108046, -0.112119, 0.467279, -0.104925, -0.031725, 0.432138]"
CONTROL,19464115.343999993,"[-0.105397, -0.110428, 0.471893, -0.104992, -0.027991, 0.430267]"
CONTROL,19484197.608000044,"[-0.102682, -0.108579, 0.476535, -0.104793, -0.024203, 0.428671]"
CONTROL,19504277.247000005,"[-0.099902, -0.106576, 0.4812, -0.104329, -0.020368, 0.427356]"
CONTROL,19524356.918999955,"[-0.097058, -0.104422, 0.485884, -0.103602, -0.016494, 0.426328]"
CONTROL,19544436.526000027,"[-0.094154, -0.102119, 0.490581, -0.102613, -0.012588, 0.425591]"
CONTROL,19564515.46100004,"[-0.09119, -0.099672, 0.495288, -0.101365, -0.008657, 0.425148]"
CONTROL,19584593.72499999,"[-0.088168, -0.097082, 0.5, -0.099861, -0.00471, 0.425]"
CONTROL,19604671.12399999,"[-0.08509, -0.094355, 0.504712, -0.098105, -0.000754, 0.425148]"
CONTROL,19624749.546999965,"[-0.081959, -0.091493, 0.509419, -0.0961, 0.003204, 0.425591]"
CONTROL,19644828.995000012,"[-0.078776, -0.088502, 0.514116, -0.093853, 0.007155, 0.426328]"
CONTROL,19664908.026000034,"[-0.075543, -0.085384, 0.5188, -0.091369, 0.011093, 0.427356]"
CONTROL,19684987.345999956,"[-0.072263, -0.082146, 0.523465, -0.088654, 0.015009, 0.428671]"
CONTROL,19705067.65699997,"[-0.068937, -0.07879, 0.528107, -0.085716, 0.018896, 0.430267]"
CONTROL,19725146.913000003,"[-0.065567, -0.075323, 0.532721, -0.08256, 0.022747, 0.432138]"
CONTROL,19745224.440000016,"[-0.062156, -0.071749, 0.537303, -0.079196, 0.026554, 0.434277]"
CONTROL,19765313.10400003,"[-0.058706, -0.068072, 0.541849, -0.075632, 0.030309, 0.436675]"
CONTROL,19785392.51899997,"[-0.055219, -0.064299, 0.546353, -0.071877, 0.034006, 0.439324]"
CONTROL,19805472.73399998,"[-0.051696, -0.060435, 0.550811, -0.067941, 0.037637, 0.442212]"
CONTROL,19825555.062000036,"[-0.048142, -0.056484, 0.555219, -0.063833, 0.041195, 0.445327]"
CONTROL,19845633.83700004,"[-0.044556, -0.052454, 0.559572, -0.059563, 0.044673, 0.448659]"
CONTROL,19865710.021000043,"[-0.040943, -0.048349, 0.563867, -0.055143, 0.048065, 0.452193]"
CONTROL,19885790.172000043,"[-0.037303, -0.044175, 0.568099, -0.050584, 0.051364, 0.455916]"
CONTROL,19905869.90700001,"[-0.033641, -0.039938, 0.572263, -0.045897, 0.054564, 0.459813]"
CONTROL,19925952.07499994,"[-0.029956, -0.035645, 0.576356, -0.041094, 0.057658, 0.463868]"
CONTROL,19946032.54599997,"[-0.026253, -0.031301, 0.580374, -0.036188, 0.060641, 0.468067]"
CONTROL,19966113.242000006,"[-0.022534, -0.026912, 0.584313, -0.031189, 0.063506, 0.472391]"
CONTROL,19986193.07299998,"[-0.0188, -0.022486, 0.588168, -0.026112, 0.066249, 0.476824]"
CONTROL,20006271.752999965,"[-0.015054, -0.018027, 0.591936, -0.02097, 0.068863, 0.481348]"
CONTROL,20026350.55999997,"[-0.011299, -0.013543, 0.595614, -0.015774, 0.071344, 0.485946]"
CONTROL,20046430.93499999,"[-0.007537, -0.009039, 0.599197, -0.010538, 0.073688, 0.4906]"
CONTROL,20066510.31900003,"[-0.00377, -0.004523, 0.602682, -0.005276, 0.075888, 0.495291]"
CONTROL,20086591.59000001,"[-0.0, -0.0, 0.606066, -0.0, 0.077942, 0.5]"
CONTROL,20106734.112000026,"[0.00377, 0.004523, 0.609345, 0.005276, 0.079845, 0.504709]"
CONTROL,20126813.334999952,"[0.007537, 0.009039, 0.612517, 0.010538, 0.081594, 0.5094]"
CONTROL,20146893.83799998,"[0.011299, 0.013543, 0.615577, 0.015774, 0.083185, 0.514054]"
CONTROL,20166973.95799997,"[0.015054, 0.018027, 0.618523, 0.02097, 0.084615, 0.518652]"
CONTROL,20187053.149000008,"[0.0188, 0.022486, 0.621353, 0.026112, 0.085882, 0.523176]"
CONTROL,20207132.53300005,"[0.022534, 0.026912, 0.624062, 0.031189, 0.086982, 0.527609]"
CONTROL,20227210.635999996,"[0.026253, 0.031301, 0.626649, 0.036188, 0.087914, 0.531933]"
CONTROL,20247290.658999987,"[0.029956, 0.035645, 0.629111, 0.041094, 0.088676, 0.536132]"
CONTROL,20267369.050999947,"[0.033641, 0.039938, 0.631446, 0.045897, 0.089267, 0.540187]"
CONTROL,20287447.66600005,"[0.037303, 0.044175, 0.633651, 0.050584, 0.089684, 0.544084]"
CONTROL,20307527.17799999,"[0.040943, 0.048349, 0.635724, 0.055143, 0.089929, 0.547807]"
CONTROL,20327605.792999975,"[0.044556, 0.052454, 0.637663, 0.059563, 0.089999, 0.551341]"
CONTROL,20347684.407999963,"[0.048142, 0.056484, 0.639466, 0.063833, 0.089896, 0.554673]"
CONTROL,20367763.95200002,"[0.051696, 0.060435, 0.641132, 0.067941, 0.089618, 0.557788]"
CONTROL,20387846.983000033,"[0.055219, 0.064299, 0.642658, 0.071877, 0.089167, 0.560676]"
CONTROL,20407927.199000027,"[0.058706, 0.068072, 0.644044, 0.075632, 0.088544, 0.563325]"
CONTROL,20428008.47000001,"[0.062156, 0.071749, 0.645287, 0.079196, 0.08775, 0.565723]"
CONTROL,20448087.246,"[0.065567, 0.075323, 0.646388, 0.08256, 0.086785, 0.567862]"
CONTROL,20468166.75699995,"[0.068937, 0.07879, 0.647343, 0.085716, 0.085653, 0.569733]"
CONTROL,20488246.075999998,"[0.072263, 0.082146, 0.648153, 0.088654, 0.084355, 0.571329]"
CONTROL,20508325.427000046,"[0.075543, 0.085384, 0.648817, 0.091369, 0.082894, 0.572644]"
CONTROL,20528404.52199996,"[0.078776, 0.088502, 0.649334, 0.093853, 0.081273, 0.573672]"
CONTROL,20548484.28900004,"[0.081959, 0.091493, 0.649704, 0.0961, 0.079495, 0.574409]"
CONTROL,20568563.54399997,"[0.08509, 0.094355, 0.649926, 0.098105, 0.077563, 0.574852]"
CONTROL,20588642.89400003,"[0.088168, 0.097082, 0.65, 0.099861, 0.07548, 0.575]"
CONTROL,20608722.661000002,"[0.09119, 0.099672, 0.649926, 0.101365, 0.073252, 0.574852]"
CONTROL,20628801.371999998,"[0.094154, 0.102119, 0.649704, 0.102613, 0.070882, 0.574409]"
CONTROL,20648879.89099998,"[0.097058, 0.104422, 0.649334, 0.103602, 0.068375, 0.573672]"
CONTROL,20668960.00899999,"[0.099902, 0.106576, 0.648817, 0.104329, 0.065736, 0.572644]"
CONTROL,20689038.687999982,"[0.102682, 0.108579, 0.648153, 0.104793, 0.06297, 0.571329]"
CONTROL,20709117.238999967,"[0.105397, 0.110428, 0.647343, 0.104992, 0.060082, 0.569733]"
CONTROL,20729202.126000017,"[0.108046, 0.112119, 0.646388, 0.104925, 0.057077, 0.567862]"
CONTROL,20749279.65300003,"[0.110627, 0.113652, 0.645287, 0.104594, 0.053962, 0.565723]"
CONTROL,20769359.323999994,"[0.113138, 0.115023, 0.644044, 0.103998, 0.050743, 0.563325]"
CONTROL,20789439.474000007,"[0.115577, 0.11623, 0.642658, 0.10314, 0.047426, 0.560676]"
CONTROL,20809517.960999984,"[0.117943, 0.117272, 0.641132, 0.102021, 0.044017, 0.557788]"
CONTROL,20829596.767999988,"[0.120235, 0.118148, 0.639466, 0.100645, 0.040523, 0.554673]"
CONTROL,20849676.470999952,"[0.122451, 0.118855, 0.637663, 0.099014, 0.03695, 0.551341]"
CONTROL,20869756.39800005,"[0.124589, 0.119394, 0.635724, 0.097133, 0.033306, 0.547807]"
CONTROL,20889837.31600001,"[0.126649, 0.119763, 0.633651, 0.095007, 0.029598, 0.544084]"
CONTROL,20909915.80299999,"[0.128629, 0.119962, 0.631446, 0.092641, 0.025832, 0.540187]"
CONTROL,20929994.609999996,"[0.130528, 0.119991, 0.629111, 0.09004, 0.022017, 0.536132]"
CONTROL,20950076.904999945,"[0.132344, 0.119848, 0.626649, 0.087213, 0.018159, 0.531933]"
CONTROL,20970160.351999994,"[0.134076, 0.119536, 0.624062, 0.084165, 0.014265, 0.527609]"
CONTROL,20990239.31900001,"[0.135724, 0.119054, 0.621353, 0.080904, 0.010344, 0.523176]"
CONTROL,21010320.781000018,"[0.137286, 0.118402, 0.618523, 0.077439, 0.006403, 0.518652]"
CONTROL,21030400.19599996,"[0.138762, 0.117583, 0.615577, 0.073778, 0.00245, 0.514054]"
CONTROL,21050481.30700004,"[0.140149, 0.116596, 0.612517, 0.069931, -0.001508, 0.5094]"
CONTROL,21070559.40999999,"[0.141449, 0.115443, 0.609345, 0.065908, -0.005463, 0.504709]"
CONTROL,21090637.54500005,"[0.142658, 0.114127, 0.606066, 0.061717, -0.009408, 0.5]"
CONTROL,21110794.466000017,"[0.143778, 0.112648, 0.602682, 0.057371, -0.013334, 0.495291]"
CONTROL,21130873.304000035,"[0.144807, 0.111009, 0.599197, 0.05288, -0.017234, 0.4906]"
CONTROL,21150952.526999958,"[0.145745, 0.109213, 0.595614, 0.048256, -0.021102, 0.485946]"
CONTROL,21171031.974000014,"[0.14659, 0.107261, 0.591936, 0.043509, -0.024928, 0.481348]"
CONTROL,21191111.933000002,"[0.147343, 0.105157, 0.588168, 0.038653, -0.028706, 0.476824]"
CONTROL,21211191.15600004,"[0.148003, 0.102903, 0.584313, 0.033699, -0.032429, 0.472391]"
CONTROL,21231270.79400001,"[0.148569, 0.100503, 0.580374, 0.02866, -0.036089, 0.468067]"
CONTROL,21251349.505000006,"[0.149042, 0.097961, 0.576356, 0.023548, -0.039679, 0.463868]"
CONTROL,21271429.431999993,"[0.14942, 0.095279, 0.572263, 0.018377, -0.043193, 0.459813]"
CONTROL,21291508.527000017,"[0.149704, 0.092462, 0.568099, 0.01316, -0.046622, 0.455916]"
CONTROL,21311587.90999996,"[0.149893, 0.089513, 0.563867, 0.007909, -0.049962, 0.452193]"
CONTROL,21331666.715999972,"[0.149988, 0.086437, 0.559572, 0.002639, -0.053205, 0.448659]"
CONTROL,21351744.691000022,"[0.149988, 0.083238, 0.555219, -0.002639, -0.056345, 0.445327]"
CONTROL,21371823.849999942,"[0.149893, 0.079921, 0.550811, -0.007909, -0.059377, 0.442212]"
CONTROL,21391903.521000016,"[0.149704, 0.076491, 0.546353, -0.01316, -0.062293, 0.439324]"
CONTROL,21411982.774999958,"[0.14942, 0.072952, 0.541849, -0.018377, -0.065089, 0.436675]"
CONTROL,21432063.53400001,"[0.149042, 0.069309, 0.537303, -0.023548, -0.067759, 0.434277]"
CONTROL,21452141.86099997,"[0.148569, 0.065567, 0.532721, -0.02866, -0.070298, 0.432138]"
CONTROL,21472223.195999958,"[0.148003, 0.061733, 0.528107, -0.033699, -0.072701, 0.430267]"
CONTROL,21492302.033999976,"[0.147343, 0.05781, 0.523465, -0.038653, -0.074963, 0.428671]"
CONTROL,21512382.21699998,"[0.14659, 0.053806, 0.5188, -0.043509, -0.07708, 0.427356]"
CONTROL,21532461.18300001,"[0.145745, 0.049725, 0.514116, -0.048256, -0.079049, 0.426328]"
CONTROL,21552539.861000013,"[0.144807, 0.045573, 0.509419, -0.05288, -0.080864, 0.425591]"
CONTROL,21572621.643000048,"[0.143778, 0.041357, 0.504712, -0.057371, -0.082523, 0.425148]"
CONTROL,21592701.089999992,"[0.142658, 0.037082, 0.5, -0.061717, -0.084022, 0.425]"
CONTROL,21612782.68000001,"[0.141449, 0.032754, 0.495288, -0.065908, -0.085359, 0.425148]"
CONTROL,21632861.742000047,"[0.140149, 0.02838, 0.490581, -0.069931, -0.086531, 0.425591]"
CONTROL,21652939.42799997,"[0.138762, 0.023965, 0.485884, -0.073778, -0.087535, 0.426328]"
CONTROL,21673018.233999982,"[0.137286, 0.019516, 0.4812, -0.077439, -0.08837, 0.427356]"
CONTROL,21693099.985000003,"[0.135724, 0.01504, 0.476535, -0.080904, -0.089035, 0.428671]"
CONTROL,21713193.09499995,"[0.134076, 0.010542, 0.471893, -0.084165, -0.089526, 0.430267]"
CONTROL,21733273.276999965,"[0.132344, 0.006029, 0.467279, -0.087213, -0.089845, 0.432138]"
CONTROL,21753353.075999938,"[0.130528, 0.001508, 0.462697, -0.09004, -0.08999, 0.434277]"
CONTROL,21773433.57799998,"[0.128629, -0.003016, 0.458151, -0.092641, -0.089961, 0.436675]"
CONTROL,21793514.016000018,"[0.126649, -0.007535, 0.453647, -0.095007, -0.089758, 0.439324]"
CONTROL,21813593.781999998,"[0.124589, -0.012043, 0.449189, -0.097133, -0.089382, 0.442212]"
CONTROL,21833672.46099999,"[0.122451, -0.016535, 0.444781, -0.099014, -0.088832, 0.445327]"
CONTROL,21853751.810999937,"[0.120235, -0.021003, 0.440428, -0.100645, -0.088111, 0.448659]"
CONTROL,21873831.06499999,"[0.117943, -0.025441, 0.436133, -0.102021, -0.087219, 0.452193]"
CONTROL,21893911.95099995,"[0.115577, -0.029843, 0.431901, -0.10314, -0.086159, 0.455916]"
CONTROL,21913991.493000027,"[0.113138, -0.034202, 0.427737, -0.103998, -0.084932, 0.459813]"
CONTROL,21934069.851999994,"[0.110627, -0.038513, 0.423644, -0.104594, -0.08354, 0.463868]"
CONTROL,21954150.83399996,"[0.108046, -0.042769, 0.419626, -0.104925, -0.081987, 0.468067]"
CONTROL,21974233.032000028,"[0.105397, -0.046965, 0.415687, -0.104992, -0.080276, 0.472391]"
CONTROL,21994316.830000002,"[0.102682, -0.051094, 0.411832, -0.104793, -0.078409, 0.476824]"
CONTROL,22014396.628999975,"[0.099902, -0.05515, 0.408064, -0.104329, -0.076391, 0.481348]"
CONTROL,22034477.195000023,"[0.097058, -0.059127, 0.404386, -0.103602, -0.074225, 0.485946]"
CONTROL,22054558.561000023,"[0.094154, -0.063021, 0.400803, -0.102613, -0.071915, 0.4906]"
CONTROL,22074638.16699999,"[0.09119, -0.066825, 0.397318, -0.101365, -0.069466, 0.495291]"
CONTROL,22094720.68599996,"[0.088168, -0.070534, 0.393934, -0.099861, -0.066883, 0.5]"
CONTROL,22114863.62200003,"[0.08509, -0.074143, 0.390655, -0.098105, -0.064171, 0.504709]"
CONTROL,22134942.87599997,"[0.081959, -0.077647, 0.387483, -0.0961, -0.061334, 0.5094]"
CONTROL,22155021.809999995,"[0.078776, -0.08104, 0.384423, -0.093853, -0.058379, 0.514054]"
CONTROL,22175101.223999944,"[0.075543, -0.084318, 0.381477, -0.091369, -0.05531, 0.518652]"
CONTROL,22195180.895000022,"[0.072263, -0.087476, 0.378647, -0.088654, -0.052135, 0.523176]"
CONTROL,22215259.509000022,"[0.068937, -0.09051, 0.375938, -0.085716, -0.048859, 0.527609]"
CONTROL,22235339.72300004,"[0.065567, -0.093415, 0.373351, -0.08256, -0.045489, 0.531933]"
CONTROL,22255420.352999978,"[0.062156, -0.096188, 0.370889, -0.079196, -0.04203, 0.536132]"
CONTROL,22275499.543000024,"[0.058706, -0.098824, 0.368554, -0.075632, -0.038491, 0.540187]"
CONTROL,22295578.733999945,"[0.055219, -0.101319, 0.366349, -0.071877, -0.034876, 0.544084]"
CONTROL,22315660.099999946,"[0.051696, -0.103671, 0.364276, -0.067941, -0.031195, 0.547807]"
CONTROL,22335740.12199995,"[0.048142, -0.105875, 0.362337, -0.063833, -0.027453, 0.551341]"
CONTROL,22355819.440000005,"[0.044556, -0.107929, 0.360534, -0.059563, -0.023658, 0.554673]"
CONTROL,22375899.045999974,"[0.040943, -0.109829, 0.358868, -0.055143, -0.019817, 0.557788]"
CONTROL,22395978.685000047,"[0.037303, -0.111573, 0.357342, -0.050584, -0.015938, 0.560676]"
CONTROL,22416058.707000047,"[0.033641, -0.113159, 0.355956, -0.045897, -0.012028, 0.563325]"
CONTROL,22436140.200999945,"[0.029956, -0.114584, 0.354713, -0.041094, -0.008094, 0.565723]"
CONTROL,22456221.311000034,"[0.026253, -0.115846, 0.353612, -0.036188, -0.004145, 0.567862]"
CONTROL,22476301.078000005,"[0.022534, -0.116943, 0.352657, -0.031189, -0.000188, 0.569733]"
CONTROL,22496380.14000004,"[0.0188, -0.117874, 0.351847, -0.026112, 0.003769, 0.571329]"
CONTROL,22516460.256999947,"[0.015054, -0.118638, 0.351183, -0.02097, 0.007719, 0.572644]"
CONTROL,22536541.27100003,"[0.011299, -0.119233, 0.350666, -0.015774, 0.011654, 0.573672]"
CONTROL,22556620.299999963,"[0.007537, -0.119659, 0.350296, -0.010538, 0.015566, 0.574409]"
CONTROL,22576700.12999995,"[0.00377, -0.119915, 0.350074, -0.005276, 0.019449, 0.574852]"
CONTROL,22596780.27999996,"[0.0, -0.12, 0.35, -0.0, 0.023294, 0.575]"
CONTROL,22616862.413000036,"[-0.00377, -0.119915, 0.350074, 0.005276, 0.027093, 0.574852]"
CONTROL,22636943.042999975,"[-0.007537, -0.119659, 0.350296, 0.010538, 0.030841, 0.574409]"
CONTROL,22657023.032999974,"[-0.011299, -0.119233, 0.350666, 0.015774, 0.034529, 0.573672]"
CONTROL,22677101.99800001,"[-0.015054, -0.118638, 0.351183, 0.02097, 0.038149, 0.572644]"
CONTROL,22697194.69200004,"[-0.0188, -0.117874, 0.351847, 0.026112, 0.041697, 0.571329]"
CONTROL,22717274.746000044,"[-0.022534, -0.116943, 0.352657, 0.031189, 0.045163, 0.569733]"
CONTROL,22737353.96799998,"[-0.026253, -0.115846, 0.353612, 0.036188, 0.048542, 0.567862]"
CONTROL,22757432.644999996,"[-0.029956, -0.114584, 0.354713, 0.041094, 0.051828, 0.565723]"
CONTROL,22777512.12299995,"[-0.033641, -0.113159, 0.355956, 0.045897, 0.055013, 0.563325]"
CONTROL,22797591.409000006,"[-0.037303, -0.111573, 0.357342, 0.050584, 0.058091, 0.560676]"
CONTROL,22817671.141999993,"[-0.040943, -0.109829, 0.358868, 0.055143, 0.061057, 0.557788]"
CONTROL,22837751.420000017,"[-0.044556, -0.107929, 0.360534, 0.059563, 0.063906, 0.554673]"
CONTROL,22857830.19300004,"[-0.048142, -0.105875, 0.362337, 0.063833, 0.06663, 0.551341]"
CONTROL,22877910.023000028,"[-0.051696, -0.103671, 0.364276, 0.067941, 0.069226, 0.547807]"
CONTROL,22897993.660999987,"[-0.055219, -0.101319, 0.366349, 0.071877, 0.071688, 0.544084]"
CONTROL,22918073.426999968,"[-0.058706, -0.098824, 0.368554, 0.075632, 0.074011, 0.540187]"
CONTROL,22938153.41599998,"[-0.062156, -0.096188, 0.370889, 0.079196, 0.076191, 0.536132]"
CONTROL,22958232.286,"[-0.065567, -0.093415, 0.373351, 0.08256, 0.078223, 0.531933]"
CONTROL,22978313.84400001,"[-0.068937, -0.09051, 0.375938, 0.085716, 0.080105, 0.527609]"
CONTROL,22998399.72099994,"[-0.072263, -0.087476, 0.378647, 0.088654, 0.081831, 0.523176]"
CONTROL,23018479.487000037,"[-0.075543, -0.084318, 0.381477, 0.091369, 0.083399, 0.518652]"
CONTROL,23038563.285000008,"[-0.078776, -0.08104, 0.384423, 0.093853, 0.084806, 0.514054]"
CONTROL,23058643.53000004,"[-0.081959, -0.077647, 0.387483, 0.0961, 0.086049, 0.5094]"
CONTROL,23078724.351999994,"[-0.08509, -0.074143, 0.390655, 0.098105, 0.087125, 0.504709]"
CONTROL,23098805.33399996,"[-0.088168, -0.070534, 0.393934, 0.099861, 0.088033, 0.5]"
CONTROL,23118950.541000005,"[-0.09119, -0.066825, 0.397318, 0.101365, 0.088771, 0.495291]"
CONTROL,23139030.499,"[-0.094154, -0.063021, 0.400803, 0.102613, 0.089337, 0.4906]"
CONTROL,23159111.416999962,"[-0.097058, -0.059127, 0.404386, 0.103602, 0.08973, 0.485946]"
CONTROL,23179191.11799995,"[-0.099902, -0.05515, 0.408064, 0.104329, 0.089949, 0.481348]"
CONTROL,23199271.139999952,"[-0.102682, -0.051094, 0.411832, 0.104793, 0.089995, 0.476824]"
CONTROL,23219351.416999985,"[-0.105397, -0.046965, 0.415687, 0.104992, 0.089867, 0.472391]"
CONTROL,23239432.942999996,"[-0.108046, -0.042769, 0.419626, 0.104925, 0.089564, 0.468067]"
CONTROL,23259514.94900005,"[-0.110627, -0.038513, 0.423644, 0.104594, 0.089089, 0.463868]"
CONTROL,23279595.098999947,"[-0.113138, -0.034202, 0.427737, 0.103998, 0.088441, 0.459813]"
CONTROL,23299675.85600002,"[-0.115577, -0.029843, 0.431901, 0.10314, 0.087622, 0.455916]"
CONTROL,23319757.701999947,"[-0.117943, -0.025441, 0.436133, 0.102021, 0.086634, 0.452193]"
CONTROL,23339837.659999944,"[-0.120235, -0.021003, 0.440428, 0.100645, 0.085478, 0.448659]"
CONTROL,23359918.28900001,"[-0.122451, -0.016535, 0.444781, 0.099014, 0.084157, 0.445327]"
CONTROL,23379998.08699999,"[-0.124589, -0.012043, 0.449189, 0.097133, 0.082673, 0.442212]"
CONTROL,23400077.59599996,"[-0.126649, -0.007535, 0.453647, 0.095007, 0.081029, 0.439324]"
CONTROL,23420158.705999937,"[-0.128629, -0.003016, 0.458151, 0.092641, 0.079228, 0.436675]"
CONTROL,23440238.472000033,"[-0.130528, 0.001508, 0.462697, 0.09004, 0.077274, 0.434277]"
CONTROL,23460317.660999976,"[-0.132344, 0.006029, 0.467279, 0.087213, 0.075171, 0.432138]"
CONTROL,23480397.45899996,"[-0.134076, 0.010542, 0.471893, 0.084165, 0.072922, 0.430267]"
CONTROL,23500479.111999992,"[-0.135724, 0.01504, 0.476535, 0.080904, 0.070532, 0.428671]"
CONTROL,23520558.780999977,"[-0.137286, 0.019516, 0.4812, 0.077439, 0.068006, 0.427356]"
CONTROL,23540638.48299995,"[-0.138762, 0.023965, 0.485884, 0.073778, 0.065349, 0.426328]"
CONTROL,23560717.960000034,"[-0.140149, 0.02838, 0.490581, 0.069931, 0.062564, 0.425591]"
CONTROL,23580801.43699999,"[-0.141449, 0.032754, 0.495288, 0.065908, 0.059659, 0.425148]"
CONTROL,23600882.577999983,"[-0.142658, 0.037082, 0.5, 0.061717, 0.056639, 0.425]"
CONTROL,23620963.14300004,"[-0.143778, 0.041357, 0.504712, 0.057371, 0.053509, 0.425148]"
CONTROL,23641043.451999962,"[-0.144807, 0.045573, 0.509419, 0.05288, 0.050275, 0.425591]"
CONTROL,23661127.40899996,"[-0.145745, 0.049725, 0.514116, 0.048256, 0.046944, 0.426328]"
CONTROL,23681206.75800003,"[-0.14659, 0.053806, 0.5188, 0.043509, 0.043523, 0.427356]"
CONTROL,23701284.63499998,"[-0.147343, 0.05781, 0.523465, 0.038653, 0.040017, 0.428671]"
CONTROL,23721368.720999975,"[-0.148003, 0.061733, 0.528107, 0.033699, 0.036434, 0.430267]"
CONTROL,23741449.030000012,"[-0.148569, 0.065567, 0.532721, 0.02866, 0.03278, 0.432138]"
CONTROL,23761529.49899995,"[-0.149042, 0.069309, 0.537303, 0.023548, 0.029063, 0.434277]"
CONTROL,23781608.816000015,"[-0.14942, 0.072952, 0.541849, 0.018377, 0.02529, 0.436675]"
CONTROL,23801687.36500002,"[-0.149704, 0.076491, 0.546353, 0.01316, 0.021468, 0.439324]"
CONTROL,23821768.82600004,"[-0.149893, 0.079921, 0.550811, 0.007909, 0.017604, 0.442212]"
CONTROL,23841848.046999983,"[-0.149988, 0.083238, 0.555219, 0.002639, 0.013707, 0.445327]"
CONTROL,23861927.555999953,"[-0.149988, 0.086437, 0.559572, -0.002639, 0.009782, 0.448659]"
CONTROL,23882008.792999953,"[-0.149893, 0.089513, 0.563867, -0.007909, 0.005839, 0.452193]"
CONTROL,23902086.990000043,"[-0.149704, 0.092462, 0.568099, -0.01316, 0.001885, 0.455916]"
CONTROL,23922167.97200001,"[-0.14942, 0.095279, 0.572263, -0.018377, -0.002073, 0.459813]"
CONTROL,23942247.705,"[-0.149042, 0.097961, 0.576356, -0.023548, -0.006027, 0.463868]"
CONTROL,23962329.869999964,"[-0.148569, 0.100503, 0.580374, -0.02866, -0.00997, 0.468067]"
CONTROL,23982408.96300001,"[-0.148003, 0.102903, 0.584313, -0.033699, -0.013893, 0.472391]"
CONTROL,24002487.223999992,"[-0.147343, 0.105157, 0.588168, -0.038653, -0.017789, 0.476824]"
CONTROL,24022569.80499999,"[-0.14659, 0.107261, 0.591936, -0.043509, -0.021651, 0.481348]"
CONTROL,24042664.386999946,"[-0.145745, 0.109213, 0.595614, -0.048256, -0.025471, 0.485946]"
CONTROL,24062743.38399999,"[-0.144807, 0.111009, 0.599197, -0.05288, -0.029242, 0.4906]"
CONTROL,24082824.108999945,"[-0.143778, 0.112648, 0.602682, -0.057371, -0.032956, 0.495291]"
CONTROL,24102907.52200001,"[-0.142658, 0.114127, 0.606066, -0.061717, -0.036606, 0.5]"
CONTROL,24123049.753000032,"[-0.141449, 0.115443, 0.609345, -0.065908, -0.040186, 0.504709]"
CONTROL,24143130.12599996,"[-0.140149, 0.116596, 0.612517, -0.069931, -0.043688, 0.5094]"
CONTROL,24163210.274999984,"[-0.138762, 0.117583, 0.615577, -0.073778, -0.047105, 0.514054]"
CONTROL,24183304.31300001,"[-0.137286, 0.118402, 0.618523, -0.077439, -0.050431, 0.518652]"
CONTROL,24203383.98199999,"[-0.135724, 0.119054, 0.621353, -0.080904, -0.05366, 0.523176]"
CONTROL,24223463.971,"[-0.134076, 0.119536, 0.624062, -0.084165, -0.056785, 0.527609]"
CONTROL,24243543.735999994,"[-0.132344, 0.119848, 0.626649, -0.087213, -0.0598, 0.531933]"
CONTROL,24263622.316999998,"[-0.130528, 0.119991, 0.629111, -0.09004, -0.0627, 0.536132]"
CONTROL,24283701.122000024,"[-0.128629, 0.119962, 0.631446, -0.092641, -0.065478, 0.540187]"
CONTROL,24303785.079000022,"[-0.126649, 0.119763, 0.633651, -0.095007, -0.06813, 0.544084]"
CONTROL,24323864.81200001,"[-0.124589, 0.119394, 0.635724, -0.097133, -0.070649, 0.547807]"
CONTROL,24343943.521000028,"[-0.122451, 0.118855, 0.637663, -0.099014, -0.073032, 0.551341]"
CONTROL,24364021.878000017,"[-0.120235, 0.118148, 0.639466, -0.100645, -0.075274, 0.554673]"
CONTROL,24384100.491000026,"[-0.117943, 0.117272, 0.641132, -0.102021, -0.077371, 0.557788]"
CONTROL,24404179.967999995,"[-0.115577, 0.11623, 0.642658, -0.10314, -0.079317, 0.560676]"
CONTROL,24424259.66999997,"[-0.113138, 0.115023, 0.644044, -0.103998, -0.081111, 0.563325]"
CONTROL,24444338.218999974,"[-0.110627, 0.113652, 0.645287, -0.104594, -0.082747, 0.565723]"
CONTROL,24464417.823999953,"[-0.108046, 0.112119, 0.646388, -0.104925, -0.084223, 0.567862]"
CONTROL,24484498.196999993,"[-0.105397, 0.110428, 0.647343, -0.104992, -0.085537, 0.569733]"
CONTROL,24504576.104999956,"[-0.102682, 0.108579, 0.648153, -0.104793, -0.086685, 0.571329]"
CONTROL,24524655.77399994,"[-0.099902, 0.106576, 0.648817, -0.104329, -0.087665, 0.572644]"
CONTROL,24544735.09000002,"[-0.097058, 0.104422, 0.649334, -0.103602, -0.088476, 0.573672]"
CONTROL,24564813.895000044,"[-0.094154, 0.102119, 0.649704, -0.102613, -0.089115, 0.574409]"
CONTROL,24584899.068000026,"[-0.09119, 0.099672, 0.649926, -0.101365, -0.089583, 0.574852]"
CONTROL,24604979.63199998,"[-0.088168, 0.097082, 0.65, -0.099861, -0.089877, 0.575]"
CONTROL,24625057.413000036,"[-0.08509, 0.094355, 0.649926, -0.098105, -0.089997, 0.574852]"
CONTROL,24645137.08100003,"[-0.081959, 0.091493, 0.649704, -0.0961, -0.089943, 0.574409]"
CONTROL,24665216.525999993,"[-0.078776, 0.088502, 0.649334, -0.093853, -0.089715, 0.573672]"
CONTROL,24685295.266000025,"[-0.075543, 0.085384, 0.648817, -0.091369, -0.089314, 0.572644]"
CONTROL,24705373.014999963,"[-0.072263, 0.082146, 0.648153, -0.088654, -0.08874, 0.571329]"
CONTROL,24725452.395000048,"[-0.068937, 0.07879, 0.647343, -0.085716, -0.087994, 0.569733]"
CONTROL,24745532.000000026,"[-0.065567, 0.075323, 0.646388, -0.08256, -0.087078, 0.567862]"
CONTROL,24765610.036,"[-0.062156, 0.071749, 0.645287, -0.079196, -0.085994, 0.565723]"
CONTROL,24785690.856999964,"[-0.058706, 0.068072, 0.644044, -0.075632, -0.084743, 0.563325]"
CONTROL,24805769.052999947,"[-0.055219, 0.064299, 0.642658, -0.071877, -0.083328, 0.560676]"
CONTROL,24825849.329999983,"[-0.051696, 0.060435, 0.641132, -0.067941, -0.081753, 0.557788]"
CONTROL,24845928.039,"[-0.048142, 0.056484, 0.639466, -0.063833, -0.080019, 0.554673]"
CONTROL,24866008.25100004,"[-0.044556, 0.052454, 0.637663, -0.059563, -0.07813, 0.551341]"
CONTROL,24886086.64000003,"[-0.040943, 0.048349, 0.635724, -0.055143, -0.07609, 0.547807]"
CONTROL,24906167.331999995,"[-0.037303, 0.044175, 0.633651, -0.050584, -0.073903, 0.544084]"
CONTROL,24926248.98500003,"[-0.033641, 0.039938, 0.631446, -0.045897, -0.071574, 0.540187]"
CONTROL,24946328.397000004,"[-0.029956, 0.035645, 0.629111, -0.041094, -0.069105, 0.536132]"
CONTROL,24966408.258,"[-0.026253, 0.031301, 0.626649, -0.036188, -0.066503, 0.531933]"
CONTROL,24986487.701999977,"[-0.022534, 0.026912, 0.624062, -0.031189, -0.063773, 0.527609]"
CONTROL,25006571.46699996,"[-0.0188, 0.022486, 0.621353, -0.026112, -0.060919, 0.523176]"
CONTROL,25026649.632000044,"[-0.015054, 0.018027, 0.618523, -0.02097, -0.057947, 0.518652]"
CONTROL,25046735.219999958,"[-0.011299, 0.013543, 0.615577, -0.015774, -0.054863, 0.514054]"
CONTROL,25066814.185,"[-0.007537, 0.009039, 0.612517, -0.010538, -0.051673, 0.5094]"
CONTROL,25086892.893000025,"[-0.00377, 0.004523, 0.609345, -0.005276, -0.048383, 0.504709]"
CONTROL,25106971.31400002,"[-0.0, 0.0, 0.606066, -0.0, -0.045, 0.5]"
CONTROL,25127117.735999946,"[0.00377, -0.004523, 0.602682, 0.005276, -0.04153, 0.495291]"
CONTROL,25147197.181000024,"[0.007537, -0.009039, 0.599197, 0.010538, -0.037979, 0.4906]"
CONTROL,25167276.593,"[0.011299, -0.013543, 0.595614, 0.015774, -0.034354, 0.485946]"
CONTROL,25187357.797999993,"[0.015054, -0.018027, 0.591936, 0.02097, -0.030664, 0.481348]"
CONTROL,25207436.538000025,"[0.0188, -0.022486, 0.588168, 0.026112, -0.026914, 0.476824]"
CONTROL,25227519.183000028,"[0.022534, -0.026912, 0.584313, 0.031189, -0.023112, 0.472391]"
CONTROL,25247599.236000042,"[0.026253, -0.031301, 0.580374, 0.036188, -0.019265, 0.468067]"
CONTROL,25267678.84000003,"[0.029956, -0.035645, 0.576356, 0.041094, -0.015381, 0.463868]"
CONTROL,25287757.836999957,"[0.033641, -0.039938, 0.572263, 0.045897, -0.011467, 0.459813]"
CONTROL,25307837.249000046,"[0.037303, -0.044175, 0.568099, 0.050584, -0.007531, 0.455916]"
CONTROL,25327917.17400005,"[0.040943, -0.048349, 0.563867, 0.055143, -0.00358, 0.452193]"
CONTROL,25347995.913999967,"[0.044556, -0.052454, 0.559572, 0.059563, 0.000377, 0.448659]"
CONTROL,25368075.614999954,"[0.048142, -0.056484, 0.555219, 0.063833, 0.004334, 0.445327]"
CONTROL,25388153.970999952,"[0.051696, -0.060435, 0.550811, 0.067941, 0.008282, 0.442212]"
CONTROL,25408233.576000042,"[0.055219, -0.064299, 0.546353, 0.071877, 0.012214, 0.439324]"
CONTROL,25428320.66899996,"[0.058706, -0.068072, 0.541849, 0.075632, 0.016123, 0.436675]"
CONTROL,25448399.569000002,"[0.062156, -0.071749, 0.537303, 0.079196, 0.020001, 0.434277]"
CONTROL,25468479.04599997,"[0.065567, -0.075323, 0.532721, 0.08256, 0.023839, 0.432138]"
CONTROL,25488559.993999958,"[0.068937, -0.07879, 0.528107, 0.085716, 0.027632, 0.430267]"
CONTROL,25508639.02200001,"[0.072263, -0.082146, 0.523465, 0.088654, 0.031371, 0.428671]"
CONTROL,25528721.217999987,"[0.075543, -0.085384, 0.5188, 0.091369, 0.03505, 0.427356]"
CONTROL,25548801.045999993,"[0.078776, -0.088502, 0.514116, 0.093853, 0.038661, 0.426328]"
CONTROL,25568886.314999986,"[0.081959, -0.091493, 0.509419, 0.0961, 0.042197, 0.425591]"
CONTROL,25588965.822999965,"[0.08509, -0.094355, 0.504712, 0.098105, 0.045651, 0.425148]"
CONTROL,25609045.906999994,"[0.088168, -0.097082, 0.5, 0.099861, 0.049018, 0.425]"
CONTROL,25629127.20700001,"[0.09119, -0.099672, 0.495288, 0.101365, 0.052289, 0.425148]"
CONTROL,25649211.67499995,"[0.094154, -0.102119, 0.490581, 0.102613, 0.055459, 0.425591]"
CONTROL,25669291.502999954,"[0.097058, -0.104422, 0.485884, 0.103602, 0.058522, 0.426328]"
CONTROL,25689373.315000013,"[0.099902, -0.106576, 0.4812, 0.104329, 0.061472, 0.427356]"
CONTROL,25709454.03899998,"[0.102682, -0.108579, 0.476535, 0.104793, 0.064303, 0.428671]"
CONTROL,25729533.195000045,"[0.105397, -0.110428, 0.471893, 0.104992, 0.067009, 0.430267]"
CONTROL,25749617.055000044,"[0.108046, -0.112119, 0.467279, 0.104925, 0.069586, 0.432138]"
CONTROL,25769698.738999978,"[0.110627, -0.113652, 0.462697, 0.104594, 0.072028, 0.434277]"
CONTROL,25789781.639000013,"[0.113138, -0.115023, 0.458151, 0.103998, 0.074331, 0.436675]"
CONTROL,25809860.25100003,"[0.115577, -0.11623, 0.453647, 0.10314, 0.07649, 0.439324]"
CONTROL,25829939.406999983,"[0.117943, -0.117272, 0.449189, 0.102021, 0.078502, 0.442212]"
CONTROL,25850017.666999973,"[0.120235, -0.118148, 0.444781, 0.100645, 0.080361, 0.445327]"
CONTROL,25870102.520000044,"[0.122451, -0.118855, 0.440428, 0.099014, 0.082065, 0.448659]"
CONTROL,25890181.387999974,"[0.124589, -0.119394, 0.436133, 0.097133, 0.08361, 0.452193]"
CONTROL,25910261.08799997,"[0.126649, -0.119763, 0.431901, 0.095007, 0.084994, 0.455916]"
CONTROL,25930341.65200004,"[0.128629, -0.119962, 0.427737, 0.092641, 0.086213, 0.459813]"
CONTROL,25950420.615999974,"[0.130528, -0.119991, 0.423644, 0.09004, 0.087265, 0.463868]"
CONTROL,25970500.956000023,"[0.132344, -0.119848, 0.419626, 0.087213, 0.088149, 0.468067]"
CONTROL,25990579.344000027,"[0.134076, -0.119536, 0.415687, 0.084165, 0.088862, 0.472391]"
CONTROL,26010658.948000014,"[0.135724, -0.119054, 0.411832, 0.080904, 0.089404, 0.476824]"
CONTROL,26030742.583999995,"[0.137286, -0.118402, 0.408064, 0.077439, 0.089772, 0.481348]"
CONTROL,26050821.38800003,"[0.138762, -0.117583, 0.404386, 0.073778, 0.089967, 0.485946]"
CONTROL,26070908.064000037,"[0.140149, -0.116596, 0.400803, 0.069931, 0.089987, 0.4906]"
CONTROL,26090987.540000014,"[0.141449, -0.115443, 0.397318, 0.065908, 0.089834, 0.495291]"
CONTROL,26111065.736,"[0.142658, -0.114127, 0.393934, 0.061717, 0.089507, 0.5]"
CONTROL,26131203.486000005,"[0.143778, -0.112648, 0.390655, 0.057371, 0.089007, 0.504709]"
CONTROL,26151284.04999996,"[0.144807, -0.111009, 0.387483, 0.05288, 0.088334, 0.5094]"
CONTROL,26171363.30200003,"[0.145745, -0.109213, 0.384423, 0.048256, 0.087491, 0.514054]"
CONTROL,26191444.442000035,"[0.14659, -0.107261, 0.381477, 0.043509, 0.086479, 0.518652]"
CONTROL,26211524.01400002,"[0.147343, -0.105157, 0.378647, 0.038653, 0.085299, 0.523176]"
CONTROL,26231604.705999985,"[0.148003, -0.102903, 0.375938, 0.033699, 0.083955, 0.527609]"
CONTROL,26251684.085999954,"[0.148569, -0.100503, 0.373351, 0.02866, 0.082447, 0.531933]"
CONTROL,26271767.626000043,"[0.149042, -0.097961, 0.370889, 0.023548, 0.080781, 0.536132]"
CONTROL,26291847.773999963,"[0.14942, -0.095279, 0.368554, 0.018377, 0.078958, 0.540187]"
CONTROL,26311928.08200001,"[0.149704, -0.092462, 0.366349, 0.01316, 0.076983, 0.544084]"
CONTROL,26332009.19000001,"[0.149893, -0.089513, 0.364276, 0.007909, 0.074858, 0.547807]"
CONTROL,26352087.962000042,"[0.149988, -0.086437, 0.362337, 0.002639, 0.072589, 0.551341]"
CONTROL,26372168.654000007,"[0.149988, -0.083238, 0.360534, -0.002639, 0.07018, 0.554673]"
CONTROL,26392249.665999997,"[0.149893, -0.079921, 0.358868, -0.007909, 0.067635, 0.557788]"
CONTROL,26412328.53400004,"[0.149704, -0.076491, 0.357342, -0.01316, 0.064958, 0.560676]"
CONTROL,26432408.36200005,"[0.14942, -0.072952, 0.355956, -0.018377, 0.062157, 0.563325]"
CONTROL,26452487.67800001,"[0.149042, -0.069309, 0.354713, -0.023548, 0.059235, 0.565723]"
CONTROL,26472566.865999967,"[0.148569, -0.065567, 0.353612, -0.02866, 0.056198, 0.567862]"
CONTROL,26492648.454000004,"[0.148003, -0.061733, 0.352657, -0.033699, 0.053053, 0.569733]"
CONTROL,26512727.67399996,"[0.147343, -0.05781, 0.351847, -0.038653, 0.049805, 0.571329]"
CONTROL,26532807.14899995,"[0.14659, -0.053806, 0.351183, -0.043509, 0.046461, 0.572644]"
CONTROL,26552886.561000038,"[0.145745, -0.049725, 0.350666, -0.048256, 0.043027, 0.573672]"
CONTROL,26572966.73999997,"[0.144807, -0.045573, 0.350296, -0.05288, 0.03951, 0.574409]"
CONTROL,26593045.992000043,"[0.143778, -0.041357, 0.350074, -0.057371, 0.035916, 0.574852]"
CONTROL,26613125.531000037,"[0.142658, -0.037082, 0.35, -0.061717, 0.032253, 0.575]"
CONTROL,26633204.847000003,"[0.141449, -0.032754, 0.350074, -0.065908, 0.028528, 0.574852]"
CONTROL,26653283.106000002,"[0.140149, -0.02838, 0.350296, -0.069931, 0.024747, 0.574409]"
CONTROL,26673363.47799994,"[0.138762, -0.023965, 0.350666, -0.073778, 0.020918, 0.573672]"
CONTROL,26693444.39300005,"[0.137286, -0.019516, 0.351183, -0.077439, 0.017049, 0.572644]"
CONTROL,26713525.596999943,"[0.135724, -0.01504, 0.351847, -0.080904, 0.013147, 0.571329]"
CONTROL,26733605.327999953,"[0.134076, -0.010542, 0.352657, -0.084165, 0.00922, 0.569733]"
CONTROL,26753686.53199996,"[0.132344, -0.006029, 0.353612, -0.087213, 0.005275, 0.567862]"
CONTROL,26773764.408000033,"[0.130528, -0.001508, 0.354713, -0.09004, 0.001319, 0.565723]"
CONTROL,26793843.979000032,"[0.128629, 0.003016, 0.355956, -0.092641, -0.002639, 0.563325]"
CONTROL,26813922.942999966,"[0.126649, 0.007535, 0.357342, -0.095007, -0.006591, 0.560676]"
CONTROL,26834002.16200005,"[0.124589, 0.012043, 0.358868, -0.097133, -0.010532, 0.557788]"
CONTROL,26854080.997999974,"[0.122451, 0.016535, 0.360534, -0.099014, -0.014451, 0.554673]"
CONTROL,26874164.47299995,"[0.120235, 0.021003, 0.362337, -0.100645, -0.018343, 0.551341]"
CONTROL,26894244.268999957,"[0.117943, 0.025441, 0.364276, -0.102021, -0.022199, 0.547807]"
CONTROL,26914324.319999993,"[0.115577, 0.029843, 0.366349, -0.10314, -0.026013, 0.544084]"
CONTROL,26934404.212000005,"[0.113138, 0.034202, 0.368554, -0.103998, -0.029776, 0.540187]"
CONTROL,26954482.919000044,"[0.110627, 0.038513, 0.370889, -0.104594, -0.033481, 0.536132]"
CONTROL,26974563.803000025,"[0.108046, 0.042769, 0.373351, -0.104925, -0.037122, 0.531933]"
CONTROL,26994643.34200002,"[0.105397, 0.046965, 0.375938, -0.104992, -0.040691, 0.527609]"
CONTROL,27014723.36200004,"[0.102682, 0.051094, 0.378647, -0.104793, -0.044181, 0.523176]"
CONTROL,27034802.517000005,"[0.099902, 0.05515, 0.381477, -0.104329, -0.047586, 0.518652]"
CONTROL,27054882.024999984,"[0.097058, 0.059127, 0.384423, -0.103602, -0.050899, 0.514054]"
CONTROL,27074962.555999946,"[0.094154, 0.063021, 0.387483, -0.102613, -0.054113, 0.5094]"
CONTROL,27095044.78400004,"[0.09119, 0.066825, 0.390655, -0.101365, -0.057223, 0.504709]"
CONTROL,27115126.371999964,"[0.088168, 0.070534, 0.393934, -0.099861, -0.060222, 0.5]"
CONTROL,27135266.712999966,"[0.08509, 0.074143, 0.397318, -0.098105, -0.063104, 0.495291]"
CONTROL,27155346.37999997,"[0.081959, 0.077647, 0.400803, -0.0961, -0.065865, 0.4906]"
CONTROL,27175428.12800002,"[0.078776, 0.08104, 0.404386, -0.093853, -0.068498, 0.485946]"
CONTROL,27195507.25099998,"[0.075543, 0.084318, 0.408064, -0.091369, -0.070998, 0.481348]"
CONTROL,27215587.11099999,"[0.072263, 0.087476, 0.411832, -0.088654, -0.073362, 0.476824]"
CONTROL,27235665.530000005,"[0.068937, 0.09051, 0.415687, -0.085716, -0.075583, 0.472391]"
CONTROL,27255744.81399997,"[0.065567, 0.093415, 0.419626, -0.08256, -0.077658, 0.468067]"
CONTROL,27275824.512999974,"[0.062156, 0.096188, 0.423644, -0.079196, -0.079583, 0.463868]"
CONTROL,27295904.885000028,"[0.058706, 0.098824, 0.427737, -0.075632, -0.081354, 0.459813]"
CONTROL,27315984.52000003,"[0.055219, 0.101319, 0.431901, -0.071877, -0.082968, 0.455916]"
CONTROL,27336063.004000038,"[0.051696, 0.103671, 0.436133, -0.067941, -0.084421, 0.452193]"
CONTROL,27356143.215999965,"[0.048142, 0.105875, 0.440428, -0.063833, -0.085711, 0.448659]"
CONTROL,27376224.482999988,"[0.044556, 0.107929, 0.444781, -0.059563, -0.086835, 0.445327]"
CONTROL,27396305.49499998,"[0.040943, 0.109829, 0.449189, -0.055143, -0.087791, 0.442212]"
CONTROL,27416385.674000025,"[0.037303, 0.111573, 0.453647, -0.050584, -0.088578, 0.439324]"
CONTROL,27436465.310000017,"[0.033641, 0.113159, 0.458151, -0.045897, -0.089193, 0.436675]"
CONTROL,27456544.753000002,"[0.029956, 0.114584, 0.462697, -0.041094, -0.089635, 0.434277]"
CONTROL,27476623.621000044,"[0.026253, 0.115846, 0.467279, -0.036188, -0.089904, 0.432138]"
CONTROL,27496703.160000037,"[0.022534, 0.116943, 0.471893, -0.031189, -0.09, 0.430267]"
CONTROL,27516783.146999955,"[0.0188, 0.117874, 0.476535, -0.026112, -0.089921, 0.428671]"
CONTROL,27536862.749999955,"[0.015054, 0.118638, 0.4812, -0.02097, -0.089668, 0.427356]"
CONTROL,27556942.99300001,"[0.011299, 0.119233, 0.485884, -0.015774, -0.089242, 0.426328]"
CONTROL,27577022.692000013,"[0.007537, 0.119659, 0.490581, -0.010538, -0.088644, 0.425591]"
CONTROL,27597102.167000003,"[0.00377, 0.119915, 0.495288, -0.005276, -0.087873, 0.425148]"
CONTROL,27617194.154000003,"[0.0, 0.12, 0.5, -0.0, -0.086933, 0.425]"
CONTROL,27637274.20600003,"[-0.00377, 0.119915, 0.504712, 0.005276, -0.085825, 0.425148]"
CONTROL,27657354.06500005,"[-0.007537, 0.119659, 0.509419, 0.010538, -0.084551, 0.425591]"
CONTROL,27677433.73199994,"[-0.011299, 0.119233, 0.514116, 0.015774, -0.083113, 0.426328]"
CONTROL,27697514.038999997,"[-0.015054, 0.118638, 0.5188, 0.02097, -0.081515, 0.427356]"
CONTROL,27717593.44999998,"[-0.0188, 0.117874, 0.523465, 0.026112, -0.079758, 0.428671]"
CONTROL,27737674.364999976,"[-0.022534, 0.116943, 0.528107, 0.031189, -0.077848, 0.430267]"
CONTROL,27757753.90399997,"[-0.026253, 0.115846, 0.532721, 0.036188, -0.075787, 0.432138]"
CONTROL,27777833.059000045,"[-0.029956, 0.114584, 0.537303, 0.041094, -0.073579, 0.434277]"
CONTROL,27797910.87000001,"[-0.033641, 0.113159, 0.541849, 0.045897, -0.071229, 0.436675]"
CONTROL,27817989.577000048,"[-0.037303, 0.111573, 0.546353, 0.050584, -0.068742, 0.439324]"
CONTROL,27838068.668000005,"[-0.040943, 0.109829, 0.550811, 0.055143, -0.066121, 0.442212]"
CONTROL,27858148.207,"[-0.044556, 0.107929, 0.555219, 0.059563, -0.063372, 0.445327]"
CONTROL,27878227.489999972,"[-0.048142, 0.105875, 0.559572, 0.063833, -0.060501, 0.448659]"
CONTROL,27898310.32500001,"[-0.051696, 0.103671, 0.563867, 0.067941, -0.057513, 0.452193]"
CONTROL,27918390.344000045,"[-0.055219, 0.101319, 0.568099, 0.071877, -0.054414, 0.455916]"
CONTROL,27938469.435000002,"[-0.058706, 0.098824, 0.572263, 0.075632, -0.051209, 0.459813]"
CONTROL,27958549.80599995,"[-0.062156, 0.096188, 0.576356, 0.079196, -0.047906, 0.463868]"
CONTROL,27978629.472999956,"[-0.065567, 0.093415, 0.580374, 0.08256, -0.044509, 0.468067]"
CONTROL,27998709.17199996,"[-0.068937, 0.09051, 0.584313, 0.085716, -0.041027, 0.472391]"
CONTROL,28018789.190999996,"[-0.072263, 0.087476, 0.588168, 0.088654, -0.037465, 0.476824]"
CONTROL,28038869.52999994,"[-0.075543, 0.084318, 0.591936, 0.091369, -0.033831, 0.481348]"
CONTROL,28058949.548999976,"[-0.078776, 0.08104, 0.595614, 0.093853, -0.030131, 0.485946]"
CONTROL,28079033.183999967,"[-0.081959, 0.077647, 0.599197, 0.0961, -0.026374, 0.4906]"
CONTROL,28099113.42700002,"[-0.08509, 0.074143, 0.602682, 0.098105, -0.022565, 0.495291]"
CONTROL,28119195.238999963,"[-0.088168, 0.070534, 0.606066, 0.099861, -0.018712, 0.5]"
CONTROL,28139333.59500004,"[-0.09119, 0.066825, 0.609345, 0.101365, -0.014823, 0.504709]"
CONTROL,28159411.181999985,"[-0.094154, 0.063021, 0.612517, 0.102613, -0.010906, 0.5094]"
CONTROL,28179489.50499999,"[-0.097058, 0.059127, 0.615577, 0.103602, -0.006967, 0.514054]"
CONTROL,28199569.601999998,"[-0.099902, 0.05515, 0.618523, 0.104329, -0.003015, 0.518652]"
CONTROL,28219650.56199997,"[-0.102682, 0.051094, 0.621353, 0.104793, 0.000942, 0.523176]"
CONTROL,28239728.73699995,"[-0.105397, 0.046965, 0.624062, 0.104992, 0.004898, 0.527609]"
CONTROL,28259808.192000035,"[-0.108046, 0.042769, 0.626649, 0.104925, 0.008845, 0.531933]"
CONTROL,28279887.90300003,"[-0.110627, 0.038513, 0.629111, 0.104594, 0.012774, 0.536132]"
CONTROL,28299969.502999943,"[-0.113138, 0.034202, 0.631446, 0.103998, 0.016679, 0.540187]"
CONTROL,28320048.990000032,"[-0.115577, 0.029843, 0.633651, 0.10314, 0.020552, 0.544084]"
CONTROL,28340129.917000014,"[-0.117943, 0.025441, 0.635724, 0.102021, 0.024384, 0.547807]"
CONTROL,28360210.908999987,"[-0.120235, 0.021003, 0.637663, 0.100645, 0.02817, 0.551341]"
CONTROL,28380290.651999984,"[-0.122451, 0.016535, 0.639466, 0.099014, 0.031901, 0.554673]"
CONTROL,28400370.747000013,"[-0.124589, 0.012043, 0.641132, 0.097133, 0.03557, 0.557788]"
CONTROL,28420449.849999953,"[-0.126649, 0.007535, 0.642658, 0.095007, 0.039171, 0.560676]"
CONTROL,28440530.265999995,"[-0.128629, 0.003016, 0.644044, 0.092641, 0.042696, 0.563325]"
CONTROL,28460610.425000027,"[-0.130528, -0.001508, 0.645287, 0.09004, 0.046138, 0.565723]"
CONTROL,28480689.080000047,"[-0.132344, -0.006029, 0.646388, 0.087213, 0.049491, 0.567862]"
CONTROL,28500768.19100002,"[-0.134076, -0.010542, 0.647343, 0.084165, 0.052748, 0.569733]"
CONTROL,28520848.94500001,"[-0.135724, -0.01504, 0.648153, 0.080904, 0.055903, 0.571329]"
CONTROL,28540928.194999993,"[-0.137286, -0.019516, 0.648817, 0.077439, 0.05895, 0.572644]"
CONTROL,28561007.18899995,"[-0.138762, -0.023965, 0.649334, 0.073778, 0.061884, 0.573672]"
CONTROL,28581085.895,"[-0.140149, -0.02838, 0.649704, 0.069931, 0.064697, 0.574409]"
CONTROL,28601165.24099999,"[-0.141449, -0.032754, 0.649926, 0.065908, 0.067385, 0.574852]"
CONTROL,28621248.172000036,"[-0.142658, -0.037082, 0.65, 0.061717, 0.069943, 0.575]"
CONTROL,28641327.422000017,"[-0.143778, -0.041357, 0.649926, 0.057371, 0.072366, 0.574852]"
CONTROL,28661406.57599999,"[-0.144807, -0.045573, 0.649704, 0.05288, 0.074648, 0.574409]"
CONTROL,28681487.137999967,"[-0.145745, -0.049725, 0.649334, 0.048256, 0.076787, 0.573672]"
CONTROL,28701565.459999982,"[-0.14659, -0.053806, 0.648817, 0.043509, 0.078777, 0.572644]"
CONTROL,28721646.469999995,"[-0.147343, -0.05781, 0.648153, 0.038653, 0.080614, 0.571329]"
CONTROL,28741732.344999947,"[-0.148003, -0.061733, 0.647343, 0.033699, 0.082296, 0.569733]"
CONTROL,28761812.875000034,"[-0.148569, -0.065567, 0.646388, 0.02866, 0.083818, 0.567862]"
CONTROL,28781894.23699996,"[-0.149042, -0.069309, 0.645287, 0.023548, 0.085178, 0.565723]"
CONTROL,28801973.19900003,"[-0.14942, -0.072952, 0.644044, 0.018377, 0.086374, 0.563325]"
CONTROL,28822050.496999964,"[-0.149704, -0.076491, 0.642658, 0.01316, 0.087402, 0.560676]"
CONTROL,28842134.03499996,"[-0.149893, -0.079921, 0.641132, 0.007909, 0.088261, 0.557788]"
CONTROL,28862218.117999986,"[-0.149988, -0.083238, 0.639466, 0.002639, 0.08895, 0.554673]"
CONTROL,28882296.18399998,"[-0.149988, -0.086437, 0.637663, -0.002639, 0.089467, 0.551341]"
CONTROL,28902377.993999947,"[-0.149893, -0.089513, 0.635724, -0.007909, 0.08981, 0.547807]"
CONTROL,28922459.548000008,"[-0.149704, -0.092462, 0.633651, -0.01316, 0.08998, 0.544084]"
CONTROL,28942539.757999953,"[-0.14942, -0.095279, 0.631446, -0.018377, 0.089976, 0.540187]"
CONTROL,28962622.272999965,"[-0.149042, -0.097961, 0.629111, -0.023548, 0.089798, 0.536132]"
CONTROL,28982702.80299994,"[-0.148569, -0.100503, 0.626649, -0.02866, 0.089446, 0.531933]"
CONTROL,29002783.652999938,"[-0.148003, -0.102903, 0.624062, -0.033699, 0.088921, 0.527609]"
CONTROL,29022863.318999954,"[-0.147343, -0.105157, 0.621353, -0.038653, 0.088224, 0.523176]"
CONTROL,29042944.905000012,"[-0.14659, -0.107261, 0.618523, -0.043509, 0.087357, 0.518652]"
CONTROL,29063026.874999993,"[-0.145745, -0.109213, 0.615577, -0.048256, 0.08632, 0.514054]"
CONTROL,29083107.309999947,"[-0.144807, -0.111009, 0.612517, -0.05288, 0.085117, 0.5094]"
CONTROL,29103188.06400005,"[-0.143778, -0.112648, 0.609345, -0.057371, 0.083749, 0.504709]"
CONTROL,29123269.393999975,"[-0.142658, -0.114127, 0.606066, -0.061717, 0.082219, 0.5]"
CONTROL,29143418.88699994,"[-0.141449, -0.115443, 0.602682, -0.065908, 0.08053, 0.495291]"
CONTROL,29163499.546000026,"[-0.140149, -0.116596, 0.599197, -0.069931, 0.078685, 0.4906]"
CONTROL,29183581.83600003,"[-0.138762, -0.117583, 0.595614, -0.073778, 0.076688, 0.485946]"
CONTROL,29203662.622000024,"[-0.137286, -0.118402, 0.591936, -0.077439, 0.074543, 0.481348]"
CONTROL,29223742.895999976,"[-0.135724, -0.119054, 0.588168, -0.080904, 0.072254, 0.476824]"
CONTROL,29243823.010000028,"[-0.134076, -0.119536, 0.584313, -0.084165, 0.069824, 0.472391]"
CONTROL,29263904.852999985,"[-0.132344, -0.119848, 0.580374, -0.087213, 0.06726, 0.468067]"
CONTROL,29283984.03899996,"[-0.130528, -0.119991, 0.576356, -0.09004, 0.064566, 0.463868]"
CONTROL,29304065.208999988,"[-0.128629, -0.119962, 0.572263, -0.092641, 0.061747, 0.459813]"
CONTROL,29324145.578999948,"[-0.126649, -0.119763, 0.568099, -0.095007, 0.058808, 0.455916]"
CONTROL,29344225.08499995,"[-0.124589, -0.119394, 0.563867, -0.097133, 0.055755, 0.452193]"
CONTROL,29364304.878999975,"[-0.122451, -0.118855, 0.559572, -0.099014, 0.052595, 0.448659]"
CONTROL,29384384.160999957,"[-0.120235, -0.118148, 0.555219, -0.100645, 0.049333, 0.445327]"
CONTROL,29404463.986999985,"[-0.117943, -0.117272, 0.550811, -0.102021, 0.045976, 0.442212]"
CONTROL,29424543.621999986,"[-0.115577, -0.11623, 0.546353, -0.10314, 0.04253, 0.439324]"
CONTROL,29444622.967999976,"[-0.113138, -0.115023, 0.541849, -0.103998, 0.039001, 0.436675]"
CONTROL,29464705.225999977,"[-0.110627, -0.113652, 0.537303, -0.104594, 0.035397, 0.434277]"
CONTROL,29484785.404000036,"[-0.108046, -0.112119, 0.532721, -0.104925, 0.031725, 0.432138]"
CONTROL,29504866.21699997,"[-0.105397, -0.110428, 0.528107, -0.104992, 0.027991, 0.430267]"
CONTROL,29524947.89399998,"[-0.102682, -0.108579, 0.523465, -0.104793, 0.024203, 0.428671]"
CONTROL,29545027.553999946,"[-0.099902, -0.106576, 0.5188, -0.104329, 0.020368, 0.427356]"
CONTROL,29565107.087,"[-0.097058, -0.104422, 0.514116, -0.103602, 0.016494, 0.426328]"
CONTROL,29585191.099999975,"[-0.094154, -0.102119, 0.509419, -0.102613, 0.012588, 0.425591]"
CONTROL,29605270.47200003,"[-0.09119, -0.099672, 0.504712, -0.101365, 0.008657, 0.425148]"
CONTROL,29625350.901000045,"[-0.088168, -0.097082, 0.5, -0.099861, 0.00471, 0.425]"
CONTROL,29645430.81700003,"[-0.08509, -0.094355, 0.495288, -0.098105, 0.000754, 0.425148]"
CONTROL,29665510.894000024,"[-0.081959, -0.091493, 0.490581, -0.0961, -0.003204, 0.425591]"
CONTROL,29685589.91400005,"[-0.078776, -0.088502, 0.485884, -0.093853, -0.007155, 0.426328]"
CONTROL,29705670.919,"[-0.075543, -0.085384, 0.4812, -0.091369, -0.011093, 0.427356]"
CONTROL,29725750.13200003,"[-0.072263, -0.082146, 0.476535, -0.088654, -0.015009, 0.428671]"
CONTROL,29745831.232,"[-0.068937, -0.07879, 0.471893, -0.085716, -0.018896, 0.430267]"
CONTROL,29765912.140999943,"[-0.065567, -0.075323, 0.467279, -0.08256, -0.022747, 0.432138]"
CONTROL,29785991.481999986,"[-0.062156, -0.071749, 0.462697, -0.079196, -0.026554, 0.434277]"
CONTROL,29806070.886000045,"[-0.058706, -0.068072, 0.458151, -0.075632, -0.030309, 0.436675]"
CONTROL,29826149.81100005,"[-0.055219, -0.064299, 0.453647, -0.071877, -0.034006, 0.439324]"
CONTROL,29846229.567000024,"[-0.051696, -0.060435, 0.449189, -0.067941, -0.037637, 0.442212]"
CONTROL,29866309.900000032,"[-0.048142, -0.056484, 0.444781, -0.063833, -0.041195, 0.445327]"
CONTROL,29890574.108999997,"[-0.044556, -0.052454, 0.440428, -0.059563, -0.044673, 0.448659]"
CONTROL,29910656.744999982,"[-0.040943, -0.048349, 0.436133, -0.055143, -0.048065, 0.452193]"
CONTROL,29930737.909999948,"[-0.037303, -0.044175, 0.431901, -0.050584, -0.051364, 0.455916]"
CONTROL,29950817.411000002,"[-0.033641, -0.039938, 0.427737, -0.045897, -0.054564, 0.459813]"
CONTROL,29970897.519000005,"[-0.029956, -0.035645, 0.423644, -0.041094, -0.057658, 0.463868]"
CONTROL,29990976.79600004,"[-0.026253, -0.031301, 0.419626, -0.036188, -0.060641, 0.468067]"
CONTROL,30011057.25599996,"[-0.022534, -0.026912, 0.415687, -0.031189, -0.063506, 0.472391]"
CONTROL,30031139.18899999,"[-0.0188, -0.022486, 0.411832, -0.026112, -0.066249, 0.476824]"
CONTROL,30051218.658000037,"[-0.015054, -0.018027, 0.408064, -0.02097, -0.068863, 0.481348]"
CONTROL,30071298.318000004,"[-0.011299, -0.013543, 0.404386, -0.015774, -0.071344, 0.485946]"
CONTROL,30091376.922999986,"[-0.007537, -0.009039, 0.400803, -0.010538, -0.073688, 0.4906]"
CONTROL,30111456.391000047,"[-0.00377, -0.004523, 0.397318, -0.005276, -0.075888, 0.495291]"
CONTROL,30131537.17199998,"[-0.0, -0.0, 0.393934, -0.0, -0.077942, 0.5]"
CONTROL,30151715.108999953,"[0.00377, 0.004523, 0.390655, 0.005276, -0.079845, 0.504709]"
CONTROL,30171797.458000015,"[0.007537, 0.009039, 0.387483, 0.010538, -0.081594, 0.5094]"
CONTROL,30191878.11100005,"[0.011299, 0.013543, 0.384423, 0.015774, -0.083185, 0.514054]"
CONTROL,30211957.066999957,"[0.015054, 0.018027, 0.381477, 0.02097, -0.084615, 0.518652]"
CONTROL,30232036.856000036,"[0.0188, 0.022486, 0.378647, 0.026112, -0.085882, 0.523176]"
CONTROL,30252116.451999996,"[0.022534, 0.026912, 0.375938, 0.031189, -0.086982, 0.527609]"
CONTROL,30272196.368999973,"[0.026253, 0.031301, 0.373351, 0.036188, -0.087914, 0.531933]"
CONTROL,30292276.79799999,"[0.029956, 0.035645, 0.370889, 0.041094, -0.088676, 0.536132]"
CONTROL,30312359.241999958,"[0.033641, 0.039938, 0.368554, 0.045897, -0.089267, 0.540187]"
CONTROL,30332438.80700002,"[0.037303, 0.044175, 0.366349, 0.050584, -0.089684, 0.544084]"
CONTROL,30352518.691,"[0.040943, 0.048349, 0.364276, 0.055143, -0.089929, 0.547807]"
CONTROL,30372598.351999953,"[0.044556, 0.052454, 0.362337, 0.059563, -0.089999, 0.551341]"
CONTROL,30392677.436999977,"[0.048142, 0.056484, 0.360534, 0.063833, -0.089896, 0.554673]"
CONTROL,30412756.521000005,"[0.051696, 0.060435, 0.358868, 0.067941, -0.089618, 0.557788]"
CONTROL,30432836.05399995,"[0.055219, 0.064299, 0.357342, 0.071877, -0.089167, 0.560676]"
CONTROL,30452914.402000032,"[0.058706, 0.068072, 0.355956, 0.075632, -0.088544, 0.563325]"
CONTROL,30472992.782999996,"[0.062156, 0.071749, 0.354713, 0.079196, -0.08775, 0.565723]"
CONTROL,30493072.729000006,"[0.065567, 0.075323, 0.353612, 0.08256, -0.086785, 0.567862]"
CONTROL,30513151.583999958,"[0.068937, 0.07879, 0.352657, 0.085716, -0.085653, 0.569733]"
CONTROL,30533231.623999994,"[0.072263, 0.082146, 0.351847, 0.088654, -0.084355, 0.571329]"
CONTROL,30553312.398999993,"[0.075543, 0.085384, 0.351183, 0.091369, -0.082894, 0.572644]"
CONTROL,30573392.53400005,"[0.078776, 0.088502, 0.350666, 0.093853, -0.081273, 0.573672]"
CONTROL,30593471.421000004,"[0.081959, 0.091493, 0.350296, 0.0961, -0.079495, 0.574409]"
CONTROL,30613550.403999966,"[0.08509, 0.094355, 0.350074, 0.098105, -0.077563, 0.574852]"
CONTROL,30633632.842999987,"[0.088168, 0.097082, 0.35, 0.099861, -0.07548, 0.575]"
CONTROL,30653712.595000003,"[0.09119, 0.099672, 0.350074, 0.101365, -0.073252, 0.574852]"
CONTROL,30673794.04199994,"[0.094154, 0.102119, 0.350296, 0.102613, -0.070882, 0.574409]"
CONTROL,30693875.68100001,"[0.097058, 0.104422, 0.350666, 0.103602, -0.068375, 0.573672]"
CONTROL,30713956.167999983,"[0.099902, 0.106576, 0.351183, 0.104329, -0.065736, 0.572644]"
CONTROL,30734036.59099995,"[0.102682, 0.108579, 0.351847, 0.104793, -0.06297, 0.571329]"
CONTROL,30754117.462999944,"[0.105397, 0.110428, 0.352657, 0.104992, -0.060082, 0.569733]"
CONTROL,30774196.83000005,"[0.108046, 0.112119, 0.353612, 0.104925, -0.057077, 0.567862]"
CONTROL,30794278.469000004,"[0.110627, 0.113652, 0.354713, 0.104594, -0.053962, 0.565723]"
CONTROL,30814360.267999973,"[0.113138, 0.115023, 0.355956, 0.103998, -0.050743, 0.563325]"
CONTROL,30834441.65100002,"[0.115577, 0.11623, 0.357342, 0.10314, -0.047426, 0.560676]"
CONTROL,30854521.243000023,"[0.117943, 0.117272, 0.358868, 0.102021, -0.044017, 0.557788]"
CONTROL,30874600.738000028,"[0.120235, 0.118148, 0.360534, 0.100645, -0.040523, 0.554673]"
CONTROL,30894681.35300001,"[0.122451, 0.118855, 0.362337, 0.099014, -0.03695, 0.551341]"
CONTROL,30914761.423999947,"[0.124589, 0.119394, 0.364276, 0.097133, -0.033306, 0.547807]"
CONTROL,30934843.51099994,"[0.126649, 0.119763, 0.366349, 0.095007, -0.029598, 0.544084]"
CONTROL,30954925.43900002,"[0.128629, 0.119962, 0.368554, 0.092641, -0.025832, 0.540187]"
CONTROL,30975006.150000013,"[0.130528, 0.119991, 0.370889, 0.09004, -0.022017, 0.536132]"
CONTROL,30995085.80500003,"[0.132344, 0.119848, 0.373351, 0.087213, -0.018159, 0.531933]"
CONTROL,31015164.243999947,"[0.134076, 0.119536, 0.375938, 0.084165, -0.014265, 0.527609]"
CONTROL,31035246.522999953,"[0.135724, 0.119054, 0.378647, 0.080904, -0.010344, 0.523176]"
CONTROL,31055325.92199995,"[0.137286, 0.118402, 0.381477, 0.077439, -0.006403, 0.518652]"
CONTROL,31075404.682,"[0.138762, 0.117583, 0.384423, 0.073778, -0.00245, 0.514054]"
CONTROL,31095485.71300002,"[0.140149, 0.116596, 0.387483, 0.069931, 0.001508, 0.5094]"
CONTROL,31115565.81599996,"[0.141449, 0.115443, 0.390655, 0.065908, 0.005463, 0.504709]"
CONTROL,31135646.335000046,"[0.142658, 0.114127, 0.393934, 0.061717, 0.009408, 0.5]"
CONTROL,31155789.03300002,"[0.143778, 0.112648, 0.397318, 0.057371, 0.013334, 0.495291]"
CONTROL,31175868.272000004,"[0.144807, 0.111009, 0.400803, 0.05288, 0.017234, 0.4906]"
CONTROL,31195948.855999973,"[0.145745, 0.109213, 0.404386, 0.048256, 0.021102, 0.485946]"
CONTROL,31216028.094999958,"[0.14659, 0.107261, 0.408064, 0.043509, 0.024928, 0.481348]"
CONTROL,31236107.717999972,"[0.147343, 0.105157, 0.411832, 0.038653, 0.028706, 0.476824]"
CONTROL,31256188.364999957,"[0.148003, 0.102903, 0.415687, 0.033699, 0.032429, 0.472391]"
CONTROL,31276268.08399998,"[0.148569, 0.100503, 0.419626, 0.02866, 0.036089, 0.468067]"
CONTROL,31296348.219000038,"[0.149042, 0.097961, 0.423644, 0.023548, 0.039679, 0.463868]"
CONTROL,31316427.33000001,"[0.14942, 0.095279, 0.427737, 0.018377, 0.043193, 0.459813]"
CONTROL,31336506.794000003,"[0.149704, 0.092462, 0.431901, 0.01316, 0.046622, 0.455916]"
CONTROL,31356586.225,"[0.149893, 0.089513, 0.436133, 0.007909, 0.049962, 0.452193]"
CONTROL,31376666.64799997,"[0.149988, 0.086437, 0.440428, 0.002639, 0.053205, 0.448659]"
CONTROL,31396745.75899994,"[0.149988, 0.083238, 0.444781, -0.002639, 0.056345, 0.445327]"
CONTROL,31416825.253999945,"[0.149893, 0.079921, 0.449189, -0.007909, 0.059377, 0.442212]"
CONTROL,31436905.677000027,"[0.149704, 0.076491, 0.453647, -0.01316, 0.062293, 0.439324]"
CONTROL,31456987.765000008,"[0.14942, 0.072952, 0.458151, -0.018377, 0.065089, 0.436675]"
CONTROL,31477068.187999975,"[0.149042, 0.069309, 0.462697, -0.023548, 0.067759, 0.434277]"
CONTROL,31497146.65600004,"[0.148569, 0.065567, 0.467279, -0.02866, 0.070298, 0.432138]"
CONTROL,31517226.753000047,"[0.148003, 0.061733, 0.471893, -0.033699, 0.072701, 0.430267]"
CONTROL,31537306.787000034,"[0.147343, 0.05781, 0.476535, -0.038653, 0.074963, 0.428671]"
CONTROL,31557389.317,"[0.14659, 0.053806, 0.4812, -0.043509, 0.07708, 0.427356]"
CONTROL,31577470.406999964,"[0.145745, 0.049725, 0.485884, -0.048256, 0.079049, 0.426328]"
CONTROL,31597550.504999958,"[0.144807, 0.045573, 0.490581, -0.05288, 0.080864, 0.425591]"
CONTROL,31617631.723000046,"[0.143778, 0.041357, 0.495288, -0.057371, 0.082523, 0.425148]"
CONTROL,31637711.72500003,"[0.142658, 0.037082, 0.5, -0.061717, 0.084022, 0.425]"
CONTROL,31657793.00600002,"[0.141449, 0.032754, 0.504712, -0.065908, 0.085359, 0.425148]"
CONTROL,31677873.775999956,"[0.140149, 0.02838, 0.509419, -0.069931, 0.086531, 0.425591]"
CONTROL,31697954.00199996,"[0.138762, 0.023965, 0.514116, -0.073778, 0.087535, 0.426328]"
CONTROL,31718035.28399994,"[0.137286, 0.019516, 0.5188, -0.077439, 0.08837, 0.427356]"
CONTROL,31738114.517999973,"[0.135724, 0.01504, 0.523465, -0.080904, 0.089035, 0.428671]"
CONTROL,31758195.959999967,"[0.134076, 0.010542, 0.528107, -0.084165, 0.089526, 0.430267]"
CONTROL,31778275.321000025,"[0.132344, 0.006029, 0.532721, -0.087213, 0.089845, 0.432138]"
CONTROL,31798355.834999938,"[0.130528, 0.001508, 0.537303, -0.09004, 0.08999, 0.434277]"
CONTROL,31818438.812999945,"[0.128629, -0.003016, 0.541849, -0.092641, 0.089961, 0.436675]"
CONTROL,31838519.80700001,"[0.126649, -0.007535, 0.546353, -0.095007, 0.089758, 0.439324]"
CONTROL,31858595.58499999,"[0.124589, -0.012043, 0.550811, -0.097133, 0.089382, 0.442212]"
CONTROL,31878676.290000044,"[0.122451, -0.016535, 0.555219, -0.099014, 0.088832, 0.445327]"
CONTROL,31898756.867999963,"[0.120235, -0.021003, 0.559572, -0.100645, 0.088111, 0.448659]"
CONTROL,31918835.270000044,"[0.117943, -0.025441, 0.563867, -0.102021, 0.087219, 0.452193]"
CONTROL,31938914.952000003,"[0.115577, -0.029843, 0.568099, -0.10314, 0.086159, 0.455916]"
CONTROL,31958994.313999936,"[0.113138, -0.034202, 0.572263, -0.103998, 0.084932, 0.459813]"
CONTROL,31979075.659000047,"[0.110627, -0.038513, 0.576356, -0.104594, 0.08354, 0.463868]"
CONTROL,31999155.18099999,"[0.108046, -0.042769, 0.580374, -0.104925, 0.081987, 0.468067]"
CONTROL,32019235.21499998,"[0.105397, -0.046965, 0.584313, -0.104992, 0.080276, 0.472391]"
CONTROL,32039315.50499999,"[0.102682, -0.051094, 0.588168, -0.104793, 0.078409, 0.476824]"
CONTROL,32059395.122999944,"[0.099902, -0.05515, 0.591936, -0.104329, 0.076391, 0.481348]"
CONTROL,32079474.900000036,"[0.097058, -0.059127, 0.595614, -0.103602, 0.074225, 0.485946]"
CONTROL,32099554.549999993,"[0.094154, -0.063021, 0.599197, -0.102613, 0.071915, 0.4906]"
CONTROL,32119634.29599996,"[0.09119, -0.066825, 0.602682, -0.101365, 0.069466, 0.495291]"
CONTROL,32139713.497999992,"[0.088168, -0.070534, 0.606066, -0.099861, 0.066883, 0.5]"
CONTROL,32159855.677999984,"[0.08509, -0.074143, 0.609345, -0.098105, 0.064171, 0.504709]"
CONTROL,32179936.096000005,"[0.081959, -0.077647, 0.612517, -0.0961, 0.061334, 0.5094]"
CONTROL,32200017.505999994,"[0.078776, -0.08104, 0.615577, -0.093853, 0.058379, 0.514054]"
CONTROL,32220098.947999988,"[0.075543, -0.084318, 0.618523, -0.091369, 0.05531, 0.518652]"
CONTROL,32240178.40600004,"[0.072263, -0.087476, 0.621353, -0.088654, 0.052135, 0.523176]"
CONTROL,32260258.312000018,"[0.068937, -0.09051, 0.624062, -0.085716, 0.048859, 0.527609]"
CONTROL,32280339.561000004,"[0.065567, -0.093415, 0.626649, -0.08256, 0.045489, 0.531933]"
CONTROL,32300419.947000023,"[0.062156, -0.096188, 0.629111, -0.079196, 0.04203, 0.536132]"
CONTROL,32320501.229000002,"[0.058706, -0.098824, 0.631446, -0.075632, 0.038491, 0.540187]"
CONTROL,32340580.814999953,"[0.055219, -0.101319, 0.633651, -0.071877, 0.034876, 0.544084]"
CONTROL,32360659.69699996,"[0.051696, -0.103671, 0.635724, -0.067941, 0.031195, 0.547807]"
CONTROL,32380739.569999944,"[0.048142, -0.105875, 0.637663, -0.063833, 0.027453, 0.551341]"
CONTROL,32400820.820000034,"[0.044556, -0.107929, 0.639466, -0.059563, 0.023658, 0.554673]"
CONTROL,32420899.638000038,"[0.040943, -0.109829, 0.641132, -0.055143, 0.019817, 0.557788]"
CONTROL,32440979.512000013,"[0.037303, -0.111573, 0.642658, -0.050584, 0.015938, 0.560676]"
CONTROL,32461060.473999966,"[0.033641, -0.113159, 0.644044, -0.045897, 0.012028, 0.563325]"
CONTROL,32481141.59600004,"[0.029956, -0.114584, 0.645287, -0.041094, 0.008094, 0.565723]"
CONTROL,32501221.24099994,"[0.026253, -0.115846, 0.646388, -0.036188, 0.004145, 0.567862]"
CONTROL,32521300.118,"[0.022534, -0.116943, 0.647343, -0.031189, 0.000188, 0.569733]"
CONTROL,32541380.721999984,"[0.0188, -0.117874, 0.648153, -0.026112, -0.003769, 0.571329]"
CONTROL,32561460.879000038,"[0.015054, -0.118638, 0.648817, -0.02097, -0.007719, 0.572644]"
CONTROL,32581542.635000005,"[0.011299, -0.119233, 0.649334, -0.015774, -0.011654, 0.573672]"
CONTROL,32601622.023999993,"[0.007537, -0.119659, 0.649704, -0.010538, -0.015566, 0.574409]"
CONTROL,32621701.73200002,"[0.00377, -0.119915, 0.649926, -0.005276, -0.019449, 0.574852]"
CONTROL,32641782.433000002,"[-0.0, -0.12, 0.65, 0.0, -0.023294, 0.575]"
CONTROL,32661861.88500001,"[-0.00377, -0.119915, 0.649926, 0.005276, -0.027093, 0.574852]"
CONTROL,32681941.754000034,"[-0.007537, -0.119659, 0.649704, 0.010538, -0.030841, 0.574409]"
CONTROL,32702021.07800003,"[-0.011299, -0.119233, 0.649334, 0.015774, -0.034529, 0.573672]"
CONTROL,32722100.243,"[-0.015054, -0.118638, 0.648817, 0.02097, -0.038149, 0.572644]"
CONTROL,32742179.598999996,"[-0.0188, -0.117874, 0.648153, 0.026112, -0.041697, 0.571329]"
CONTROL,32762260.556,"[-0.022534, -0.116943, 0.647343, 0.031189, -0.045163, 0.569733]"
CONTROL,32782339.399999954,"[-0.026253, -0.115846, 0.646388, 0.036188, -0.048542, 0.567862]"
CONTROL,32802421.413000047,"[-0.029956, -0.114584, 0.645287, 0.041094, -0.051828, 0.565723]"
CONTROL,32822500.257000003,"[-0.033641, -0.113159, 0.644044, 0.045897, -0.055013, 0.563325]"
CONTROL,32842580.35000005,"[-0.037303, -0.111573, 0.642658, 0.050584, -0.058091, 0.560676]"
CONTROL,32862660.474999983,"[-0.040943, -0.109829, 0.641132, 0.055143, -0.061057, 0.557788]"
CONTROL,32882742.007000048,"[-0.044556, -0.107929, 0.639466, 0.059563, -0.063906, 0.554673]"
CONTROL,32902820.211999938,"[-0.048142, -0.105875, 0.637663, 0.063833, -0.06663, 0.551341]"
CONTROL,32922896.68800004,"[-0.051696, -0.103671, 0.635724, 0.067941, -0.069226, 0.547807]"
CONTROL,32942976.363999948,"[-0.055219, -0.101319, 0.633651, 0.071877, -0.071688, 0.544084]"
CONTROL,32963054.28100004,"[-0.058706, -0.098824, 0.631446, 0.075632, -0.074011, 0.540187]"
CONTROL,32983133.124999996,"[-0.062156, -0.096188, 0.629111, 0.079196, -0.076191, 0.536132]"
CONTROL,33003212.99400002,"[-0.065567, -0.093415, 0.626649, 0.08256, -0.078223, 0.531933]"
CONTROL,33023292.029999994,"[-0.068937, -0.09051, 0.624062, 0.085716, -0.080105, 0.527609]"
CONTROL,33043372.50699996,"[-0.072263, -0.087476, 0.621353, 0.088654, -0.081831, 0.523176]"
CONTROL,33063450.454999954,"[-0.075543, -0.084318, 0.618523, 0.091369, -0.083399, 0.518652]"
CONTROL,33083533.460000012,"[-0.078776, -0.08104, 0.615577, 0.093853, -0.084806, 0.514054]"
CONTROL,33103613.393000048,"[-0.081959, -0.077647, 0.612517, 0.0961, -0.086049, 0.5094]"
CONTROL,33123692.10899999,"[-0.08509, -0.074143, 0.609345, 0.098105, -0.087125, 0.504709]"
CONTROL,33143771.176999964,"[-0.088168, -0.070534, 0.606066, 0.099861, -0.088033, 0.5]"
CONTROL,33163915.33700005,"[-0.09119, -0.066825, 0.602682, 0.101365, -0.088771, 0.495291]"
CONTROL,33183994.117,"[-0.094154, -0.063021, 0.599197, 0.102613, -0.089337, 0.4906]"
CONTROL,33204072.097999983,"[-0.097058, -0.059127, 0.595614, 0.103602, -0.08973, 0.485946]"
CONTROL,33224152.381999943,"[-0.099902, -0.05515, 0.591936, 0.104329, -0.089949, 0.481348]"
CONTROL,33244232.122999962,"[-0.102682, -0.051094, 0.588168, 0.104793, -0.089995, 0.476824]"
CONTROL,33264314.35999996,"[-0.105397, -0.046965, 0.584313, 0.104992, -0.089867, 0.472391]"
CONTROL,33284394.708000038,"[-0.108046, -0.042769, 0.580374, 0.104925, -0.089564, 0.468067]"
CONTROL,33304474.92899998,"[-0.110627, -0.038513, 0.576356, 0.104594, -0.089089, 0.463868]"
CONTROL,33324553.709000044,"[-0.113138, -0.034202, 0.572263, 0.103998, -0.088441, 0.459813]"
CONTROL,33344631.402000006,"[-0.115577, -0.029843, 0.568099, 0.10314, -0.087622, 0.455916]"
CONTROL,33364712.00599999,"[-0.117943, -0.025441, 0.563867, 0.102021, -0.086634, 0.452193]"
CONTROL,33384791.74700001,"[-0.120235, -0.021003, 0.559572, 0.100645, -0.085478, 0.448659]"
CONTROL,33404873.951000012,"[-0.122451, -0.016535, 0.555219, 0.099014, -0.084157, 0.445327]"
CONTROL,33424954.395999976,"[-0.124589, -0.012043, 0.550811, 0.097133, -0.082673, 0.442212]"
CONTROL,33445034.839999948,"[-0.126649, -0.007535, 0.546353, 0.095007, -0.081029, 0.439324]"
CONTROL,33465114.51699996,"[-0.128629, -0.003016, 0.541849, 0.092641, -0.079228, 0.436675]"
CONTROL,33485194.961000048,"[-0.130528, 0.001508, 0.537303, 0.09004, -0.077274, 0.434277]"
CONTROL,33505274.793000013,"[-0.132344, 0.006029, 0.532721, 0.087213, -0.075171, 0.432138]"
CONTROL,33525354.687999994,"[-0.134076, 0.010542, 0.528107, 0.084165, -0.072922, 0.430267]"
CONTROL,33545433.943000033,"[-0.135724, 0.01504, 0.523465, 0.080904, -0.070532, 0.428671]"
CONTROL,33565513.807000004,"[-0.137286, 0.019516, 0.5188, 0.077439, -0.068006, 0.427356]"
CONTROL,33585592.99800004,"[-0.138762, 0.023965, 0.514116, 0.073778, -0.065349, 0.426328]"
CONTROL,33605672.50899999,"[-0.140149, 0.02838, 0.509419, 0.069931, -0.062564, 0.425591]"
CONTROL,33625752.21299994,"[-0.141449, 0.032754, 0.504712, 0.065908, -0.059659, 0.425148]"
CONTROL,33645831.243999965,"[-0.142658, 0.037082, 0.5, 0.061717, -0.056639, 0.425]"
CONTROL,33665910.338999994,"[-0.143778, 0.041357, 0.495288, 0.057371, -0.053509, 0.425148]"
CONTROL,33685988.98599999,"[-0.144807, 0.045573, 0.490581, 0.05288, -0.050275, 0.425591]"
CONTROL,33706070.25799996,"[-0.145745, 0.049725, 0.485884, 0.048256, -0.046944, 0.426328]"
CONTROL,33726150.72899998,"[-0.14659, 0.053806, 0.4812, 0.043509, -0.043523, 0.427356]"
CONTROL,33746230.68899996,"[-0.147343, 0.05781, 0.476535, 0.038653, -0.040017, 0.428671]"
CONTROL,33766310.64799994,"[-0.148003, 0.061733, 0.471893, 0.033699, -0.036434, 0.430267]"
CONTROL,33786390.41500003,"[-0.148569, 0.065567, 0.467279, 0.02866, -0.03278, 0.432138]"
CONTROL,33806468.838,"[-0.149042, 0.069309, 0.462697, 0.023548, -0.029063, 0.434277]"
CONTROL,33826548.63799996,"[-0.14942, 0.072952, 0.458151, 0.018377, -0.02529, 0.436675]"
CONTROL,33846627.89300001,"[-0.149704, 0.076491, 0.453647, 0.01316, -0.021468, 0.439324]"
CONTROL,33866710.15599995,"[-0.149893, 0.079921, 0.449189, 0.007909, -0.017604, 0.442212]"
CONTROL,33886789.76400001,"[-0.149988, 0.083238, 0.444781, 0.002639, -0.013707, 0.445327]"
CONTROL,33906869.21099996,"[-0.149988, 0.086437, 0.440428, -0.002639, -0.009782, 0.448659]"
CONTROL,33926950.29000004,"[-0.149893, 0.089513, 0.436133, -0.007909, -0.005839, 0.452193]"
CONTROL,33947029.673999965,"[-0.149704, 0.092462, 0.431901, -0.01316, -0.001885, 0.455916]"
CONTROL,33967106.944999956,"[-0.14942, 0.095279, 0.427737, -0.018377, 0.002073, 0.459813]"
CONTROL,33987187.99200003,"[-0.149042, 0.097961, 0.423644, -0.023548, 0.006027, 0.463868]"
CONTROL,34007269.199999996,"[-0.148569, 0.100503, 0.419626, -0.02866, 0.00997, 0.468067]"
CONTROL,34027348.74299995,"[-0.148003, 0.102903, 0.415687, -0.033699, 0.013893, 0.472391]"
CONTROL,34047430.01400004,"[-0.147343, 0.105157, 0.411832, -0.038653, 0.017789, 0.476824]"
CONTROL,34067511.28600001,"[-0.14659, 0.107261, 0.408064, -0.043509, 0.021651, 0.481348]"
CONTROL,34087591.084999986,"[-0.145745, 0.109213, 0.404386, -0.048256, 0.025471, 0.485946]"
CONTROL,34107670.40400003,"[-0.144807, 0.111009, 0.400803, -0.05288, 0.029242, 0.4906]"
CONTROL,34127750.203999996,"[-0.143778, 0.112648, 0.397318, -0.057371, 0.032956, 0.495291]"
CONTROL,34147831.66699999,"[-0.142658, 0.114127, 0.393934, -0.061717, 0.036606, 0.5]"
CONTROL,34167971.98100005,"[-0.141449, 0.115443, 0.390655, -0.065908, 0.040186, 0.504709]"
CONTROL,34188051.909000024,"[-0.140149, 0.116596, 0.387483, -0.069931, 0.043688, 0.5094]"
CONTROL,34208131.19599995,"[-0.138762, 0.117583, 0.384423, -0.073778, 0.047105, 0.514054]"
CONTROL,34228210.643000014,"[-0.137286, 0.118402, 0.381477, -0.077439, 0.050431, 0.518652]"
CONTROL,34248290.63499999,"[-0.135724, 0.119054, 0.378647, -0.080904, 0.05366, 0.523176]"
CONTROL,34268371.87399997,"[-0.134076, 0.119536, 0.375938, -0.084165, 0.056785, 0.527609]"
CONTROL,34288451.033,"[-0.132344, 0.119848, 0.373351, -0.087213, 0.0598, 0.531933]"
CONTROL,34308530.38500004,"[-0.130528, 0.119991, 0.370889, -0.09004, 0.0627, 0.536132]"
CONTROL,34328609.224000044,"[-0.128629, 0.119962, 0.368554, -0.092641, 0.065478, 0.540187]"
CONTROL,34348689.21500003,"[-0.126649, 0.119763, 0.366349, -0.095007, 0.06813, 0.544084]"
CONTROL,34368767.47799999,"[-0.124589, 0.119394, 0.364276, -0.097133, 0.070649, 0.547807]"
CONTROL,34388847.69399999,"[-0.122451, 0.118855, 0.362337, -0.099014, 0.073032, 0.551341]"
CONTROL,34408927.30099995,"[-0.120235, 0.118148, 0.360534, -0.100645, 0.075274, 0.554673]"
CONTROL,34429008.25200002,"[-0.117943, 0.117272, 0.358868, -0.102021, 0.077371, 0.557788]"
CONTROL,34449088.53200002,"[-0.115577, 0.11623, 0.357342, -0.10314, 0.079317, 0.560676]"
CONTROL,34469168.90700004,"[-0.113138, 0.115023, 0.355956, -0.103998, 0.081111, 0.563325]"
CONTROL,34489251.105999984,"[-0.110627, 0.113652, 0.354713, -0.104594, 0.082747, 0.565723]"
CONTROL,34509330.227999955,"[-0.108046, 0.112119, 0.353612, -0.104925, 0.084223, 0.567862]"
CONTROL,34529413.254000016,"[-0.105397, 0.110428, 0.352657, -0.104992, 0.085537, 0.569733]"
CONTROL,34549492.60000001,"[-0.102682, 0.108579, 0.351847, -0.104793, 0.086685, 0.571329]"
CONTROL,34569573.13099997,"[-0.099902, 0.106576, 0.351183, -0.104329, 0.087665, 0.572644]"
CONTROL,34589652.31699994,"[-0.097058, 0.104422, 0.350666, -0.103602, 0.088476, 0.573672]"
CONTROL,34609734.223000035,"[-0.094154, 0.102119, 0.350296, -0.102613, 0.089115, 0.574409]"
CONTROL,34629814.17699996,"[-0.09119, 0.099672, 0.350074, -0.101365, 0.089583, 0.574852]"
CONTROL,34649894.131,"[-0.088168, 0.097082, 0.35, -0.099861, 0.089877, 0.575]"
CONTROL,34669974.757999964,"[-0.08509, 0.094355, 0.350074, -0.098105, 0.089997, 0.574852]"
CONTROL,34690054.712000005,"[-0.081959, 0.091493, 0.350296, -0.0961, 0.089943, 0.574409]"
CONTROL,34710135.497999996,"[-0.078776, 0.088502, 0.350666, -0.093853, 0.089715, 0.573672]"
CONTROL,34730213.884000026,"[-0.075543, 0.085384, 0.351183, -0.091369, 0.089314, 0.572644]"
CONTROL,34750297.198999986,"[-0.072263, 0.082146, 0.351847, -0.088654, 0.08874, 0.571329]"
CONTROL,34770378.62500004,"[-0.068937, 0.07879, 0.352657, -0.085716, 0.087994, 0.569733]"
CONTROL,34790458.38699994,"[-0.065567, 0.075323, 0.353612, -0.08256, 0.087078, 0.567862]"
CONTROL,34810537.70100004,"[-0.062156, 0.071749, 0.354713, -0.079196, 0.085994, 0.565723]"
CONTROL,34830621.81599996,"[-0.058706, 0.068072, 0.355956, -0.075632, 0.084743, 0.563325]"
CONTROL,34850704.970000036,"[-0.055219, 0.064299, 0.357342, -0.071877, 0.083328, 0.560676]"
CONTROL,34870790.332999945,"[-0.051696, 0.060435, 0.358868, -0.067941, 0.081753, 0.557788]"
CONTROL,34890872.49499994,"[-0.048142, 0.056484, 0.360534, -0.063833, 0.080019, 0.554673]"
CONTROL,34910952.705,"[-0.044556, 0.052454, 0.362337, -0.059563, 0.07813, 0.551341]"
CONTROL,34931032.56300003,"[-0.040943, 0.048349, 0.364276, -0.055143, 0.07609, 0.547807]"
CONTROL,34951114.277999975,"[-0.037303, 0.044175, 0.366349, -0.050584, 0.073903, 0.544084]"
CONTROL,34971196.952000014,"[-0.033641, 0.039938, 0.368554, -0.045897, 0.071574, 0.540187]"
CONTROL,34991279.018,"[-0.029956, 0.035645, 0.370889, -0.041094, 0.069105, 0.536132]"
CONTROL,35011361.533000015,"[-0.026253, 0.031301, 0.373351, -0.036188, 0.066503, 0.531933]"
CONTROL,35031445.32700003,"[-0.022534, 0.026912, 0.375938, -0.031189, 0.063773, 0.527609]"
CONTROL,35051525.60099998,"[-0.0188, 0.022486, 0.378647, -0.026112, 0.060919, 0.523176]"
CONTROL,35071604.882999964,"[-0.015054, 0.018027, 0.381477, -0.02097, 0.057947, 0.518652]"
CONTROL,35091684.87,"[-0.011299, 0.013543, 0.384423, -0.015774, 0.054863, 0.514054]"
CONTROL,35111763.79999995,"[-0.007537, 0.009039, 0.387483, -0.010538, 0.051673, 0.5094]"
CONTROL,35131845.29,"[-0.00377, 0.004523, 0.390655, -0.005276, 0.048383, 0.504709]"
CONTROL,35151927.003999956,"[-0.0, -0.0, 0.393934, -0.0, 0.045, 0.5]"
CONTROL,35172066.32099999,"[0.00377, -0.004523, 0.397318, 0.005276, 0.04153, 0.495291]"
CONTROL,35192147.23599998,"[0.007537, -0.009039, 0.400803, 0.010538, 0.037979, 0.4906]"
CONTROL,35212226.87,"[0.011299, -0.013543, 0.404386, 0.015774, 0.034354, 0.485946]"
CONTROL,35232307.30399996,"[0.015054, -0.018027, 0.408064, 0.02097, 0.030664, 0.481348]"
CONTROL,35252388.92200002,"[0.0188, -0.022486, 0.411832, 0.026112, 0.026914, 0.476824]"
CONTROL,35272468.62100003,"[0.022534, -0.026912, 0.415687, 0.031189, 0.023112, 0.472391]"
CONTROL,35292548.287000045,"[0.026253, -0.031301, 0.419626, 0.036188, 0.019265, 0.468067]"
CONTROL,35312628.496999994,"[0.029956, -0.035645, 0.423644, 0.041094, 0.015381, 0.463868]"
CONTROL,35332708.67500005,"[0.033641, -0.039938, 0.427737, 0.045897, 0.011467, 0.459813]"
CONTROL,35352792.21400003,"[0.037303, -0.044175, 0.431901, 0.050584, 0.007531, 0.455916]"
CONTROL,35372871.239999995,"[0.040943, -0.048349, 0.436133, 0.055143, 0.00358, 0.452193]"
CONTROL,35392950.81,"[0.044556, -0.052454, 0.440428, 0.059563, -0.000377, 0.448659]"
CONTROL,35413031.98000003,"[0.048142, -0.056484, 0.444781, 0.063833, -0.004334, 0.445327]"
CONTROL,35433113.27899994,"[0.051696, -0.060435, 0.449189, 0.067941, -0.008282, 0.442212]"
CONTROL,35453197.136999965,"[0.055219, -0.064299, 0.453647, 0.071877, -0.012214, 0.439324]"
CONTROL,35473276.291000046,"[0.058706, -0.068072, 0.458151, 0.075632, -0.016123, 0.436675]"
CONTROL,35493355.730999954,"[0.062156, -0.071749, 0.462697, 0.079196, -0.020001, 0.434277]"
CONTROL,35513434.81599997,"[0.065567, -0.075323, 0.467279, 0.08256, -0.023839, 0.432138]"
CONTROL,35533514.35000002,"[0.068937, -0.07879, 0.471893, 0.085716, -0.027632, 0.430267]"
CONTROL,35553592.955,"[0.072263, -0.082146, 0.476535, 0.088654, -0.031371, 0.428671]"
CONTROL,35573672.51999994,"[0.075543, -0.085384, 0.4812, 0.091369, -0.03505, 0.427356]"
CONTROL,35593752.50100004,"[0.078776, -0.088502, 0.485884, 0.093853, -0.038661, 0.426328]"
CONTROL,35613833.34599998,"[0.081959, -0.091493, 0.490581, 0.0961, -0.042197, 0.425591]"
CONTROL,35633911.087000005,"[0.08509, -0.094355, 0.495288, 0.098105, -0.045651, 0.425148]"
CONTROL,35653990.65300005,"[0.088168, -0.097082, 0.5, 0.099861, -0.049018, 0.425]"
CONTROL,35674071.20999996,"[0.09119, -0.099672, 0.504712, 0.101365, -0.052289, 0.425148]"
CONTROL,35694150.19899998,"[0.094154, -0.102119, 0.509419, 0.102613, -0.055459, 0.425591]"
CONTROL,35714231.74799997,"[0.097058, -0.104422, 0.514116, 0.103602, -0.058522, 0.426328]"
CONTROL,35734311.63299995,"[0.099902, -0.106576, 0.5188, 0.104329, -0.061472, 0.427356]"
CONTROL,35754396.15899995,"[0.102682, -0.108579, 0.523465, 0.104793, -0.064303, 0.428671]"
CONTROL,35774472.747999996,"[0.105397, -0.110428, 0.528107, 0.104992, -0.067009, 0.430267]"
CONTROL,35794553.30500002,"[0.108046, -0.112119, 0.532721, 0.104925, -0.069586, 0.432138]"
CONTROL,35814632.13400002,"[0.110627, -0.113652, 0.537303, 0.104594, -0.072028, 0.434277]"
CONTROL,35834709.17099999,"[0.113138, -0.115023, 0.541849, 0.103998, -0.074331, 0.436675]"
CONTROL,35854793.92100001,"[0.115577, -0.11623, 0.546353, 0.10314, -0.07649, 0.439324]"
CONTROL,35874873.54999996,"[0.117943, -0.117272, 0.550811, 0.102021, -0.078502, 0.442212]"
CONTROL,35894954.71500004,"[0.120235, -0.118148, 0.555219, 0.100645, -0.080361, 0.445327]"
CONTROL,35915035.94400001,"[0.122451, -0.118855, 0.559572, 0.099014, -0.082065, 0.448659]"
CONTROL,35935117.14099998,"[0.124589, -0.119394, 0.563867, 0.097133, -0.08361, 0.452193]"
CONTROL,35955198.498999946,"[0.126649, -0.119763, 0.568099, 0.095007, -0.084994, 0.455916]"
CONTROL,35975277.00800003,"[0.128629, -0.119962, 0.572263, 0.092641, -0.086213, 0.459813]"
CONTROL,35995356.989000015,"[0.130528, -0.119991, 0.576356, 0.09004, -0.087265, 0.463868]"
CONTROL,36015437.96199997,"[0.132344, -0.119848, 0.580374, 0.087213, -0.088149, 0.468067]"
CONTROL,36035517.39900001,"[0.134076, -0.119536, 0.584313, 0.084165, -0.088862, 0.472391]"
CONTROL,36055598.82099999,"[0.135724, -0.119054, 0.588168, 0.080904, -0.089404, 0.476824]"
CONTROL,36075678.57799995,"[0.137286, -0.118402, 0.591936, 0.077439, -0.089772, 0.481348]"
CONTROL,36095759.48700001,"[0.138762, -0.117583, 0.595614, 0.073778, -0.089967, 0.485946]"
CONTROL,36115842.604000024,"[0.140149, -0.116596, 0.599197, 0.069931, -0.089987, 0.4906]"
CONTROL,36135925.65800002,"[0.141449, -0.115443, 0.602682, 0.065908, -0.089834, 0.495291]"
CONTROL,36156007.11100001,"[0.142658, -0.114127, 0.606066, 0.061717, -0.089507, 0.5]"
CONTROL,36176154.55099997,"[0.143778, -0.112648, 0.609345, 0.057371, -0.089007, 0.504709]"
CONTROL,36196234.72399996,"[0.144807, -0.111009, 0.612517, 0.05288, -0.088334, 0.5094]"
CONTROL,36216316.914000005,"[0.145745, -0.109213, 0.615577, 0.048256, -0.087491, 0.514054]"
CONTROL,36236395.64699999,"[0.14659, -0.107261, 0.618523, 0.043509, -0.086479, 0.518652]"
CONTROL,36256476.71599995,"[0.147343, -0.105157, 0.621353, 0.038653, -0.085299, 0.523176]"
CONTROL,36276555.736999966,"[0.148003, -0.102903, 0.624062, 0.033699, -0.083955, 0.527609]"
CONTROL,36296633.83000002,"[0.148569, -0.100503, 0.626649, 0.02866, -0.082447, 0.531933]"
CONTROL,36316721.30000004,"[0.149042, -0.097961, 0.629111, 0.023548, -0.080781, 0.536132]"
CONTROL,36336802.84900004,"[0.14942, -0.095279, 0.631446, 0.018377, -0.078958, 0.540187]"
CONTROL,36356883.469999954,"[0.149704, -0.092462, 0.633651, 0.01316, -0.076983, 0.544084]"
CONTROL,36376963.452000044,"[0.149893, -0.089513, 0.635724, 0.007909, -0.074858, 0.547807]"
CONTROL,36397043.43300002,"[0.149988, -0.086437, 0.637663, 0.002639, -0.072589, 0.551341]"
CONTROL,36417122.997999966,"[0.149988, -0.083238, 0.639466, -0.002639, -0.07018, 0.554673]"
CONTROL,36437205.09100001,"[0.149893, -0.079921, 0.641132, -0.007909, -0.067635, 0.557788]"
CONTROL,36457283.535999976,"[0.149704, -0.076491, 0.642658, -0.01316, -0.064958, 0.560676]"
CONTROL,36477364.061000004,"[0.14942, -0.072952, 0.644044, -0.018377, -0.062157, 0.563325]"
CONTROL,36497443.559999965,"[0.149042, -0.069309, 0.645287, -0.023548, -0.059235, 0.565723]"
CONTROL,36517523.31199998,"[0.148569, -0.065567, 0.646388, -0.02866, -0.056198, 0.567862]"
CONTROL,36537602.29600005,"[0.148003, -0.061733, 0.647343, -0.033699, -0.053053, 0.569733]"
CONTROL,36557681.600000024,"[0.147343, -0.05781, 0.648153, -0.038653, -0.049805, 0.571329]"
CONTROL,36577761.63999995,"[0.14659, -0.053806, 0.648817, -0.043509, -0.046461, 0.572644]"
CONTROL,36597842.385000035,"[0.145745, -0.049725, 0.649334, -0.048256, -0.043027, 0.573672]"
CONTROL,36617921.91300003,"[0.144807, -0.045573, 0.649704, -0.05288, -0.03951, 0.574409]"
CONTROL,36638002.94500004,"[0.143778, -0.041357, 0.649926, -0.057371, -0.035916, 0.574852]"
CONTROL,36658082.40900003,"[0.142658, -0.037082, 0.65, -0.061717, -0.032253, 0.575]"
CONTROL,36678165.26599995,"[0.141449, -0.032754, 0.649926, -0.065908, -0.028528, 0.574852]"
CONTROL,36698246.97000001,"[0.140149, -0.02838, 0.649704, -0.069931, -0.024747, 0.574409]"
CONTROL,36718325.82599995,"[0.138762, -0.023965, 0.649334, -0.073778, -0.020918, 0.573672]"
CONTROL,36738405.995,"[0.137286, -0.019516, 0.648817, -0.077439, -0.017049, 0.572644]"
CONTROL,36758485.683000006,"[0.135724, -0.01504, 0.648153, -0.080904, -0.013147, 0.571329]"
CONTROL,36778565.43500002,"[0.134076, -0.010542, 0.647343, -0.084165, -0.00922, 0.569733]"
CONTROL,36798644.867000006,"[0.132344, -0.006029, 0.646388, -0.087213, -0.005275, 0.567862]"
CONTROL,36818726.53899995,"[0.130528, -0.001508, 0.645287, -0.09004, -0.001319, 0.565723]"
CONTROL,36838809.620000005,"[0.128629, 0.003016, 0.644044, -0.092641, 0.002639, 0.563325]"
CONTROL,36858888.50799995,"[0.126649, 0.007535, 0.642658, -0.095007, 0.006591, 0.560676]"
CONTROL,36878972.51599997,"[0.124589, 0.012043, 0.641132, -0.097133, 0.010532, 0.557788]"
CONTROL,36899054.54099994,"[0.122451, 0.016535, 0.639466, -0.099014, 0.014451, 0.554673]"
CONTROL,36919134.19699995,"[0.120235, 0.021003, 0.637663, -0.100645, 0.018343, 0.551341]"
CONTROL,36939214.685000025,"[0.117943, 0.025441, 0.635724, -0.102021, 0.022199, 0.547807]"
CONTROL,36959295.26999998,"[0.115577, 0.029843, 0.633651, -0.10314, 0.026013, 0.544084]"
CONTROL,36979374.317999944,"[0.113138, 0.034202, 0.631446, -0.103998, 0.029776, 0.540187]"
CONTROL,36999457.398,"[0.110627, 0.038513, 0.629111, -0.104594, 0.033481, 0.536132]"
CONTROL,37019537.15000002,"[0.108046, 0.042769, 0.626649, -0.104925, 0.037122, 0.531933]"
CONTROL,37039616.037999965,"[0.105397, 0.046965, 0.624062, -0.104992, 0.040691, 0.527609]"
CONTROL,37059693.77500003,"[0.102682, 0.051094, 0.621353, -0.104793, 0.044181, 0.523176]"
CONTROL,37079772.91899999,"[0.099902, 0.05515, 0.618523, -0.104329, 0.047586, 0.518652]"
CONTROL,37099851.96699995,"[0.097058, 0.059127, 0.615577, -0.103602, 0.050899, 0.514054]"
CONTROL,37119937.832,"[0.094154, 0.063021, 0.612517, -0.102613, 0.054113, 0.5094]"
CONTROL,37140018.22399996,"[0.09119, 0.066825, 0.609345, -0.101365, 0.057223, 0.504709]"
CONTROL,37160098.07199998,"[0.088168, 0.070534, 0.606066, -0.099861, 0.060222, 0.5]"
CONTROL,37180244.131,"[0.08509, 0.074143, 0.602682, -0.098105, 0.063104, 0.495291]"
CONTROL,37200325.41900002,"[0.081959, 0.077647, 0.599197, -0.0961, 0.065865, 0.4906]"
CONTROL,37220409.140000015,"[0.078776, 0.08104, 0.595614, -0.093853, 0.068498, 0.485946]"
CONTROL,37240489.30799995,"[0.075543, 0.084318, 0.591936, -0.091369, 0.070998, 0.481348]"
CONTROL,37260574.85299998,"[0.072263, 0.087476, 0.588168, -0.088654, 0.073362, 0.476824]"
CONTROL,37280654.380999975,"[0.068937, 0.09051, 0.584313, -0.085716, 0.075583, 0.472391]"
CONTROL,37300734.42100002,"[0.065567, 0.093415, 0.580374, -0.08256, 0.077658, 0.468067]"
CONTROL,37320813.949000016,"[0.062156, 0.096188, 0.576356, -0.079196, 0.079583, 0.463868]"
CONTROL,37340894.62999998,"[0.058706, 0.098824, 0.572263, -0.075632, 0.081354, 0.459813]"
CONTROL,37360974.95800004,"[0.055219, 0.101319, 0.568099, -0.071877, 0.082968, 0.455916]"
CONTROL,37381054.038,"[0.051696, 0.103671, 0.563867, -0.067941, 0.084421, 0.452193]"
CONTROL,37401133.694000006,"[0.048142, 0.105875, 0.559572, -0.063833, 0.085711, 0.448659]"
CONTROL,37421212.80599997,"[0.044556, 0.107929, 0.555219, -0.059563, 0.086835, 0.445327]"
CONTROL,37441292.52699997,"[0.040943, 0.109829, 0.550811, -0.055143, 0.087791, 0.442212]"
CONTROL,37461371.79899995,"[0.037303, 0.111573, 0.546353, -0.050584, 0.088578, 0.439324]"
CONTROL,37481449.98299995,"[0.033641, 0.113159, 0.541849, -0.045897, 0.089193, 0.436675]"
CONTROL,37501529.79500001,"[0.029956, 0.114584, 0.537303, -0.041094, 0.089635, 0.434277]"
CONTROL,37521605.95800001,"[0.026253, 0.115846, 0.532721, -0.036188, 0.089904, 0.432138]"
CONTROL,37541685.29000003,"[0.022534, 0.116943, 0.528107, -0.031189, 0.09, 0.430267]"
CONTROL,37561764.780999966,"[0.0188, 0.117874, 0.523465, -0.026112, 0.089921, 0.428671]"
CONTROL,37581843.15200003,"[0.015054, 0.118638, 0.5188, -0.02097, 0.089668, 0.427356]"
CONTROL,37601924.11599997,"[0.011299, 0.119233, 0.514116, -0.015774, 0.089242, 0.426328]"
CONTROL,37622003.41499999,"[0.007537, 0.119659, 0.509419, -0.010538, 0.088644, 0.425591]"
CONTROL,37642087.09900004,"[0.00377, 0.119915, 0.504712, -0.005276, 0.087873, 0.425148]"
CONTROL,37662166.91,"[0.0, 0.12, 0.5, -0.0, 0.086933, 0.425]"
CONTROL,37682245.60099997,"[-0.00377, 0.119915, 0.495288, 0.005276, 0.085825, 0.425148]"
CONTROL,37702326.88500005,"[-0.007537, 0.119659, 0.490581, 0.010538, 0.084551, 0.425591]"
CONTROL,37722407.815999985,"[-0.011299, 0.119233, 0.485884, 0.015774, 0.083113, 0.426328]"
CONTROL,37742487.27500003,"[-0.015054, 0.118638, 0.4812, 0.02097, 0.081515, 0.427356]"
CONTROL,37762574.89499994,"[-0.0188, 0.117874, 0.476535, 0.026112, 0.079758, 0.428671]"
CONTROL,37782655.09000005,"[-0.022534, 0.116943, 0.471893, 0.031189, 0.077848, 0.430267]"
CONTROL,37802734.61399997,"[-0.026253, 0.115846, 0.467279, 0.036188, 0.075787, 0.432138]"
CONTROL,37822815.769000046,"[-0.029956, 0.114584, 0.462697, 0.041094, 0.073579, 0.434277]"
CONTROL,37842899.00500005,"[-0.033641, 0.113159, 0.458151, 0.045897, 0.071229, 0.436675]"
CONTROL,37862980.51200004,"[-0.037303, 0.111573, 0.453647, 0.050584, 0.068742, 0.439324]"
CONTROL,37883057.827000014,"[-0.040943, 0.109829, 0.449189, 0.055143, 0.066121, 0.442212]"
CONTROL,37903138.53500004,"[-0.044556, 0.107929, 0.444781, 0.059563, 0.063372, 0.445327]"
CONTROL,37923219.14599995,"[-0.048142, 0.105875, 0.440428, 0.063833, 0.060501, 0.448659]"
CONTROL,37943297.35700001,"[-0.051696, 0.103671, 0.436133, 0.067941, 0.057513, 0.452193]"
CONTROL,37963376.016999975,"[-0.055219, 0.101319, 0.431901, 0.071877, 0.054414, 0.455916]"
CONTROL,37983456.17999996,"[-0.058706, 0.098824, 0.427737, 0.075632, 0.051209, 0.459813]"
CONTROL,38003534.83899994,"[-0.062156, 0.096188, 0.423644, 0.079196, 0.047906, 0.463868]"
CONTROL,38023614.106999956,"[-0.065567, 0.093415, 0.419626, 0.08256, 0.044509, 0.468067]"
CONTROL,38043693.534,"[-0.068937, 0.09051, 0.415687, 0.085716, 0.041027, 0.472391]"
CONTROL,38063772.76900002,"[-0.072263, 0.087476, 0.411832, 0.088654, 0.037465, 0.476824]"
CONTROL,38083854.05299998,"[-0.075543, 0.084318, 0.408064, 0.091369, 0.033831, 0.481348]"
CONTROL,38103932.839999974,"[-0.078776, 0.08104, 0.404386, 0.093853, 0.030131, 0.485946]"
CONTROL,38124011.78699997,"[-0.081959, 0.077647, 0.400803, 0.0961, 0.026374, 0.4906]"
CONTROL,38144093.32699995,"[-0.08509, 0.074143, 0.397318, 0.098105, 0.022565, 0.495291]"
CONTROL,38164173.394000046,"[-0.088168, 0.070534, 0.393934, 0.099861, 0.018712, 0.5]"
CONTROL,38184316.37599997,"[-0.09119, 0.066825, 0.390655, 0.101365, 0.014823, 0.504709]"
CONTROL,38204395.51599998,"[-0.094154, 0.063021, 0.387483, 0.102613, 0.010906, 0.5094]"
CONTROL,38224474.302999966,"[-0.097058, 0.059127, 0.384423, 0.103602, 0.006967, 0.514054]"
CONTROL,38244553.34599998,"[-0.099902, 0.05515, 0.381477, 0.104329, 0.003015, 0.518652]"
CONTROL,38264632.13399995,"[-0.102682, 0.051094, 0.378647, 0.104793, -0.000942, 0.523176]"
CONTROL,38284710.53700002,"[-0.105397, 0.046965, 0.375938, 0.104992, -0.004898, 0.527609]"
CONTROL,38304790.02799996,"[-0.108046, 0.042769, 0.373351, 0.104925, -0.008845, 0.531933]"
CONTROL,38324869.584,"[-0.110627, 0.038513, 0.370889, 0.104594, -0.012774, 0.536132]"
CONTROL,38344948.531,"[-0.113138, 0.034202, 0.368554, 0.103998, -0.016679, 0.540187]"
CONTROL,38365028.181999944,"[-0.115577, 0.029843, 0.366349, 0.10314, -0.020552, 0.544084]"
CONTROL,38385107.51399997,"[-0.117943, 0.025441, 0.364276, 0.102021, -0.024384, 0.547807]"
CONTROL,38405190.236999944,"[-0.120235, 0.021003, 0.362337, 0.100645, -0.02817, 0.551341]"
CONTROL,38425269.02400004,"[-0.122451, 0.016535, 0.360534, 0.099014, -0.031901, 0.554673]"
CONTROL,38445345.31499994,"[-0.124589, 0.012043, 0.358868, 0.097133, -0.03557, 0.557788]"
CONTROL,38465425.35100002,"[-0.126649, 0.007535, 0.357342, 0.095007, -0.039171, 0.560676]"
CONTROL,38485506.69799999,"[-0.128629, 0.003016, 0.355956, 0.092641, -0.042696, 0.563325]"
CONTROL,38505586.21699997,"[-0.130528, -0.001508, 0.354713, 0.09004, -0.046138, 0.565723]"
CONTROL,38525665.28700004,"[-0.132344, -0.006029, 0.353612, 0.087213, -0.049491, 0.567862]"
CONTROL,38545745.66999997,"[-0.134076, -0.010542, 0.352657, 0.084165, -0.052748, 0.569733]"
CONTROL,38565824.228,"[-0.135724, -0.01504, 0.351847, 0.080904, -0.055903, 0.571329]"
CONTROL,38585903.93899999,"[-0.137286, -0.019516, 0.351183, 0.077439, -0.05895, 0.572644]"
CONTROL,38605983.649,"[-0.138762, -0.023965, 0.350666, 0.073778, -0.061884, 0.573672]"
CONTROL,38626063.680000015,"[-0.140149, -0.02838, 0.350296, 0.069931, -0.064697, 0.574409]"
CONTROL,38646142.238000035,"[-0.141449, -0.032754, 0.350074, 0.065908, -0.067385, 0.574852]"
CONTROL,38666220.06099999,"[-0.142658, -0.037082, 0.35, 0.061717, -0.069943, 0.575]"
CONTROL,38686299.41899996,"[-0.143778, -0.041357, 0.350074, 0.057371, -0.072366, 0.574852]"
CONTROL,38706377.913999975,"[-0.144807, -0.045573, 0.350296, 0.05288, -0.074648, 0.574409]"
CONTROL,38726457.33599995,"[-0.145745, -0.049725, 0.350666, 0.048256, -0.076787, 0.573672]"
CONTROL,38746537.622999996,"[-0.14659, -0.053806, 0.351183, 0.043509, -0.078777, 0.572644]"
CONTROL,38766616.118,"[-0.147343, -0.05781, 0.351847, 0.038653, -0.080614, 0.571329]"
CONTROL,38786694.90000004,"[-0.148003, -0.061733, 0.352657, 0.033699, -0.082296, 0.569733]"
CONTROL,38806774.03499999,"[-0.148569, -0.065567, 0.353612, 0.02866, -0.083818, 0.567862]"
CONTROL,38826853.264999956,"[-0.149042, -0.069309, 0.354713, 0.023548, -0.085178, 0.565723]"
CONTROL,38846932.59200003,"[-0.14942, -0.072952, 0.355956, 0.018377, -0.086374, 0.563325]"
CONTROL,38867011.886,"[-0.149704, -0.076491, 0.357342, 0.01316, -0.087402, 0.560676]"
CONTROL,38887093.29300002,"[-0.149893, -0.079921, 0.358868, 0.007909, -0.088261, 0.557788]"
CONTROL,38907171.62700003,"[-0.149988, -0.083238, 0.360534, 0.002639, -0.08895, 0.554673]"
CONTROL,38927251.46600003,"[-0.149988, -0.086437, 0.362337, -0.002639, -0.089467, 0.551341]"
CONTROL,38947330.439999975,"[-0.149893, -0.089513, 0.364276, -0.007909, -0.08981, 0.547807]"
CONTROL,38967410.88700003,"[-0.149704, -0.092462, 0.366349, -0.01316, -0.08998, 0.544084]"
CONTROL,38987490.69300004,"[-0.14942, -0.095279, 0.368554, -0.018377, -0.089976, 0.540187]"
CONTROL,39007570.62799994,"[-0.149042, -0.097961, 0.370889, -0.023548, -0.089798, 0.536132]"
CONTROL,39027652.67500001,"[-0.148569, -0.100503, 0.373351, -0.02866, -0.089446, 0.531933]"
CONTROL,39047732.86499994,"[-0.148003, -0.102903, 0.375938, -0.033699, -0.088921, 0.527609]"
CONTROL,39067813.21599999,"[-0.147343, -0.105157, 0.378647, -0.038653, -0.088224, 0.523176]"
CONTROL,39087892.82999999,"[-0.14659, -0.107261, 0.381477, -0.043509, -0.087357, 0.518652]"
CONTROL,39107976.15699994,"[-0.145745, -0.109213, 0.384423, -0.048256, -0.08632, 0.514054]"
CONTROL,39128055.77200004,"[-0.144807, -0.111009, 0.387483, -0.05288, -0.085117, 0.5094]"
CONTROL,39148136.21799999,"[-0.143778, -0.112648, 0.390655, -0.057371, -0.083749, 0.504709]"
CONTROL,39168216.69700005,"[-0.142658, -0.114127, 0.393934, -0.061717, -0.082219, 0.5]"
CONTROL,39188369.75399995,"[-0.141449, -0.115443, 0.397318, -0.065908, -0.08053, 0.495291]"
CONTROL,39208449.52899995,"[-0.140149, -0.116596, 0.400803, -0.069931, -0.078685, 0.4906]"
CONTROL,39228531.80000004,"[-0.138762, -0.117583, 0.404386, -0.073778, -0.076688, 0.485946]"
CONTROL,39248613.75000001,"[-0.137286, -0.118402, 0.408064, -0.077439, -0.074543, 0.481348]"
CONTROL,39268693.17299997,"[-0.135724, -0.119054, 0.411832, -0.080904, -0.072254, 0.476824]"
CONTROL,39288775.28299995,"[-0.134076, -0.119536, 0.415687, -0.084165, -0.069824, 0.472391]"
CONTROL,39308858.06599997,"[-0.132344, -0.119848, 0.419626, -0.087213, -0.06726, 0.468067]"
CONTROL,39328937.776999965,"[-0.130528, -0.119991, 0.423644, -0.09004, -0.064566, 0.463868]"
CONTROL,39349021.23099994,"[-0.128629, -0.119962, 0.427737, -0.092641, -0.061747, 0.459813]"
CONTROL,39369101.742,"[-0.126649, -0.119763, 0.431901, -0.095007, -0.058808, 0.455916]"
CONTROL,39389197.32499994,"[-0.124589, -0.119394, 0.436133, -0.097133, -0.055755, 0.452193]"
CONTROL,39409276.267999984,"[-0.122451, -0.118855, 0.440428, -0.099014, -0.052595, 0.448659]"
CONTROL,39429360.363,"[-0.120235, -0.118148, 0.444781, -0.100645, -0.049333, 0.445327]"
CONTROL,39449440.77699995,"[-0.117943, -0.117272, 0.449189, -0.102021, -0.045976, 0.442212]"
CONTROL,39469520.360000044,"[-0.115577, -0.11623, 0.453647, -0.10314, -0.04253, 0.439324]"
CONTROL,39489602.75699994,"[-0.113138, -0.115023, 0.458151, -0.103998, -0.039001, 0.436675]"
CONTROL,39509681.31100001,"[-0.110627, -0.113652, 0.462697, -0.104594, -0.035397, 0.434277]"
CONTROL,39529760.60100002,"[-0.108046, -0.112119, 0.467279, -0.104925, -0.031725, 0.432138]"
CONTROL,39549839.57100001,"[-0.105397, -0.110428, 0.471893, -0.104992, -0.027991, 0.430267]"
CONTROL,39569919.37199996,"[-0.102682, -0.108579, 0.476535, -0.104793, -0.024203, 0.428671]"
CONTROL,39590000.518000014,"[-0.099902, -0.106576, 0.4812, -0.104329, -0.020368, 0.427356]"
CONTROL,39610086.079999976,"[-0.097058, -0.104422, 0.485884, -0.103602, -0.016494, 0.426328]"
CONTROL,39630169.97800003,"[-0.094154, -0.102119, 0.490581, -0.102613, -0.012588, 0.425591]"
CONTROL,39650248.91600001,"[-0.09119, -0.099672, 0.495288, -0.101365, -0.008657, 0.425148]"
CONTROL,39670330.477999985,"[-0.088168, -0.097082, 0.5, -0.099861, -0.00471, 0.425]"
CONTROL,39690411.65600004,"[-0.08509, -0.094355, 0.504712, -0.098105, -0.000754, 0.425148]"
CONTROL,39710491.42599998,"[-0.081959, -0.091493, 0.509419, -0.0961, 0.003204, 0.425591]"
CONTROL,39730570.97200001,"[-0.078776, -0.088502, 0.514116, -0.093853, 0.007155, 0.426328]"
CONTROL,39750652.78900001,"[-0.075543, -0.085384, 0.5188, -0.091369, 0.011093, 0.427356]"
CONTROL,39770731.40699997,"[-0.072263, -0.082146, 0.523465, -0.088654, 0.015009, 0.428671]"
CONTROL,39790811.20900003,"[-0.068937, -0.07879, 0.528107, -0.085716, 0.018896, 0.430267]"
CONTROL,39810890.75499994,"[-0.065567, -0.075323, 0.532721, -0.08256, 0.022747, 0.432138]"
CONTROL,39830970.62100001,"[-0.062156, -0.071749, 0.537303, -0.079196, 0.026554, 0.434277]"
CONTROL,39851049.622999996,"[-0.058706, -0.068072, 0.541849, -0.075632, 0.030309, 0.436675]"
CONTROL,39871146.961000025,"[-0.055219, -0.064299, 0.546353, -0.071877, 0.034006, 0.439324]"
CONTROL,39891228.17099997,"[-0.051696, -0.060435, 0.550811, -0.067941, 0.037637, 0.442212]"
CONTROL,39911307.684999995,"[-0.048142, -0.056484, 0.555219, -0.063833, 0.041195, 0.445327]"
CONTROL,39931390.27099994,"[-0.044556, -0.052454, 0.559572, -0.059563, 0.044673, 0.448659]"
CONTROL,39951469.91299998,"[-0.040943, -0.048349, 0.563867, -0.055143, 0.048065, 0.452193]"
CONTROL,39971548.01800002,"[-0.037303, -0.044175, 0.568099, -0.050584, 0.051364, 0.455916]"
CONTROL,39991628.04399998,"[-0.033641, -0.039938, 0.572263, -0.045897, 0.054564, 0.459813]"
CONTROL,40011707.68600002,"[-0.029956, -0.035645, 0.576356, -0.041094, 0.057658, 0.463868]"
CONTROL,40031788.032000005,"[-0.026253, -0.031301, 0.580374, -0.036188, 0.060641, 0.468067]"
CONTROL,40051866.937999986,"[-0.022534, -0.026912, 0.584313, -0.031189, 0.063506, 0.472391]"
CONTROL,40071945.97099999,"[-0.0188, -0.022486, 0.588168, -0.026112, 0.066249, 0.476824]"
CONTROL,40092025.293000005,"[-0.015054, -0.018027, 0.591936, -0.02097, 0.068863, 0.481348]"
CONTROL,40112099.71899996,"[-0.011299, -0.013543, 0.595614, -0.015774, 0.071344, 0.485946]"
CONTROL,40132184.897,"[-0.007537, -0.009039, 0.599197, -0.010538, 0.073688, 0.4906]"
CONTROL,40152265.72300003,"[-0.00377, -0.004523, 0.602682, -0.005276, 0.075888, 0.495291]"
CONTROL,40172345.74899999,"[-0.0, -0.0, 0.606066, -0.0, 0.077942, 0.5]"
CONTROL,40192486.06500003,"[0.00377, 0.004523, 0.609345, 0.005276, 0.079845, 0.504709]"
CONTROL,40212565.51499994,"[0.007537, 0.009039, 0.612517, 0.010538, 0.081594, 0.5094]"
CONTROL,40232644.29300002,"[0.011299, 0.013543, 0.615577, 0.015774, 0.083185, 0.514054]"
CONTROL,40252728.60699999,"[0.015054, 0.018027, 0.618523, 0.02097, 0.084615, 0.518652]"
CONTROL,40272808.280000046,"[0.0188, 0.022486, 0.621353, 0.026112, 0.085882, 0.523176]"
CONTROL,40292888.913999945,"[0.022534, 0.026912, 0.624062, 0.031189, 0.086982, 0.527609]"
CONTROL,40312969.45199995,"[0.026253, 0.031301, 0.626649, 0.036188, 0.087914, 0.531933]"
CONTROL,40333048.29400004,"[0.029956, 0.035645, 0.629111, 0.041094, 0.088676, 0.536132]"
CONTROL,40353127.45600004,"[0.033641, 0.039938, 0.631446, 0.045897, 0.089267, 0.540187]"
CONTROL,40373208.31399995,"[0.037303, 0.044175, 0.633651, 0.050584, 0.089684, 0.544084]"
CONTROL,40393287.859,"[0.040943, 0.048349, 0.635724, 0.055143, 0.089929, 0.547807]"
CONTROL,40413368.04499997,"[0.044556, 0.052454, 0.637663, 0.059563, 0.089999, 0.551341]"
CONTROL,40433448.07100005,"[0.048142, 0.056484, 0.639466, 0.063833, 0.089896, 0.554673]"
CONTROL,40453528.41700003,"[0.051696, 0.060435, 0.641132, 0.067941, 0.089618, 0.557788]"
CONTROL,40473610.81099996,"[0.055219, 0.064299, 0.642658, 0.071877, 0.089167, 0.560676]"
CONTROL,40493689.20300003,"[0.058706, 0.068072, 0.644044, 0.075632, 0.088544, 0.563325]"
CONTROL,40513770.82399995,"[0.062156, 0.071749, 0.645287, 0.079196, 0.08775, 0.565723]"
CONTROL,40533849.885,"[0.065567, 0.075323, 0.646388, 0.08256, 0.086785, 0.567862]"
CONTROL,40553930.865999974,"[0.068937, 0.07879, 0.647343, 0.085716, 0.085653, 0.569733]"
CONTROL,40574009.54299999,"[0.072263, 0.082146, 0.648153, 0.088654, 0.084355, 0.571329]"
CONTROL,40594089.661,"[0.075543, 0.085384, 0.648817, 0.091369, 0.082894, 0.572644]"
CONTROL,40614168.40200002,"[0.078776, 0.088502, 0.649334, 0.093853, 0.081273, 0.573672]"
CONTROL,40634249.25499999,"[0.081959, 0.091493, 0.649704, 0.0961, 0.079495, 0.574409]"
CONTROL,40654329.66000003,"[0.08509, 0.094355, 0.649926, 0.098105, 0.077563, 0.574852]"
CONTROL,40674408.43299994,"[0.088168, 0.097082, 0.65, 0.099861, 0.07548, 0.575]"
CONTROL,40694487.81400001,"[0.09119, 0.099672, 0.649926, 0.101365, 0.073252, 0.574852]"
CONTROL,40714566.65100004,"[0.094154, 0.102119, 0.649704, 0.102613, 0.070882, 0.574409]"
CONTROL,40734646.03299999,"[0.097058, 0.104422, 0.649334, 0.103602, 0.068375, 0.573672]"
CONTROL,40754724.42199998,"[0.099902, 0.106576, 0.648817, 0.104329, 0.065736, 0.572644]"
CONTROL,40774802.90699998,"[0.102682, 0.108579, 0.648153, 0.104793, 0.06297, 0.571329]"
CONTROL,40794882.12800004,"[0.105397, 0.110428, 0.647343, 0.104992, 0.060082, 0.569733]"
CONTROL,40814963.36500004,"[0.108046, 0.112119, 0.646388, 0.104925, 0.057077, 0.567862]"
CONTROL,40835042.64999999,"[0.110627, 0.113652, 0.645287, 0.104594, 0.053962, 0.565723]"
CONTROL,40855120.81499996,"[0.113138, 0.115023, 0.644044, 0.103998, 0.050743, 0.563325]"
CONTROL,40875201.57300003,"[0.115577, 0.11623, 0.642658, 0.10314, 0.047426, 0.560676]"
CONTROL,40895282.233999975,"[0.117943, 0.117272, 0.641132, 0.102021, 0.044017, 0.557788]"
CONTROL,40915360.49499996,"[0.120235, 0.118148, 0.639466, 0.100645, 0.040523, 0.554673]"
CONTROL,40935439.524000004,"[0.122451, 0.118855, 0.637663, 0.099014, 0.03695, 0.551341]"
CONTROL,40955520.632999994,"[0.124589, 0.119394, 0.635724, 0.097133, 0.033306, 0.547807]"
CONTROL,40975601.64699996,"[0.126649, 0.119763, 0.633651, 0.095007, 0.029598, 0.544084]"
CONTROL,40995681.47599996,"[0.128629, 0.119962, 0.631446, 0.092641, 0.025832, 0.540187]"
CONTROL,41015761.49699997,"[0.130528, 0.119991, 0.629111, 0.09004, 0.022017, 0.536132]"
CONTROL,41035841.06999995,"[0.132344, 0.119848, 0.626649, 0.087213, 0.018159, 0.531933]"
CONTROL,41055920.54700003,"[0.134076, 0.119536, 0.624062, 0.084165, 0.014265, 0.527609]"
CONTROL,41076003.28900003,"[0.135724, 0.119054, 0.621353, 0.080904, 0.010344, 0.523176]"
CONTROL,41096083.78999997,"[0.137286, 0.118402, 0.618523, 0.077439, 0.006403, 0.518652]"
CONTROL,41116164.22700001,"[0.138762, 0.117583, 0.615577, 0.073778, 0.00245, 0.514054]"
CONTROL,41136244.823999956,"[0.140149, 0.116596, 0.612517, 0.069931, -0.001508, 0.5094]"
CONTROL,41156325.38900001,"[0.141449, 0.115443, 0.609345, 0.065908, -0.005463, 0.504709]"
CONTROL,41176406.370999984,"[0.142658, 0.114127, 0.606066, 0.061717, -0.009408, 0.5]"
CONTROL,41196549.11500004,"[0.143778, 0.112648, 0.602682, 0.057371, -0.013334, 0.495291]"
CONTROL,41216630.28800003,"[0.144807, 0.111009, 0.599197, 0.05288, -0.017234, 0.4906]"
CONTROL,41236709.50899998,"[0.145745, 0.109213, 0.595614, 0.048256, -0.021102, 0.485946]"
CONTROL,41256789.273999974,"[0.14659, 0.107261, 0.591936, 0.043509, -0.024928, 0.481348]"
CONTROL,41276869.13499997,"[0.147343, 0.105157, 0.588168, 0.038653, -0.028706, 0.476824]"
CONTROL,41296948.132000014,"[0.148003, 0.102903, 0.584313, 0.033699, -0.032429, 0.472391]"
CONTROL,41317028.09000001,"[0.148569, 0.100503, 0.580374, 0.02866, -0.036089, 0.468067]"
CONTROL,41337106.92700004,"[0.149042, 0.097961, 0.576356, 0.023548, -0.039679, 0.463868]"
CONTROL,41357190.211999975,"[0.14942, 0.095279, 0.572263, 0.018377, -0.043193, 0.459813]"
CONTROL,41377272.21700004,"[0.149704, 0.092462, 0.568099, 0.01316, -0.046622, 0.455916]"
CONTROL,41397351.82200002,"[0.149893, 0.089513, 0.563867, 0.007909, -0.049962, 0.452193]"
CONTROL,41417432.06800004,"[0.149988, 0.086437, 0.559572, 0.002639, -0.053205, 0.448659]"
CONTROL,41437513.94499998,"[0.149988, 0.083238, 0.555219, -0.002639, -0.056345, 0.445327]"
CONTROL,41457594.63800005,"[0.149893, 0.079921, 0.550811, -0.007909, -0.059377, 0.442212]"
CONTROL,41477673.987,"[0.149704, 0.076491, 0.546353, -0.01316, -0.062293, 0.439324]"
CONTROL,41497753.46199999,"[0.14942, 0.072952, 0.541849, -0.018377, -0.065089, 0.436675]"
CONTROL,41517831.68600002,"[0.149042, 0.069309, 0.537303, -0.023548, -0.067759, 0.434277]"
CONTROL,41537909.78300003,"[0.148569, 0.065567, 0.532721, -0.02866, -0.070298, 0.432138]"
CONTROL,41557992.743,"[0.148003, 0.061733, 0.528107, -0.033699, -0.072701, 0.430267]"
CONTROL,41578071.60799996,"[0.147343, 0.05781, 0.523465, -0.038653, -0.074963, 0.428671]"
CONTROL,41598151.400000006,"[0.14659, 0.053806, 0.5188, -0.043509, -0.07708, 0.427356]"
CONTROL,41618232.60100005,"[0.145745, 0.049725, 0.514116, -0.048256, -0.079049, 0.426328]"
CONTROL,41638311.88200004,"[0.144807, 0.045573, 0.509419, -0.05288, -0.080864, 0.425591]"
CONTROL,41658391.51399996,"[0.143778, 0.041357, 0.504712, -0.057371, -0.082523, 0.425148]"
CONTROL,41678470.37900003,"[0.142658, 0.037082, 0.5, -0.061717, -0.084022, 0.425]"
CONTROL,41698550.65100001,"[0.141449, 0.032754, 0.495288, -0.065908, -0.085359, 0.425148]"
CONTROL,41718631.179999985,"[0.140149, 0.02838, 0.490581, -0.069931, -0.086531, 0.425591]"
CONTROL,41738709.245,"[0.138762, 0.023965, 0.485884, -0.073778, -0.087535, 0.426328]"
CONTROL,41758788.140999965,"[0.137286, 0.019516, 0.4812, -0.077439, -0.08837, 0.427356]"
CONTROL,41778868.030000016,"[0.135724, 0.01504, 0.476535, -0.080904, -0.089035, 0.428671]"
CONTROL,41798946.79799998,"[0.134076, 0.010542, 0.471893, -0.084165, -0.089526, 0.430267]"
CONTROL,41819024.446999945,"[0.132344, 0.006029, 0.467279, -0.087213, -0.089845, 0.432138]"
CONTROL,41839105.51899999,"[0.130528, 0.001508, 0.462697, -0.09004, -0.08999, 0.434277]"
CONTROL,41859184.51199996,"[0.128629, -0.003016, 0.458151, -0.092641, -0.089961, 0.436675]"
CONTROL,41879259.98399999,"[0.126649, -0.007535, 0.453647, -0.095007, -0.089758, 0.439324]"
CONTROL,41899339.200999975,"[0.124589, -0.012043, 0.449189, -0.097133, -0.089382, 0.442212]"
CONTROL,41919418.064999945,"[0.122451, -0.016535, 0.444781, -0.099014, -0.088832, 0.445327]"
CONTROL,41939500.67399999,"[0.120235, -0.021003, 0.440428, -0.100645, -0.088111, 0.448659]"
CONTROL,41959581.68300001,"[0.117943, -0.025441, 0.436133, -0.102021, -0.087219, 0.452193]"
CONTROL,41979661.442999944,"[0.115577, -0.029843, 0.431901, -0.10314, -0.086159, 0.455916]"
CONTROL,41999740.18,"[0.113138, -0.034202, 0.427737, -0.103998, -0.084932, 0.459813]"
CONTROL,42019820.452999964,"[0.110627, -0.038513, 0.423644, -0.104594, -0.08354, 0.463868]"
CONTROL,42039903.41300005,"[0.108046, -0.042769, 0.419626, -0.104925, -0.081987, 0.468067]"
CONTROL,42059984.006000035,"[0.105397, -0.046965, 0.415687, -0.104992, -0.080276, 0.472391]"
CONTROL,42080064.50300001,"[0.102682, -0.051094, 0.411832, -0.104793, -0.078409, 0.476824]"
CONTROL,42100144.486999966,"[0.099902, -0.05515, 0.408064, -0.104329, -0.076391, 0.481348]"
CONTROL,42120224.664000034,"[0.097058, -0.059127, 0.404386, -0.103602, -0.074225, 0.485946]"
CONTROL,42140304.39199996,"[0.094154, -0.063021, 0.400803, -0.102613, -0.071915, 0.4906]"
CONTROL,42160383.672999956,"[0.09119, -0.066825, 0.397318, -0.101365, -0.069466, 0.495291]"
CONTROL,42180463.65800001,"[0.088168, -0.070534, 0.393934, -0.099861, -0.066883, 0.5]"
CONTROL,42200605.692999944,"[0.08509, -0.074143, 0.390655, -0.098105, -0.064171, 0.504709]"
CONTROL,42220688.462,"[0.081959, -0.077647, 0.387483, -0.0961, -0.061334, 0.5094]"
CONTROL,42240768.573999956,"[0.078776, -0.08104, 0.384423, -0.093853, -0.058379, 0.514054]"
CONTROL,42260849.390999965,"[0.075543, -0.084318, 0.381477, -0.091369, -0.05531, 0.518652]"
CONTROL,42280930.17499998,"[0.072263, -0.087476, 0.378647, -0.088654, -0.052135, 0.523176]"
CONTROL,42301010.735999964,"[0.068937, -0.09051, 0.375938, -0.085716, -0.048859, 0.527609]"
CONTROL,42321091.456999965,"[0.065567, -0.093415, 0.373351, -0.08256, -0.045489, 0.531933]"
CONTROL,42341171.569000036,"[0.062156, -0.096188, 0.370889, -0.079196, -0.04203, 0.536132]"
CONTROL,42361250.434,"[0.058706, -0.098824, 0.368554, -0.075632, -0.038491, 0.540187]"
CONTROL,42381331.66700004,"[0.055219, -0.101319, 0.366349, -0.071877, -0.034876, 0.544084]"
CONTROL,42401412.291000046,"[0.051696, -0.103671, 0.364276, -0.067941, -0.031195, 0.547807]"
CONTROL,42421495.18799999,"[0.048142, -0.105875, 0.362337, -0.063833, -0.027453, 0.551341]"
CONTROL,42441575.39599996,"[0.044556, -0.107929, 0.360534, -0.059563, -0.023658, 0.554673]"
CONTROL,42461656.917000026,"[0.040943, -0.109829, 0.358868, -0.055143, -0.019817, 0.557788]"
CONTROL,42481736.23000003,"[0.037303, -0.111573, 0.357342, -0.050584, -0.015938, 0.560676]"
CONTROL,42501815.25100004,"[0.033641, -0.113159, 0.355956, -0.045897, -0.012028, 0.563325]"
CONTROL,42521895.39100005,"[0.029956, -0.114584, 0.354713, -0.041094, -0.008094, 0.565723]"
CONTROL,42541975.85099996,"[0.026253, -0.115846, 0.353612, -0.036188, -0.004145, 0.567862]"
CONTROL,42562057.783,"[0.022534, -0.116943, 0.352657, -0.031189, -0.000188, 0.569733]"
CONTROL,42582137.76299999,"[0.0188, -0.117874, 0.351847, -0.026112, 0.003769, 0.571329]"
CONTROL,42602218.734999955,"[0.015054, -0.118638, 0.351183, -0.02097, 0.007719, 0.572644]"
CONTROL,42622301.21100003,"[0.011299, -0.119233, 0.350666, -0.015774, 0.011654, 0.573672]"
CONTROL,42642380.807,"[0.007537, -0.119659, 0.350296, -0.010538, 0.015566, 0.574409]"
CONTROL,42662462.00399996,"[0.00377, -0.119915, 0.350074, -0.005276, 0.019449, 0.574852]"
CONTROL,42682542.91200003,"[-0.0, -0.12, 0.35, 0.0, 0.023294, 0.575]"
CONTROL,42702623.59599996,"[-0.00377, -0.119915, 0.350074, 0.005276, 0.027093, 0.574852]"
CONTROL,42722704.34400002,"[-0.007537, -0.119659, 0.350296, 0.010538, 0.030841, 0.574409]"
CONTROL,42742783.71599996,"[-0.011299, -0.119233, 0.350666, 0.015774, 0.034529, 0.573672]"
CONTROL,42762864.143999994,"[-0.015054, -0.118638, 0.351183, 0.02097, 0.038149, 0.572644]"
CONTROL,42782944.187999986,"[-0.0188, -0.117874, 0.351847, 0.026112, 0.041697, 0.571329]"
CONTROL,42803025.063999936,"[-0.022534, -0.116943, 0.352657, 0.031189, 0.045163, 0.569733]"
CONTROL,42823105.23599995,"[-0.026253, -0.115846, 0.353612, 0.036188, 0.048542, 0.567862]"
CONTROL,42843186.91299996,"[-0.029956, -0.114584, 0.354713, 0.041094, 0.051828, 0.565723]"
CONTROL,42863265.96499998,"[-0.033641, -0.113159, 0.355956, 0.045897, 0.055013, 0.563325]"
CONTROL,42883348.376999944,"[-0.037303, -0.111573, 0.357342, 0.050584, 0.058091, 0.560676]"
CONTROL,42903427.14099995,"[-0.040943, -0.109829, 0.358868, 0.055143, 0.061057, 0.557788]"
CONTROL,42923507.18499995,"[-0.044556, -0.107929, 0.360534, 0.059563, 0.063906, 0.554673]"
CONTROL,42943586.525,"[-0.048142, -0.105875, 0.362337, 0.063833, 0.06663, 0.551341]"
CONTROL,42963671.688999966,"[-0.051696, -0.103671, 0.364276, 0.067941, 0.069226, 0.547807]"
CONTROL,42983752.213999994,"[-0.055219, -0.101319, 0.366349, 0.071877, 0.071688, 0.544084]"
CONTROL,43003832.06599997,"[-0.058706, -0.098824, 0.368554, 0.075632, 0.074011, 0.540187]"
CONTROL,43023911.182000004,"[-0.062156, -0.096188, 0.370889, 0.079196, 0.076191, 0.536132]"
CONTROL,43043991.194,"[-0.065567, -0.093415, 0.373351, 0.08256, 0.078223, 0.531933]"
CONTROL,43064070.31000003,"[-0.068937, -0.09051, 0.375938, 0.085716, 0.080105, 0.527609]"
CONTROL,43084149.52199996,"[-0.072263, -0.087476, 0.378647, 0.088654, 0.081831, 0.523176]"
CONTROL,43104231.74200002,"[-0.075543, -0.084318, 0.381477, 0.091369, 0.083399, 0.518652]"
CONTROL,43124310.57000004,"[-0.078776, -0.08104, 0.384423, 0.093853, 0.084806, 0.514054]"
CONTROL,43144389.430000044,"[-0.081959, -0.077647, 0.387483, 0.0961, 0.086049, 0.5094]"
CONTROL,43164469.058000006,"[-0.08509, -0.074143, 0.390655, 0.098105, 0.087125, 0.504709]"
CONTROL,43184551.245999955,"[-0.088168, -0.070534, 0.393934, 0.099861, 0.088033, 0.5]"
CONTROL,43204687.38900001,"[-0.09119, -0.066825, 0.397318, 0.101365, 0.088771, 0.495291]"
CONTROL,43224770.76099995,"[-0.094154, -0.063021, 0.400803, 0.102613, 0.089337, 0.4906]"
CONTROL,43244850.26100001,"[-0.097058, -0.059127, 0.404386, 0.103602, 0.08973, 0.485946]"
CONTROL,43264929.37700004,"[-0.099902, -0.05515, 0.408064, 0.104329, 0.089949, 0.481348]"
CONTROL,43285008.58899997,"[-0.102682, -0.051094, 0.411832, 0.104793, 0.089995, 0.476824]"
CONTROL,43305089.338000014,"[-0.105397, -0.046965, 0.415687, 0.104992, 0.089867, 0.472391]"
CONTROL,43325168.83799997,"[-0.108046, -0.042769, 0.419626, 0.104925, 0.089564, 0.468067]"
CONTROL,43345247.601999976,"[-0.110627, -0.038513, 0.423644, 0.104594, 0.089089, 0.463868]"
CONTROL,43365329.438,"[-0.113138, -0.034202, 0.427737, 0.103998, 0.088441, 0.459813]"
CONTROL,43385407.68999997,"[-0.115577, -0.029843, 0.431901, 0.10314, 0.087622, 0.455916]"
CONTROL,43405487.030000016,"[-0.117943, -0.025441, 0.436133, 0.102021, 0.086634, 0.452193]"
CONTROL,43425567.36200004,"[-0.120235, -0.021003, 0.440428, 0.100645, 0.085478, 0.448659]"
CONTROL,43445650.12600003,"[-0.122451, -0.016535, 0.444781, 0.099014, 0.084157, 0.445327]"
CONTROL,43465729.05000005,"[-0.124589, -0.012043, 0.449189, 0.097133, 0.082673, 0.442212]"
CONTROL,43485809.79799999,"[-0.126649, -0.007535, 0.453647, 0.095007, 0.081029, 0.439324]"
CONTROL,43505893.902000025,"[-0.128629, -0.003016, 0.458151, 0.092641, 0.079228, 0.436675]"
CONTROL,43525974.90200003,"[-0.130528, 0.001508, 0.462697, 0.09004, 0.077274, 0.434277]"
CONTROL,43546054.013000004,"[-0.132344, 0.006029, 0.467279, 0.087213, 0.075171, 0.432138]"
CONTROL,43566136.58100002,"[-0.134076, 0.010542, 0.471893, 0.084165, 0.072922, 0.430267]"
CONTROL,43586216.397000045,"[-0.135724, 0.01504, 0.476535, 0.080904, 0.070532, 0.428671]"
CONTROL,43606296.339999974,"[-0.137286, 0.019516, 0.4812, 0.077439, 0.068006, 0.427356]"
CONTROL,43626375.611999944,"[-0.138762, 0.023965, 0.485884, 0.073778, 0.065349, 0.426328]"
CONTROL,43646456.16400003,"[-0.140149, 0.02838, 0.490581, 0.069931, 0.062564, 0.425591]"
CONTROL,43666535.531000026,"[-0.141449, 0.032754, 0.495288, 0.065908, 0.059659, 0.425148]"
CONTROL,43686619.475000046,"[-0.142658, 0.037082, 0.5, 0.061717, 0.056639, 0.425]"
CONTROL,43706698.42699999,"[-0.143778, 0.041357, 0.504712, 0.057371, 0.053509, 0.425148]"
CONTROL,43726777.88999999,"[-0.144807, 0.045573, 0.509419, 0.05288, 0.050275, 0.425591]"
CONTROL,43746857.35399999,"[-0.145745, 0.049725, 0.514116, 0.048256, 0.046944, 0.426328]"
CONTROL,43766937.80999994,"[-0.14659, 0.053806, 0.5188, 0.043509, 0.043523, 0.427356]"
CONTROL,43787017.816999994,"[-0.147343, 0.05781, 0.523465, 0.038653, 0.040017, 0.428671]"
CONTROL,43807098.20899995,"[-0.148003, 0.061733, 0.528107, 0.033699, 0.036434, 0.430267]"
CONTROL,43827179.43299997,"[-0.148569, 0.065567, 0.532721, 0.02866, 0.03278, 0.432138]"
CONTROL,43847259.60000003,"[-0.149042, 0.069309, 0.537303, 0.023548, 0.029063, 0.434277]"
CONTROL,43867339.09600002,"[-0.14942, 0.072952, 0.541849, 0.018377, 0.02529, 0.436675]"
CONTROL,43887418.01599997,"[-0.149704, 0.076491, 0.546353, 0.01316, 0.021468, 0.439324]"
CONTROL,43907497.70299999,"[-0.149893, 0.079921, 0.550811, 0.007909, 0.017604, 0.442212]"
CONTROL,43927577.230999984,"[-0.149988, 0.083238, 0.555219, 0.002639, 0.013707, 0.445327]"
CONTROL,43947657.87899996,"[-0.149988, 0.086437, 0.559572, -0.002639, 0.009782, 0.448659]"
CONTROL,43967737.69399999,"[-0.149893, 0.089513, 0.563867, -0.007909, 0.005839, 0.452193]"
CONTROL,43987817.09399998,"[-0.149704, 0.092462, 0.568099, -0.01316, 0.001885, 0.455916]"
CONTROL,44007896.110000044,"[-0.14942, 0.095279, 0.572263, -0.018377, -0.002073, 0.459813]"
CONTROL,44027976.020999976,"[-0.149042, 0.097961, 0.576356, -0.023548, -0.006027, 0.463868]"
CONTROL,44048056.79699996,"[-0.148569, 0.100503, 0.580374, -0.02866, -0.00997, 0.468067]"
CONTROL,44068135.717000015,"[-0.148003, 0.102903, 0.584313, -0.033699, -0.013893, 0.472391]"
CONTROL,44088217.611999996,"[-0.147343, 0.105157, 0.588168, -0.038653, -0.017789, 0.476824]"
CONTROL,44108297.780000046,"[-0.14659, 0.107261, 0.591936, -0.043509, -0.021651, 0.481348]"
CONTROL,44128378.043999985,"[-0.145745, 0.109213, 0.595614, -0.048256, -0.025471, 0.485946]"
CONTROL,44148456.45100001,"[-0.144807, 0.111009, 0.599197, -0.05288, -0.029242, 0.4906]"
CONTROL,44168537.93099995,"[-0.143778, 0.112648, 0.602682, -0.057371, -0.032956, 0.495291]"
CONTROL,44188617.87499998,"[-0.142658, 0.114127, 0.606066, -0.061717, -0.036606, 0.5]"
CONTROL,44208761.27700001,"[-0.141449, 0.115443, 0.609345, -0.065908, -0.040186, 0.504709]"
CONTROL,44228840.773,"[-0.140149, 0.116596, 0.612517, -0.069931, -0.043688, 0.5094]"
CONTROL,44248920.204,"[-0.138762, 0.117583, 0.615577, -0.073778, -0.047105, 0.514054]"
CONTROL,44269000.81999997,"[-0.137286, 0.118402, 0.618523, -0.077439, -0.050431, 0.518652]"
CONTROL,44289080.443999976,"[-0.135724, 0.119054, 0.621353, -0.080904, -0.05366, 0.523176]"
CONTROL,44309159.93899998,"[-0.134076, 0.119536, 0.624062, -0.084165, -0.056785, 0.527609]"
CONTROL,44329239.17899995,"[-0.132344, 0.119848, 0.626649, -0.087213, -0.0598, 0.531933]"
CONTROL,44349318.64199996,"[-0.130528, 0.119991, 0.629111, -0.09004, -0.0627, 0.536132]"
CONTROL,44369397.24199999,"[-0.128629, 0.119962, 0.631446, -0.092641, -0.065478, 0.540187]"
CONTROL,44389476.866,"[-0.126649, 0.119763, 0.633651, -0.095007, -0.06813, 0.544084]"
CONTROL,44409556.745000035,"[-0.124589, 0.119394, 0.635724, -0.097133, -0.070649, 0.547807]"
CONTROL,44429636.36900003,"[-0.122451, 0.118855, 0.637663, -0.099014, -0.073032, 0.551341]"
CONTROL,44449716.98500001,"[-0.120235, 0.118148, 0.639466, -0.100645, -0.075274, 0.554673]"
CONTROL,44469795.74399995,"[-0.117943, 0.117272, 0.641132, -0.102021, -0.077371, 0.557788]"
CONTROL,44489875.302999966,"[-0.115577, 0.11623, 0.642658, -0.10314, -0.079317, 0.560676]"
CONTROL,44509955.68999997,"[-0.113138, 0.115023, 0.644044, -0.103998, -0.081111, 0.563325]"
CONTROL,44530034.57299997,"[-0.110627, 0.113652, 0.645287, -0.104594, -0.082747, 0.565723]"
CONTROL,44550114.097,"[-0.108046, 0.112119, 0.646388, -0.104925, -0.084223, 0.567862]"
CONTROL,44570195.18799996,"[-0.105397, 0.110428, 0.647343, -0.104992, -0.085537, 0.569733]"
CONTROL,44590275.991,"[-0.102682, 0.108579, 0.648153, -0.104793, -0.086685, 0.571329]"
CONTROL,44610356.73100002,"[-0.099902, 0.106576, 0.648817, -0.104329, -0.087665, 0.572644]"
CONTROL,44630437.02200002,"[-0.097058, 0.104422, 0.649334, -0.103602, -0.088476, 0.573672]"
CONTROL,44650516.640999965,"[-0.094154, 0.102119, 0.649704, -0.102613, -0.089115, 0.574409]"
CONTROL,44670598.94900001,"[-0.09119, 0.099672, 0.649926, -0.101365, -0.089583, 0.574852]"
CONTROL,44690678.631999955,"[-0.088168, 0.097082, 0.65, -0.099861, -0.089877, 0.575]"
CONTROL,44710759.91500004,"[-0.08509, 0.094355, 0.649926, -0.098105, -0.089997, 0.574852]"
CONTROL,44730839.02199994,"[-0.081959, 0.091493, 0.649704, -0.0961, -0.089943, 0.574409]"
CONTROL,44750918.64199999,"[-0.078776, 0.088502, 0.649334, -0.093853, -0.089715, 0.573672]"
CONTROL,44770999.828999944,"[-0.075543, 0.085384, 0.648817, -0.091369, -0.089314, 0.572644]"
CONTROL,44791079.12799998,"[-0.072263, 0.082146, 0.648153, -0.088654, -0.08874, 0.571329]"
CONTROL,44811161.94799995,"[-0.068937, 0.07879, 0.647343, -0.085716, -0.087994, 0.569733]"
CONTROL,44831240.41500002,"[-0.065567, 0.075323, 0.646388, -0.08256, -0.087078, 0.567862]"
CONTROL,44851319.202000014,"[-0.062156, 0.071749, 0.645287, -0.079196, -0.085994, 0.565723]"
CONTROL,44871400.64599998,"[-0.058706, 0.068072, 0.644044, -0.075632, -0.084743, 0.563325]"
CONTROL,44891479.817,"[-0.055219, 0.064299, 0.642658, -0.071877, -0.083328, 0.560676]"
CONTROL,44911559.30800005,"[-0.051696, 0.060435, 0.641132, -0.067941, -0.081753, 0.557788]"
CONTROL,44931638.38299995,"[-0.048142, 0.056484, 0.639466, -0.063833, -0.080019, 0.554673]"
CONTROL,44951717.68299997,"[-0.044556, 0.052454, 0.637663, -0.059563, -0.07813, 0.551341]"
CONTROL,44971798.03799997,"[-0.040943, 0.048349, 0.635724, -0.055143, -0.07609, 0.547807]"
CONTROL,44991876.56899994,"[-0.037303, 0.044175, 0.633651, -0.050584, -0.073903, 0.544084]"
CONTROL,45011955.51599994,"[-0.033641, 0.039938, 0.631446, -0.045897, -0.071574, 0.540187]"
CONTROL,45032035.90399994,"[-0.029956, 0.035645, 0.629111, -0.041094, -0.069105, 0.536132]"
CONTROL,45052115.97100004,"[-0.026253, 0.031301, 0.626649, -0.036188, -0.066503, 0.531933]"
CONTROL,45072195.878,"[-0.022534, 0.026912, 0.624062, -0.031189, -0.063773, 0.527609]"
CONTROL,45092275.11300003,"[-0.0188, 0.022486, 0.621353, -0.026112, -0.060919, 0.523176]"
CONTROL,45112357.06900004,"[-0.015054, 0.018027, 0.618523, -0.02097, -0.057947, 0.518652]"
CONTROL,45132440.144000046,"[-0.011299, 0.013543, 0.615577, -0.015774, -0.054863, 0.514054]"
CONTROL,45152521.55600001,"[-0.007537, 0.009039, 0.612517, -0.010538, -0.051673, 0.5094]"
CONTROL,45172602.550999954,"[-0.00377, 0.004523, 0.609345, -0.005276, -0.048383, 0.504709]"
CONTROL,45192681.369999945,"[-0.0, 0.0, 0.606066, -0.0, -0.045, 0.5]"
CONTROL,45212822.46399994,"[0.00377, -0.004523, 0.602682, 0.005276, -0.04153, 0.495291]"
CONTROL,45232902.818999946,"[0.007537, -0.009039, 0.599197, 0.010538, -0.037979, 0.4906]"
CONTROL,45252983.590999976,"[0.011299, -0.013543, 0.595614, 0.015774, -0.034354, 0.485946]"
CONTROL,45273063.72199996,"[0.015054, -0.018027, 0.591936, 0.02097, -0.030664, 0.481348]"
CONTROL,45293144.493,"[0.0188, -0.022486, 0.588168, 0.026112, -0.026914, 0.476824]"
CONTROL,45313223.63300001,"[0.022534, -0.026912, 0.584313, 0.031189, -0.023112, 0.472391]"
CONTROL,45333303.37999996,"[0.026253, -0.031301, 0.580374, 0.036188, -0.019265, 0.468067]"
CONTROL,45353382.03899994,"[0.029956, -0.035645, 0.576356, 0.041094, -0.015381, 0.463868]"
CONTROL,45373460.82600004,"[0.033641, -0.039938, 0.572263, 0.045897, -0.011467, 0.459813]"
CONTROL,45393545.50199994,"[0.037303, -0.044175, 0.568099, 0.050584, -0.007531, 0.455916]"
CONTROL,45413626.08099996,"[0.040943, -0.048349, 0.563867, 0.055143, -0.00358, 0.452193]"
CONTROL,45433705.34799999,"[0.044556, -0.052454, 0.559572, 0.059563, 0.000377, 0.448659]"
CONTROL,45453786.75999996,"[0.048142, -0.056484, 0.555219, 0.063833, 0.004334, 0.445327]"
CONTROL,45473867.17899997,"[0.051696, -0.060435, 0.550811, 0.067941, 0.008282, 0.442212]"
CONTROL,45493949.100999996,"[0.055219, -0.064299, 0.546353, 0.071877, 0.012214, 0.439324]"
CONTROL,45514029.13200002,"[0.058706, -0.068072, 0.541849, 0.075632, 0.016123, 0.436675]"
CONTROL,45534112.61899998,"[0.062156, -0.071749, 0.537303, 0.079196, 0.020001, 0.434277]"
CONTROL,45554192.77800001,"[0.065567, -0.075323, 0.532721, 0.08256, 0.023839, 0.432138]"
CONTROL,45574272.905000046,"[0.068937, -0.07879, 0.528107, 0.085716, 0.027632, 0.430267]"
CONTROL,45594354.31199995,"[0.072263, -0.082146, 0.523465, 0.088654, 0.031371, 0.428671]"
CONTROL,45614435.11100003,"[0.075543, -0.085384, 0.5188, 0.091369, 0.03505, 0.427356]"
CONTROL,45634515.14199994,"[0.078776, -0.088502, 0.514116, 0.093853, 0.038661, 0.426328]"
CONTROL,45654597.061000004,"[0.081959, -0.091493, 0.509419, 0.0961, 0.042197, 0.425591]"
CONTROL,45674676.96400002,"[0.08509, -0.094355, 0.504712, 0.098105, 0.045651, 0.425148]"
CONTROL,45694760.32299997,"[0.088168, -0.097082, 0.5, 0.099861, 0.049018, 0.425]"
CONTROL,45714840.38599999,"[0.09119, -0.099672, 0.495288, 0.101365, 0.052289, 0.425148]"
CONTROL,45734921.34499998,"[0.094154, -0.102119, 0.490581, 0.102613, 0.055459, 0.425591]"
CONTROL,45755000.92799996,"[0.097058, -0.104422, 0.485884, 0.103602, 0.058522, 0.426328]"
CONTROL,45775080.83099997,"[0.099902, -0.106576, 0.4812, 0.104329, 0.061472, 0.427356]"
CONTROL,45795160.99,"[0.102682, -0.108579, 0.476535, 0.104793, 0.064303, 0.428671]"
CONTROL,45815239.90100004,"[0.105397, -0.110428, 0.471893, 0.104992, 0.067009, 0.430267]"
CONTROL,45835318.683999956,"[0.108046, -0.112119, 0.467279, 0.104925, 0.069586, 0.432138]"
CONTROL,45855398.07500004,"[0.110627, -0.113652, 0.462697, 0.104594, 0.072028, 0.434277]"
CONTROL,45875477.049999975,"[0.113138, -0.115023, 0.458151, 0.103998, 0.074331, 0.436675]"
CONTROL,45895556.50499994,"[0.115577, -0.11623, 0.453647, 0.10314, 0.07649, 0.439324]"
CONTROL,45915635.576,"[0.117943, -0.117272, 0.449189, 0.102021, 0.078502, 0.442212]"
CONTROL,45935715.47900001,"[0.120235, -0.118148, 0.444781, 0.100645, 0.080361, 0.445327]"
CONTROL,45955795.765999936,"[0.122451, -0.118855, 0.440428, 0.099014, 0.082065, 0.448659]"
CONTROL,45975874.612999976,"[0.124589, -0.119394, 0.436133, 0.097133, 0.08361, 0.452193]"
CONTROL,45995953.71500004,"[0.126649, -0.119763, 0.431901, 0.095007, 0.084994, 0.455916]"
CONTROL,46016033.17000002,"[0.128629, -0.119962, 0.427737, 0.092641, 0.086213, 0.459813]"
CONTROL,46036112.368999965,"[0.130528, -0.119991, 0.423644, 0.09004, 0.087265, 0.463868]"
CONTROL,46056191.05599999,"[0.132344, -0.119848, 0.419626, 0.087213, 0.088149, 0.468067]"
CONTROL,46076270.03100003,"[0.134076, -0.119536, 0.415687, 0.084165, 0.088862, 0.472391]"
CONTROL,46096348.941999964,"[0.135724, -0.119054, 0.411832, 0.080904, 0.089404, 0.476824]"
CONTROL,46116427.18099995,"[0.137286, -0.118402, 0.408064, 0.077439, 0.089772, 0.481348]"
CONTROL,46136508.71599998,"[0.138762, -0.117583, 0.404386, 0.073778, 0.089967, 0.485946]"
CONTROL,46156588.747,"[0.140149, -0.116596, 0.400803, 0.069931, 0.089987, 0.4906]"
CONTROL,46176671.56200002,"[0.141449, -0.115443, 0.397318, 0.065908, 0.089834, 0.495291]"
CONTROL,46196752.23299998,"[0.142658, -0.114127, 0.393934, 0.061717, 0.089507, 0.5]"
CONTROL,46216891.85100001,"[0.143778, -0.112648, 0.390655, 0.057371, 0.089007, 0.504709]"
CONTROL,46236971.978000045,"[0.144807, -0.111009, 0.387483, 0.05288, 0.088334, 0.5094]"
CONTROL,46257051.52900002,"[0.145745, -0.109213, 0.384423, 0.048256, 0.087491, 0.514054]"
CONTROL,46277132.36,"[0.14659, -0.107261, 0.381477, 0.043509, 0.086479, 0.518652]"
CONTROL,46297212.71100004,"[0.147343, -0.105157, 0.378647, 0.038653, 0.085299, 0.523176]"
CONTROL,46317292.96599997,"[0.148003, -0.102903, 0.375938, 0.033699, 0.083955, 0.527609]"
CONTROL,46337373.02899999,"[0.148569, -0.100503, 0.373351, 0.02866, 0.082447, 0.531933]"
CONTROL,46357452.61199997,"[0.149042, -0.097961, 0.370889, 0.023548, 0.080781, 0.536132]"
CONTROL,46377534.018999994,"[0.14942, -0.095279, 0.368554, 0.018377, 0.078958, 0.540187]"
CONTROL,46397614.24200003,"[0.149704, -0.092462, 0.366349, 0.01316, 0.076983, 0.544084]"
CONTROL,46417693.665,"[0.149893, -0.089513, 0.364276, 0.007909, 0.074858, 0.547807]"
CONTROL,46437773.98400005,"[0.149988, -0.086437, 0.362337, 0.002639, 0.072589, 0.551341]"
CONTROL,46457854.23899997,"[0.149988, -0.083238, 0.360534, -0.002639, 0.07018, 0.554673]"
CONTROL,46477936.925999984,"[0.149893, -0.079921, 0.358868, -0.007909, 0.067635, 0.557788]"
CONTROL,46498015.96199995,"[0.149704, -0.076491, 0.357342, -0.01316, 0.064958, 0.560676]"
CONTROL,46518098.26099998,"[0.14942, -0.072952, 0.355956, -0.018377, 0.062157, 0.563325]"
CONTROL,46538178.67199996,"[0.149042, -0.069309, 0.354713, -0.023548, 0.059235, 0.565723]"
CONTROL,46558258.69900002,"[0.148569, -0.065567, 0.353612, -0.02866, 0.056198, 0.567862]"
CONTROL,46578337.41299999,"[0.148003, -0.061733, 0.352657, -0.033699, 0.053053, 0.569733]"
CONTROL,46598415.55200001,"[0.147343, -0.05781, 0.351847, -0.038653, 0.049805, 0.571329]"
CONTROL,46618494.971000016,"[0.14659, -0.053806, 0.351183, -0.043509, 0.046461, 0.572644]"
CONTROL,46638580.022000045,"[0.145745, -0.049725, 0.350666, -0.048256, 0.043027, 0.573672]"
CONTROL,46658658.928000025,"[0.144807, -0.045573, 0.350296, -0.05288, 0.03951, 0.574409]"
CONTROL,46678739.37100001,"[0.143778, -0.041357, 0.350074, -0.057371, 0.035916, 0.574852]"
CONTROL,46698818.63,"[0.142658, -0.037082, 0.35, -0.061717, 0.032253, 0.575]"
CONTROL,46718898.30500004,"[0.141449, -0.032754, 0.350074, -0.065908, 0.028528, 0.574852]"
CONTROL,46738979.41899998,"[0.140149, -0.02838, 0.350296, -0.069931, 0.024747, 0.574409]"
CONTROL,46759058.42199995,"[0.138762, -0.023965, 0.350666, -0.073778, 0.020918, 0.573672]"
CONTROL,46779138.16099999,"[0.137286, -0.019516, 0.351183, -0.077439, 0.017049, 0.572644]"
CONTROL,46799216.65200004,"[0.135724, -0.01504, 0.351847, -0.080904, 0.013147, 0.571329]"
CONTROL,46819295.590000026,"[0.134076, -0.010542, 0.352657, -0.084165, 0.00922, 0.569733]"
CONTROL,46839375.48899996,"[0.132344, -0.006029, 0.353612, -0.087213, 0.005275, 0.567862]"
CONTROL,46859453.82,"[0.130528, -0.001508, 0.354713, -0.09004, 0.001319, 0.565723]"
CONTROL,46879531.18999997,"[0.128629, 0.003016, 0.355956, -0.092641, -0.002639, 0.563325]"
CONTROL,46899613.296999976,"[0.126649, 0.007535, 0.357342, -0.095007, -0.006591, 0.560676]"
CONTROL,46919693.38800004,"[0.124589, 0.012043, 0.358868, -0.097133, -0.010532, 0.557788]"
CONTROL,46939773.19099997,"[0.122451, 0.016535, 0.360534, -0.099014, -0.014451, 0.554673]"
CONTROL,46959852.737,"[0.120235, 0.021003, 0.362337, -0.100645, -0.018343, 0.551341]"
CONTROL,46979932.60399994,"[0.117943, 0.025441, 0.364276, -0.102021, -0.022199, 0.547807]"
CONTROL,47000011.57500003,"[0.115577, 0.029843, 0.366349, -0.10314, -0.026013, 0.544084]"
CONTROL,47020091.24999995,"[0.113138, 0.034202, 0.368554, -0.103998, -0.029776, 0.540187]"
CONTROL,47040172.04399997,"[0.110627, 0.038513, 0.370889, -0.104594, -0.033481, 0.536132]"
CONTROL,47060251.27099997,"[0.108046, 0.042769, 0.373351, -0.104925, -0.037122, 0.531933]"
CONTROL,47080332.41800001,"[0.105397, 0.046965, 0.375938, -0.104992, -0.040691, 0.527609]"
CONTROL,47100412.54099997,"[0.102682, 0.051094, 0.378647, -0.104793, -0.044181, 0.523176]"
CONTROL,47120492.40700003,"[0.099902, 0.05515, 0.381477, -0.104329, -0.047586, 0.518652]"
CONTROL,47140573.07400003,"[0.097058, 0.059127, 0.384423, -0.103602, -0.050899, 0.514054]"
CONTROL,47160652.36500003,"[0.094154, 0.063021, 0.387483, -0.102613, -0.054113, 0.5094]"
CONTROL,47180732.07199995,"[0.09119, 0.066825, 0.390655, -0.101365, -0.057223, 0.504709]"
CONTROL,47200811.04199994,"[0.088168, 0.070534, 0.393934, -0.099861, -0.060222, 0.5]"
CONTROL,47220955.711999975,"[0.08509, 0.074143, 0.397318, -0.098105, -0.063104, 0.495291]"
CONTROL,47241035.162999995,"[0.081959, 0.077647, 0.400803, -0.0961, -0.065865, 0.4906]"
CONTROL,47261116.468999945,"[0.078776, 0.08104, 0.404386, -0.093853, -0.068498, 0.485946]"
CONTROL,47281200.75200002,"[0.075543, 0.084318, 0.408064, -0.091369, -0.070998, 0.481348]"
CONTROL,47301281.002999984,"[0.072263, 0.087476, 0.411832, -0.088654, -0.073362, 0.476824]"
CONTROL,47321363.334000014,"[0.068937, 0.09051, 0.415687, -0.085716, -0.075583, 0.472391]"
CONTROL,47341441.98499996,"[0.065567, 0.093415, 0.419626, -0.08256, -0.077658, 0.468067]"
CONTROL,47361523.22800001,"[0.062156, 0.096188, 0.423644, -0.079196, -0.079583, 0.463868]"
CONTROL,47381601.97399998,"[0.058706, 0.098824, 0.427737, -0.075632, -0.081354, 0.459813]"
CONTROL,47401682.06500004,"[0.055219, 0.101319, 0.431901, -0.071877, -0.082968, 0.455916]"
CONTROL,47421763.75600002,"[0.051696, 0.103671, 0.436133, -0.067941, -0.084421, 0.452193]"
CONTROL,47441842.182999946,"[0.048142, 0.105875, 0.440428, -0.063833, -0.085711, 0.448659]"
CONTROL,47461920.83300002,"[0.044556, 0.107929, 0.444781, -0.059563, -0.086835, 0.445327]"
CONTROL,47482000.34800004,"[0.040943, 0.109829, 0.449189, -0.055143, -0.087791, 0.442212]"
CONTROL,47502079.53899997,"[0.037303, 0.111573, 0.453647, -0.050584, -0.088578, 0.439324]"
CONTROL,47522159.91399998,"[0.033641, 0.113159, 0.458151, -0.045897, -0.089193, 0.436675]"
CONTROL,47542239.647999965,"[0.029956, 0.114584, 0.462697, -0.041094, -0.089635, 0.434277]"
CONTROL,47562318.67899998,"[0.026253, 0.115846, 0.467279, -0.036188, -0.089904, 0.432138]"
CONTROL,47582398.893999994,"[0.022534, 0.116943, 0.471893, -0.031189, -0.09, 0.430267]"
CONTROL,47602478.53199996,"[0.0188, 0.117874, 0.476535, -0.026112, -0.089921, 0.428671]"
CONTROL,47622558.17100003,"[0.015054, 0.118638, 0.4812, -0.02097, -0.089668, 0.427356]"
CONTROL,47642637.649,"[0.011299, 0.119233, 0.485884, -0.015774, -0.089242, 0.426328]"
CONTROL,47662719.560000025,"[0.007537, 0.119659, 0.490581, -0.010538, -0.088644, 0.425591]"
CONTROL,47682800.09499995,"[0.00377, 0.119915, 0.495288, -0.005276, -0.087873, 0.425148]"
CONTROL,47702878.83699996,"[0.0, 0.12, 0.5, -0.0, -0.086933, 0.425]"
CONTROL,47722958.124,"[-0.00377, 0.119915, 0.504712, 0.005276, -0.085825, 0.425148]"
CONTROL,47743037.44199994,"[-0.007537, 0.119659, 0.509419, 0.010538, -0.084551, 0.425591]"
CONTROL,47763116.72899999,"[-0.011299, 0.119233, 0.514116, 0.015774, -0.083113, 0.426328]"
CONTROL,47783195.82300003,"[-0.015054, 0.118638, 0.5188, 0.02097, -0.081515, 0.427356]"
CONTROL,47803274.72600004,"[-0.0188, 0.117874, 0.523465, 0.026112, -0.079758, 0.428671]"
CONTROL,47823355.25999997,"[-0.022534, 0.116943, 0.528107, 0.031189, -0.077848, 0.430267]"
CONTROL,47843434.451000005,"[-0.026253, 0.115846, 0.532721, 0.036188, -0.075787, 0.432138]"
CONTROL,47863510.37700001,"[-0.029956, 0.114584, 0.537303, 0.041094, -0.073579, 0.434277]"
CONTROL,47883591.51999998,"[-0.033641, 0.113159, 0.541849, 0.045897, -0.071229, 0.436675]"
CONTROL,47903671.31899995,"[-0.037303, 0.111573, 0.546353, 0.050584, -0.068742, 0.439324]"
CONTROL,47923753.51700002,"[-0.040943, 0.109829, 0.550811, 0.055143, -0.066121, 0.442212]"
CONTROL,47943832.67599994,"[-0.044556, 0.107929, 0.555219, 0.059563, -0.063372, 0.445327]"
CONTROL,47963913.01799997,"[-0.048142, 0.105875, 0.559572, 0.063833, -0.060501, 0.448659]"
CONTROL,47983992.113,"[-0.051696, 0.103671, 0.563867, 0.067941, -0.057513, 0.452193]"
CONTROL,48004072.42400002,"[-0.055219, 0.101319, 0.568099, 0.071877, -0.054414, 0.455916]"
CONTROL,48024151.77399996,"[-0.058706, 0.098824, 0.572263, 0.075632, -0.051209, 0.459813]"
CONTROL,48044234.16500004,"[-0.062156, 0.096188, 0.576356, 0.079196, -0.047906, 0.463868]"
CONTROL,48064311.94699997,"[-0.065567, 0.093415, 0.580374, 0.08256, -0.044509, 0.468067]"
CONTROL,48084390.52999995,"[-0.068937, 0.09051, 0.584313, 0.085716, -0.041027, 0.472391]"
CONTROL,48104470.04000002,"[-0.072263, 0.087476, 0.588168, 0.088654, -0.037465, 0.476824]"
CONTROL,48124550.57499994,"[-0.075543, 0.084318, 0.591936, 0.091369, -0.033831, 0.481348]"
CONTROL,48144633.22200004,"[-0.078776, 0.08104, 0.595614, 0.093853, -0.030131, 0.485946]"
CONTROL,48164712.05999994,"[-0.081959, 0.077647, 0.599197, 0.0961, -0.026374, 0.4906]"
CONTROL,48184794.259,"[-0.08509, 0.074143, 0.602682, 0.098105, -0.022565, 0.495291]"
CONTROL,48204875.69,"[-0.088168, 0.070534, 0.606066, 0.099861, -0.018712, 0.5]"
CONTROL,48225017.69899998,"[-0.09119, 0.066825, 0.609345, 0.101365, -0.014823, 0.504709]"
CONTROL,48245098.138000004,"[-0.094154, 0.063021, 0.612517, 0.102613, -0.010906, 0.5094]"
CONTROL,48265192.08100001,"[-0.097058, 0.059127, 0.615577, 0.103602, -0.006967, 0.514054]"
CONTROL,48285271.782999985,"[-0.099902, 0.05515, 0.618523, 0.104329, -0.003015, 0.518652]"
CONTROL,48305351.99799999,"[-0.102682, 0.051094, 0.621353, 0.104793, 0.000942, 0.523176]"
CONTROL,48325431.955999985,"[-0.105397, 0.046965, 0.624062, 0.104992, 0.004898, 0.527609]"
CONTROL,48345510.63499998,"[-0.108046, 0.042769, 0.626649, 0.104925, 0.008845, 0.531933]"
CONTROL,48365592.322,"[-0.110627, 0.038513, 0.629111, 0.104594, 0.012774, 0.536132]"
CONTROL,48385671.544000044,"[-0.113138, 0.034202, 0.631446, 0.103998, 0.016679, 0.540187]"
CONTROL,48405749.61499999,"[-0.115577, 0.029843, 0.633651, 0.10314, 0.020552, 0.544084]"
CONTROL,48425832.773000024,"[-0.117943, 0.025441, 0.635724, 0.102021, 0.024384, 0.547807]"
CONTROL,48445911.86799994,"[-0.120235, 0.021003, 0.637663, 0.100645, 0.02817, 0.551341]"
CONTROL,48465992.691,"[-0.122451, 0.016535, 0.639466, 0.099014, 0.031901, 0.554673]"
CONTROL,48486070.92099997,"[-0.124589, 0.012043, 0.641132, 0.097133, 0.03557, 0.557788]"
CONTROL,48506150.04300005,"[-0.126649, 0.007535, 0.642658, 0.095007, 0.039171, 0.560676]"
CONTROL,48526230.253999986,"[-0.128629, 0.003016, 0.644044, 0.092641, 0.042696, 0.563325]"
CONTROL,48546310.559999935,"[-0.130528, -0.001508, 0.645287, 0.09004, 0.046138, 0.565723]"
CONTROL,48566390.578999974,"[-0.132344, -0.006029, 0.646388, 0.087213, 0.049491, 0.567862]"
CONTROL,48586471.620999984,"[-0.134076, -0.010542, 0.647343, 0.084165, 0.052748, 0.569733]"
CONTROL,48606552.53599998,"[-0.135724, -0.01504, 0.648153, 0.080904, 0.055903, 0.571329]"
CONTROL,48626632.746000044,"[-0.137286, -0.019516, 0.648817, 0.077439, 0.05895, 0.572644]"
CONTROL,48646711.933000006,"[-0.138762, -0.023965, 0.649334, 0.073778, 0.061884, 0.573672]"
CONTROL,48666792.17499995,"[-0.140149, -0.02838, 0.649704, 0.069931, 0.064697, 0.574409]"
CONTROL,48686873.79400001,"[-0.141449, -0.032754, 0.649926, 0.065908, 0.067385, 0.574852]"
CONTROL,48706954.22799997,"[-0.142658, -0.037082, 0.65, 0.061717, 0.069943, 0.575]"
CONTROL,48727033.28700004,"[-0.143778, -0.041357, 0.649926, 0.057371, 0.072366, 0.574852]"
CONTROL,48747113.176999964,"[-0.144807, -0.045573, 0.649704, 0.05288, 0.074648, 0.574409]"
CONTROL,48767211.309,"[-0.145745, -0.049725, 0.649334, 0.048256, 0.076787, 0.573672]"
CONTROL,48787290.68699999,"[-0.14659, -0.053806, 0.648817, 0.043509, 0.078777, 0.572644]"
CONTROL,48807368.88199999,"[-0.147343, -0.05781, 0.648153, 0.038653, 0.080614, 0.571329]"
CONTROL,48827448.00399996,"[-0.148003, -0.061733, 0.647343, 0.033699, 0.082296, 0.569733]"
CONTROL,48847527.57399997,"[-0.148569, -0.065567, 0.646388, 0.02866, 0.083818, 0.567862]"
CONTROL,48867606.02499998,"[-0.149042, -0.069309, 0.645287, 0.023548, 0.085178, 0.565723]"
CONTROL,48887685.81900001,"[-0.14942, -0.072952, 0.644044, 0.018377, 0.086374, 0.563325]"
CONTROL,48907765.19799999,"[-0.149704, -0.076491, 0.642658, 0.01316, 0.087402, 0.560676]"
CONTROL,48927849.473000035,"[-0.149893, -0.079921, 0.641132, 0.007909, 0.088261, 0.557788]"
CONTROL,48947930.19500002,"[-0.149988, -0.083238, 0.639466, 0.002639, 0.08895, 0.554673]"
CONTROL,48968013.34999998,"[-0.149988, -0.086437, 0.637663, -0.002639, 0.089467, 0.551341]"
CONTROL,48988095.96000001,"[-0.149893, -0.089513, 0.635724, -0.007909, 0.08981, 0.547807]"
CONTROL,49008180.266999945,"[-0.149704, -0.092462, 0.633651, -0.01316, 0.08998, 0.544084]"
CONTROL,49028259.70899994,"[-0.14942, -0.095279, 0.631446, -0.018377, 0.089976, 0.540187]"
CONTROL,49048338.96000002,"[-0.149042, -0.097961, 0.629111, -0.023548, 0.089798, 0.536132]"
CONTROL,49068417.21800004,"[-0.148569, -0.100503, 0.626649, -0.02866, 0.089446, 0.531933]"
CONTROL,49088496.50100001,"[-0.148003, -0.102903, 0.624062, -0.033699, 0.088921, 0.527609]"
CONTROL,49108577.223,"[-0.147343, -0.105157, 0.621353, -0.038653, 0.088224, 0.523176]"
CONTROL,49128657.88199997,"[-0.14659, -0.107261, 0.618523, -0.043509, 0.087357, 0.518652]"
CONTROL,49148735.85199996,"[-0.145745, -0.109213, 0.615577, -0.048256, 0.08632, 0.514054]"
CONTROL,49168819.74299997,"[-0.144807, -0.111009, 0.612517, -0.05288, 0.085117, 0.5094]"
CONTROL,49188903.44099998,"[-0.143778, -0.112648, 0.609345, -0.057371, 0.083749, 0.504709]"
CONTROL,49208987.396,"[-0.142658, -0.114127, 0.606066, -0.061717, 0.082219, 0.5]"
CONTROL,49229135.64199996,"[-0.141449, -0.115443, 0.602682, -0.065908, 0.08053, 0.495291]"
CONTROL,49249216.33199994,"[-0.140149, -0.116596, 0.599197, -0.069931, 0.078685, 0.4906]"
CONTROL,49269298.52700005,"[-0.138762, -0.117583, 0.595614, -0.073778, 0.076688, 0.485946]"
CONTROL,49289379.44100005,"[-0.137286, -0.118402, 0.591936, -0.077439, 0.074543, 0.481348]"
CONTROL,49309460.100000024,"[-0.135724, -0.119054, 0.588168, -0.080904, 0.072254, 0.476824]"
CONTROL,49329540.43799998,"[-0.134076, -0.119536, 0.584313, -0.084165, 0.069824, 0.472391]"
CONTROL,49349621.57699999,"[-0.132344, -0.119848, 0.580374, -0.087213, 0.06726, 0.468067]"
CONTROL,49369700.79499997,"[-0.130528, -0.119991, 0.576356, -0.09004, 0.064566, 0.463868]"
CONTROL,49389780.301999964,"[-0.128629, -0.119962, 0.572263, -0.092641, 0.061747, 0.459813]"
CONTROL,49409860.64000003,"[-0.126649, -0.119763, 0.568099, -0.095007, 0.058808, 0.455916]"
CONTROL,49429942.35499998,"[-0.124589, -0.119394, 0.563867, -0.097133, 0.055755, 0.452193]"
CONTROL,49450022.34100002,"[-0.122451, -0.118855, 0.559572, -0.099014, 0.052595, 0.448659]"
CONTROL,49470101.84800001,"[-0.120235, -0.118148, 0.555219, -0.100645, 0.049333, 0.445327]"
CONTROL,49490181.097,"[-0.117943, -0.117272, 0.550811, -0.102021, 0.045976, 0.442212]"
CONTROL,49510261.624000005,"[-0.115577, -0.11623, 0.546353, -0.10314, 0.04253, 0.439324]"
CONTROL,49530342.21400003,"[-0.113138, -0.115023, 0.541849, -0.103998, 0.039001, 0.436675]"
CONTROL,49550421.81199997,"[-0.110627, -0.113652, 0.537303, -0.104594, 0.035397, 0.434277]"
CONTROL,49570502.01899995,"[-0.108046, -0.112119, 0.532721, -0.104925, 0.031725, 0.432138]"
CONTROL,49590581.39299998,"[-0.105397, -0.110428, 0.528107, -0.104992, 0.027991, 0.430267]"
CONTROL,49610660.800000004,"[-0.102682, -0.108579, 0.523465, -0.104793, 0.024203, 0.428671]"
CONTROL,49630740.525999956,"[-0.099902, -0.106576, 0.5188, -0.104329, 0.020368, 0.427356]"
CONTROL,49650821.40499999,"[-0.097058, -0.104422, 0.514116, -0.103602, 0.016494, 0.426328]"
CONTROL,49670901.19499994,"[-0.094154, -0.102119, 0.509419, -0.102613, 0.012588, 0.425591]"
CONTROL,49690979.898000024,"[-0.09119, -0.099672, 0.504712, -0.101365, 0.008657, 0.425148]"
CONTROL,49711058.151999965,"[-0.088168, -0.097082, 0.5, -0.099861, 0.00471, 0.425]"
CONTROL,49731136.40600002,"[-0.08509, -0.094355, 0.495288, -0.098105, 0.000754, 0.425148]"
CONTROL,49751214.59699994,"[-0.081959, -0.091493, 0.490581, -0.0961, -0.003204, 0.425591]"
CONTROL,49771304.14800001,"[-0.078776, -0.088502, 0.485884, -0.093853, -0.007155, 0.426328]"
CONTROL,49791383.71399995,"[-0.075543, -0.085384, 0.4812, -0.091369, -0.011093, 0.427356]"
CONTROL,49811463.600000024,"[-0.072263, -0.082146, 0.476535, -0.088654, -0.015009, 0.428671]"
CONTROL,49831542.65500002,"[-0.068937, -0.07879, 0.471893, -0.085716, -0.018896, 0.430267]"
CONTROL,49851622.66899999,"[-0.065567, -0.075323, 0.467279, -0.08256, -0.022747, 0.432138]"
CONTROL,49871701.852,"[-0.062156, -0.071749, 0.462697, -0.079196, -0.026554, 0.434277]"
CONTROL,49891781.25800004,"[-0.058706, -0.068072, 0.458151, -0.075632, -0.030309, 0.436675]"
CONTROL,49911861.78500004,"[-0.055219, -0.064299, 0.453647, -0.071877, -0.034006, 0.439324]"
CONTROL,49931940.166999996,"[-0.051696, -0.060435, 0.449189, -0.067941, -0.037637, 0.442212]"
CONTROL,49952020.69300001,"[-0.048142, -0.056484, 0.444781, -0.063833, -0.041195, 0.445327]"
CONTROL,49972101.380000025,"[-0.044556, -0.052454, 0.440428, -0.059563, -0.044673, 0.448659]"
CONTROL,49992181.618000016,"[-0.040943, -0.048349, 0.436133, -0.055143, -0.048065, 0.452193]"
CONTROL,50012261.28099995,"[-0.037303, -0.044175, 0.431901, -0.050584, -0.051364, 0.455916]"
CONTROL,50032340.97500001,"[-0.033641, -0.039938, 0.427737, -0.045897, -0.054564, 0.459813]"
CONTROL,50052421.59800003,"[-0.029956, -0.035645, 0.423644, -0.041094, -0.057658, 0.463868]"
CONTROL,50072501.16399996,"[-0.026253, -0.031301, 0.419626, -0.036188, -0.060641, 0.468067]"
CONTROL,50092580.28299996,"[-0.022534, -0.026912, 0.415687, -0.031189, -0.063506, 0.472391]"
CONTROL,50112674.63399997,"[-0.0188, -0.022486, 0.411832, -0.026112, -0.066249, 0.476824]"
CONTROL,50132757.27200005,"[-0.015054, -0.018027, 0.408064, -0.02097, -0.068863, 0.481348]"
CONTROL,50152837.28700001,"[-0.011299, -0.013543, 0.404386, -0.015774, -0.071344, 0.485946]"
CONTROL,50172917.23699998,"[-0.007537, -0.009039, 0.400803, -0.010538, -0.073688, 0.4906]"
CONTROL,50192996.259999976,"[-0.00377, -0.004523, 0.397318, -0.005276, -0.075888, 0.495291]"
CONTROL,50213080.65799997,"[-0.0, -0.0, 0.393934, -0.0, -0.077942, 0.5]"
CONTROL,50233251.620000035,"[0.00377, 0.004523, 0.390655, 0.005276, -0.079845, 0.504709]"
CONTROL,50253331.53899999,"[0.007537, 0.009039, 0.387483, 0.010538, -0.081594, 0.5094]"
CONTROL,50273411.20100004,"[0.011299, 0.013543, 0.384423, 0.015774, -0.083185, 0.514054]"
CONTROL,50293490.479999945,"[0.015054, 0.018027, 0.381477, 0.02097, -0.084615, 0.518652]"
CONTROL,50313570.302000016,"[0.0188, 0.022486, 0.378647, 0.026112, -0.085882, 0.523176]"
CONTROL,50333649.613000035,"[0.022534, 0.026912, 0.375938, 0.031189, -0.086982, 0.527609]"
CONTROL,50353728.794999935,"[0.026253, 0.031301, 0.373351, 0.036188, -0.087914, 0.531933]"
CONTROL,50373806.28100004,"[0.029956, 0.035645, 0.370889, 0.041094, -0.088676, 0.536132]"
CONTROL,50393885.20800003,"[0.033641, 0.039938, 0.368554, 0.045897, -0.089267, 0.540187]"
CONTROL,50413966.37399998,"[0.037303, 0.044175, 0.366349, 0.050584, -0.089684, 0.544084]"
CONTROL,50434046.77299998,"[0.040943, 0.048349, 0.364276, 0.055143, -0.089929, 0.547807]"
CONTROL,50454126.46700004,"[0.044556, 0.052454, 0.362337, 0.059563, -0.089999, 0.551341]"
CONTROL,50474207.026000045,"[0.048142, 0.056484, 0.360534, 0.063833, -0.089896, 0.554673]"
CONTROL,50494286.20599997,"[0.051696, 0.060435, 0.358868, 0.067941, -0.089618, 0.557788]"
CONTROL,50514368.16900002,"[0.055219, 0.064299, 0.357342, 0.071877, -0.089167, 0.560676]"
CONTROL,50534447.31499997,"[0.058706, 0.068072, 0.355956, 0.075632, -0.088544, 0.563325]"
CONTROL,50554526.20599999,"[0.062156, 0.071749, 0.354713, 0.079196, -0.08775, 0.565723]"
CONTROL,50574604.84,"[0.065567, 0.075323, 0.353612, 0.08256, -0.086785, 0.567862]"
CONTROL,50594684.05099995,"[0.068937, 0.07879, 0.352657, 0.085716, -0.085653, 0.569733]"
CONTROL,50614765.21299994,"[0.072263, 0.082146, 0.351847, 0.088654, -0.084355, 0.571329]"
CONTROL,50634845.000000045,"[0.075543, 0.085384, 0.351183, 0.091369, -0.082894, 0.572644]"
CONTROL,50654924.75400004,"[0.078776, 0.088502, 0.350666, 0.093853, -0.081273, 0.573672]"
CONTROL,50675003.64499994,"[0.081959, 0.091493, 0.350296, 0.0961, -0.079495, 0.574409]"
CONTROL,50695085.41499999,"[0.08509, 0.094355, 0.350074, 0.098105, -0.077563, 0.574852]"
CONTROL,50715166.57799998,"[0.088168, 0.097082, 0.35, 0.099861, -0.07548, 0.575]"
CONTROL,50735246.491999984,"[0.09119, 0.099672, 0.350074, 0.101365, -0.073252, 0.574852]"
CONTROL,50755325.190000005,"[0.094154, 0.102119, 0.350296, 0.102613, -0.070882, 0.574409]"
CONTROL,50775405.361000024,"[0.097058, 0.104422, 0.350666, 0.103602, -0.068375, 0.573672]"
CONTROL,50795483.83500003,"[0.099902, 0.106576, 0.351183, 0.104329, -0.065736, 0.572644]"
CONTROL,50815563.10999997,"[0.102682, 0.108579, 0.351847, 0.104793, -0.06297, 0.571329]"
CONTROL,50835641.55199997,"[0.105397, 0.110428, 0.352657, 0.104992, -0.060082, 0.569733]"
CONTROL,50855719.51500003,"[0.108046, 0.112119, 0.353612, 0.104925, -0.057077, 0.567862]"
CONTROL,50875794.404999964,"[0.110627, 0.113652, 0.354713, 0.104594, -0.053962, 0.565723]"
CONTROL,50895868.23900004,"[0.113138, 0.115023, 0.355956, 0.103998, -0.050743, 0.563325]"
CONTROL,50915948.12200003,"[0.115577, 0.11623, 0.357342, 0.10314, -0.047426, 0.560676]"
CONTROL,50936029.57199994,"[0.117943, 0.117272, 0.358868, 0.102021, -0.044017, 0.557788]"
CONTROL,50956108.39899996,"[0.120235, 0.118148, 0.360534, 0.100645, -0.040523, 0.554673]"
CONTROL,50976189.49699995,"[0.122451, 0.118855, 0.362337, 0.099014, -0.03695, 0.551341]"
CONTROL,50996268.80400001,"[0.124589, 0.119394, 0.364276, 0.097133, -0.033306, 0.547807]"
CONTROL,51016346.573999956,"[0.126649, 0.119763, 0.366349, 0.095007, -0.029598, 0.544084]"
CONTROL,51036426.39199995,"[0.128629, 0.119962, 0.368554, 0.092641, -0.025832, 0.540187]"
CONTROL,51056505.31499998,"[0.130528, 0.119991, 0.370889, 0.09004, -0.022017, 0.536132]"
CONTROL,51076584.62099994,"[0.132344, 0.119848, 0.373351, 0.087213, -0.018159, 0.531933]"
CONTROL,51096664.18400002,"[0.134076, 0.119536, 0.375938, 0.084165, -0.014265, 0.527609]"
CONTROL,51116744.194000036,"[0.135724, 0.119054, 0.378647, 0.080904, -0.010344, 0.523176]"
CONTROL,51136823.212999955,"[0.137286, 0.118402, 0.381477, 0.077439, -0.006403, 0.518652]"
CONTROL,51156903.51099999,"[0.138762, 0.117583, 0.384423, 0.073778, -0.00245, 0.514054]"
CONTROL,51176982.27400001,"[0.140149, 0.116596, 0.387483, 0.069931, 0.001508, 0.5094]"
CONTROL,51197061.54799996,"[0.141449, 0.115443, 0.390655, 0.065908, 0.005463, 0.504709]"
CONTROL,51217140.21399998,"[0.142658, 0.114127, 0.393934, 0.061717, 0.009408, 0.5]"
CONTROL,51237285.98799994,"[0.143778, 0.112648, 0.397318, 0.057371, 0.013334, 0.495291]"
CONTROL,51257365.133999996,"[0.144807, 0.111009, 0.400803, 0.05288, 0.017234, 0.4906]"
CONTROL,51277444.21700004,"[0.145745, 0.109213, 0.404386, 0.048256, 0.021102, 0.485946]"
CONTROL,51297521.34700004,"[0.14659, 0.107261, 0.408064, 0.043509, 0.024928, 0.481348]"
CONTROL,51317602.15700001,"[0.147343, 0.105157, 0.411832, 0.038653, 0.028706, 0.476824]"
CONTROL,51337680.05599996,"[0.148003, 0.102903, 0.415687, 0.033699, 0.032429, 0.472391]"
CONTROL,51357758.75399997,"[0.148569, 0.100503, 0.419626, 0.02866, 0.036089, 0.468067]"
CONTROL,51377838.700999975,"[0.149042, 0.097961, 0.423644, 0.023548, 0.039679, 0.463868]"
CONTROL,51397916.56700004,"[0.14942, 0.095279, 0.427737, 0.018377, 0.043193, 0.459813]"
CONTROL,51417998.27399996,"[0.149704, 0.092462, 0.431901, 0.01316, 0.046622, 0.455916]"
CONTROL,51438081.548000015,"[0.149893, 0.089513, 0.436133, 0.007909, 0.049962, 0.452193]"
CONTROL,51458159.830999985,"[0.149988, 0.086437, 0.440428, 0.002639, 0.053205, 0.448659]"
CONTROL,51478238.27299999,"[0.149988, 0.083238, 0.444781, -0.002639, 0.056345, 0.445327]"
CONTROL,51498317.73699998,"[0.149893, 0.079921, 0.449189, -0.007909, 0.059377, 0.442212]"
CONTROL,51518400.43200002,"[0.149704, 0.076491, 0.453647, -0.01316, 0.062293, 0.439324]"
CONTROL,51538479.95800004,"[0.14942, 0.072952, 0.458151, -0.018377, 0.065089, 0.436675]"
CONTROL,51558561.21299996,"[0.149042, 0.069309, 0.462697, -0.023548, 0.067759, 0.434277]"
CONTROL,51578639.55499999,"[0.148569, 0.065567, 0.467279, -0.02866, 0.070298, 0.432138]"
CONTROL,51598719.65800005,"[0.148003, 0.061733, 0.471893, -0.033699, 0.072701, 0.430267]"
CONTROL,51618798.416,"[0.147343, 0.05781, 0.476535, -0.038653, 0.074963, 0.428671]"
CONTROL,51638878.13500003,"[0.14659, 0.053806, 0.4812, -0.043509, 0.07708, 0.427356]"
CONTROL,51658958.07799996,"[0.145745, 0.049725, 0.485884, -0.048256, 0.079049, 0.426328]"
CONTROL,51679039.07599998,"[0.144807, 0.045573, 0.490581, -0.05288, 0.080864, 0.425591]"
CONTROL,51699118.82700001,"[0.143778, 0.041357, 0.495288, -0.057371, 0.082523, 0.425148]"
CONTROL,51719199.05699997,"[0.142658, 0.037082, 0.5, -0.061717, 0.084022, 0.425]"
CONTROL,51739277.97600004,"[0.141449, 0.032754, 0.504712, -0.065908, 0.085359, 0.425148]"
CONTROL,51759357.40600005,"[0.140149, 0.02838, 0.509419, -0.069931, 0.086531, 0.425591]"
CONTROL,51779435.141000025,"[0.138762, 0.023965, 0.514116, -0.073778, 0.087535, 0.426328]"
CONTROL,51799513.45099994,"[0.137286, 0.019516, 0.5188, -0.077439, 0.08837, 0.427356]"
CONTROL,51819592.20999999,"[0.135724, 0.01504, 0.523465, -0.080904, 0.089035, 0.428671]"
CONTROL,51839670.71200004,"[0.134076, 0.010542, 0.528107, -0.084165, 0.089526, 0.430267]"
CONTROL,51859748.70300004,"[0.132344, 0.006029, 0.532721, -0.087213, 0.089845, 0.432138]"
CONTROL,51879826.884999946,"[0.130528, 0.001508, 0.537303, -0.09004, 0.08999, 0.434277]"
CONTROL,51899905.611999996,"[0.128629, -0.003016, 0.541849, -0.092641, 0.089961, 0.436675]"
CONTROL,51919984.88199999,"[0.126649, -0.007535, 0.546353, -0.095007, 0.089758, 0.439324]"
CONTROL,51940064.729000024,"[0.124589, -0.012043, 0.550811, -0.097133, 0.089382, 0.442212]"
CONTROL,51960143.23099996,"[0.122451, -0.016535, 0.555219, -0.099014, 0.088832, 0.445327]"
CONTROL,51980222.94999998,"[0.120235, -0.021003, 0.559572, -0.100645, 0.088111, 0.448659]"
CONTROL,52000300.87599998,"[0.117943, -0.025441, 0.563867, -0.102021, 0.087219, 0.452193]"
CONTROL,52020379.63500004,"[0.115577, -0.029843, 0.568099, -0.10314, 0.086159, 0.455916]"
CONTROL,52040469.91400003,"[0.113138, -0.034202, 0.572263, -0.103998, 0.084932, 0.459813]"
CONTROL,52060550.24099999,"[0.110627, -0.038513, 0.576356, -0.104594, 0.08354, 0.463868]"
CONTROL,52080631.46300003,"[0.108046, -0.042769, 0.580374, -0.104925, 0.081987, 0.468067]"
CONTROL,52100711.822,"[0.105397, -0.046965, 0.584313, -0.104992, 0.080276, 0.472391]"
CONTROL,52120791.12399999,"[0.102682, -0.051094, 0.588168, -0.104793, 0.078409, 0.476824]"
CONTROL,52140870.55499999,"[0.099902, -0.05515, 0.591936, -0.104329, 0.076391, 0.481348]"
CONTROL,52160949.60099997,"[0.097058, -0.059127, 0.595614, -0.103602, 0.074225, 0.485946]"
CONTROL,52181028.45600004,"[0.094154, -0.063021, 0.599197, -0.102613, 0.071915, 0.4906]"
CONTROL,52201106.57400005,"[0.09119, -0.066825, 0.602682, -0.101365, 0.069466, 0.495291]"
CONTROL,52221189.717000015,"[0.088168, -0.070534, 0.606066, -0.099861, 0.066883, 0.5]"
CONTROL,52241336.15799997,"[0.08509, -0.074143, 0.609345, -0.098105, 0.064171, 0.504709]"
CONTROL,52261416.35700003,"[0.081959, -0.077647, 0.612517, -0.0961, 0.061334, 0.5094]"
CONTROL,52281495.532000005,"[0.078776, -0.08104, 0.615577, -0.093853, 0.058379, 0.514054]"
CONTROL,52301575.409999944,"[0.075543, -0.084318, 0.618523, -0.091369, 0.05531, 0.518652]"
CONTROL,52321654.74500005,"[0.072263, -0.087476, 0.621353, -0.088654, 0.052135, 0.523176]"
CONTROL,52341734.846999995,"[0.068937, -0.09051, 0.624062, -0.085716, 0.048859, 0.527609]"
CONTROL,52361811.910000026,"[0.065567, -0.093415, 0.626649, -0.08256, 0.045489, 0.531933]"
CONTROL,52381893.00399995,"[0.062156, -0.096188, 0.629111, -0.079196, 0.04203, 0.536132]"
CONTROL,52401972.21100004,"[0.058706, -0.098824, 0.631446, -0.075632, 0.038491, 0.540187]"
CONTROL,52422051.033,"[0.055219, -0.101319, 0.633651, -0.071877, 0.034876, 0.544084]"
CONTROL,52442131.423999965,"[0.051696, -0.103671, 0.635724, -0.067941, 0.031195, 0.547807]"
CONTROL,52462210.91799998,"[0.048142, -0.105875, 0.637663, -0.063833, 0.027453, 0.551341]"
CONTROL,52482290.12499996,"[0.044556, -0.107929, 0.639466, -0.059563, 0.023658, 0.554673]"
CONTROL,52502368.688000046,"[0.040943, -0.109829, 0.641132, -0.055143, 0.019817, 0.557788]"
CONTROL,52522447.347000025,"[0.037303, -0.111573, 0.642658, -0.050584, 0.015938, 0.560676]"
CONTROL,52542526.486000046,"[0.033641, -0.113159, 0.644044, -0.045897, 0.012028, 0.563325]"
CONTROL,52562604.98400002,"[0.029956, -0.114584, 0.645287, -0.041094, 0.008094, 0.565723]"
CONTROL,52582682.55500002,"[0.026253, -0.115846, 0.646388, -0.036188, 0.004145, 0.567862]"
CONTROL,52602762.39699999,"[0.022534, -0.116943, 0.647343, -0.031189, 0.000188, 0.569733]"
CONTROL,52622841.24799999,"[0.0188, -0.117874, 0.648153, -0.026112, -0.003769, 0.571329]"
CONTROL,52642921.37899997,"[0.015054, -0.118638, 0.648817, -0.02097, -0.007719, 0.572644]"
CONTROL,52663001.89399999,"[0.011299, -0.119233, 0.649334, -0.015774, -0.011654, 0.573672]"
CONTROL,52683079.464,"[0.007537, -0.119659, 0.649704, -0.010538, -0.015566, 0.574409]"
CONTROL,52703158.443,"[0.00377, -0.119915, 0.649926, -0.005276, -0.019449, 0.574852]"
CONTROL,52723236.07800002,"[-0.0, -0.12, 0.65, 0.0, -0.023294, 0.575]"
CONTROL,52743313.808000036,"[-0.00377, -0.119915, 0.649926, 0.005276, -0.027093, 0.574852]"
CONTROL,52763391.60299995,"[-0.007537, -0.119659, 0.649704, 0.010538, -0.030841, 0.574409]"
CONTROL,52783470.80499998,"[-0.011299, -0.119233, 0.649334, 0.015774, -0.034529, 0.573672]"
CONTROL,52803548.664000005,"[-0.015054, -0.118638, 0.648817, 0.02097, -0.038149, 0.572644]"
CONTROL,52823626.45900002,"[-0.0188, -0.117874, 0.648153, 0.026112, -0.041697, 0.571329]"
CONTROL,52843705.08500001,"[-0.022534, -0.116943, 0.647343, 0.031189, -0.045163, 0.569733]"
CONTROL,52863783.29599995,"[-0.026253, -0.115846, 0.646388, 0.036188, -0.048542, 0.567862]"
CONTROL,52883861.63500002,"[-0.029956, -0.114584, 0.645287, 0.041094, -0.051828, 0.565723]"
CONTROL,52903940.932999946,"[-0.033641, -0.113159, 0.644044, 0.045897, -0.055013, 0.563325]"
CONTROL,52924021.47999997,"[-0.037303, -0.111573, 0.642658, 0.050584, -0.058091, 0.560676]"
CONTROL,52944100.58699998,"[-0.040943, -0.109829, 0.641132, 0.055143, -0.061057, 0.557788]"
CONTROL,52964179.53299999,"[-0.044556, -0.107929, 0.639466, 0.059563, -0.063906, 0.554673]"
CONTROL,52984257.45600002,"[-0.048142, -0.105875, 0.637663, 0.063833, -0.06663, 0.551341]"
CONTROL,53004335.89099998,"[-0.051696, -0.103671, 0.635724, 0.067941, -0.069226, 0.547807]"
CONTROL,53024413.74900002,"[-0.055219, -0.101319, 0.633651, 0.071877, -0.071688, 0.544084]"
CONTROL,53044493.111999944,"[-0.058706, -0.098824, 0.631446, 0.075632, -0.074011, 0.540187]"
CONTROL,53064572.63499999,"[-0.062156, -0.096188, 0.629111, 0.079196, -0.076191, 0.536132]"
CONTROL,53084653.24500003,"[-0.065567, -0.093415, 0.626649, 0.08256, -0.078223, 0.531933]"
CONTROL,53104732.22400003,"[-0.068937, -0.09051, 0.624062, 0.085716, -0.080105, 0.527609]"
CONTROL,53124811.650999956,"[-0.072263, -0.087476, 0.621353, 0.088654, -0.081831, 0.523176]"
CONTROL,53144890.05300004,"[-0.075543, -0.084318, 0.618523, 0.091369, -0.083399, 0.518652]"
CONTROL,53164969.575999975,"[-0.078776, -0.08104, 0.615577, 0.093853, -0.084806, 0.514054]"
CONTROL,53185048.07499994,"[-0.081959, -0.077647, 0.612517, 0.0961, -0.086049, 0.5094]"
CONTROL,53205129.83799995,"[-0.08509, -0.074143, 0.609345, 0.098105, -0.087125, 0.504709]"
CONTROL,53225214.73699999,"[-0.088168, -0.070534, 0.606066, 0.099861, -0.088033, 0.5]"
CONTROL,53245357.78200004,"[-0.09119, -0.066825, 0.602682, 0.101365, -0.088771, 0.495291]"
CONTROL,53265438.77699999,"[-0.094154, -0.063021, 0.599197, 0.102613, -0.089337, 0.4906]"
CONTROL,53285522.23500003,"[-0.097058, -0.059127, 0.595614, 0.103602, -0.08973, 0.485946]"
CONTROL,53305602.04599999,"[-0.099902, -0.05515, 0.591936, 0.104329, -0.089949, 0.481348]"
CONTROL,53325682.785000026,"[-0.102682, -0.051094, 0.588168, 0.104793, -0.089995, 0.476824]"
CONTROL,53345762.53199998,"[-0.105397, -0.046965, 0.584313, 0.104992, -0.089867, 0.472391]"
CONTROL,53365847.04699999,"[-0.108046, -0.042769, 0.580374, 0.104925, -0.089564, 0.468067]"
CONTROL,53385925.57699997,"[-0.110627, -0.038513, 0.576356, 0.104594, -0.089089, 0.463868]"
CONTROL,53406005.196000025,"[-0.113138, -0.034202, 0.572263, 0.103998, -0.088441, 0.459813]"
CONTROL,53426090.31899997,"[-0.115577, -0.029843, 0.568099, 0.10314, -0.087622, 0.455916]"
CONTROL,53446170.28999994,"[-0.117943, -0.025441, 0.563867, 0.102021, -0.086634, 0.452193]"
CONTROL,53466251.155999996,"[-0.120235, -0.021003, 0.559572, 0.100645, -0.085478, 0.448659]"
CONTROL,53486332.694999985,"[-0.122451, -0.016535, 0.555219, 0.099014, -0.084157, 0.445327]"
CONTROL,53506411.89399994,"[-0.124589, -0.012043, 0.550811, 0.097133, -0.082673, 0.442212]"
CONTROL,53526494.101000026,"[-0.126649, -0.007535, 0.546353, 0.095007, -0.081029, 0.439324]"
CONTROL,53546573.42799999,"[-0.128629, -0.003016, 0.541849, 0.092641, -0.079228, 0.436675]"
CONTROL,53566654.61099999,"[-0.130528, 0.001508, 0.537303, 0.09004, -0.077274, 0.434277]"
CONTROL,53586734.35399999,"[-0.132344, 0.006029, 0.532721, 0.087213, -0.075171, 0.432138]"
CONTROL,53606814.320000015,"[-0.134076, 0.010542, 0.528107, 0.084165, -0.072922, 0.430267]"
CONTROL,53626893.903,"[-0.135724, 0.01504, 0.523465, 0.080904, -0.070532, 0.428671]"
CONTROL,53646978.76699995,"[-0.137286, 0.019516, 0.5188, 0.077439, -0.068006, 0.427356]"
CONTROL,53667057.83700001,"[-0.138762, 0.023965, 0.514116, 0.073778, -0.065349, 0.426328]"
CONTROL,53687138.379999965,"[-0.140149, 0.02838, 0.509419, 0.069931, -0.062564, 0.425591]"
CONTROL,53707216.171000026,"[-0.141449, 0.032754, 0.504712, 0.065908, -0.059659, 0.425148]"
CONTROL,53727296.13800004,"[-0.142658, 0.037082, 0.5, 0.061717, -0.056639, 0.425]"
CONTROL,53747377.16100003,"[-0.143778, 0.041357, 0.495288, 0.057371, -0.053509, 0.425148]"
CONTROL,53767456.776000015,"[-0.144807, 0.045573, 0.490581, 0.05288, -0.050275, 0.425591]"
CONTROL,53787535.62299994,"[-0.145745, 0.049725, 0.485884, 0.048256, -0.046944, 0.426328]"
CONTROL,53807615.20600004,"[-0.14659, 0.053806, 0.4812, 0.043509, -0.043523, 0.427356]"
CONTROL,53827694.37299999,"[-0.147343, 0.05781, 0.476535, 0.038653, -0.040017, 0.428671]"
CONTROL,53847773.028000005,"[-0.148003, 0.061733, 0.471893, 0.033699, -0.036434, 0.430267]"
CONTROL,53867851.68200003,"[-0.148569, 0.065567, 0.467279, 0.02866, -0.03278, 0.432138]"
CONTROL,53887933.53699998,"[-0.149042, 0.069309, 0.462697, 0.023548, -0.029063, 0.434277]"
CONTROL,53908012.54400003,"[-0.14942, 0.072952, 0.458151, 0.018377, -0.02529, 0.436675]"
CONTROL,53928091.103000045,"[-0.149704, 0.076491, 0.453647, 0.01316, -0.021468, 0.439324]"
CONTROL,53948168.99,"[-0.149893, 0.079921, 0.449189, 0.007909, -0.017604, 0.442212]"
CONTROL,53968248.66899999,"[-0.149988, 0.083238, 0.444781, 0.002639, -0.013707, 0.445327]"
CONTROL,53988330.81199996,"[-0.149988, 0.086437, 0.440428, -0.002639, -0.009782, 0.448659]"
CONTROL,54008408.667000026,"[-0.149893, 0.089513, 0.436133, -0.007909, -0.005839, 0.452193]"
CONTROL,54028487.32200005,"[-0.149704, 0.092462, 0.431901, -0.01316, -0.001885, 0.455916]"
CONTROL,54048576.984999955,"[-0.14942, 0.095279, 0.427737, -0.018377, 0.002073, 0.459813]"
CONTROL,54068656.75999995,"[-0.149042, 0.097961, 0.423644, -0.023548, 0.006027, 0.463868]"
CONTROL,54088736.11900003,"[-0.148569, 0.100503, 0.419626, -0.02866, 0.00997, 0.468067]"
CONTROL,54108815.25399998,"[-0.148003, 0.102903, 0.415687, -0.033699, 0.013893, 0.472391]"
CONTROL,54128894.03700001,"[-0.147343, 0.105157, 0.411832, -0.038653, 0.017789, 0.476824]"
CONTROL,54148974.51499996,"[-0.14659, 0.107261, 0.408064, -0.043509, 0.021651, 0.481348]"
CONTROL,54169054.38599997,"[-0.145745, 0.109213, 0.404386, -0.048256, 0.025471, 0.485946]"
CONTROL,54189132.78499997,"[-0.144807, 0.111009, 0.400803, -0.05288, 0.029242, 0.4906]"
CONTROL,54209210.83199994,"[-0.143778, 0.112648, 0.397318, -0.057371, 0.032956, 0.495291]"
CONTROL,54229290.86299996,"[-0.142658, 0.114127, 0.393934, -0.061717, 0.036606, 0.5]"
CONTROL,54249432.94499997,"[-0.141449, 0.115443, 0.390655, -0.065908, 0.040186, 0.504709]"
CONTROL,54269512.07900004,"[-0.140149, 0.116596, 0.387483, -0.069931, 0.043688, 0.5094]"
CONTROL,54289591.21399999,"[-0.138762, 0.117583, 0.384423, -0.073778, 0.047105, 0.514054]"
CONTROL,54309669.933000006,"[-0.137286, 0.118402, 0.381477, -0.077439, 0.050431, 0.518652]"
CONTROL,54329748.58800003,"[-0.135724, 0.119054, 0.378647, -0.080904, 0.05366, 0.523176]"
CONTROL,54349827.17900004,"[-0.134076, 0.119536, 0.375938, -0.084165, 0.056785, 0.527609]"
CONTROL,54369908.553999946,"[-0.132344, 0.119848, 0.373351, -0.087213, 0.0598, 0.531933]"
CONTROL,54389989.09700001,"[-0.130528, 0.119991, 0.370889, -0.09004, 0.0627, 0.536132]"
CONTROL,54410071.81600003,"[-0.128629, 0.119962, 0.368554, -0.092641, 0.065478, 0.540187]"
CONTROL,54430150.630999945,"[-0.126649, 0.119763, 0.366349, -0.095007, 0.06813, 0.544084]"
CONTROL,54450228.39000001,"[-0.124589, 0.119394, 0.364276, -0.097133, 0.070649, 0.547807]"
CONTROL,54470310.05300005,"[-0.122451, 0.118855, 0.362337, -0.099014, 0.073032, 0.551341]"
CONTROL,54490389.12200001,"[-0.120235, 0.118148, 0.360534, -0.100645, 0.075274, 0.554673]"
CONTROL,54510469.565999985,"[-0.117943, 0.117272, 0.358868, -0.102021, 0.077371, 0.557788]"
CONTROL,54530550.93700004,"[-0.115577, 0.11623, 0.357342, -0.10314, 0.079317, 0.560676]"
CONTROL,54550628.69200003,"[-0.113138, 0.115023, 0.355956, -0.103998, 0.081111, 0.563325]"
CONTROL,54570708.01500004,"[-0.110627, 0.113652, 0.354713, -0.104594, 0.082747, 0.565723]"
CONTROL,54590789.09799996,"[-0.108046, 0.112119, 0.353612, -0.104925, 0.084223, 0.567862]"
CONTROL,54610869.98999997,"[-0.105397, 0.110428, 0.352657, -0.104992, 0.085537, 0.569733]"
CONTROL,54630949.02499995,"[-0.102682, 0.108579, 0.351847, -0.104793, 0.086685, 0.571329]"
CONTROL,54651028.12400005,"[-0.099902, 0.106576, 0.351183, -0.104329, 0.087665, 0.572644]"
CONTROL,54671107.51099995,"[-0.097058, 0.104422, 0.350666, -0.103602, 0.088476, 0.573672]"
CONTROL,54691185.74599998,"[-0.094154, 0.102119, 0.350296, -0.102613, 0.089115, 0.574409]"
CONTROL,54711266.862,"[-0.09119, 0.099672, 0.350074, -0.101365, 0.089583, 0.574852]"
CONTROL,54731344.39299997,"[-0.088168, 0.097082, 0.35, -0.099861, 0.089877, 0.575]"
CONTROL,54751423.36399995,"[-0.08509, 0.094355, 0.350074, -0.098105, 0.089997, 0.574852]"
CONTROL,54771501.08700005,"[-0.081959, 0.091493, 0.350296, -0.0961, 0.089943, 0.574409]"
CONTROL,54791579.25799996,"[-0.078776, 0.088502, 0.350666, -0.093853, 0.089715, 0.573672]"
CONTROL,54811658.005000025,"[-0.075543, 0.085384, 0.351183, -0.091369, 0.089314, 0.572644]"
CONTROL,54831734.09599999,"[-0.072263, 0.082146, 0.351847, -0.088654, 0.08874, 0.571329]"
CONTROL,54851814.698999986,"[-0.068937, 0.07879, 0.352657, -0.085716, 0.087994, 0.569733]"
CONTROL,54871894.11899999,"[-0.065567, 0.075323, 0.353612, -0.08256, 0.087078, 0.567862]"
CONTROL,54891974.08200005,"[-0.062156, 0.071749, 0.354713, -0.079196, 0.085994, 0.565723]"
CONTROL,54912053.82099997,"[-0.058706, 0.068072, 0.355956, -0.075632, 0.084743, 0.563325]"
CONTROL,54932134.55199998,"[-0.055219, 0.064299, 0.357342, -0.071877, 0.083328, 0.560676]"
CONTROL,54952213.90699999,"[-0.051696, 0.060435, 0.358868, -0.067941, 0.081753, 0.557788]"
CONTROL,54972294.51099997,"[-0.048142, 0.056484, 0.360534, -0.063833, 0.080019, 0.554673]"
CONTROL,54992373.89799998,"[-0.044556, 0.052454, 0.362337, -0.059563, 0.07813, 0.551341]"
CONTROL,55012452.99699997,"[-0.040943, 0.048349, 0.364276, -0.055143, 0.07609, 0.547807]"
CONTROL,55032533.08800004,"[-0.037303, 0.044175, 0.366349, -0.050584, 0.073903, 0.544084]"
CONTROL,55052615.03500003,"[-0.033641, 0.039938, 0.368554, -0.045897, 0.071574, 0.540187]"
CONTROL,55072694.32700002,"[-0.029956, 0.035645, 0.370889, -0.041094, 0.069105, 0.536132]"
CONTROL,55092776.082,"[-0.026253, 0.031301, 0.373351, -0.036188, 0.066503, 0.531933]"
CONTROL,55112855.789000034,"[-0.022534, 0.026912, 0.375938, -0.031189, 0.063773, 0.527609]"
CONTROL,55132935.944,"[-0.0188, 0.022486, 0.378647, -0.026112, 0.060919, 0.523176]"
CONTROL,55153015.683000036,"[-0.015054, 0.018027, 0.381477, -0.02097, 0.057947, 0.518652]"
CONTROL,55173094.81500001,"[-0.011299, 0.013543, 0.384423, -0.015774, 0.054863, 0.514054]"
CONTROL,55193175.38600001,"[-0.007537, 0.009039, 0.387483, -0.010538, 0.051673, 0.5094]"
CONTROL,55213255.09300005,"[-0.00377, 0.004523, 0.390655, -0.005276, 0.048383, 0.504709]"
CONTROL,55233335.184,"[-0.0, 0.0, 0.393934, -0.0, 0.045, 0.5]"
CONTROL,55253469.133999944,"[0.00377, -0.004523, 0.397318, 0.005276, 0.04153, 0.495291]"
CONTROL,55273548.96899999,"[0.007537, -0.009039, 0.400803, 0.010538, 0.037979, 0.4906]"
CONTROL,55293629.668,"[0.011299, -0.013543, 0.404386, 0.015774, 0.034354, 0.485946]"
CONTROL,55313712.38299994,"[0.015054, -0.018027, 0.408064, 0.02097, 0.030664, 0.481348]"
CONTROL,55333793.17799995,"[0.0188, -0.022486, 0.411832, 0.026112, 0.026914, 0.476824]"
CONTROL,55353872.59799995,"[0.022534, -0.026912, 0.415687, 0.031189, 0.023112, 0.472391]"
CONTROL,55373953.745,"[0.026253, -0.031301, 0.419626, 0.036188, 0.019265, 0.468067]"
CONTROL,55394033.164000005,"[0.029956, -0.035645, 0.423644, 0.041094, 0.015381, 0.463868]"
CONTROL,55414112.83900004,"[0.033641, -0.039938, 0.427737, 0.045897, 0.011467, 0.459813]"
CONTROL,55434192.51399996,"[0.037303, -0.044175, 0.431901, 0.050584, 0.007531, 0.455916]"
CONTROL,55454273.40599997,"[0.040943, -0.048349, 0.436133, 0.055143, 0.00358, 0.452193]"
CONTROL,55474354.74500003,"[0.044556, -0.052454, 0.440428, 0.059563, -0.000377, 0.448659]"
CONTROL,55494436.40200002,"[0.048142, -0.056484, 0.444781, 0.063833, -0.004334, 0.445327]"
CONTROL,55514515.78599995,"[0.051696, -0.060435, 0.449189, 0.067941, -0.008282, 0.442212]"
CONTROL,55534597.12200004,"[0.055219, -0.064299, 0.453647, 0.071877, -0.012214, 0.439324]"
CONTROL,55554677.36900005,"[0.058706, -0.068072, 0.458151, 0.075632, -0.016123, 0.436675]"
CONTROL,55574756.88099998,"[0.062156, -0.071749, 0.462697, 0.079196, -0.020001, 0.434277]"
CONTROL,55594840.00800001,"[0.065567, -0.075323, 0.467279, 0.08256, -0.023839, 0.432138]"
CONTROL,55614920.831999935,"[0.068937, -0.07879, 0.471893, 0.085716, -0.027632, 0.430267]"
CONTROL,55635003.063,"[0.072263, -0.082146, 0.476535, 0.088654, -0.031371, 0.428671]"
CONTROL,55655084.622999996,"[0.075543, -0.085384, 0.4812, 0.091369, -0.03505, 0.427356]"
CONTROL,55675163.974000044,"[0.078776, -0.088502, 0.485884, 0.093853, -0.038661, 0.426328]"
CONTROL,55695244.70199997,"[0.081959, -0.091493, 0.490581, 0.0961, -0.042197, 0.425591]"
CONTROL,55715324.47000004,"[0.08509, -0.094355, 0.495288, 0.098105, -0.045651, 0.425148]"
CONTROL,55735405.100999966,"[0.088168, -0.097082, 0.5, 0.099861, -0.049018, 0.425]"
CONTROL,55755484.293,"[0.09119, -0.099672, 0.504712, 0.101365, -0.052289, 0.425148]"
CONTROL,55775567.61200003,"[0.094154, -0.102119, 0.509419, 0.102613, -0.055459, 0.425591]"
CONTROL,55795647.15599997,"[0.097058, -0.104422, 0.514116, 0.103602, -0.058522, 0.426328]"
CONTROL,55815728.29899994,"[0.099902, -0.106576, 0.5188, 0.104329, -0.061472, 0.427356]"
CONTROL,55835807.330999956,"[0.102682, -0.108579, 0.523465, 0.104793, -0.064303, 0.428671]"
CONTROL,55855884.56999994,"[0.105397, -0.110428, 0.528107, 0.104992, -0.067009, 0.430267]"
CONTROL,55875964.817999944,"[0.108046, -0.112119, 0.532721, 0.104925, -0.069586, 0.432138]"
CONTROL,55896044.52100002,"[0.110627, -0.113652, 0.537303, 0.104594, -0.072028, 0.434277]"
CONTROL,55916125.76099999,"[0.113138, -0.115023, 0.541849, 0.103998, -0.074331, 0.436675]"
CONTROL,55936205.84799998,"[0.115577, -0.11623, 0.546353, 0.10314, -0.07649, 0.439324]"
CONTROL,55956285.58399994,"[0.117943, -0.117272, 0.550811, 0.102021, -0.078502, 0.442212]"
CONTROL,55976364.870999984,"[0.120235, -0.118148, 0.555219, 0.100645, -0.080361, 0.445327]"
CONTROL,55996443.903,"[0.122451, -0.118855, 0.559572, 0.099014, -0.082065, 0.448659]"
CONTROL,56016523.66999997,"[0.124589, -0.119394, 0.563867, 0.097133, -0.08361, 0.452193]"
CONTROL,56036603.31000003,"[0.126649, -0.119763, 0.568099, 0.095007, -0.084994, 0.455916]"
CONTROL,56056683.49300004,"[0.128629, -0.119962, 0.572263, 0.092641, -0.086213, 0.459813]"
CONTROL,56076762.94099997,"[0.130528, -0.119991, 0.576356, 0.09004, -0.087265, 0.463868]"
CONTROL,56096843.700000025,"[0.132344, -0.119848, 0.580374, 0.087213, -0.088149, 0.468067]"
CONTROL,56116923.916000016,"[0.134076, -0.119536, 0.584313, 0.084165, -0.088862, 0.472391]"
CONTROL,56137004.77099997,"[0.135724, -0.119054, 0.588168, 0.080904, -0.089404, 0.476824]"
CONTROL,56157084.059,"[0.137286, -0.118402, 0.591936, 0.077439, -0.089772, 0.481348]"
CONTROL,56177164.69100003,"[0.138762, -0.117583, 0.595614, 0.073778, -0.089967, 0.485946]"
CONTROL,56197243.27400002,"[0.140149, -0.116596, 0.599197, 0.069931, -0.089987, 0.4906]"
CONTROL,56217323.55400002,"[0.141449, -0.115443, 0.602682, 0.065908, -0.089834, 0.495291]"
CONTROL,56237402.521000035,"[0.142658, -0.114127, 0.606066, 0.061717, -0.089507, 0.5]"
CONTROL,56257540.24299999,"[0.143778, -0.112648, 0.609345, 0.057371, -0.089007, 0.504709]"
CONTROL,56277618.985999994,"[0.144807, -0.111009, 0.612517, 0.05288, -0.088334, 0.5094]"
CONTROL,56297698.33800003,"[0.145745, -0.109213, 0.615577, 0.048256, -0.087491, 0.514054]"
CONTROL,56317777.65699997,"[0.14659, -0.107261, 0.618523, 0.043509, -0.086479, 0.518652]"
CONTROL,56337859.40899997,"[0.147343, -0.105157, 0.621353, 0.038653, -0.085299, 0.523176]"
CONTROL,56357939.752,"[0.148003, -0.102903, 0.624062, 0.033699, -0.083955, 0.527609]"
CONTROL,56378019.51999995,"[0.148569, -0.100503, 0.626649, 0.02866, -0.082447, 0.531933]"
CONTROL,56398099.927999966,"[0.149042, -0.097961, 0.629111, 0.023548, -0.080781, 0.536132]"
CONTROL,56418179.34300002,"[0.14942, -0.095279, 0.631446, 0.018377, -0.078958, 0.540187]"
CONTROL,56438260.743,"[0.149704, -0.092462, 0.633651, 0.01316, -0.076983, 0.544084]"
CONTROL,56458341.022000015,"[0.149893, -0.089513, 0.635724, 0.007909, -0.074858, 0.547807]"
CONTROL,56478421.78199994,"[0.149988, -0.086437, 0.637663, 0.002639, -0.072589, 0.551341]"
CONTROL,56498501.06700001,"[0.149988, -0.083238, 0.639466, -0.002639, -0.07018, 0.554673]"
CONTROL,56518580.31899997,"[0.149893, -0.079921, 0.641132, -0.007909, -0.067635, 0.557788]"
CONTROL,56538658.83399999,"[0.149704, -0.076491, 0.642658, -0.01316, -0.064958, 0.560676]"
CONTROL,56558737.86200004,"[0.14942, -0.072952, 0.644044, -0.018377, -0.062157, 0.563325]"
CONTROL,56578817.402000025,"[0.149042, -0.069309, 0.645287, -0.023548, -0.059235, 0.565723]"
CONTROL,56598899.79000002,"[0.148569, -0.065567, 0.646388, -0.02866, -0.056198, 0.567862]"
CONTROL,56618979.234,"[0.148003, -0.061733, 0.647343, -0.033699, -0.053053, 0.569733]"
CONTROL,56639058.93399999,"[0.147343, -0.05781, 0.648153, -0.038653, -0.049805, 0.571329]"
CONTROL,56659140.554000035,"[0.14659, -0.053806, 0.648817, -0.043509, -0.046461, 0.572644]"
CONTROL,56679220.76599996,"[0.145745, -0.049725, 0.649334, -0.048256, -0.043027, 0.573672]"
CONTROL,56699300.65799997,"[0.144807, -0.045573, 0.649704, -0.05288, -0.03951, 0.574409]"
CONTROL,56719379.49400001,"[0.143778, -0.041357, 0.649926, -0.057371, -0.035916, 0.574852]"
CONTROL,56739458.36200005,"[0.142658, -0.037082, 0.65, -0.061717, -0.032253, 0.575]"
CONTROL,56759539.50099995,"[0.141449, -0.032754, 0.649926, -0.065908, -0.028528, 0.574852]"
CONTROL,56779617.85699995,"[0.140149, -0.02838, 0.649704, -0.069931, -0.024747, 0.574409]"
CONTROL,56799702.58100002,"[0.138762, -0.023965, 0.649334, -0.073778, -0.020918, 0.573672]"
CONTROL,56819783.24099998,"[0.137286, -0.019516, 0.648817, -0.077439, -0.017049, 0.572644]"
CONTROL,56839862.33300004,"[0.135724, -0.01504, 0.648153, -0.080904, -0.013147, 0.571329]"
CONTROL,56859942.129000045,"[0.134076, -0.010542, 0.647343, -0.084165, -0.00922, 0.569733]"
CONTROL,56880019.077000044,"[0.132344, -0.006029, 0.646388, -0.087213, -0.005275, 0.567862]"
CONTROL,56900099.41699998,"[0.130528, -0.001508, 0.645287, -0.09004, -0.001319, 0.565723]"
CONTROL,56920178.029,"[0.128629, 0.003016, 0.644044, -0.092641, 0.002639, 0.563325]"
CONTROL,56940258.01700002,"[0.126649, 0.007535, 0.642658, -0.095007, 0.006591, 0.560676]"
CONTROL,56960340.82100005,"[0.124589, 0.012043, 0.641132, -0.097133, 0.010532, 0.557788]"
CONTROL,56980423.36900005,"[0.122451, 0.016535, 0.639466, -0.099014, 0.014451, 0.554673]"
CONTROL,57000503.13199995,"[0.120235, 0.021003, 0.637663, -0.100645, 0.018343, 0.551341]"
CONTROL,57020583.568,"[0.117943, 0.025441, 0.635724, -0.102021, 0.022199, 0.547807]"
CONTROL,57040661.95600001,"[0.115577, 0.029843, 0.633651, -0.10314, 0.026013, 0.544084]"
CONTROL,57060742.10400004,"[0.113138, 0.034202, 0.631446, -0.103998, 0.029776, 0.540187]"
CONTROL,57080820.58799994,"[0.110627, 0.038513, 0.629111, -0.104594, 0.033481, 0.536132]"
CONTROL,57100899.42399998,"[0.108046, 0.042769, 0.626649, -0.104925, 0.037122, 0.531933]"
CONTROL,57120977.58799996,"[0.105397, 0.046965, 0.624062, -0.104992, 0.040691, 0.527609]"
CONTROL,57141056.26399998,"[0.102682, 0.051094, 0.621353, -0.104793, 0.044181, 0.523176]"
CONTROL,57161134.90700002,"[0.099902, 0.05515, 0.618523, -0.104329, 0.047586, 0.518652]"
CONTROL,57181213.35900003,"[0.097058, 0.059127, 0.615577, -0.103602, 0.050899, 0.514054]"
CONTROL,57201294.147,"[0.094154, 0.063021, 0.612517, -0.102613, 0.054113, 0.5094]"
CONTROL,57221375.60700003,"[0.09119, 0.066825, 0.609345, -0.101365, 0.057223, 0.504709]"
CONTROL,57241462.954999976,"[0.088168, 0.070534, 0.606066, -0.099861, 0.060222, 0.5]"
CONTROL,57261611.74599997,"[0.08509, 0.074143, 0.602682, -0.098105, 0.063104, 0.495291]"
CONTROL,57281692.98199998,"[0.081959, 0.077647, 0.599197, -0.0961, 0.065865, 0.4906]"
CONTROL,57301771.94600003,"[0.078776, 0.08104, 0.595614, -0.093853, 0.068498, 0.485946]"
CONTROL,57321850.62199994,"[0.075543, 0.084318, 0.591936, -0.091369, 0.070998, 0.481348]"
CONTROL,57341929.48999999,"[0.072263, 0.087476, 0.588168, -0.088654, 0.073362, 0.476824]"
CONTROL,57362008.16500002,"[0.068937, 0.09051, 0.584313, -0.085716, 0.075583, 0.472391]"
CONTROL,57382088.76099998,"[0.065567, 0.093415, 0.580374, -0.08256, 0.077658, 0.468067]"
CONTROL,57402170.22100001,"[0.062156, 0.096188, 0.576356, -0.079196, 0.079583, 0.463868]"
CONTROL,57422249.21699994,"[0.058706, 0.098824, 0.572263, -0.075632, 0.081354, 0.459813]"
CONTROL,57442329.26899997,"[0.055219, 0.101319, 0.568099, -0.071877, 0.082968, 0.455916]"
CONTROL,57462409.00099997,"[0.051696, 0.103671, 0.563867, -0.067941, 0.084421, 0.452193]"
CONTROL,57482489.66100004,"[0.048142, 0.105875, 0.559572, -0.063833, 0.085711, 0.448659]"
CONTROL,57502570.09400002,"[0.044556, 0.107929, 0.555219, -0.059563, 0.086835, 0.445327]"
CONTROL,57522649.53400004,"[0.040943, 0.109829, 0.550811, -0.055143, 0.087791, 0.442212]"
CONTROL,57542731.375000015,"[0.037303, 0.111573, 0.546353, -0.050584, 0.088578, 0.439324]"
CONTROL,57562810.71900003,"[0.033641, 0.113159, 0.541849, -0.045897, 0.089193, 0.436675]"
CONTROL,57582890.12700004,"[0.029956, 0.114584, 0.537303, -0.041094, 0.089635, 0.434277]"
CONTROL,57602972.03200003,"[0.026253, 0.115846, 0.532721, -0.036188, 0.089904, 0.432138]"
CONTROL,57623053.58399999,"[0.022534, 0.116943, 0.528107, -0.031189, 0.09, 0.430267]"
CONTROL,57643133.44000004,"[0.0188, 0.117874, 0.523465, -0.026112, 0.089921, 0.428671]"
CONTROL,57663213.745000005,"[0.015054, 0.118638, 0.5188, -0.02097, 0.089668, 0.427356]"
CONTROL,57683292.033000045,"[0.011299, 0.119233, 0.514116, -0.015774, 0.089242, 0.426328]"
CONTROL,57703372.75299994,"[0.007537, 0.119659, 0.509419, -0.010538, 0.088644, 0.425591]"
CONTROL,57723451.16999998,"[0.00377, 0.119915, 0.504712, -0.005276, 0.087873, 0.425148]"
CONTROL,57743529.74600004,"[0.0, 0.12, 0.5, -0.0, 0.086933, 0.425]"
CONTROL,57763612.60999999,"[-0.00377, 0.119915, 0.495288, 0.005276, 0.085825, 0.425148]"
CONTROL,57783691.155000046,"[-0.007537, 0.119659, 0.490581, 0.010538, 0.084551, 0.425591]"
CONTROL,57803770.24300003,"[-0.011299, 0.119233, 0.485884, 0.015774, 0.083113, 0.426328]"
CONTROL,57823850.19499998,"[-0.015054, 0.118638, 0.4812, 0.02097, 0.081515, 0.427356]"
CONTROL,57843932.67600001,"[-0.0188, 0.117874, 0.476535, 0.026112, 0.079758, 0.428671]"
CONTROL,57864010.51600001,"[-0.022534, 0.116943, 0.471893, 0.031189, 0.077848, 0.430267]"
CONTROL,57884089.89200002,"[-0.026253, 0.115846, 0.467279, 0.036188, 0.075787, 0.432138]"
CONTROL,57904168.27699994,"[-0.029956, 0.114584, 0.462697, 0.041094, 0.073579, 0.434277]"
CONTROL,57924247.780999966,"[-0.033641, 0.113159, 0.458151, 0.045897, 0.071229, 0.436675]"
CONTROL,57944330.70900004,"[-0.037303, 0.111573, 0.453647, 0.050584, 0.068742, 0.439324]"
CONTROL,57964408.99799995,"[-0.040943, 0.109829, 0.449189, 0.055143, 0.066121, 0.442212]"
CONTROL,57984489.20600004,"[-0.044556, 0.107929, 0.444781, 0.059563, 0.063372, 0.445327]"
CONTROL,58004568.55000004,"[-0.048142, 0.105875, 0.440428, 0.063833, 0.060501, 0.448659]"
CONTROL,58024648.086999945,"[-0.051696, 0.103671, 0.436133, 0.067941, 0.057513, 0.452193]"
CONTROL,58044726.91900003,"[-0.055219, 0.101319, 0.431901, 0.071877, 0.054414, 0.455916]"
CONTROL,58064804.855000034,"[-0.058706, 0.098824, 0.427737, 0.075632, 0.051209, 0.459813]"
CONTROL,58084883.49599998,"[-0.062156, 0.096188, 0.423644, 0.079196, 0.047906, 0.463868]"
CONTROL,58104965.97600002,"[-0.065567, 0.093415, 0.419626, 0.08256, 0.044509, 0.468067]"
CONTROL,58125046.88800004,"[-0.068937, 0.09051, 0.415687, 0.085716, 0.041027, 0.472391]"
CONTROL,58145127.673000045,"[-0.072263, 0.087476, 0.411832, 0.088654, 0.037465, 0.476824]"
CONTROL,58165208.07300003,"[-0.075543, 0.084318, 0.408064, 0.091369, 0.033831, 0.481348]"
CONTROL,58185286.392999955,"[-0.078776, 0.08104, 0.404386, 0.093853, 0.030131, 0.485946]"
CONTROL,58205365.25800003,"[-0.081959, 0.077647, 0.400803, 0.0961, 0.026374, 0.4906]"
CONTROL,58225443.51399995,"[-0.08509, 0.074143, 0.397318, 0.098105, 0.022565, 0.495291]"
CONTROL,58245520.93800002,"[-0.088168, 0.070534, 0.393934, 0.099861, 0.018712, 0.5]"
CONTROL,58265660.98900002,"[-0.09119, 0.066825, 0.390655, 0.101365, 0.014823, 0.504709]"
CONTROL,58285740.55699994,"[-0.094154, 0.063021, 0.387483, 0.102613, 0.010906, 0.5094]"
CONTROL,58305819.582000025,"[-0.097058, 0.059127, 0.384423, 0.103602, 0.006967, 0.514054]"
CONTROL,58325898.702000014,"[-0.099902, 0.05515, 0.381477, 0.104329, 0.003015, 0.518652]"
CONTROL,58345977.37399997,"[-0.102682, 0.051094, 0.378647, 0.104793, -0.000942, 0.523176]"
CONTROL,58366056.718999974,"[-0.105397, 0.046965, 0.375938, 0.104992, -0.004898, 0.527609]"
CONTROL,58386137.631,"[-0.108046, 0.042769, 0.373351, 0.104925, -0.008845, 0.531933]"
CONTROL,58406218.062999986,"[-0.110627, 0.038513, 0.370889, 0.104594, -0.012774, 0.536132]"
CONTROL,58426299.48800004,"[-0.113138, 0.034202, 0.368554, 0.103998, -0.016679, 0.540187]"
CONTROL,58446380.33599995,"[-0.115577, 0.029843, 0.366349, 0.10314, -0.020552, 0.544084]"
CONTROL,58466459.20000003,"[-0.117943, 0.025441, 0.364276, 0.102021, -0.024384, 0.547807]"
CONTROL,58486539.05699996,"[-0.120235, 0.021003, 0.362337, 0.100645, -0.02817, 0.551341]"
CONTROL,58506619.805000015,"[-0.122451, 0.016535, 0.360534, 0.099014, -0.031901, 0.554673]"
CONTROL,58526699.17799994,"[-0.124589, 0.012043, 0.358868, 0.097133, -0.03557, 0.557788]"
CONTROL,58546777.94299994,"[-0.126649, 0.007535, 0.357342, 0.095007, -0.039171, 0.560676]"
CONTROL,58566856.45200002,"[-0.128629, 0.003016, 0.355956, 0.092641, -0.042696, 0.563325]"
CONTROL,58586940.048999965,"[-0.130528, -0.001508, 0.354713, 0.09004, -0.046138, 0.565723]"
CONTROL,58607021.50199995,"[-0.132344, -0.006029, 0.353612, 0.087213, -0.049491, 0.567862]"
CONTROL,58627101.419000044,"[-0.134076, -0.010542, 0.352657, 0.084165, -0.052748, 0.569733]"
CONTROL,58647180.88699999,"[-0.135724, -0.01504, 0.351847, 0.080904, -0.055903, 0.571329]"
CONTROL,58667262.563999996,"[-0.137286, -0.019516, 0.351183, 0.077439, -0.05895, 0.572644]"
CONTROL,58687340.049,"[-0.138762, -0.023965, 0.350666, 0.073778, -0.061884, 0.573672]"
CONTROL,58707418.97400001,"[-0.140149, -0.02838, 0.350296, 0.069931, -0.064697, 0.574409]"
CONTROL,58727498.12300003,"[-0.141449, -0.032754, 0.350074, 0.065908, -0.067385, 0.574852]"
CONTROL,58747577.36699996,"[-0.142658, -0.037082, 0.35, 0.061717, -0.069943, 0.575]"
CONTROL,58767656.54799999,"[-0.143778, -0.041357, 0.350074, 0.057371, -0.072366, 0.574852]"
CONTROL,58787735.12099997,"[-0.144807, -0.045573, 0.350296, 0.05288, -0.074648, 0.574409]"
CONTROL,58807813.054000005,"[-0.145745, -0.049725, 0.350666, 0.048256, -0.076787, 0.573672]"
CONTROL,58827892.011000015,"[-0.14659, -0.053806, 0.351183, 0.043509, -0.078777, 0.572644]"
CONTROL,58847973.39900001,"[-0.147343, -0.05781, 0.351847, 0.038653, -0.080614, 0.571329]"
CONTROL,58868051.71599997,"[-0.148003, -0.061733, 0.352657, 0.033699, -0.082296, 0.569733]"
CONTROL,58888130.64099997,"[-0.148569, -0.065567, 0.353612, 0.02866, -0.083818, 0.567862]"
CONTROL,58908209.822000004,"[-0.149042, -0.069309, 0.354713, 0.023548, -0.085178, 0.565723]"
CONTROL,58928291.883000046,"[-0.14942, -0.072952, 0.355956, 0.018377, -0.086374, 0.563325]"
CONTROL,58948371.15999997,"[-0.149704, -0.076491, 0.357342, 0.01316, -0.087402, 0.560676]"
CONTROL,58968449.47600005,"[-0.149893, -0.079921, 0.358868, 0.007909, -0.088261, 0.557788]"
CONTROL,58988528.305000044,"[-0.149988, -0.083238, 0.360534, 0.002639, -0.08895, 0.554673]"
CONTROL,59008607.86999999,"[-0.149988, -0.086437, 0.362337, -0.002639, -0.089467, 0.551341]"
CONTROL,59028686.21899995,"[-0.149893, -0.089513, 0.364276, -0.007909, -0.08981, 0.547807]"
CONTROL,59048766.232000045,"[-0.149704, -0.092462, 0.366349, -0.01316, -0.08998, 0.544084]"
CONTROL,59068847.71600005,"[-0.14942, -0.095279, 0.368554, -0.018377, -0.089976, 0.540187]"
CONTROL,59088926.41700004,"[-0.149042, -0.097961, 0.370889, -0.023548, -0.089798, 0.536132]"
CONTROL,59109004.99000002,"[-0.148569, -0.100503, 0.373351, -0.02866, -0.089446, 0.531933]"
CONTROL,59129087.85100001,"[-0.148003, -0.102903, 0.375938, -0.033699, -0.088921, 0.527609]"
CONTROL,59149167.96,"[-0.147343, -0.105157, 0.378647, -0.038653, -0.088224, 0.523176]"
CONTROL,59169247.46099994,"[-0.14659, -0.107261, 0.381477, -0.043509, -0.087357, 0.518652]"
CONTROL,59189329.746,"[-0.145745, -0.109213, 0.384423, -0.048256, -0.08632, 0.514054]"
CONTROL,59209409.08600005,"[-0.144807, -0.111009, 0.387483, -0.05288, -0.085117, 0.5094]"
CONTROL,59229488.651,"[-0.143778, -0.112648, 0.390655, -0.057371, -0.083749, 0.504709]"
CONTROL,59249567.38399999,"[-0.142658, -0.114127, 0.393934, -0.061717, -0.082219, 0.5]"
CONTROL,59269702.21499994,"[-0.141449, -0.115443, 0.397318, -0.065908, -0.08053, 0.495291]"
CONTROL,59289781.20399995,"[-0.140149, -0.116596, 0.400803, -0.069931, -0.078685, 0.4906]"
CONTROL,59309859.553000025,"[-0.138762, -0.117583, 0.404386, -0.073778, -0.076688, 0.485946]"
CONTROL,59329938.70200005,"[-0.137286, -0.118402, 0.408064, -0.077439, -0.074543, 0.481348]"
CONTROL,59350016.21799995,"[-0.135724, -0.119054, 0.411832, -0.080904, -0.072254, 0.476824]"
CONTROL,59370099.14299995,"[-0.134076, -0.119536, 0.415687, -0.084165, -0.069824, 0.472391]"
CONTROL,59390179.25199994,"[-0.132344, -0.119848, 0.419626, -0.087213, -0.06726, 0.468067]"
CONTROL,59410260.64100004,"[-0.130528, -0.119991, 0.423644, -0.09004, -0.064566, 0.463868]"
CONTROL,59430340.04599997,"[-0.128629, -0.119962, 0.427737, -0.092641, -0.061747, 0.459813]"
CONTROL,59450419.64300003,"[-0.126649, -0.119763, 0.431901, -0.095007, -0.058808, 0.455916]"
CONTROL,59470499.302999996,"[-0.124589, -0.119394, 0.436133, -0.097133, -0.055755, 0.452193]"
CONTROL,59490577.68299997,"[-0.122451, -0.118855, 0.440428, -0.099014, -0.052595, 0.448659]"
CONTROL,59510656.44499999,"[-0.120235, -0.118148, 0.444781, -0.100645, -0.049333, 0.445327]"
CONTROL,59530741.54199999,"[-0.117943, -0.117272, 0.449189, -0.102021, -0.045976, 0.442212]"
CONTROL,59550822.28799995,"[-0.115577, -0.11623, 0.453647, -0.10314, -0.04253, 0.439324]"
CONTROL,59570901.52900002,"[-0.113138, -0.115023, 0.458151, -0.103998, -0.039001, 0.436675]"
CONTROL,59590979.93800003,"[-0.110627, -0.113652, 0.462697, -0.104594, -0.035397, 0.434277]"
CONTROL,59611061.61199996,"[-0.108046, -0.112119, 0.467279, -0.104925, -0.031725, 0.432138]"
CONTROL,59631140.59700001,"[-0.105397, -0.110428, 0.471893, -0.104992, -0.027991, 0.430267]"
CONTROL,59651219.167000026,"[-0.102682, -0.108579, 0.476535, -0.104793, -0.024203, 0.428671]"
CONTROL,59671297.80000005,"[-0.099902, -0.106576, 0.4812, -0.104329, -0.020368, 0.427356]"
CONTROL,59691377.29700003,"[-0.097058, -0.104422, 0.485884, -0.103602, -0.016494, 0.426328]"
CONTROL,59711455.93100005,"[-0.094154, -0.102119, 0.490581, -0.102613, -0.012588, 0.425591]"
CONTROL,59731533.89200002,"[-0.09119, -0.099672, 0.495288, -0.101365, -0.008657, 0.425148]"
CONTROL,59751617.613000005,"[-0.088168, -0.097082, 0.5, -0.099861, -0.00471, 0.425]"
CONTROL,59771696.37500003,"[-0.08509, -0.094355, 0.504712, -0.098105, -0.000754, 0.425148]"
CONTROL,59791775.32799997,"[-0.081959, -0.091493, 0.509419, -0.0961, 0.003204, 0.425591]"
CONTROL,59811854.63299994,"[-0.078776, -0.088502, 0.514116, -0.093853, 0.007155, 0.426328]"
CONTROL,59831934.61099995,"[-0.075543, -0.085384, 0.5188, -0.091369, 0.011093, 0.427356]"
CONTROL,59852013.85200003,"[-0.072263, -0.082146, 0.523465, -0.088654, 0.015009, 0.428671]"
CONTROL,59872092.80599996,"[-0.068937, -0.07879, 0.528107, -0.085716, 0.018896, 0.430267]"
CONTROL,59892171.631,"[-0.065567, -0.075323, 0.532721, -0.08256, 0.022747, 0.432138]"
CONTROL,59912250.93599997,"[-0.062156, -0.071749, 0.537303, -0.079196, 0.026554, 0.434277]"
CONTROL,59932330.37000004,"[-0.058706, -0.068072, 0.541849, -0.075632, 0.030309, 0.436675]"
CONTROL,59952408.77899994,"[-0.055219, -0.064299, 0.546353, -0.071877, 0.034006, 0.439324]"
CONTROL,59972487.66799998,"[-0.051696, -0.060435, 0.550811, -0.067941, 0.037637, 0.442212]"
CONTROL,59992567.421999976,"[-0.048142, -0.056484, 0.555219, -0.063833, 0.041195, 0.445327]"
CONTROL,60012646.21500002,"[-0.044556, -0.052454, 0.559572, -0.059563, 0.044673, 0.448659]"
CONTROL,60032725.551999986,"[-0.040943, -0.048349, 0.563867, -0.055143, 0.048065, 0.452193]"
CONTROL,60052805.20999997,"[-0.037303, -0.044175, 0.568099, -0.050584, 0.051364, 0.455916]"
CONTROL,60072883.49099997,"[-0.033641, -0.039938, 0.572263, -0.045897, 0.054564, 0.459813]"
CONTROL,60092963.30899997,"[-0.029956, -0.035645, 0.576356, -0.041094, 0.057658, 0.463868]"
CONTROL,60113040.437999986,"[-0.026253, -0.031301, 0.580374, -0.036188, 0.060641, 0.468067]"
CONTROL,60133119.32700003,"[-0.022534, -0.026912, 0.584313, -0.031189, 0.063506, 0.472391]"
CONTROL,60153199.27300004,"[-0.0188, -0.022486, 0.588168, -0.026112, 0.066249, 0.476824]"
CONTROL,60173278.12999997,"[-0.015054, -0.018027, 0.591936, -0.02097, 0.068863, 0.481348]"
CONTROL,60193357.21100003,"[-0.011299, -0.013543, 0.595614, -0.015774, 0.071344, 0.485946]"
CONTROL,60213438.08500001,"[-0.007537, -0.009039, 0.599197, -0.010538, 0.073688, 0.4906]"
CONTROL,60233515.53400005,"[-0.00377, -0.004523, 0.602682, -0.005276, 0.075888, 0.495291]"
CONTROL,60253595.92699999,"[-0.0, -0.0, 0.606066, -0.0, 0.077942, 0.5]"
CONTROL,60273736.25899997,"[0.00377, 0.004523, 0.609345, 0.005276, 0.079845, 0.504709]"
CONTROL,60293813.677,"[0.007537, 0.009039, 0.612517, 0.010538, 0.081594, 0.5094]"
CONTROL,60313894.32599997,"[0.011299, 0.013543, 0.615577, 0.015774, 0.083185, 0.514054]"
CONTROL,60333970.623000026,"[0.015054, 0.018027, 0.618523, 0.02097, 0.084615, 0.518652]"
CONTROL,60354063.08100005,"[0.0188, 0.022486, 0.621353, 0.026112, 0.085882, 0.523176]"
CONTROL,60374142.32200001,"[0.022534, 0.026912, 0.624062, 0.031189, 0.086982, 0.527609]"
CONTROL,60394222.55600005,"[0.026253, 0.031301, 0.626649, 0.036188, 0.087914, 0.531933]"
CONTROL,60414302.24500004,"[0.029956, 0.035645, 0.629111, 0.041094, 0.088676, 0.536132]"
CONTROL,60434382.222999945,"[0.033641, 0.039938, 0.631446, 0.045897, 0.089267, 0.540187]"
CONTROL,60454461.624000035,"[0.037303, 0.044175, 0.633651, 0.050584, 0.089684, 0.544084]"
CONTROL,60474540.961,"[0.040943, 0.048349, 0.635724, 0.055143, 0.089929, 0.547807]"
CONTROL,60494619.721000046,"[0.044556, 0.052454, 0.637663, 0.059563, 0.089999, 0.551341]"
CONTROL,60514698.286999986,"[0.048142, 0.056484, 0.639466, 0.063833, 0.089896, 0.554673]"
CONTROL,60534780.24499998,"[0.051696, 0.060435, 0.641132, 0.067941, 0.089618, 0.557788]"
CONTROL,60554859.771,"[0.055219, 0.064299, 0.642658, 0.071877, 0.089167, 0.560676]"
CONTROL,60574942.30500004,"[0.058706, 0.068072, 0.644044, 0.075632, 0.088544, 0.563325]"
CONTROL,60595022.887000024,"[0.062156, 0.071749, 0.645287, 0.079196, 0.08775, 0.565723]"
CONTROL,60615101.64499998,"[0.065567, 0.075323, 0.646388, 0.08256, 0.086785, 0.567862]"
CONTROL,60635182.29099998,"[0.068937, 0.07879, 0.647343, 0.085716, 0.085653, 0.569733]"
CONTROL,60655264.05699995,"[0.072263, 0.082146, 0.648153, 0.088654, 0.084355, 0.571329]"
CONTROL,60675342.94300003,"[0.075543, 0.085384, 0.648817, 0.091369, 0.082894, 0.572644]"
CONTROL,60695421.668999985,"[0.078776, 0.088502, 0.649334, 0.093853, 0.081273, 0.573672]"
CONTROL,60715500.13900003,"[0.081959, 0.091493, 0.649704, 0.0961, 0.079495, 0.574409]"
CONTROL,60735579.92099995,"[0.08509, 0.094355, 0.649926, 0.098105, 0.077563, 0.574852]"
CONTROL,60755657.78299995,"[0.088168, 0.097082, 0.65, 0.099861, 0.07548, 0.575]"
CONTROL,60775736.09299998,"[0.09119, 0.099672, 0.649926, 0.101365, 0.073252, 0.574852]"
CONTROL,60795815.42699998,"[0.094154, 0.102119, 0.649704, 0.102613, 0.070882, 0.574409]"
CONTROL,60815893.801000014,"[0.097058, 0.104422, 0.649334, 0.103602, 0.068375, 0.573672]"
CONTROL,60835972.911,"[0.099902, 0.106576, 0.648817, 0.104329, 0.065736, 0.572644]"
CONTROL,60856051.73299996,"[0.102682, 0.108579, 0.648153, 0.104793, 0.06297, 0.571329]"
CONTROL,60876132.66699998,"[0.105397, 0.110428, 0.647343, 0.104992, 0.060082, 0.569733]"
CONTROL,60896213.504999995,"[0.108046, 0.112119, 0.646388, 0.104925, 0.057077, 0.567862]"
CONTROL,60916293.03100001,"[0.110627, 0.113652, 0.645287, 0.104594, 0.053962, 0.565723]"
CONTROL,60936372.30100001,"[0.113138, 0.115023, 0.644044, 0.103998, 0.050743, 0.563325]"
CONTROL,60956451.98700003,"[0.115577, 0.11623, 0.642658, 0.10314, 0.047426, 0.560676]"
CONTROL,60976530.74499999,"[0.117943, 0.117272, 0.641132, 0.102021, 0.044017, 0.557788]"
CONTROL,60996610.84699994,"[0.120235, 0.118148, 0.639466, 0.100645, 0.040523, 0.554673]"
CONTROL,61016690.148999944,"[0.122451, 0.118855, 0.637663, 0.099014, 0.03695, 0.551341]"
CONTROL,61036769.03500002,"[0.124589, 0.119394, 0.635724, 0.097133, 0.033306, 0.547807]"
CONTROL,61056848.17700001,"[0.126649, 0.119763, 0.633651, 0.095007, 0.029598, 0.544084]"
CONTROL,61076927.863000035,"[0.128629, 0.119962, 0.631446, 0.092641, 0.025832, 0.540187]"
CONTROL,61097007.38899994,"[0.130528, 0.119991, 0.629111, 0.09004, 0.022017, 0.536132]"
CONTROL,61117086.563000046,"[0.132344, 0.119848, 0.626649, 0.087213, 0.018159, 0.531933]"
CONTROL,61137166.40899997,"[0.134076, 0.119536, 0.624062, 0.084165, 0.014265, 0.527609]"
CONTROL,61157249.646999955,"[0.135724, 0.119054, 0.621353, 0.080904, 0.010344, 0.523176]"
CONTROL,61177327.34899994,"[0.137286, 0.118402, 0.618523, 0.077439, 0.006403, 0.518652]"
CONTROL,61197407.80300003,"[0.138762, 0.117583, 0.615577, 0.073778, 0.00245, 0.514054]"
CONTROL,61217489.53700001,"[0.140149, 0.116596, 0.612517, 0.069931, -0.001508, 0.5094]"
CONTROL,61237568.16699995,"[0.141449, 0.115443, 0.609345, 0.065908, -0.005463, 0.504709]"
CONTROL,61257647.62899996,"[0.142658, 0.114127, 0.606066, 0.061717, -0.009408, 0.5]"
CONTROL,61277805.58999996,"[0.143778, 0.112648, 0.602682, 0.057371, -0.013334, 0.495291]"
CONTROL,61297884.380000025,"[0.144807, 0.111009, 0.599197, 0.05288, -0.017234, 0.4906]"
CONTROL,61317963.49000001,"[0.145745, 0.109213, 0.595614, 0.048256, -0.021102, 0.485946]"
CONTROL,61338042.343999974,"[0.14659, 0.107261, 0.591936, 0.043509, -0.024928, 0.481348]"
CONTROL,61358120.87800002,"[0.147343, 0.105157, 0.588168, 0.038653, -0.028706, 0.476824]"
CONTROL,61378200.69199995,"[0.148003, 0.102903, 0.584313, 0.033699, -0.032429, 0.472391]"
CONTROL,61398279.513000034,"[0.148569, 0.100503, 0.580374, 0.02866, -0.036089, 0.468067]"
CONTROL,61418360.63999995,"[0.149042, 0.097961, 0.576356, 0.023548, -0.039679, 0.463868]"
CONTROL,61438441.66999997,"[0.14942, 0.095279, 0.572263, 0.018377, -0.043193, 0.459813]"
CONTROL,61458520.90799997,"[0.149704, 0.092462, 0.568099, 0.01316, -0.046622, 0.455916]"
CONTROL,61478600.20899998,"[0.149893, 0.089513, 0.563867, 0.007909, -0.049962, 0.452193]"
CONTROL,61498681.10900002,"[0.149988, 0.086437, 0.559572, 0.002639, -0.053205, 0.448659]"
CONTROL,61518761.97599995,"[0.149988, 0.083238, 0.555219, -0.002639, -0.056345, 0.445327]"
CONTROL,61538841.018999964,"[0.149893, 0.079921, 0.550811, -0.007909, -0.059377, 0.442212]"
CONTROL,61558920.285,"[0.149704, 0.076491, 0.546353, -0.01316, -0.062293, 0.439324]"
CONTROL,61578999.168,"[0.14942, 0.072952, 0.541849, -0.018377, -0.065089, 0.436675]"
CONTROL,61599076.93000002,"[0.149042, 0.069309, 0.537303, -0.023548, -0.067759, 0.434277]"
CONTROL,61619156.64499997,"[0.148569, 0.065567, 0.532721, -0.02866, -0.070298, 0.432138]"
CONTROL,61639237.224,"[0.148003, 0.061733, 0.528107, -0.033699, -0.072701, 0.430267]"
CONTROL,61659317.353999995,"[0.147343, 0.05781, 0.523465, -0.038653, -0.074963, 0.428671]"
CONTROL,61679396.90900005,"[0.14659, 0.053806, 0.5188, -0.043509, -0.07708, 0.427356]"
CONTROL,61699475.824000046,"[0.145745, 0.049725, 0.514116, -0.048256, -0.079049, 0.426328]"
CONTROL,61719554.86599995,"[0.144807, 0.045573, 0.509419, -0.05288, -0.080864, 0.425591]"
CONTROL,61739632.53299996,"[0.143778, 0.041357, 0.504712, -0.057371, -0.082523, 0.425148]"
CONTROL,61759711.63899999,"[0.142658, 0.037082, 0.5, -0.061717, -0.084022, 0.425]"
CONTROL,61779791.13000003,"[0.141449, 0.032754, 0.495288, -0.065908, -0.085359, 0.425148]"
CONTROL,61799872.82900004,"[0.140149, 0.02838, 0.490581, -0.069931, -0.086531, 0.425591]"
CONTROL,61819951.39100002,"[0.138762, 0.023965, 0.485884, -0.073778, -0.087535, 0.426328]"
CONTROL,61840033.18600003,"[0.137286, 0.019516, 0.4812, -0.077439, -0.08837, 0.427356]"
CONTROL,61860111.26899996,"[0.135724, 0.01504, 0.476535, -0.080904, -0.089035, 0.428671]"
CONTROL,61880186.471,"[0.134076, 0.010542, 0.471893, -0.084165, -0.089526, 0.430267]"
CONTROL,61900265.54600001,"[0.132344, 0.006029, 0.467279, -0.087213, -0.089845, 0.432138]"
CONTROL,61920345.003999956,"[0.130528, 0.001508, 0.462697, -0.09004, -0.08999, 0.434277]"
CONTROL,61940424.20699998,"[0.128629, -0.003016, 0.458151, -0.092641, -0.089961, 0.436675]"
CONTROL,61960503.95400005,"[0.126649, -0.007535, 0.453647, -0.095007, -0.089758, 0.439324]"
CONTROL,61980583.09199996,"[0.124589, -0.012043, 0.449189, -0.097133, -0.089382, 0.442212]"
CONTROL,62000663.76699999,"[0.122451, -0.016535, 0.444781, -0.099014, -0.088832, 0.445327]"
CONTROL,62020744.25000001,"[0.120235, -0.021003, 0.440428, -0.100645, -0.088111, 0.448659]"
CONTROL,62040823.61199994,"[0.117943, -0.025441, 0.436133, -0.102021, -0.087219, 0.452193]"
CONTROL,62060905.02300003,"[0.115577, -0.029843, 0.431901, -0.10314, -0.086159, 0.455916]"
CONTROL,62080985.50600005,"[0.113138, -0.034202, 0.427737, -0.103998, -0.084932, 0.459813]"
CONTROL,62101065.92399996,"[0.110627, -0.038513, 0.423644, -0.104594, -0.08354, 0.463868]"
CONTROL,62121145.63900002,"[0.108046, -0.042769, 0.419626, -0.104925, -0.081987, 0.468067]"
CONTROL,62141225.738000005,"[0.105397, -0.046965, 0.415687, -0.104992, -0.080276, 0.472391]"
CONTROL,62161305.22799995,"[0.102682, -0.051094, 0.411832, -0.104793, -0.078409, 0.476824]"
CONTROL,62181384.52699998,"[0.099902, -0.05515, 0.408064, -0.104329, -0.076391, 0.481348]"
CONTROL,62201463.826000005,"[0.097058, -0.059127, 0.404386, -0.103602, -0.074225, 0.485946]"
CONTROL,62221542.06799996,"[0.094154, -0.063021, 0.400803, -0.102613, -0.071915, 0.4906]"
CONTROL,62241621.174999975,"[0.09119, -0.066825, 0.397318, -0.101365, -0.069466, 0.495291]"
CONTROL,62261700.281,"[0.088168, -0.070534, 0.393934, -0.099861, -0.066883, 0.5]"
CONTROL,62281850.23900005,"[0.08509, -0.074143, 0.390655, -0.098105, -0.064171, 0.504709]"
CONTROL,62301929.63399997,"[0.081959, -0.077647, 0.387483, -0.0961, -0.061334, 0.5094]"
CONTROL,62322012.675999984,"[0.078776, -0.08104, 0.384423, -0.093853, -0.058379, 0.514054]"
CONTROL,62342096.48700005,"[0.075543, -0.084318, 0.381477, -0.091369, -0.05531, 0.518652]"
CONTROL,62362176.00999998,"[0.072263, -0.087476, 0.378647, -0.088654, -0.052135, 0.523176]"
CONTROL,62382255.40400004,"[0.068937, -0.09051, 0.375938, -0.085716, -0.048859, 0.527609]"
CONTROL,62402335.50300002,"[0.065567, -0.093415, 0.373351, -0.08256, -0.045489, 0.531933]"
CONTROL,62422417.20200002,"[0.062156, -0.096188, 0.370889, -0.079196, -0.04203, 0.536132]"
CONTROL,62442497.04399999,"[0.058706, -0.098824, 0.368554, -0.075632, -0.038491, 0.540187]"
CONTROL,62462576.79099995,"[0.055219, -0.101319, 0.366349, -0.071877, -0.034876, 0.544084]"
CONTROL,62482656.53800002,"[0.051696, -0.103671, 0.364276, -0.067941, -0.031195, 0.547807]"
CONTROL,62502734.584999986,"[0.048142, -0.105875, 0.362337, -0.063833, -0.027453, 0.551341]"
CONTROL,62522815.60899996,"[0.044556, -0.107929, 0.360534, -0.059563, -0.023658, 0.554673]"
CONTROL,62542893.847999945,"[0.040943, -0.109829, 0.358868, -0.055143, -0.019817, 0.557788]"
CONTROL,62562973.17500003,"[0.037303, -0.111573, 0.357342, -0.050584, -0.015938, 0.560676]"
CONTROL,62583051.190999985,"[0.033641, -0.113159, 0.355956, -0.045897, -0.012028, 0.563325]"
CONTROL,62603130.549999945,"[0.029956, -0.114584, 0.354713, -0.041094, -0.008094, 0.565723]"
CONTROL,62623210.10100004,"[0.026253, -0.115846, 0.353612, -0.036188, -0.004145, 0.567862]"
CONTROL,62643289.26899998,"[0.022534, -0.116943, 0.352657, -0.031189, -0.000188, 0.569733]"
CONTROL,62663368.02000001,"[0.0188, -0.117874, 0.351847, -0.026112, 0.003769, 0.571329]"
CONTROL,62683447.57099999,"[0.015054, -0.118638, 0.351183, -0.02097, 0.007719, 0.572644]"
CONTROL,62703527.635,"[0.011299, -0.119233, 0.350666, -0.015774, 0.011654, 0.573672]"
CONTROL,62723606.258000016,"[0.007537, -0.119659, 0.350296, -0.010538, 0.015566, 0.574409]"
CONTROL,62743684.625000015,"[0.00377, -0.119915, 0.350074, -0.005276, 0.019449, 0.574852]"
CONTROL,62763763.50500004,"[-0.0, -0.12, 0.35, 0.0, 0.023294, 0.575]"
CONTROL,62783842.383999966,"[-0.00377, -0.119915, 0.350074, 0.005276, 0.027093, 0.574852]"
CONTROL,62803921.902999945,"[-0.007537, -0.119659, 0.350296, 0.010538, 0.030841, 0.574409]"
CONTROL,62824001.23100001,"[-0.011299, -0.119233, 0.350666, 0.015774, 0.034529, 0.573672]"
CONTROL,62844079.69400001,"[-0.015054, -0.118638, 0.351183, 0.02097, 0.038149, 0.572644]"
CONTROL,62864157.388999954,"[-0.0188, -0.117874, 0.351847, 0.026112, 0.041697, 0.571329]"
CONTROL,62884235.91699996,"[-0.022534, -0.116943, 0.352657, 0.031189, 0.045163, 0.569733]"
CONTROL,62904314.315999955,"[-0.026253, -0.115846, 0.353612, 0.036188, 0.048542, 0.567862]"
CONTROL,62924392.04300001,"[-0.029956, -0.114584, 0.354713, 0.041094, 0.051828, 0.565723]"
CONTROL,62944471.46699997,"[-0.033641, -0.113159, 0.355956, 0.045897, 0.055013, 0.563325]"
CONTROL,62964552.29799994,"[-0.037303, -0.111573, 0.357342, 0.050584, 0.058091, 0.560676]"
CONTROL,62984629.800999984,"[-0.040943, -0.109829, 0.358868, 0.055143, 0.061057, 0.557788]"
CONTROL,63004708.42499999,"[-0.044556, -0.107929, 0.360534, 0.059563, 0.063906, 0.554673]"
CONTROL,63024785.47999999,"[-0.048142, -0.105875, 0.362337, 0.063833, 0.06663, 0.551341]"
CONTROL,63044864.87099996,"[-0.051696, -0.103671, 0.364276, 0.067941, 0.069226, 0.547807]"
CONTROL,63064945.351,"[-0.055219, -0.101319, 0.366349, 0.071877, 0.071688, 0.544084]"
CONTROL,63085024.29400005,"[-0.058706, -0.098824, 0.368554, 0.075632, 0.074011, 0.540187]"
CONTROL,63105103.877000034,"[-0.062156, -0.096188, 0.370889, 0.079196, 0.076191, 0.536132]"
CONTROL,63125195.20499995,"[-0.065567, -0.093415, 0.373351, 0.08256, 0.078223, 0.531933]"
CONTROL,63145274.27600001,"[-0.068937, -0.09051, 0.375938, 0.085716, 0.080105, 0.527609]"
CONTROL,63165355.71600002,"[-0.072263, -0.087476, 0.378647, 0.088654, 0.081831, 0.523176]"
CONTROL,63185433.891,"[-0.075543, -0.084318, 0.381477, 0.091369, 0.083399, 0.518652]"
CONTROL,63205512.35400001,"[-0.078776, -0.08104, 0.384423, 0.093853, 0.084806, 0.514054]"
CONTROL,63225590.94600001,"[-0.081959, -0.077647, 0.387483, 0.0961, 0.086049, 0.5094]"
CONTROL,63245669.184999995,"[-0.08509, -0.074143, 0.390655, 0.098105, 0.087125, 0.504709]"
CONTROL,63265747.13599996,"[-0.088168, -0.070534, 0.393934, 0.099861, 0.088033, 0.5]"
CONTROL,63285880.54600004,"[-0.09119, -0.066825, 0.397318, 0.101365, 0.088771, 0.495291]"
CONTROL,63305960.19300003,"[-0.094154, -0.063021, 0.400803, 0.102613, 0.089337, 0.4906]"
CONTROL,63326041.98499996,"[-0.097058, -0.059127, 0.404386, 0.103602, 0.08973, 0.485946]"
CONTROL,63346121.05600002,"[-0.099902, -0.05515, 0.408064, 0.104329, 0.089949, 0.481348]"
CONTROL,63366199.58300003,"[-0.102682, -0.051094, 0.411832, 0.104793, 0.089995, 0.476824]"
CONTROL,63386279.199,"[-0.105397, -0.046965, 0.415687, 0.104992, 0.089867, 0.472391]"
CONTROL,63406360.02999997,"[-0.108046, -0.042769, 0.419626, 0.104925, 0.089564, 0.468067]"
CONTROL,63426438.30099996,"[-0.110627, -0.038513, 0.423644, 0.104594, 0.089089, 0.463868]"
CONTROL,63446517.75700004,"[-0.113138, -0.034202, 0.427737, 0.103998, 0.088441, 0.459813]"
CONTROL,63466596.15600004,"[-0.115577, -0.029843, 0.431901, 0.10314, 0.087622, 0.455916]"
CONTROL,63486673.05100003,"[-0.117943, -0.025441, 0.436133, 0.102021, 0.086634, 0.452193]"
CONTROL,63506755.38300004,"[-0.120235, -0.021003, 0.440428, 0.100645, 0.085478, 0.448659]"
CONTROL,63526833.74699996,"[-0.122451, -0.016535, 0.444781, 0.099014, 0.084157, 0.445327]"
CONTROL,63546912.302999996,"[-0.124589, -0.012043, 0.449189, 0.097133, 0.082673, 0.442212]"
CONTROL,63566993.41900003,"[-0.126649, -0.007535, 0.453647, 0.095007, 0.081029, 0.439324]"
CONTROL,63587070.82299998,"[-0.128629, -0.003016, 0.458151, 0.092641, 0.079228, 0.436675]"
CONTROL,63607149.92399994,"[-0.130528, 0.001508, 0.462697, 0.09004, 0.077274, 0.434277]"
CONTROL,63627228.76800001,"[-0.132344, 0.006029, 0.467279, 0.087213, 0.075171, 0.432138]"
CONTROL,63647306.33199997,"[-0.134076, 0.010542, 0.471893, 0.084165, 0.072922, 0.430267]"
CONTROL,63667386.68000005,"[-0.135724, 0.01504, 0.476535, 0.080904, 0.070532, 0.428671]"
CONTROL,63687463.47599995,"[-0.137286, 0.019516, 0.4812, 0.077439, 0.068006, 0.427356]"
CONTROL,63707541.42399994,"[-0.138762, 0.023965, 0.485884, 0.073778, 0.065349, 0.426328]"
CONTROL,63727619.81999997,"[-0.140149, 0.02838, 0.490581, 0.069931, 0.062564, 0.425591]"
CONTROL,63747697.38400005,"[-0.141449, 0.032754, 0.495288, 0.065908, 0.059659, 0.425148]"
CONTROL,63767778.563999966,"[-0.142658, 0.037082, 0.5, 0.061717, 0.056639, 0.425]"
CONTROL,63787857.79199995,"[-0.143778, 0.041357, 0.504712, 0.057371, 0.053509, 0.425148]"
CONTROL,63807936.98799994,"[-0.144807, 0.045573, 0.509419, 0.05288, 0.050275, 0.425591]"
CONTROL,63828015.479999974,"[-0.145745, 0.049725, 0.514116, 0.048256, 0.046944, 0.426328]"
CONTROL,63848093.909,"[-0.14659, 0.053806, 0.5188, 0.043509, 0.043523, 0.427356]"
CONTROL,63868173.10499998,"[-0.147343, 0.05781, 0.523465, 0.038653, 0.040017, 0.428671]"
CONTROL,63888252.52499998,"[-0.148003, 0.061733, 0.528107, 0.033699, 0.036434, 0.430267]"
CONTROL,63908330.761,"[-0.148569, 0.065567, 0.532721, 0.02866, 0.03278, 0.432138]"
CONTROL,63928410.052999996,"[-0.149042, 0.069309, 0.537303, 0.023548, 0.029063, 0.434277]"
CONTROL,63948488.48100003,"[-0.14942, 0.072952, 0.541849, 0.018377, 0.02529, 0.436675]"
CONTROL,63968568.02900004,"[-0.149704, 0.076491, 0.546353, 0.01316, 0.021468, 0.439324]"
CONTROL,63988649.785000004,"[-0.149893, 0.079921, 0.550811, 0.007909, 0.017604, 0.442212]"
CONTROL,64008728.43699995,"[-0.149988, 0.083238, 0.555219, 0.002639, 0.013707, 0.445327]"
CONTROL,64028806.54499995,"[-0.149988, 0.086437, 0.559572, -0.002639, 0.009782, 0.448659]"
CONTROL,64048897.51799999,"[-0.149893, 0.089513, 0.563867, -0.007909, 0.005839, 0.452193]"
CONTROL,64068976.42599995,"[-0.149704, 0.092462, 0.568099, -0.01316, 0.001885, 0.455916]"
CONTROL,64089060.229999974,"[-0.14942, 0.095279, 0.572263, -0.018377, -0.002073, 0.459813]"
CONTROL,64109139.26599994,"[-0.149042, 0.097961, 0.576356, -0.023548, -0.006027, 0.463868]"
CONTROL,64129217.118000045,"[-0.148569, 0.100503, 0.580374, -0.02866, -0.00997, 0.468067]"
CONTROL,64149295.80299997,"[-0.148003, 0.102903, 0.584313, -0.033699, -0.013893, 0.472391]"
CONTROL,64169373.27100004,"[-0.147343, 0.105157, 0.588168, -0.038653, -0.017789, 0.476824]"
CONTROL,64189451.538999945,"[-0.14659, 0.107261, 0.591936, -0.043509, -0.021651, 0.481348]"
CONTROL,64209529.55099995,"[-0.145745, 0.109213, 0.595614, -0.048256, -0.025471, 0.485946]"
CONTROL,64229609.098999955,"[-0.144807, 0.111009, 0.599197, -0.05288, -0.029242, 0.4906]"
CONTROL,64249687.87900002,"[-0.143778, 0.112648, 0.602682, -0.057371, -0.032956, 0.495291]"
CONTROL,64269768.00299997,"[-0.142658, 0.114127, 0.606066, -0.061717, -0.036606, 0.5]"
CONTROL,64289908.09799995,"[-0.141449, 0.115443, 0.609345, -0.065908, -0.040186, 0.504709]"
CONTROL,64309987.93399999,"[-0.140149, 0.116596, 0.612517, -0.069931, -0.043688, 0.5094]"
CONTROL,64330066.26600002,"[-0.138762, 0.117583, 0.615577, -0.073778, -0.047105, 0.514054]"
CONTROL,64350146.613999985,"[-0.137286, 0.118402, 0.618523, -0.077439, -0.050431, 0.518652]"
CONTROL,64370225.426000044,"[-0.135724, 0.119054, 0.621353, -0.080904, -0.05366, 0.523176]"
CONTROL,64390303.98199998,"[-0.134076, 0.119536, 0.624062, -0.084165, -0.056785, 0.527609]"
CONTROL,64410385.13000001,"[-0.132344, 0.119848, 0.626649, -0.087213, -0.0598, 0.531933]"
CONTROL,64430463.94199996,"[-0.130528, 0.119991, 0.629111, -0.09004, -0.0627, 0.536132]"
CONTROL,64450542.81800003,"[-0.128629, 0.119962, 0.631446, -0.092641, -0.065478, 0.540187]"
CONTROL,64470623.00599998,"[-0.126649, 0.119763, 0.633651, -0.095007, -0.06813, 0.544084]"
CONTROL,64490701.78600004,"[-0.124589, 0.119394, 0.635724, -0.097133, -0.070649, 0.547807]"
CONTROL,64510781.29899997,"[-0.122451, 0.118855, 0.637663, -0.099014, -0.073032, 0.551341]"
CONTROL,64530860.39499999,"[-0.120235, 0.118148, 0.639466, -0.100645, -0.075274, 0.554673]"
CONTROL,64550938.43600003,"[-0.117943, 0.117272, 0.641132, -0.102021, -0.077371, 0.557788]"
CONTROL,64571020.79699996,"[-0.115577, 0.11623, 0.642658, -0.10314, -0.079317, 0.560676]"
CONTROL,64591099.12600002,"[-0.113138, 0.115023, 0.644044, -0.103998, -0.081111, 0.563325]"
CONTROL,64611176.23899997,"[-0.110627, 0.113652, 0.645287, -0.104594, -0.082747, 0.565723]"
CONTROL,64631258.85600004,"[-0.108046, 0.112119, 0.646388, -0.104925, -0.084223, 0.567862]"
CONTROL,64651337.18499999,"[-0.105397, 0.110428, 0.647343, -0.104992, -0.085537, 0.569733]"
CONTROL,64671418.32999994,"[-0.102682, 0.108579, 0.648153, -0.104793, -0.086685, 0.571329]"
CONTROL,64691497.74699997,"[-0.099902, 0.106576, 0.648817, -0.104329, -0.087665, 0.572644]"
CONTROL,64711575.85200001,"[-0.097058, 0.104422, 0.649334, -0.103602, -0.088476, 0.573672]"
CONTROL,64731654.98100002,"[-0.094154, 0.102119, 0.649704, -0.102613, -0.089115, 0.574409]"
CONTROL,64751733.27799996,"[-0.09119, 0.099672, 0.649926, -0.101365, -0.089583, 0.574852]"
CONTROL,64771811.798000045,"[-0.088168, 0.097082, 0.65, -0.099861, -0.089877, 0.575]"
CONTROL,64791892.047000036,"[-0.08509, 0.094355, 0.649926, -0.098105, -0.089997, 0.574852]"
CONTROL,64811970.31199997,"[-0.081959, 0.091493, 0.649704, -0.0961, -0.089943, 0.574409]"
CONTROL,64832048.385000005,"[-0.078776, 0.088502, 0.649334, -0.093853, -0.089715, 0.573672]"
CONTROL,64852126.58599994,"[-0.075543, 0.085384, 0.648817, -0.091369, -0.089314, 0.572644]"
CONTROL,64872204.56299997,"[-0.072263, 0.082146, 0.648153, -0.088654, -0.08874, 0.571329]"
CONTROL,64892279.627999984,"[-0.068937, 0.07879, 0.647343, -0.085716, -0.087994, 0.569733]"
CONTROL,64912359.58899995,"[-0.065567, 0.075323, 0.646388, -0.08256, -0.087078, 0.567862]"
CONTROL,64932438.36499994,"[-0.062156, 0.071749, 0.645287, -0.079196, -0.085994, 0.565723]"
CONTROL,64952518.102,"[-0.058706, 0.068072, 0.644044, -0.075632, -0.084743, 0.563325]"
CONTROL,64972597.070999995,"[-0.055219, 0.064299, 0.642658, -0.071877, -0.083328, 0.560676]"
CONTROL,64992676.23200001,"[-0.051696, 0.060435, 0.641132, -0.067941, -0.081753, 0.557788]"
CONTROL,65012755.457000025,"[-0.048142, 0.056484, 0.639466, -0.063833, -0.080019, 0.554673]"
CONTROL,65032834.80999994,"[-0.044556, 0.052454, 0.637663, -0.059563, -0.07813, 0.551341]"
CONTROL,65052914.77100002,"[-0.040943, 0.048349, 0.635724, -0.055143, -0.07609, 0.547807]"
CONTROL,65072994.76399998,"[-0.037303, 0.044175, 0.633651, -0.050584, -0.073903, 0.544084]"
CONTROL,65093072.581,"[-0.033641, 0.039938, 0.631446, -0.045897, -0.071574, 0.540187]"
CONTROL,65113154.302,"[-0.029956, 0.035645, 0.629111, -0.041094, -0.069105, 0.536132]"
CONTROL,65133235.67099997,"[-0.026253, 0.031301, 0.626649, -0.036188, -0.066503, 0.531933]"
CONTROL,65153314.92799999,"[-0.022534, 0.026912, 0.624062, -0.031189, -0.063773, 0.527609]"
CONTROL,65173394.089,"[-0.0188, 0.022486, 0.621353, -0.026112, -0.060919, 0.523176]"
CONTROL,65193473.73000005,"[-0.015054, 0.018027, 0.618523, -0.02097, -0.057947, 0.518652]"
CONTROL,65213552.12200001,"[-0.011299, 0.013543, 0.615577, -0.015774, -0.054863, 0.514054]"
CONTROL,65233631.187000014,"[-0.007537, 0.009039, 0.612517, -0.010538, -0.051673, 0.5094]"
CONTROL,65253713.26000004,"[-0.00377, 0.004523, 0.609345, -0.005276, -0.048383, 0.504709]"
CONTROL,65273792.74099997,"[0.0, 0.0, 0.606066, 0.0, -0.045, 0.5]"
CONTROL,65293929.82399997,"[0.00377, -0.004523, 0.602682, 0.005276, -0.04153, 0.495291]"
CONTROL,65314009.01699999,"[0.007537, -0.009039, 0.599197, 0.010538, -0.037979, 0.4906]"
CONTROL,65334087.56999995,"[0.011299, -0.013543, 0.595614, 0.015774, -0.034354, 0.485946]"
CONTROL,65354166.15500003,"[0.015054, -0.018027, 0.591936, 0.02097, -0.030664, 0.481348]"
CONTROL,65374244.09999994,"[0.0188, -0.022486, 0.588168, 0.026112, -0.026914, 0.476824]"
CONTROL,65394324.63699996,"[0.022534, -0.026912, 0.584313, 0.031189, -0.023112, 0.472391]"
CONTROL,65414401.91000004,"[0.026253, -0.031301, 0.580374, 0.036188, -0.019265, 0.468067]"
CONTROL,65434481.51899997,"[0.029956, -0.035645, 0.576356, 0.041094, -0.015381, 0.463868]"
CONTROL,65454560.74399999,"[0.033641, -0.039938, 0.572263, 0.045897, -0.011467, 0.459813]"
CONTROL,65474639.10499994,"[0.037303, -0.044175, 0.568099, 0.050584, -0.007531, 0.455916]"
CONTROL,65494720.34400003,"[0.040943, -0.048349, 0.563867, 0.055143, -0.00358, 0.452193]"
CONTROL,65514799.24599994,"[0.044556, -0.052454, 0.559572, 0.059563, 0.000377, 0.448659]"
CONTROL,65534878.596,"[0.048142, -0.056484, 0.555219, 0.063833, 0.004334, 0.445327]"
CONTROL,65554957.40100002,"[0.051696, -0.060435, 0.550811, 0.067941, 0.008282, 0.442212]"
CONTROL,65575037.61500004,"[0.055219, -0.064299, 0.546353, 0.071877, 0.012214, 0.439324]"
CONTROL,65595115.87700001,"[0.058706, -0.068072, 0.541849, 0.075632, 0.016123, 0.436675]"
CONTROL,65615195.54699998,"[0.062156, -0.071749, 0.537303, 0.079196, 0.020001, 0.434277]"
CONTROL,65635275.087999955,"[0.065567, -0.075323, 0.532721, 0.08256, 0.023839, 0.432138]"
CONTROL,65655355.52599999,"[0.068937, -0.07879, 0.528107, 0.085716, 0.027632, 0.430267]"
CONTROL,65675433.59599995,"[0.072263, -0.082146, 0.523465, 0.088654, 0.031371, 0.428671]"
CONTROL,65695514.386000015,"[0.075543, -0.085384, 0.5188, 0.091369, 0.03505, 0.427356]"
CONTROL,65715591.36799999,"[0.078776, -0.088502, 0.514116, 0.093853, 0.038661, 0.426328]"
CONTROL,65735670.33300003,"[0.081959, -0.091493, 0.509419, 0.0961, 0.042197, 0.425591]"
CONTROL,65755749.74699998,"[0.08509, -0.094355, 0.504712, 0.098105, 0.045651, 0.425148]"
CONTROL,65775829.09700004,"[0.088168, -0.097082, 0.5, 0.099861, 0.049018, 0.425]"
CONTROL,65795907.838999934,"[0.09119, -0.099672, 0.495288, 0.101365, 0.052289, 0.425148]"
CONTROL,65815986.89999998,"[0.094154, -0.102119, 0.490581, 0.102613, 0.055459, 0.425591]"
CONTROL,65836065.930000015,"[0.097058, -0.104422, 0.485884, 0.103602, 0.058522, 0.426328]"
CONTROL,65856144.19199999,"[0.099902, -0.106576, 0.4812, 0.104329, 0.061472, 0.427356]"
CONTROL,65876224.69400003,"[0.102682, -0.108579, 0.476535, 0.104793, 0.064303, 0.428671]"
CONTROL,65896303.08300002,"[0.105397, -0.110428, 0.471893, 0.104992, 0.067009, 0.430267]"
CONTROL,65916381.985000044,"[0.108046, -0.112119, 0.467279, 0.104925, 0.069586, 0.432138]"
CONTROL,65936460.43900003,"[0.110627, -0.113652, 0.462697, 0.104594, 0.072028, 0.434277]"
CONTROL,65956539.34099994,"[0.113138, -0.115023, 0.458151, 0.103998, 0.074331, 0.436675]"
CONTROL,65976617.63400003,"[0.115577, -0.11623, 0.453647, 0.10314, 0.07649, 0.439324]"
CONTROL,65996696.791999966,"[0.117943, -0.117272, 0.449189, 0.102021, 0.078502, 0.442212]"
CONTROL,66016776.52599994,"[0.120235, -0.118148, 0.444781, 0.100645, 0.080361, 0.445327]"
CONTROL,66036855.812,"[0.122451, -0.118855, 0.440428, 0.099014, 0.082065, 0.448659]"
CONTROL,66056934.74600002,"[0.124589, -0.119394, 0.436133, 0.097133, 0.08361, 0.452193]"
CONTROL,66077014.19099999,"[0.126649, -0.119763, 0.431901, 0.095007, 0.084994, 0.455916]"
CONTROL,66097093.22100002,"[0.128629, -0.119962, 0.427737, 0.092641, 0.086213, 0.459813]"
CONTROL,66117170.84299994,"[0.130528, -0.119991, 0.423644, 0.09004, 0.087265, 0.463868]"
CONTROL,66137249.361000046,"[0.132344, -0.119848, 0.419626, 0.087213, 0.088149, 0.468067]"
CONTROL,66157327.46200001,"[0.134076, -0.119536, 0.415687, 0.084165, 0.088862, 0.472391]"
CONTROL,66177405.659999974,"[0.135724, -0.119054, 0.411832, 0.080904, 0.089404, 0.476824]"
CONTROL,66197484.94600003,"[0.137286, -0.118402, 0.408064, 0.077439, 0.089772, 0.481348]"
CONTROL,66217563.91199995,"[0.138762, -0.117583, 0.404386, 0.073778, 0.089967, 0.485946]"
CONTROL,66237643.101,"[0.140149, -0.116596, 0.400803, 0.069931, 0.089987, 0.4906]"
CONTROL,66257722.96299999,"[0.141449, -0.115443, 0.397318, 0.065908, 0.089834, 0.495291]"
CONTROL,66277801.99300002,"[0.142658, -0.114127, 0.393934, 0.061717, 0.089507, 0.5]"
CONTROL,66297934.49700003,"[0.143778, -0.112648, 0.390655, 0.057371, 0.089007, 0.504709]"
CONTROL,66318014.61500004,"[0.144807, -0.111009, 0.387483, 0.05288, 0.088334, 0.5094]"
CONTROL,66338093.83599999,"[0.145745, -0.109213, 0.384423, 0.048256, 0.087491, 0.514054]"
CONTROL,66358172.77000001,"[0.14659, -0.107261, 0.381477, 0.043509, 0.086479, 0.518652]"
CONTROL,66378251.41600001,"[0.147343, -0.105157, 0.378647, 0.038653, 0.085299, 0.523176]"
CONTROL,66398329.61399998,"[0.148003, -0.102903, 0.375938, 0.033699, 0.083955, 0.527609]"
CONTROL,66418409.69899999,"[0.148569, -0.100503, 0.373351, 0.02866, 0.082447, 0.531933]"
CONTROL,66438488.377,"[0.149042, -0.097961, 0.370889, 0.023548, 0.080781, 0.536132]"
CONTROL,66458566.63899997,"[0.14942, -0.095279, 0.368554, 0.018377, 0.078958, 0.540187]"
CONTROL,66478644.964999944,"[0.149704, -0.092462, 0.366349, 0.01316, 0.076983, 0.544084]"
CONTROL,66498722.80800003,"[0.149893, -0.089513, 0.364276, 0.007909, 0.074858, 0.547807]"
CONTROL,66518801.61099996,"[0.149988, -0.086437, 0.362337, 0.002639, 0.072589, 0.551341]"
CONTROL,66538880.25399999,"[0.149988, -0.083238, 0.360534, -0.002639, 0.07018, 0.554673]"
CONTROL,66558958.86400003,"[0.149893, -0.079921, 0.358868, -0.007909, 0.067635, 0.557788]"
CONTROL,66579037.21900004,"[0.149704, -0.076491, 0.357342, -0.01316, 0.064958, 0.560676]"
CONTROL,66599115.19000002,"[0.14942, -0.072952, 0.355956, -0.018377, 0.062157, 0.563325]"
CONTROL,66619194.98400005,"[0.149042, -0.069309, 0.354713, -0.023548, 0.059235, 0.565723]"
CONTROL,66639272.37899998,"[0.148569, -0.065567, 0.353612, -0.02866, 0.056198, 0.567862]"
CONTROL,66659354.89399999,"[0.148003, -0.061733, 0.352657, -0.033699, 0.053053, 0.569733]"
CONTROL,66679433.02399999,"[0.147343, -0.05781, 0.351847, -0.038653, 0.049805, 0.571329]"
CONTROL,66699511.89100004,"[0.14659, -0.053806, 0.351183, -0.043509, 0.046461, 0.572644]"
CONTROL,66719590.118000045,"[0.145745, -0.049725, 0.350666, -0.048256, 0.043027, 0.573672]"
CONTROL,66739668.98399999,"[0.144807, -0.045573, 0.350296, -0.05288, 0.03951, 0.574409]"
CONTROL,66759748.45899998,"[0.143778, -0.041357, 0.350074, -0.057371, 0.035916, 0.574852]"
CONTROL,66779827.67799994,"[0.142658, -0.037082, 0.35, -0.061717, 0.032253, 0.575]"
CONTROL,66799906.480000004,"[0.141449, -0.032754, 0.350074, -0.065908, 0.028528, 0.574852]"
CONTROL,66819984.707,"[0.140149, -0.02838, 0.350296, -0.069931, 0.024747, 0.574409]"
CONTROL,66840063.92599997,"[0.138762, -0.023965, 0.350666, -0.073778, 0.020918, 0.573672]"
CONTROL,66860143.55999998,"[0.137286, -0.019516, 0.351183, -0.077439, 0.017049, 0.572644]"
CONTROL,66880222.84299996,"[0.135724, -0.01504, 0.351847, -0.080904, 0.013147, 0.571329]"
CONTROL,66900303.53400005,"[0.134076, -0.010542, 0.352657, -0.084165, 0.00922, 0.569733]"
CONTROL,66920382.36799999,"[0.132344, -0.006029, 0.353612, -0.087213, 0.005275, 0.567862]"
CONTROL,66940462.866999954,"[0.130528, -0.001508, 0.354713, -0.09004, 0.001319, 0.565723]"
CONTROL,66960542.40599994,"[0.128629, 0.003016, 0.355956, -0.092641, -0.002639, 0.563325]"
CONTROL,66980621.241,"[0.126649, 0.007535, 0.357342, -0.095007, -0.006591, 0.560676]"
CONTROL,67000699.88300004,"[0.124589, 0.012043, 0.358868, -0.097133, -0.010532, 0.557788]"
CONTROL,67020778.90999999,"[0.122451, 0.016535, 0.360534, -0.099014, -0.014451, 0.554673]"
CONTROL,67040857.36100001,"[0.120235, 0.021003, 0.362337, -0.100645, -0.018343, 0.551341]"
CONTROL,67060936.194999956,"[0.117943, 0.025441, 0.364276, -0.102021, -0.022199, 0.547807]"
CONTROL,67081015.35000003,"[0.115577, 0.029843, 0.366349, -0.10314, -0.026013, 0.544084]"
CONTROL,67101094.66500001,"[0.113138, 0.034202, 0.368554, -0.103998, -0.029776, 0.540187]"
CONTROL,67121173.14700003,"[0.110627, 0.038513, 0.370889, -0.104594, -0.033481, 0.536132]"
CONTROL,67141252.75000003,"[0.108046, 0.042769, 0.373351, -0.104925, -0.037122, 0.531933]"
CONTROL,67161331.13700005,"[0.105397, 0.046965, 0.375938, -0.104992, -0.040691, 0.527609]"
CONTROL,67181410.22700001,"[0.102682, 0.051094, 0.378647, -0.104793, -0.044181, 0.523176]"
CONTROL,67201490.02200003,"[0.099902, 0.05515, 0.381477, -0.104329, -0.047586, 0.518652]"
CONTROL,67221569.20899999,"[0.097058, 0.059127, 0.384423, -0.103602, -0.050899, 0.514054]"
CONTROL,67241647.65900002,"[0.094154, 0.063021, 0.387483, -0.102613, -0.054113, 0.5094]"
CONTROL,67261726.58999997,"[0.09119, 0.066825, 0.390655, -0.101365, -0.057223, 0.504709]"
CONTROL,67281804.91299997,"[0.088168, 0.070534, 0.393934, -0.099861, -0.060222, 0.5]"
CONTROL,67301937.02899998,"[0.08509, 0.074143, 0.397318, -0.098105, -0.063104, 0.495291]"
CONTROL,67322015.80000003,"[0.081959, 0.077647, 0.400803, -0.0961, -0.065865, 0.4906]"
CONTROL,67342093.83500001,"[0.078776, 0.08104, 0.404386, -0.093853, -0.068498, 0.485946]"
CONTROL,67362173.18100001,"[0.075543, 0.084318, 0.408064, -0.091369, -0.070998, 0.481348]"
CONTROL,67382251.50400001,"[0.072263, 0.087476, 0.411832, -0.088654, -0.073362, 0.476824]"
CONTROL,67402329.50699998,"[0.068937, 0.09051, 0.415687, -0.085716, -0.075583, 0.472391]"
CONTROL,67422408.94899999,"[0.065567, 0.093415, 0.419626, -0.08256, -0.077658, 0.468067]"
CONTROL,67442487.43200001,"[0.062156, 0.096188, 0.423644, -0.079196, -0.079583, 0.463868]"
CONTROL,67462568.05899997,"[0.058706, 0.098824, 0.427737, -0.075632, -0.081354, 0.459813]"
CONTROL,67482648.17400002,"[0.055219, 0.101319, 0.431901, -0.071877, -0.082968, 0.455916]"
CONTROL,67502725.18099996,"[0.051696, 0.103671, 0.436133, -0.067941, -0.084421, 0.452193]"
CONTROL,67522805.93299997,"[0.048142, 0.105875, 0.440428, -0.063833, -0.085711, 0.448659]"
CONTROL,67542886.36499996,"[0.044556, 0.107929, 0.444781, -0.059563, -0.086835, 0.445327]"
CONTROL,67562968.07700005,"[0.040943, 0.109829, 0.449189, -0.055143, -0.087791, 0.442212]"
CONTROL,67583047.03600004,"[0.037303, 0.111573, 0.453647, -0.050584, -0.088578, 0.439324]"
CONTROL,67603125.32399996,"[0.033641, 0.113159, 0.458151, -0.045897, -0.089193, 0.436675]"
CONTROL,67623204.28299995,"[0.029956, 0.114584, 0.462697, -0.041094, -0.089635, 0.434277]"
CONTROL,67643282.95500001,"[0.026253, 0.115846, 0.467279, -0.036188, -0.089904, 0.432138]"
CONTROL,67663362.68299994,"[0.022534, 0.116943, 0.471893, -0.031189, -0.09, 0.430267]"
CONTROL,67683443.30599996,"[0.0188, 0.117874, 0.476535, -0.026112, -0.089921, 0.428671]"
CONTROL,67703522.68199997,"[0.015054, 0.118638, 0.4812, -0.02097, -0.089668, 0.427356]"
CONTROL,67723602.53800002,"[0.011299, 0.119233, 0.485884, -0.015774, -0.089242, 0.426328]"
CONTROL,67743681.04899998,"[0.007537, 0.119659, 0.490581, -0.010538, -0.088644, 0.425591]"
CONTROL,67763758.76099996,"[0.00377, 0.119915, 0.495288, -0.005276, -0.087873, 0.425148]"
CONTROL,67783837.36900003,"[0.0, 0.12, 0.5, -0.0, -0.086933, 0.425]"
CONTROL,67803914.59999998,"[-0.00377, 0.119915, 0.504712, 0.005276, -0.085825, 0.425148]"
CONTROL,67823992.92000002,"[-0.007537, 0.119659, 0.509419, 0.010538, -0.084551, 0.425591]"
CONTROL,67844073.79899995,"[-0.011299, 0.119233, 0.514116, 0.015774, -0.083113, 0.426328]"
CONTROL,67864151.86299996,"[-0.015054, 0.118638, 0.5188, 0.02097, -0.081515, 0.427356]"
CONTROL,67884230.34300001,"[-0.0188, 0.117874, 0.523465, 0.026112, -0.079758, 0.428671]"
CONTROL,67904310.22999996,"[-0.022534, 0.116943, 0.528107, 0.031189, -0.077848, 0.430267]"
CONTROL,67924389.28599995,"[-0.026253, 0.115846, 0.532721, 0.036188, -0.075787, 0.432138]"
CONTROL,67944467.06199995,"[-0.029956, 0.114584, 0.537303, 0.041094, -0.073579, 0.434277]"
CONTROL,67964544.99699996,"[-0.033641, 0.113159, 0.541849, 0.045897, -0.071229, 0.436675]"
CONTROL,67984623.95699994,"[-0.037303, 0.111573, 0.546353, 0.050584, -0.068742, 0.439324]"
CONTROL,68004702.532,"[-0.040943, 0.109829, 0.550811, 0.055143, -0.066121, 0.442212]"
CONTROL,68024784.532,"[-0.044556, 0.107929, 0.555219, 0.059563, -0.063372, 0.445327]"
CONTROL,68044863.33199997,"[-0.048142, 0.105875, 0.559572, 0.063833, -0.060501, 0.448659]"
CONTROL,68064942.19499996,"[-0.051696, 0.103671, 0.563867, 0.067941, -0.057513, 0.452193]"
CONTROL,68085021.76299998,"[-0.055219, 0.101319, 0.568099, 0.071877, -0.054414, 0.455916]"
CONTROL,68105100.08300002,"[-0.058706, 0.098824, 0.572263, 0.075632, -0.051209, 0.459813]"
CONTROL,68125192.803,"[-0.062156, 0.096188, 0.576356, 0.079196, -0.047906, 0.463868]"
CONTROL,68145272.21100003,"[-0.065567, 0.093415, 0.580374, 0.08256, -0.044509, 0.468067]"
CONTROL,68165350.49799995,"[-0.068937, 0.09051, 0.584313, 0.085716, -0.041027, 0.472391]"
CONTROL,68185428.46599996,"[-0.072263, 0.087476, 0.588168, 0.088654, -0.037465, 0.476824]"
CONTROL,68205506.753,"[-0.075543, 0.084318, 0.591936, 0.091369, -0.033831, 0.481348]"
CONTROL,68225585.39299996,"[-0.078776, 0.08104, 0.595614, 0.093853, -0.030131, 0.485946]"
CONTROL,68245663.93700002,"[-0.081959, 0.077647, 0.599197, 0.0961, -0.026374, 0.4906]"
CONTROL,68265743.12000002,"[-0.08509, 0.074143, 0.602682, 0.098105, -0.022565, 0.495291]"
CONTROL,68285821.31199993,"[-0.088168, 0.070534, 0.606066, 0.099861, -0.018712, 0.5]"
CONTROL,68305954.00200002,"[-0.09119, 0.066825, 0.609345, 0.101365, -0.014823, 0.504709]"
CONTROL,68326033.37700005,"[-0.094154, 0.063021, 0.612517, 0.102613, -0.010906, 0.5094]"
CONTROL,68346113.71300003,"[-0.097058, 0.059127, 0.615577, 0.103602, -0.006967, 0.514054]"
CONTROL,68366191.55200003,"[-0.099902, 0.05515, 0.618523, 0.104329, -0.003015, 0.518652]"
CONTROL,68386271.27999996,"[-0.102682, 0.051094, 0.621353, 0.104793, 0.000942, 0.523176]"
CONTROL,68406351.93599996,"[-0.105397, 0.046965, 0.624062, 0.104992, 0.004898, 0.527609]"
CONTROL,68426430.38300003,"[-0.108046, 0.042769, 0.626649, 0.104925, 0.008845, 0.531933]"
CONTROL,68446509.279,"[-0.110627, 0.038513, 0.629111, 0.104594, 0.012774, 0.536132]"
CONTROL,68466587.79099993,"[-0.113138, 0.034202, 0.631446, 0.103998, 0.016679, 0.540187]"
CONTROL,68486666.39800002,"[-0.115577, 0.029843, 0.633651, 0.10314, 0.020552, 0.544084]"
CONTROL,68506744.87499999,"[-0.117943, 0.025441, 0.635724, 0.102021, 0.024384, 0.547807]"
CONTROL,68526823.57499997,"[-0.120235, 0.021003, 0.637663, 0.100645, 0.02817, 0.551341]"
CONTROL,68546901.76400004,"[-0.122451, 0.016535, 0.639466, 0.099014, 0.031901, 0.554673]"
CONTROL,68566979.56899996,"[-0.124589, 0.012043, 0.641132, 0.097133, 0.03557, 0.557788]"
CONTROL,68587058.26899995,"[-0.126649, 0.007535, 0.642658, 0.095007, 0.039171, 0.560676]"
CONTROL,68607137.834,"[-0.128629, 0.003016, 0.644044, 0.092641, 0.042696, 0.563325]"
CONTROL,68627217.11100005,"[-0.130528, -0.001508, 0.645287, 0.09004, 0.046138, 0.565723]"
CONTROL,68647295.01099998,"[-0.132344, -0.006029, 0.646388, 0.087213, 0.049491, 0.567862]"
CONTROL,68667373.32799993,"[-0.134076, -0.010542, 0.647343, 0.084165, 0.052748, 0.569733]"
CONTROL,68687452.21999995,"[-0.135724, -0.01504, 0.648153, 0.080904, 0.055903, 0.571329]"
CONTROL,68707531.01699995,"[-0.137286, -0.019516, 0.648817, 0.077439, 0.05895, 0.572644]"
CONTROL,68727613.36600001,"[-0.138762, -0.023965, 0.649334, 0.073778, 0.061884, 0.573672]"
CONTROL,68747691.07400005,"[-0.140149, -0.02838, 0.649704, 0.069931, 0.064697, 0.574409]"
CONTROL,68767774.799,"[-0.141449, -0.032754, 0.649926, 0.065908, 0.067385, 0.574852]"
CONTROL,68787854.42799994,"[-0.142658, -0.037082, 0.65, 0.061717, 0.069943, 0.575]"
CONTROL,68807937.12900004,"[-0.143778, -0.041357, 0.649926, 0.057371, 0.072366, 0.574852]"
CONTROL,68828015.44500001,"[-0.144807, -0.045573, 0.649704, 0.05288, 0.074648, 0.574409]"
CONTROL,68848099.39399998,"[-0.145745, -0.049725, 0.649334, 0.048256, 0.076787, 0.573672]"
CONTROL,68868176.97499998,"[-0.14659, -0.053806, 0.648817, 0.043509, 0.078777, 0.572644]"
CONTROL,68888253.88299994,"[-0.147343, -0.05781, 0.648153, 0.038653, 0.080614, 0.571329]"
CONTROL,68908335.62399995,"[-0.148003, -0.061733, 0.647343, 0.033699, 0.082296, 0.569733]"
CONTROL,68928412.82099994,"[-0.148569, -0.065567, 0.646388, 0.02866, 0.083818, 0.567862]"
CONTROL,68948496.28899999,"[-0.149042, -0.069309, 0.645287, 0.023548, 0.085178, 0.565723]"
CONTROL,68968577.19800004,"[-0.14942, -0.072952, 0.644044, 0.018377, 0.086374, 0.563325]"
CONTROL,68988655.96300004,"[-0.149704, -0.076491, 0.642658, 0.01316, 0.087402, 0.560676]"
CONTROL,69008735.23899998,"[-0.149893, -0.079921, 0.641132, 0.007909, 0.088261, 0.557788]"
CONTROL,69028818.13199997,"[-0.149988, -0.083238, 0.639466, 0.002639, 0.08895, 0.554673]"
CONTROL,69048897.18499999,"[-0.149988, -0.086437, 0.637663, -0.002639, 0.089467, 0.551341]"
CONTROL,69068976.55800003,"[-0.149893, -0.089513, 0.635724, -0.007909, 0.08981, 0.547807]"
CONTROL,69089056.53800002,"[-0.149704, -0.092462, 0.633651, -0.01316, 0.08998, 0.544084]"
CONTROL,69109136.61500001,"[-0.14942, -0.095279, 0.631446, -0.018377, 0.089976, 0.540187]"
CONTROL,69129215.60400002,"[-0.149042, -0.097961, 0.629111, -0.023548, 0.089798, 0.536132]"
CONTROL,69149295.07199997,"[-0.148569, -0.100503, 0.626649, -0.02866, 0.089446, 0.531933]"
CONTROL,69169383.62899998,"[-0.148003, -0.102903, 0.624062, -0.033699, 0.088921, 0.527609]"
CONTROL,69189464.25000001,"[-0.147343, -0.105157, 0.621353, -0.038653, 0.088224, 0.523176]"
CONTROL,69209543.59099995,"[-0.14659, -0.107261, 0.618523, -0.043509, 0.087357, 0.518652]"
CONTROL,69229622.51499996,"[-0.145745, -0.109213, 0.615577, -0.048256, 0.08632, 0.514054]"
CONTROL,69249703.99999996,"[-0.144807, -0.111009, 0.612517, -0.05288, 0.085117, 0.5094]"
CONTROL,69269782.25300002,"[-0.143778, -0.112648, 0.609345, -0.057371, 0.083749, 0.504709]"
CONTROL,69289862.74500005,"[-0.142658, -0.114127, 0.606066, -0.061717, 0.082219, 0.5]"
CONTROL,69310003.33600003,"[-0.141449, -0.115443, 0.602682, -0.065908, 0.08053, 0.495291]"
CONTROL,69330082.99699998,"[-0.140149, -0.116596, 0.599197, -0.069931, 0.078685, 0.4906]"
CONTROL,69350163.90600003,"[-0.138762, -0.117583, 0.595614, -0.073778, 0.076688, 0.485946]"
CONTROL,69370243.98200004,"[-0.137286, -0.118402, 0.591936, -0.077439, 0.074543, 0.481348]"
CONTROL,69390322.26699999,"[-0.135724, -0.119054, 0.588168, -0.080904, 0.072254, 0.476824]"
CONTROL,69410402.27999997,"[-0.134076, -0.119536, 0.584313, -0.084165, 0.069824, 0.472391]"
CONTROL,69430481.87600005,"[-0.132344, -0.119848, 0.580374, -0.087213, 0.06726, 0.468067]"
CONTROL,69450562.17699994,"[-0.130528, -0.119991, 0.576356, -0.09004, 0.064566, 0.463868]"
CONTROL,69470641.00600006,"[-0.128629, -0.119962, 0.572263, -0.092641, 0.061747, 0.459813]"
CONTROL,69490720.02499998,"[-0.126649, -0.119763, 0.568099, -0.095007, 0.058808, 0.455916]"
CONTROL,69510800.86699994,"[-0.124589, -0.119394, 0.563867, -0.097133, 0.055755, 0.452193]"
CONTROL,69530879.85299999,"[-0.122451, -0.118855, 0.559572, -0.099014, 0.052595, 0.448659]"
CONTROL,69550958.77500002,"[-0.120235, -0.118148, 0.555219, -0.100645, 0.049333, 0.445327]"
CONTROL,69571037.50399995,"[-0.117943, -0.117272, 0.550811, -0.102021, 0.045976, 0.442212]"
CONTROL,69591116.68200001,"[-0.115577, -0.11623, 0.546353, -0.10314, 0.04253, 0.439324]"
CONTROL,69611195.95599996,"[-0.113138, -0.115023, 0.541849, -0.103998, 0.039001, 0.436675]"
CONTROL,69631274.07699995,"[-0.110627, -0.113652, 0.537303, -0.104594, 0.035397, 0.434277]"
CONTROL,69651352.87099998,"[-0.108046, -0.112119, 0.532721, -0.104925, 0.031725, 0.432138]"
CONTROL,69671431.28099997,"[-0.105397, -0.110428, 0.528107, -0.104992, 0.027991, 0.430267]"
CONTROL,69691511.16299997,"[-0.102682, -0.108579, 0.523465, -0.104793, 0.024203, 0.428671]"
CONTROL,69711591.84399994,"[-0.099902, -0.106576, 0.5188, -0.104329, 0.020368, 0.427356]"
CONTROL,69731671.054,"[-0.097058, -0.104422, 0.514116, -0.103602, 0.016494, 0.426328]"
CONTROL,69751749.59200001,"[-0.094154, -0.102119, 0.509419, -0.102613, 0.012588, 0.425591]"
CONTROL,69771828.57699995,"[-0.09119, -0.099672, 0.504712, -0.101365, 0.008657, 0.425148]"
CONTROL,69791911.01899993,"[-0.088168, -0.097082, 0.5, -0.099861, 0.00471, 0.425]"
CONTROL,69811991.34899998,"[-0.08509, -0.094355, 0.495288, -0.098105, 0.000754, 0.425148]"
CONTROL,69832069.91899998,"[-0.081959, -0.091493, 0.490581, -0.0961, -0.003204, 0.425591]"
CONTROL,69852149.608,"[-0.078776, -0.088502, 0.485884, -0.093853, -0.007155, 0.426328]"
CONTROL,69872229.74600002,"[-0.075543, -0.085384, 0.4812, -0.091369, -0.011093, 0.427356]"
CONTROL,69892308.18800001,"[-0.072263, -0.082146, 0.476535, -0.088654, -0.015009, 0.428671]"
CONTROL,69912387.04499994,"[-0.068937, -0.07879, 0.471893, -0.085716, -0.018896, 0.430267]"
CONTROL,69932466.51100002,"[-0.065567, -0.075323, 0.467279, -0.08256, -0.022747, 0.432138]"
CONTROL,69952544.37699997,"[-0.062156, -0.071749, 0.462697, -0.079196, -0.026554, 0.434277]"
CONTROL,69972623.49100004,"[-0.058706, -0.068072, 0.458151, -0.075632, -0.030309, 0.436675]"
CONTROL,69992703.30800004,"[-0.055219, -0.064299, 0.453647, -0.071877, -0.034006, 0.439324]"
CONTROL,70012783.09400004,"[-0.051696, -0.060435, 0.449189, -0.067941, -0.037637, 0.442212]"
CONTROL,70032860.19200005,"[-0.048142, -0.056484, 0.444781, -0.063833, -0.041195, 0.445327]"
CONTROL,70052939.08099997,"[-0.044556, -0.052454, 0.440428, -0.059563, -0.044673, 0.448659]"
CONTROL,70073018.38700005,"[-0.040943, -0.048349, 0.436133, -0.055143, -0.048065, 0.452193]"
CONTROL,70093096.70100003,"[-0.037303, -0.044175, 0.431901, -0.050584, -0.051364, 0.455916]"
CONTROL,70113198.85499994,"[-0.033641, -0.039938, 0.427737, -0.045897, -0.054564, 0.459813]"
CONTROL,70133283.12099998,"[-0.029956, -0.035645, 0.423644, -0.041094, -0.057658, 0.463868]"
CONTROL,70153362.26700003,"[-0.026253, -0.031301, 0.419626, -0.036188, -0.060641, 0.468067]"
CONTROL,70173440.86900005,"[-0.022534, -0.026912, 0.415687, -0.031189, -0.063506, 0.472391]"
CONTROL,70193522.09399995,"[-0.0188, -0.022486, 0.411832, -0.026112, -0.066249, 0.476824]"
CONTROL,70213600.82399997,"[-0.015054, -0.018027, 0.408064, -0.02097, -0.068863, 0.481348]"
CONTROL,70233681.66599993,"[-0.011299, -0.013543, 0.404386, -0.015774, -0.071344, 0.485946]"
CONTROL,70253762.82800005,"[-0.007537, -0.009039, 0.400803, -0.010538, -0.073688, 0.4906]"
CONTROL,70273841.813,"[-0.00377, -0.004523, 0.397318, -0.005276, -0.075888, 0.495291]"
CONTROL,70293920.76700003,"[-0.0, 0.0, 0.393934, -0.0, -0.077942, 0.5]"
CONTROL,70314062.12299998,"[0.00377, 0.004523, 0.390655, 0.005276, -0.079845, 0.504709]"
CONTROL,70334142.54900004,"[0.007537, 0.009039, 0.387483, 0.010538, -0.081594, 0.5094]"
CONTROL,70354221.62999998,"[0.011299, 0.013543, 0.384423, 0.015774, -0.083185, 0.514054]"
CONTROL,70374300.93599994,"[0.015054, 0.018027, 0.381477, 0.02097, -0.084615, 0.518652]"
CONTROL,70394379.98599999,"[0.0188, 0.022486, 0.378647, 0.026112, -0.085882, 0.523176]"
CONTROL,70414459.41999996,"[0.022534, 0.026912, 0.375938, 0.031189, -0.086982, 0.527609]"
CONTROL,70434537.89299998,"[0.026253, 0.031301, 0.373351, 0.036188, -0.087914, 0.531933]"
CONTROL,70454621.74299996,"[0.029956, 0.035645, 0.370889, 0.041094, -0.088676, 0.536132]"
CONTROL,70474702.29700002,"[0.033641, 0.039938, 0.368554, 0.045897, -0.089267, 0.540187]"
CONTROL,70494783.00999999,"[0.037303, 0.044175, 0.366349, 0.050584, -0.089684, 0.544084]"
CONTROL,70514862.28099997,"[0.040943, 0.048349, 0.364276, 0.055143, -0.089929, 0.547807]"
CONTROL,70534940.27099998,"[0.044556, 0.052454, 0.362337, 0.059563, -0.089999, 0.551341]"
CONTROL,70555022.29399997,"[0.048142, 0.056484, 0.360534, 0.063833, -0.089896, 0.554673]"
CONTROL,70575097.88499999,"[0.051696, 0.060435, 0.358868, 0.067941, -0.089618, 0.557788]"
CONTROL,70595182.65999998,"[0.055219, 0.064299, 0.357342, 0.071877, -0.089167, 0.560676]"
CONTROL,70615264.04300003,"[0.058706, 0.068072, 0.355956, 0.075632, -0.088544, 0.563325]"
CONTROL,70635342.86599997,"[0.062156, 0.071749, 0.354713, 0.079196, -0.08775, 0.565723]"
CONTROL,70655422.649,"[0.065567, 0.075323, 0.353612, 0.08256, -0.086785, 0.567862]"
CONTROL,70675504.06299995,"[0.068937, 0.07879, 0.352657, 0.085716, -0.085653, 0.569733]"
CONTROL,70695582.24599996,"[0.072263, 0.082146, 0.351847, 0.088654, -0.084355, 0.571329]"
CONTROL,70715661.06900002,"[0.075543, 0.085384, 0.351183, 0.091369, -0.082894, 0.572644]"
CONTROL,70735738.77199998,"[0.078776, 0.088502, 0.350666, 0.093853, -0.081273, 0.573672]"
CONTROL,70755816.73099998,"[0.081959, 0.091493, 0.350296, 0.0961, -0.079495, 0.574409]"
CONTROL,70775895.42500004,"[0.08509, 0.094355, 0.350074, 0.098105, -0.077563, 0.574852]"
CONTROL,70795974.79200004,"[0.088168, 0.097082, 0.35, 0.099861, -0.07548, 0.575]"
CONTROL,70816052.81500003,"[0.09119, 0.099672, 0.350074, 0.101365, -0.073252, 0.574852]"
CONTROL,70836133.27000001,"[0.094154, 0.102119, 0.350296, 0.102613, -0.070882, 0.574409]"
CONTROL,70856212.31699997,"[0.097058, 0.104422, 0.350666, 0.103602, -0.068375, 0.573672]"
CONTROL,70876292.70699994,"[0.099902, 0.106576, 0.351183, 0.104329, -0.065736, 0.572644]"
CONTROL,70896373.99399999,"[0.102682, 0.108579, 0.351847, 0.104793, -0.06297, 0.571329]"
CONTROL,70916453.00899996,"[0.105397, 0.110428, 0.352657, 0.104992, -0.060082, 0.569733]"
CONTROL,70936531.704,"[0.108046, 0.112119, 0.353612, 0.104925, -0.057077, 0.567862]"
CONTROL,70956611.77499995,"[0.110627, 0.113652, 0.354713, 0.104594, -0.053962, 0.565723]"
CONTROL,70976690.78900003,"[0.113138, 0.115023, 0.355956, 0.103998, -0.050743, 0.563325]"
CONTROL,70996769.9,"[0.115577, 0.11623, 0.357342, 0.10314, -0.047426, 0.560676]"
CONTROL,71016849.74700004,"[0.117943, 0.117272, 0.358868, 0.102021, -0.044017, 0.557788]"
CONTROL,71036929.91399999,"[0.120235, 0.118148, 0.360534, 0.100645, -0.040523, 0.554673]"
CONTROL,71057008.35300002,"[0.122451, 0.118855, 0.362337, 0.099014, -0.03695, 0.551341]"
CONTROL,71077087.592,"[0.124589, 0.119394, 0.364276, 0.097133, -0.033306, 0.547807]"
CONTROL,71097165.93400003,"[0.126649, 0.119763, 0.366349, 0.095007, -0.029598, 0.544084]"
CONTROL,71117245.26900002,"[0.128629, 0.119962, 0.368554, 0.092641, -0.025832, 0.540187]"
CONTROL,71137324.76400003,"[0.130528, 0.119991, 0.370889, 0.09004, -0.022017, 0.536132]"
CONTROL,71157404.96299997,"[0.132344, 0.119848, 0.373351, 0.087213, -0.018159, 0.531933]"
CONTROL,71177483.53000002,"[0.134076, 0.119536, 0.375938, 0.084165, -0.014265, 0.527609]"
CONTROL,71197562.86400002,"[0.135724, 0.119054, 0.378647, 0.080904, -0.010344, 0.523176]"
CONTROL,71217642.87099995,"[0.137286, 0.118402, 0.381477, 0.077439, -0.006403, 0.518652]"
CONTROL,71237721.37399998,"[0.138762, 0.117583, 0.384423, 0.073778, -0.00245, 0.514054]"
CONTROL,71257799.84500003,"[0.140149, 0.116596, 0.387483, 0.069931, 0.001508, 0.5094]"
CONTROL,71277878.60399997,"[0.141449, 0.115443, 0.390655, 0.065908, 0.005463, 0.504709]"
CONTROL,71297958.386,"[0.142658, 0.114127, 0.393934, 0.061717, 0.009408, 0.5]"
CONTROL,71318111.068,"[0.143778, 0.112648, 0.397318, 0.057371, 0.013334, 0.495291]"
CONTROL,71338191.875,"[0.144807, 0.111009, 0.400803, 0.05288, 0.017234, 0.4906]"
CONTROL,71358270.92199998,"[0.145745, 0.109213, 0.404386, 0.048256, 0.021102, 0.485946]"
CONTROL,71378349.83999994,"[0.14659, 0.107261, 0.408064, 0.043509, 0.024928, 0.481348]"
CONTROL,71398427.95899995,"[0.147343, 0.105157, 0.411832, 0.038653, 0.028706, 0.476824]"
CONTROL,71418508.062,"[0.148003, 0.102903, 0.415687, 0.033699, 0.032429, 0.472391]"
CONTROL,71438586.34100002,"[0.148569, 0.100503, 0.419626, 0.02866, 0.036089, 0.468067]"
CONTROL,71458666.02800004,"[0.149042, 0.097961, 0.423644, 0.023548, 0.039679, 0.463868]"
CONTROL,71478745.45800005,"[0.14942, 0.095279, 0.427737, 0.018377, 0.043193, 0.459813]"
CONTROL,71498824.56800003,"[0.149704, 0.092462, 0.431901, 0.01316, 0.046622, 0.455916]"
CONTROL,71518904.50799999,"[0.149893, 0.089513, 0.436133, 0.007909, 0.049962, 0.452193]"
CONTROL,71538983.93600002,"[0.149988, 0.086437, 0.440428, 0.002639, 0.053205, 0.448659]"
CONTROL,71559062.98000002,"[0.149988, 0.083238, 0.444781, -0.002639, 0.056345, 0.445327]"
CONTROL,71579142.85599998,"[0.149893, 0.079921, 0.449189, -0.007909, 0.059377, 0.442212]"
CONTROL,71599221.16400003,"[0.149704, 0.076491, 0.453647, -0.01316, 0.062293, 0.439324]"
CONTROL,71619299.12000005,"[0.14942, 0.072952, 0.458151, -0.018377, 0.065089, 0.436675]"
CONTROL,71639377.20299998,"[0.149042, 0.069309, 0.462697, -0.023548, 0.067759, 0.434277]"
CONTROL,71659455.44700003,"[0.148569, 0.065567, 0.467279, -0.02866, 0.070298, 0.432138]"
CONTROL,71679536.09100005,"[0.148003, 0.061733, 0.471893, -0.033699, 0.072701, 0.430267]"
CONTROL,71699614.75100002,"[0.147343, 0.05781, 0.476535, -0.038653, 0.074963, 0.428671]"
CONTROL,71719694.43499996,"[0.14659, 0.053806, 0.4812, -0.043509, 0.07708, 0.427356]"
CONTROL,71739774.37500003,"[0.145745, 0.049725, 0.485884, -0.048256, 0.079049, 0.426328]"
CONTROL,71759855.01900004,"[0.144807, 0.045573, 0.490581, -0.05288, 0.080864, 0.425591]"
CONTROL,71779933.583,"[0.143778, 0.041357, 0.495288, -0.057371, 0.082523, 0.425148]"
CONTROL,71800013.07500003,"[0.142658, 0.037082, 0.5, -0.061717, 0.084022, 0.425]"
CONTROL,71820092.02300003,"[0.141449, 0.032754, 0.504712, -0.065908, 0.085359, 0.425148]"
CONTROL,71840171.13100003,"[0.140149, 0.02838, 0.509419, -0.069931, 0.086531, 0.425591]"
CONTROL,71860249.18299995,"[0.138762, 0.023965, 0.514116, -0.073778, 0.087535, 0.426328]"
CONTROL,71880327.77900003,"[0.137286, 0.019516, 0.5188, -0.077439, 0.08837, 0.427356]"
CONTROL,71900406.439,"[0.135724, 0.01504, 0.523465, -0.080904, 0.089035, 0.428671]"
CONTROL,71920484.55500004,"[0.134076, 0.010542, 0.528107, -0.084165, 0.089526, 0.430267]"
CONTROL,71940563.88699993,"[0.132344, 0.006029, 0.532721, -0.087213, 0.089845, 0.432138]"
CONTROL,71960642.00299998,"[0.130528, 0.001508, 0.537303, -0.09004, 0.08999, 0.434277]"
CONTROL,71980720.37400004,"[0.128629, -0.003016, 0.541849, -0.092641, 0.089961, 0.436675]"
CONTROL,72000798.842,"[0.126649, -0.007535, 0.546353, -0.095007, 0.089758, 0.439324]"
CONTROL,72020876.89400002,"[0.124589, -0.012043, 0.550811, -0.097133, 0.089382, 0.442212]"
CONTROL,72040956.994,"[0.122451, -0.016535, 0.555219, -0.099014, 0.088832, 0.445327]"
CONTROL,72061035.01400003,"[0.120235, -0.021003, 0.559572, -0.100645, 0.088111, 0.448659]"
CONTROL,72081113.674,"[0.117943, -0.025441, 0.563867, -0.102021, 0.087219, 0.452193]"
CONTROL,72101194.31800002,"[0.115577, -0.029843, 0.568099, -0.10314, 0.086159, 0.455916]"
CONTROL,72121273.04199998,"[0.113138, -0.034202, 0.572263, -0.103998, 0.084932, 0.459813]"
CONTROL,72141351.51000005,"[0.110627, -0.038513, 0.576356, -0.104594, 0.08354, 0.463868]"
CONTROL,72161431.386,"[0.108046, -0.042769, 0.580374, -0.104925, 0.081987, 0.468067]"
CONTROL,72181512.22200003,"[0.105397, -0.046965, 0.584313, -0.104992, 0.080276, 0.472391]"
CONTROL,72201592.67400004,"[0.102682, -0.051094, 0.588168, -0.104793, 0.078409, 0.476824]"
CONTROL,72221673.44599995,"[0.099902, -0.05515, 0.591936, -0.104329, 0.076391, 0.481348]"
CONTROL,72241754.98600005,"[0.097058, -0.059127, 0.595614, -0.103602, 0.074225, 0.485946]"
CONTROL,72261831.78999998,"[0.094154, -0.063021, 0.599197, -0.102613, 0.071915, 0.4906]"
CONTROL,72281911.21800001,"[0.09119, -0.066825, 0.602682, -0.101365, 0.069466, 0.495291]"
CONTROL,72301992.24599995,"[0.088168, -0.070534, 0.606066, -0.099861, 0.066883, 0.5]"
CONTROL,72322132.86000001,"[0.08509, -0.074143, 0.609345, -0.098105, 0.064171, 0.504709]"
CONTROL,72342212.06400003,"[0.081959, -0.077647, 0.612517, -0.0961, 0.061334, 0.5094]"
CONTROL,72362290.788,"[0.078776, -0.08104, 0.615577, -0.093853, 0.058379, 0.514054]"
CONTROL,72382369.928,"[0.075543, -0.084318, 0.618523, -0.091369, 0.05531, 0.518652]"
CONTROL,72402448.26799995,"[0.072263, -0.087476, 0.621353, -0.088654, 0.052135, 0.523176]"
CONTROL,72422529.07199998,"[0.068937, -0.09051, 0.624062, -0.085716, 0.048859, 0.527609]"
CONTROL,72442607.63600005,"[0.065567, -0.093415, 0.626649, -0.08256, 0.045489, 0.531933]"
CONTROL,72462685.976,"[0.062156, -0.096188, 0.629111, -0.079196, 0.04203, 0.536132]"
CONTROL,72482766.17199998,"[0.058706, -0.098824, 0.631446, -0.075632, 0.038491, 0.540187]"
CONTROL,72502844.54200006,"[0.055219, -0.101319, 0.633651, -0.071877, 0.034876, 0.544084]"
CONTROL,72522922.17499997,"[0.051696, -0.103671, 0.635724, -0.067941, 0.031195, 0.547807]"
CONTROL,72543001.50400002,"[0.048142, -0.105875, 0.637663, -0.063833, 0.027453, 0.551341]"
CONTROL,72563080.67299995,"[0.044556, -0.107929, 0.639466, -0.059563, 0.023658, 0.554673]"
CONTROL,72583159.13800004,"[0.040943, -0.109829, 0.641132, -0.055143, 0.019817, 0.557788]"
CONTROL,72603237.28299999,"[0.037303, -0.111573, 0.642658, -0.050584, 0.015938, 0.560676]"
CONTROL,72623316.54800005,"[0.033641, -0.113159, 0.644044, -0.045897, 0.012028, 0.563325]"
CONTROL,72643395.42999995,"[0.029956, -0.114584, 0.645287, -0.041094, 0.008094, 0.565723]"
CONTROL,72663473.89500004,"[0.026253, -0.115846, 0.646388, -0.036188, 0.004145, 0.567862]"
CONTROL,72683551.14400004,"[0.022534, -0.116943, 0.647343, -0.031189, 0.000188, 0.569733]"
CONTROL,72703631.40099993,"[0.0188, -0.117874, 0.648153, -0.026112, -0.003769, 0.571329]"
CONTROL,72723710.21799995,"[0.015054, -0.118638, 0.648817, -0.02097, -0.007719, 0.572644]"
CONTROL,72743788.84299995,"[0.011299, -0.119233, 0.649334, -0.015774, -0.011654, 0.573672]"
CONTROL,72763868.33200002,"[0.007537, -0.119659, 0.649704, -0.010538, -0.015566, 0.574409]"
CONTROL,72783948.04599997,"[0.00377, -0.119915, 0.649926, -0.005276, -0.019449, 0.574852]"
CONTROL,72804028.46300001,"[-0.0, -0.12, 0.65, 0.0, -0.023294, 0.575]"
CONTROL,72824106.35199994,"[-0.00377, -0.119915, 0.649926, 0.005276, -0.027093, 0.574852]"
CONTROL,72844185.20099996,"[-0.007537, -0.119659, 0.649704, 0.010538, -0.030841, 0.574409]"
CONTROL,72864263.15400001,"[-0.011299, -0.119233, 0.649334, 0.015774, -0.034529, 0.573672]"
CONTROL,72884340.91499993,"[-0.015054, -0.118638, 0.648817, 0.02097, -0.038149, 0.572644]"
CONTROL,72904417.87600003,"[-0.0188, -0.117874, 0.648153, 0.026112, -0.041697, 0.571329]"
CONTROL,72924497.36499998,"[-0.022534, -0.116943, 0.647343, 0.031189, -0.045163, 0.569733]"
CONTROL,72944576.182,"[-0.026253, -0.115846, 0.646388, 0.036188, -0.048542, 0.567862]"
CONTROL,72964655.28800002,"[-0.029956, -0.114584, 0.645287, 0.041094, -0.051828, 0.565723]"
CONTROL,72984736.569,"[-0.033641, -0.113159, 0.644044, 0.045897, -0.055013, 0.563325]"
CONTROL,73004817.14600006,"[-0.037303, -0.111573, 0.642658, 0.050584, -0.058091, 0.560676]"
CONTROL,73024897.14700004,"[-0.040943, -0.109829, 0.641132, 0.055143, -0.061057, 0.557788]"
CONTROL,73044976.636,"[-0.044556, -0.107929, 0.639466, 0.059563, -0.063906, 0.554673]"
CONTROL,73065055.67700003,"[-0.048142, -0.105875, 0.637663, 0.063833, -0.06663, 0.551341]"
CONTROL,73085136.09499994,"[-0.051696, -0.103671, 0.635724, 0.067941, -0.069226, 0.547807]"
CONTROL,73105215.03999996,"[-0.055219, -0.101319, 0.633651, 0.071877, -0.071688, 0.544084]"
CONTROL,73125294.08099999,"[-0.058706, -0.098824, 0.631446, 0.075632, -0.074011, 0.540187]"
CONTROL,73145372.802,"[-0.062156, -0.096188, 0.629111, 0.079196, -0.076191, 0.536132]"
CONTROL,73165451.07499996,"[-0.065567, -0.093415, 0.626649, 0.08256, -0.078223, 0.531933]"
CONTROL,73185534.50000001,"[-0.068937, -0.09051, 0.624062, 0.085716, -0.080105, 0.527609]"
CONTROL,73205613.82999995,"[-0.072263, -0.087476, 0.621353, 0.088654, -0.081831, 0.523176]"
CONTROL,73225694.98300004,"[-0.075543, -0.084318, 0.618523, 0.091369, -0.083399, 0.518652]"
CONTROL,73245775.11200005,"[-0.078776, -0.08104, 0.615577, 0.093853, -0.084806, 0.514054]"
CONTROL,73265855.36899996,"[-0.081959, -0.077647, 0.612517, 0.0961, -0.086049, 0.5094]"
CONTROL,73285934.21799996,"[-0.08509, -0.074143, 0.609345, 0.098105, -0.087125, 0.504709]"
CONTROL,73306013.195,"[-0.088168, -0.070534, 0.606066, 0.099861, -0.088033, 0.5]"
CONTROL,73326158.76700003,"[-0.09119, -0.066825, 0.602682, 0.101365, -0.088771, 0.495291]"
CONTROL,73346238.70400003,"[-0.094154, -0.063021, 0.599197, 0.102613, -0.089337, 0.4906]"
CONTROL,73366319.98500001,"[-0.097058, -0.059127, 0.595614, 0.103602, -0.08973, 0.485946]"
CONTROL,73386400.40300004,"[-0.099902, -0.05515, 0.591936, 0.104329, -0.089949, 0.481348]"
CONTROL,73406480.59599994,"[-0.102682, -0.051094, 0.588168, 0.104793, -0.089995, 0.476824]"
CONTROL,73426559.73299998,"[-0.105397, -0.046965, 0.584313, 0.104992, -0.089867, 0.472391]"
CONTROL,73446640.118,"[-0.108046, -0.042769, 0.580374, 0.104925, -0.089564, 0.468067]"
CONTROL,73466720.18300001,"[-0.110627, -0.038513, 0.576356, 0.104594, -0.089089, 0.463868]"
CONTROL,73486801.625,"[-0.113138, -0.034202, 0.572263, 0.103998, -0.088441, 0.459813]"
CONTROL,73506880.56699994,"[-0.115577, -0.029843, 0.568099, 0.10314, -0.087622, 0.455916]"
CONTROL,73526965.46200003,"[-0.117943, -0.025441, 0.563867, 0.102021, -0.086634, 0.452193]"
CONTROL,73547044.94800001,"[-0.120235, -0.021003, 0.559572, 0.100645, -0.085478, 0.448659]"
CONTROL,73567123.50700001,"[-0.122451, -0.016535, 0.555219, 0.099014, -0.084157, 0.445327]"
CONTROL,73587203.47300005,"[-0.124589, -0.012043, 0.550811, 0.097133, -0.082673, 0.442212]"
CONTROL,73607282.671,"[-0.126649, -0.007535, 0.546353, 0.095007, -0.081029, 0.439324]"
CONTROL,73627361.42200004,"[-0.128629, -0.003016, 0.541849, 0.092641, -0.079228, 0.436675]"
CONTROL,73647441.26000005,"[-0.130528, 0.001508, 0.537303, 0.09004, -0.077274, 0.434277]"
CONTROL,73667519.68999995,"[-0.132344, 0.006029, 0.532721, 0.087213, -0.075171, 0.432138]"
CONTROL,73687599.01700002,"[-0.134076, 0.010542, 0.528107, 0.084165, -0.072922, 0.430267]"
CONTROL,73707677.79899995,"[-0.135724, 0.01504, 0.523465, 0.080904, -0.070532, 0.428671]"
CONTROL,73727757.19000003,"[-0.137286, 0.019516, 0.5188, 0.077439, -0.068006, 0.427356]"
CONTROL,73747837.37999997,"[-0.138762, 0.023965, 0.514116, 0.073778, -0.065349, 0.426328]"
CONTROL,73767919.23400003,"[-0.140149, 0.02838, 0.509419, 0.069931, -0.062564, 0.425591]"
CONTROL,73787998.497,"[-0.141449, 0.032754, 0.504712, 0.065908, -0.059659, 0.425148]"
CONTROL,73808077.82299997,"[-0.142658, 0.037082, 0.5, 0.061717, -0.056639, 0.425]"
CONTROL,73828159.87000003,"[-0.143778, 0.041357, 0.495288, 0.057371, -0.053509, 0.425148]"
CONTROL,73848239.70799994,"[-0.144807, 0.045573, 0.490581, 0.05288, -0.050275, 0.425591]"
CONTROL,73868318.00999995,"[-0.145745, 0.049725, 0.485884, 0.048256, -0.046944, 0.426328]"
CONTROL,73888400.24900003,"[-0.14659, 0.053806, 0.4812, 0.043509, -0.043523, 0.427356]"
CONTROL,73908482.03899997,"[-0.147343, 0.05781, 0.476535, 0.038653, -0.040017, 0.428671]"
CONTROL,73928562.29400001,"[-0.148003, 0.061733, 0.471893, 0.033699, -0.036434, 0.430267]"
CONTROL,73948643.98799996,"[-0.148569, 0.065567, 0.467279, 0.02866, -0.03278, 0.432138]"
CONTROL,73968724.78700005,"[-0.149042, 0.069309, 0.462697, 0.023548, -0.029063, 0.434277]"
CONTROL,73988805.16899998,"[-0.14942, 0.072952, 0.458151, 0.018377, -0.02529, 0.436675]"
CONTROL,74008885.10300002,"[-0.149704, 0.076491, 0.453647, 0.01316, -0.021468, 0.439324]"
CONTROL,74028965.45399995,"[-0.149893, 0.079921, 0.449189, 0.007909, -0.017604, 0.442212]"
CONTROL,74049058.66900003,"[-0.149988, 0.083238, 0.444781, 0.002639, -0.013707, 0.445327]"
CONTROL,74069140.13899995,"[-0.149988, 0.086437, 0.440428, -0.002639, -0.009782, 0.448659]"
CONTROL,74089220.36199999,"[-0.149893, 0.089513, 0.436133, -0.007909, -0.005839, 0.452193]"
CONTROL,74109301.70400001,"[-0.149704, 0.092462, 0.431901, -0.01316, -0.001885, 0.455916]"
CONTROL,74129382.18299997,"[-0.14942, 0.095279, 0.427737, -0.018377, 0.002073, 0.459813]"
CONTROL,74149463.36499998,"[-0.149042, 0.097961, 0.423644, -0.023548, 0.006027, 0.463868]"
CONTROL,74169545.12300004,"[-0.148569, 0.100503, 0.419626, -0.02866, 0.00997, 0.468067]"
CONTROL,74189621.762,"[-0.148003, 0.102903, 0.415687, -0.033699, 0.013893, 0.472391]"
CONTROL,74209703.39199993,"[-0.147343, 0.105157, 0.411832, -0.038653, 0.017789, 0.476824]"
CONTROL,74229782.84700002,"[-0.14659, 0.107261, 0.408064, -0.043509, 0.021651, 0.481348]"
CONTROL,74249863.03699996,"[-0.145745, 0.109213, 0.404386, -0.048256, 0.025471, 0.485946]"
CONTROL,74269941.46699996,"[-0.144807, 0.111009, 0.400803, -0.05288, 0.029242, 0.4906]"
CONTROL,74290024.57000001,"[-0.143778, 0.112648, 0.397318, -0.057371, 0.032956, 0.495291]"
CONTROL,74310103.51199995,"[-0.142658, 0.114127, 0.393934, -0.061717, 0.036606, 0.5]"
CONTROL,74330258.07399997,"[-0.141449, 0.115443, 0.390655, -0.065908, 0.040186, 0.504709]"
CONTROL,74350337.91199999,"[-0.140149, 0.116596, 0.387483, -0.069931, 0.043688, 0.5094]"
CONTROL,74370418.35799994,"[-0.138762, 0.117583, 0.384423, -0.073778, 0.047105, 0.514054]"
CONTROL,74390495.989,"[-0.137286, 0.118402, 0.381477, -0.077439, 0.050431, 0.518652]"
CONTROL,74410575.98700002,"[-0.135724, 0.119054, 0.378647, -0.080904, 0.05366, 0.523176]"
CONTROL,74430656.17699994,"[-0.134076, 0.119536, 0.375938, -0.084165, 0.056785, 0.527609]"
CONTROL,74450734.12800002,"[-0.132344, 0.119848, 0.373351, -0.087213, 0.0598, 0.531933]"
CONTROL,74470814.09400004,"[-0.130528, 0.119991, 0.370889, -0.09004, 0.0627, 0.536132]"
CONTROL,74490894.41199999,"[-0.128629, 0.119962, 0.368554, -0.092641, 0.065478, 0.540187]"
CONTROL,74510973.60799997,"[-0.126649, 0.119763, 0.366349, -0.095007, 0.06813, 0.544084]"
CONTROL,74531054.82000001,"[-0.124589, 0.119394, 0.364276, -0.097133, 0.070649, 0.547807]"
CONTROL,74551139.10399996,"[-0.122451, 0.118855, 0.362337, -0.099014, 0.073032, 0.551341]"
CONTROL,74571218.843,"[-0.120235, 0.118148, 0.360534, -0.100645, 0.075274, 0.554673]"
CONTROL,74591299.28699997,"[-0.117943, 0.117272, 0.358868, -0.102021, 0.077371, 0.557788]"
CONTROL,74611380.27499999,"[-0.115577, 0.11623, 0.357342, -0.10314, 0.079317, 0.560676]"
CONTROL,74631460.17400004,"[-0.113138, 0.115023, 0.355956, -0.103998, 0.081111, 0.563325]"
CONTROL,74651538.50599995,"[-0.110627, 0.113652, 0.354713, -0.104594, 0.082747, 0.565723]"
CONTROL,74671616.93399999,"[-0.108046, 0.112119, 0.353612, -0.104925, 0.084223, 0.567862]"
CONTROL,74691696.64100002,"[-0.105397, 0.110428, 0.352657, -0.104992, 0.085537, 0.569733]"
CONTROL,74711774.94100004,"[-0.102682, 0.108579, 0.351847, -0.104793, 0.086685, 0.571329]"
CONTROL,74731854.29700004,"[-0.099902, 0.106576, 0.351183, -0.104329, 0.087665, 0.572644]"
CONTROL,74751933.87599996,"[-0.097058, 0.104422, 0.350666, -0.103602, 0.088476, 0.573672]"
CONTROL,74772012.39999999,"[-0.094154, 0.102119, 0.350296, -0.102613, 0.089115, 0.574409]"
CONTROL,74792092.36400004,"[-0.09119, 0.099672, 0.350074, -0.101365, 0.089583, 0.574852]"
CONTROL,74812171.079,"[-0.088168, 0.097082, 0.35, -0.099861, 0.089877, 0.575]"
CONTROL,74832252.45100005,"[-0.08509, 0.094355, 0.350074, -0.098105, 0.089997, 0.574852]"
CONTROL,74852331.42300001,"[-0.081959, 0.091493, 0.350296, -0.0961, 0.089943, 0.574409]"
CONTROL,74872412.53800005,"[-0.078776, 0.088502, 0.350666, -0.093853, 0.089715, 0.573672]"
CONTROL,74892491.89400004,"[-0.075543, 0.085384, 0.351183, -0.091369, 0.089314, 0.572644]"
CONTROL,74912570.89800002,"[-0.072263, 0.082146, 0.351847, -0.088654, 0.08874, 0.571329]"
CONTROL,74932649.54899997,"[-0.068937, 0.07879, 0.352657, -0.085716, 0.087994, 0.569733]"
CONTROL,74952730.50499998,"[-0.065567, 0.075323, 0.353612, -0.08256, 0.087078, 0.567862]"
CONTROL,74972809.50899994,"[-0.062156, 0.071749, 0.354713, -0.079196, 0.085994, 0.565723]"
CONTROL,74992888.51200004,"[-0.058706, 0.068072, 0.355956, -0.075632, 0.084743, 0.563325]"
CONTROL,75012966.87599996,"[-0.055219, 0.064299, 0.357342, -0.071877, 0.083328, 0.560676]"
CONTROL,75033045.81500004,"[-0.051696, 0.060435, 0.358868, -0.067941, 0.081753, 0.557788]"
CONTROL,75053125.58699995,"[-0.048142, 0.056484, 0.360534, -0.063833, 0.080019, 0.554673]"
CONTROL,75073204.39900002,"[-0.044556, 0.052454, 0.362337, -0.059563, 0.07813, 0.551341]"
CONTROL,75093283.88200004,"[-0.040943, 0.048349, 0.364276, -0.055143, 0.07609, 0.547807]"
CONTROL,75113363.17400002,"[-0.037303, 0.044175, 0.366349, -0.050584, 0.073903, 0.544084]"
CONTROL,75133441.79399997,"[-0.033641, 0.039938, 0.368554, -0.045897, 0.071574, 0.540187]"
CONTROL,75153520.73300005,"[-0.029956, 0.035645, 0.370889, -0.041094, 0.069105, 0.536132]"
CONTROL,75173600.95300001,"[-0.026253, 0.031301, 0.373351, -0.036188, 0.066503, 0.531933]"
CONTROL,75193679.44500004,"[-0.022534, 0.026912, 0.375938, -0.031189, 0.063773, 0.527609]"
CONTROL,75213758.192,"[-0.0188, 0.022486, 0.378647, -0.026112, 0.060919, 0.523176]"
CONTROL,75233837.99600004,"[-0.015054, 0.018027, 0.381477, -0.02097, 0.057947, 0.518652]"
CONTROL,75253915.46399999,"[-0.011299, 0.013543, 0.384423, -0.015774, 0.054863, 0.514054]"
CONTROL,75273994.14699994,"[-0.007537, 0.009039, 0.387483, -0.010538, 0.051673, 0.5094]"
CONTROL,75294072.03100005,"[-0.00377, 0.004523, 0.390655, -0.005276, 0.048383, 0.504709]"
CONTROL,75314152.31400001,"[-0.0, 0.0, 0.393934, -0.0, 0.045, 0.5]"
CONTROL,75334293.88000003,"[0.00377, -0.004523, 0.397318, 0.005276, 0.04153, 0.495291]"
CONTROL,75354373.87599996,"[0.007537, -0.009039, 0.400803, 0.010538, 0.037979, 0.4906]"
CONTROL,75374453.04000005,"[0.011299, -0.013543, 0.404386, 0.015774, 0.034354, 0.485946]"
CONTROL,75394532.33100004,"[0.015054, -0.018027, 0.408064, 0.02097, 0.030664, 0.481348]"
CONTROL,75414610.31100005,"[0.0188, -0.022486, 0.411832, 0.026112, 0.026914, 0.476824]"
CONTROL,75434689.059,"[0.022534, -0.026912, 0.415687, 0.031189, 0.023112, 0.472391]"
CONTROL,75454768.57400002,"[0.026253, -0.031301, 0.419626, 0.036188, 0.019265, 0.468067]"
CONTROL,75474847.64199999,"[0.029956, -0.035645, 0.423644, 0.041094, 0.015381, 0.463868]"
CONTROL,75494925.653,"[0.033641, -0.039938, 0.427737, 0.045897, 0.011467, 0.459813]"
CONTROL,75515006.19000001,"[0.037303, -0.044175, 0.431901, 0.050584, 0.007531, 0.455916]"
CONTROL,75535085.51100004,"[0.040943, -0.048349, 0.436133, 0.055143, 0.00358, 0.452193]"
CONTROL,75555163.45599994,"[0.044556, -0.052454, 0.440428, 0.059563, -0.000377, 0.448659]"
CONTROL,75575242.42499994,"[0.048142, -0.056484, 0.444781, 0.063833, -0.004334, 0.445327]"
CONTROL,75595321.17000003,"[0.051696, -0.060435, 0.449189, 0.067941, -0.008282, 0.442212]"
CONTROL,75615398.98700005,"[0.055219, -0.064299, 0.453647, 0.071877, -0.012214, 0.439324]"
CONTROL,75635481.86000003,"[0.058706, -0.068072, 0.458151, 0.075632, -0.016123, 0.436675]"
CONTROL,75655560.95700003,"[0.062156, -0.071749, 0.462697, 0.079196, -0.020001, 0.434277]"
CONTROL,75675639.99000004,"[0.065567, -0.075323, 0.467279, 0.08256, -0.023839, 0.432138]"
CONTROL,75695717.74300005,"[0.068937, -0.07879, 0.471893, 0.085716, -0.027632, 0.430267]"
CONTROL,75715797.22299998,"[0.072263, -0.082146, 0.476535, 0.088654, -0.031371, 0.428671]"
CONTROL,75735875.99999996,"[0.075543, -0.085384, 0.4812, 0.091369, -0.03505, 0.427356]"
CONTROL,75755954.169,"[0.078776, -0.088502, 0.485884, 0.093853, -0.038661, 0.426328]"
CONTROL,75776032.08200003,"[0.081959, -0.091493, 0.490581, 0.0961, -0.042197, 0.425591]"
CONTROL,75796109.86700004,"[0.08509, -0.094355, 0.495288, 0.098105, -0.045651, 0.425148]"
CONTROL,75816187.71599995,"[0.088168, -0.097082, 0.5, 0.099861, -0.049018, 0.425]"
CONTROL,75836265.43699995,"[0.09119, -0.099672, 0.504712, 0.101365, -0.052289, 0.425148]"
CONTROL,75856342.58200003,"[0.094154, -0.102119, 0.509419, 0.102613, -0.055459, 0.425591]"
CONTROL,75876421.80700004,"[0.097058, -0.104422, 0.514116, 0.103602, -0.058522, 0.426328]"
CONTROL,75896500.32800001,"[0.099902, -0.106576, 0.5188, 0.104329, -0.061472, 0.427356]"
CONTROL,75916579.77700004,"[0.102682, -0.108579, 0.523465, 0.104793, -0.064303, 0.428671]"
CONTROL,75936658.71400003,"[0.105397, -0.110428, 0.528107, 0.104992, -0.067009, 0.430267]"
CONTROL,75956737.93900006,"[0.108046, -0.112119, 0.532721, 0.104925, -0.069586, 0.432138]"
CONTROL,75976817.16399996,"[0.110627, -0.113652, 0.537303, 0.104594, -0.072028, 0.434277]"
CONTROL,75996897.57299995,"[0.113138, -0.115023, 0.541849, 0.103998, -0.074331, 0.436675]"
CONTROL,76016976.95799999,"[0.115577, -0.11623, 0.546353, 0.10314, -0.07649, 0.439324]"
CONTROL,76037056.183,"[0.117943, -0.117272, 0.550811, 0.102021, -0.078502, 0.442212]"
CONTROL,76057133.808,"[0.120235, -0.118148, 0.555219, 0.100645, -0.080361, 0.445327]"
CONTROL,76077211.68900003,"[0.122451, -0.118855, 0.559572, 0.099014, -0.082065, 0.448659]"
CONTROL,76097291.10599995,"[0.124589, -0.119394, 0.563867, 0.097133, -0.08361, 0.452193]"
CONTROL,76117368.09000002,"[0.126649, -0.119763, 0.568099, 0.095007, -0.084994, 0.455916]"
CONTROL,76137447.63499995,"[0.128629, -0.119962, 0.572263, 0.092641, -0.086213, 0.459813]"
CONTROL,76157527.50000001,"[0.130528, -0.119991, 0.576356, 0.09004, -0.087265, 0.463868]"
CONTROL,76177606.56500001,"[0.132344, -0.119848, 0.580374, 0.087213, -0.088149, 0.468067]"
CONTROL,76197685.56600001,"[0.134076, -0.119536, 0.584313, 0.084165, -0.088862, 0.472391]"
CONTROL,76217764.407,"[0.135724, -0.119054, 0.588168, 0.080904, -0.089404, 0.476824]"
CONTROL,76237879.05799997,"[0.137286, -0.118402, 0.591936, 0.077439, -0.089772, 0.481348]"
CONTROL,76257955.81800003,"[0.138762, -0.117583, 0.595614, 0.073778, -0.089967, 0.485946]"
CONTROL,76278038.82000001,"[0.140149, -0.116596, 0.599197, 0.069931, -0.089987, 0.4906]"
CONTROL,76298118.23700003,"[0.141449, -0.115443, 0.602682, 0.065908, -0.089834, 0.495291]"
CONTROL,76318197.17400004,"[0.142658, -0.114127, 0.606066, 0.061717, -0.089507, 0.5]"
CONTROL,76338343.02499998,"[0.143778, -0.112648, 0.609345, 0.057371, -0.089007, 0.504709]"
CONTROL,76358423.88200001,"[0.144807, -0.111009, 0.612517, 0.05288, -0.088334, 0.5094]"
CONTROL,76378504.38700002,"[0.145745, -0.109213, 0.615577, 0.048256, -0.087491, 0.514054]"
CONTROL,76398589.49999996,"[0.14659, -0.107261, 0.618523, 0.043509, -0.086479, 0.518652]"
CONTROL,76418668.88499999,"[0.147343, -0.105157, 0.621353, 0.038653, -0.085299, 0.523176]"
CONTROL,76438751.11800003,"[0.148003, -0.102903, 0.624062, 0.033699, -0.083955, 0.527609]"
CONTROL,76458832.10299997,"[0.148569, -0.100503, 0.626649, 0.02866, -0.082447, 0.531933]"
CONTROL,76478911.61600001,"[0.149042, -0.097961, 0.629111, 0.023548, -0.080781, 0.536132]"
CONTROL,76498993.40000002,"[0.14942, -0.095279, 0.631446, 0.018377, -0.078958, 0.540187]"
CONTROL,76519073.102,"[0.149704, -0.092462, 0.633651, 0.01316, -0.076983, 0.544084]"
CONTROL,76539153.02899997,"[0.149893, -0.089513, 0.635724, 0.007909, -0.074858, 0.547807]"
CONTROL,76559234.55499999,"[0.149988, -0.086437, 0.637663, 0.002639, -0.072589, 0.551341]"
CONTROL,76579313.81000003,"[0.149988, -0.083238, 0.639466, -0.002639, -0.07018, 0.554673]"
CONTROL,76599393.86400004,"[0.149893, -0.079921, 0.641132, -0.007909, -0.067635, 0.557788]"
CONTROL,76619473.95000005,"[0.149704, -0.076491, 0.642658, -0.01316, -0.064958, 0.560676]"
CONTROL,76639552.62900004,"[0.14942, -0.072952, 0.644044, -0.018377, -0.062157, 0.563325]"
CONTROL,76659631.46699993,"[0.149042, -0.069309, 0.645287, -0.023548, -0.059235, 0.565723]"
CONTROL,76679710.20899995,"[0.148569, -0.065567, 0.646388, -0.02866, -0.056198, 0.567862]"
CONTROL,76699789.91200003,"[0.148003, -0.061733, 0.647343, -0.033699, -0.053053, 0.569733]"
CONTROL,76719871.53400005,"[0.147343, -0.05781, 0.648153, -0.038653, -0.049805, 0.571329]"
CONTROL,76739952.03599998,"[0.14659, -0.053806, 0.648817, -0.043509, -0.046461, 0.572644]"
CONTROL,76760032.539,"[0.145745, -0.049725, 0.649334, -0.048256, -0.043027, 0.573672]"
CONTROL,76780110.60899997,"[0.144807, -0.045573, 0.649704, -0.05288, -0.03951, 0.574409]"
CONTROL,76800191.36700003,"[0.143778, -0.041357, 0.649926, -0.057371, -0.035916, 0.574852]"
CONTROL,76820271.71000004,"[0.142658, -0.037082, 0.65, -0.061717, -0.032253, 0.575]"
CONTROL,76840352.05199996,"[0.141449, -0.032754, 0.649926, -0.065908, -0.028528, 0.574852]"
CONTROL,76860430.25000003,"[0.140149, -0.02838, 0.649704, -0.069931, -0.024747, 0.574409]"
CONTROL,76880506.46499994,"[0.138762, -0.023965, 0.649334, -0.073778, -0.020918, 0.573672]"
CONTROL,76900586.00700001,"[0.137286, -0.019516, 0.648817, -0.077439, -0.017049, 0.572644]"
CONTROL,76920665.741,"[0.135724, -0.01504, 0.648153, -0.080904, -0.013147, 0.571329]"
CONTROL,76940745.73199998,"[0.134076, -0.010542, 0.647343, -0.084165, -0.00922, 0.569733]"
CONTROL,76960825.33799995,"[0.132344, -0.006029, 0.646388, -0.087213, -0.005275, 0.567862]"
CONTROL,76980903.40800002,"[0.130528, -0.001508, 0.645287, -0.09004, -0.001319, 0.565723]"
CONTROL,77000983.81500004,"[0.128629, 0.003016, 0.644044, -0.092641, 0.002639, 0.563325]"
CONTROL,77021062.81299996,"[0.126649, 0.007535, 0.642658, -0.095007, 0.006591, 0.560676]"
CONTROL,77041140.75500001,"[0.124589, 0.012043, 0.641132, -0.097133, 0.010532, 0.557788]"
CONTROL,77061223.49800001,"[0.122451, 0.016535, 0.639466, -0.099014, 0.014451, 0.554673]"
CONTROL,77081303.00799996,"[0.120235, 0.021003, 0.637663, -0.100645, 0.018343, 0.551341]"
CONTROL,77101381.49399996,"[0.117943, 0.025441, 0.635724, -0.102021, 0.022199, 0.547807]"
CONTROL,77121460.26899995,"[0.115577, 0.029843, 0.633651, -0.10314, 0.026013, 0.544084]"
CONTROL,77141538.85099995,"[0.113138, 0.034202, 0.631446, -0.103998, 0.029776, 0.540187]"
CONTROL,77161628.28200004,"[0.110627, 0.038513, 0.629111, -0.104594, 0.033481, 0.536132]"
CONTROL,77181708.62399995,"[0.108046, 0.042769, 0.626649, -0.104925, 0.037122, 0.531933]"
CONTROL,77201789.383,"[0.105397, 0.046965, 0.624062, -0.104992, 0.040691, 0.527609]"
CONTROL,77221869.75700003,"[0.102682, 0.051094, 0.621353, -0.104793, 0.044181, 0.523176]"
CONTROL,77241947.923,"[0.099902, 0.05515, 0.618523, -0.104329, 0.047586, 0.518652]"
CONTROL,77262024.16900003,"[0.097058, 0.059127, 0.615577, -0.103602, 0.050899, 0.514054]"
CONTROL,77282103.968,"[0.094154, 0.063021, 0.612517, -0.102613, 0.054113, 0.5094]"
CONTROL,77302185.20599999,"[0.09119, 0.066825, 0.609345, -0.101365, 0.057223, 0.504709]"
CONTROL,77322265.80500002,"[0.088168, 0.070534, 0.606066, -0.099861, 0.060222, 0.5]"
CONTROL,77342411.14099996,"[0.08509, 0.074143, 0.602682, -0.098105, 0.063104, 0.495291]"
CONTROL,77362490.84400004,"[0.081959, 0.077647, 0.599197, -0.0961, 0.065865, 0.4906]"
CONTROL,77382567.602,"[0.078776, 0.08104, 0.595614, -0.093853, 0.068498, 0.485946]"
CONTROL,77402647.49599999,"[0.075543, 0.084318, 0.591936, -0.091369, 0.070998, 0.481348]"
CONTROL,77422727.35899997,"[0.072263, 0.087476, 0.588168, -0.088654, 0.073362, 0.476824]"
CONTROL,77442805.42900003,"[0.068937, 0.09051, 0.584313, -0.085716, 0.075583, 0.472391]"
CONTROL,77462883.14699996,"[0.065567, 0.093415, 0.580374, -0.08256, 0.077658, 0.468067]"
CONTROL,77482963.48999998,"[0.062156, 0.096188, 0.576356, -0.079196, 0.079583, 0.463868]"
CONTROL,77503042.96599995,"[0.058706, 0.098824, 0.572263, -0.075632, 0.081354, 0.459813]"
CONTROL,77523123.04999998,"[0.055219, 0.101319, 0.568099, -0.071877, 0.082968, 0.455916]"
CONTROL,77543201.95000002,"[0.051696, 0.103671, 0.563867, -0.067941, 0.084421, 0.452193]"
CONTROL,77563281.74500003,"[0.048142, 0.105875, 0.559572, -0.063833, 0.085711, 0.448659]"
CONTROL,77583360.80499998,"[0.044556, 0.107929, 0.555219, -0.059563, 0.086835, 0.445327]"
CONTROL,77603440.37699997,"[0.040943, 0.109829, 0.550811, -0.055143, 0.087791, 0.442212]"
CONTROL,77623518.70099996,"[0.037303, 0.111573, 0.546353, -0.050584, 0.088578, 0.439324]"
CONTROL,77643598.01599994,"[0.033641, 0.113159, 0.541849, -0.045897, 0.089193, 0.436675]"
CONTROL,77663678.99600005,"[0.029956, 0.114584, 0.537303, -0.041094, 0.089635, 0.434277]"
CONTROL,77683758.37600002,"[0.026253, 0.115846, 0.532721, -0.036188, 0.089904, 0.432138]"
CONTROL,77703837.02000004,"[0.022534, 0.116943, 0.528107, -0.031189, 0.09, 0.430267]"
CONTROL,77723916.81499994,"[0.0188, 0.117874, 0.523465, -0.026112, 0.089921, 0.428671]"
CONTROL,77743998.24299997,"[0.015054, 0.118638, 0.5188, -0.02097, 0.089668, 0.427356]"
CONTROL,77764076.50299996,"[0.011299, 0.119233, 0.514116, -0.015774, 0.089242, 0.426328]"
CONTROL,77784155.97900005,"[0.007537, 0.119659, 0.509419, -0.010538, 0.088644, 0.425591]"
CONTROL,77804235.45400004,"[0.00377, 0.119915, 0.504712, -0.005276, 0.087873, 0.425148]"
CONTROL,77824313.81000003,"[0.0, 0.12, 0.5, -0.0, 0.086933, 0.425]"
CONTROL,77844393.76599994,"[-0.00377, 0.119915, 0.495288, 0.005276, 0.085825, 0.425148]"
CONTROL,77864474.20199999,"[-0.007537, 0.119659, 0.490581, 0.010538, 0.084551, 0.425591]"
CONTROL,77884556.23799996,"[-0.011299, 0.119233, 0.485884, 0.015774, 0.083113, 0.426328]"
CONTROL,77904638.40099995,"[-0.015054, 0.118638, 0.4812, 0.02097, 0.081515, 0.427356]"
CONTROL,77924725.30099997,"[-0.0188, 0.117874, 0.476535, 0.026112, 0.079758, 0.428671]"
CONTROL,77944805.86500004,"[-0.022534, 0.116943, 0.471893, 0.031189, 0.077848, 0.430267]"
CONTROL,77964884.98899998,"[-0.026253, 0.115846, 0.467279, 0.036188, 0.075787, 0.432138]"
CONTROL,77984969.16900001,"[-0.029956, 0.114584, 0.462697, 0.041094, 0.073579, 0.434277]"
CONTROL,78005049.02900001,"[-0.033641, 0.113159, 0.458151, 0.045897, 0.071229, 0.436675]"
CONTROL,78025128.31199999,"[-0.037303, 0.111573, 0.453647, 0.050584, 0.068742, 0.439324]"
CONTROL,78045208.30000001,"[-0.040943, 0.109829, 0.449189, 0.055143, 0.066121, 0.442212]"
CONTROL,78065289.69600004,"[-0.044556, 0.107929, 0.444781, 0.059563, 0.063372, 0.445327]"
CONTROL,78085372.78799997,"[-0.048142, 0.105875, 0.440428, 0.063833, 0.060501, 0.448659]"
CONTROL,78105454.44000001,"[-0.051696, 0.103671, 0.436133, 0.067941, 0.057513, 0.452193]"
CONTROL,78125534.39500004,"[-0.055219, 0.101319, 0.431901, 0.071877, 0.054414, 0.455916]"
CONTROL,78145619.79099995,"[-0.058706, 0.098824, 0.427737, 0.075632, 0.051209, 0.459813]"
CONTROL,78165699.39500004,"[-0.062156, 0.096188, 0.423644, 0.079196, 0.047906, 0.463868]"
CONTROL,78185778.45499998,"[-0.065567, 0.093415, 0.419626, 0.08256, 0.044509, 0.468067]"
CONTROL,78205860.49099995,"[-0.068937, 0.09051, 0.415687, 0.085716, 0.041027, 0.472391]"
CONTROL,78225941.59799996,"[-0.072263, 0.087476, 0.411832, 0.088654, 0.037465, 0.476824]"
CONTROL,78246026.89799997,"[-0.075543, 0.084318, 0.408064, 0.091369, 0.033831, 0.481348]"
CONTROL,78266109.06199995,"[-0.078776, 0.08104, 0.404386, 0.093853, 0.030131, 0.485946]"
CONTROL,78286189.658,"[-0.081959, 0.077647, 0.400803, 0.0961, 0.026374, 0.4906]"
CONTROL,78306271.24599993,"[-0.08509, 0.074143, 0.397318, 0.098105, 0.022565, 0.495291]"
CONTROL,78326353.69800004,"[-0.088168, 0.070534, 0.393934, 0.099861, 0.018712, 0.5]"
CONTROL,78346498.23200004,"[-0.09119, 0.066825, 0.390655, 0.101365, 0.014823, 0.504709]"
CONTROL,78366577.452,"[-0.094154, 0.063021, 0.387483, 0.102613, 0.010906, 0.5094]"
CONTROL,78386663.26400004,"[-0.097058, 0.059127, 0.384423, 0.103602, 0.006967, 0.514054]"
CONTROL,78406742.45100002,"[-0.099902, 0.05515, 0.381477, 0.104329, 0.003015, 0.518652]"
CONTROL,78426823.30299999,"[-0.102682, 0.051094, 0.378647, 0.104793, -0.000942, 0.523176]"
CONTROL,78446904.09099996,"[-0.105397, 0.046965, 0.375938, 0.104992, -0.004898, 0.527609]"
CONTROL,78466984.01499999,"[-0.108046, 0.042769, 0.373351, 0.104925, -0.008845, 0.531933]"
CONTROL,78487064.70699994,"[-0.110627, 0.038513, 0.370889, 0.104594, -0.012774, 0.536132]"
CONTROL,78507144.82000001,"[-0.113138, 0.034202, 0.368554, 0.103998, -0.016679, 0.540187]"
CONTROL,78527225.02899997,"[-0.115577, 0.029843, 0.366349, 0.10314, -0.020552, 0.544084]"
CONTROL,78547303.63800001,"[-0.117943, 0.025441, 0.364276, 0.102021, -0.024384, 0.547807]"
CONTROL,78567385.47999999,"[-0.120235, 0.021003, 0.362337, 0.100645, -0.02817, 0.551341]"
CONTROL,78587465.36900003,"[-0.122451, 0.016535, 0.360534, 0.099014, -0.031901, 0.554673]"
CONTROL,78607543.84999995,"[-0.124589, 0.012043, 0.358868, 0.097133, -0.03557, 0.557788]"
CONTROL,78627623.54699999,"[-0.126649, 0.007535, 0.357342, 0.095007, -0.039171, 0.560676]"
CONTROL,78647707.94900005,"[-0.128629, 0.003016, 0.355956, 0.092641, -0.042696, 0.563325]"
CONTROL,78667792.318,"[-0.130528, -0.001508, 0.354713, 0.09004, -0.046138, 0.565723]"
CONTROL,78687872.97500001,"[-0.132344, -0.006029, 0.353612, 0.087213, -0.049491, 0.567862]"
CONTROL,78707955.58400005,"[-0.134076, -0.010542, 0.352657, 0.084165, -0.052748, 0.569733]"
CONTROL,78728035.21799995,"[-0.135724, -0.01504, 0.351847, 0.080904, -0.055903, 0.571329]"
CONTROL,78748115.58700003,"[-0.137286, -0.019516, 0.351183, 0.077439, -0.05895, 0.572644]"
CONTROL,78768195.06000003,"[-0.138762, -0.023965, 0.350666, 0.073778, -0.061884, 0.573672]"
CONTROL,78788274.75699995,"[-0.140149, -0.02838, 0.350296, 0.069931, -0.064697, 0.574409]"
CONTROL,78808354.45399998,"[-0.141449, -0.032754, 0.350074, 0.065908, -0.067385, 0.574852]"
CONTROL,78828434.44000003,"[-0.142658, -0.037082, 0.35, 0.061717, -0.069943, 0.575]"
CONTROL,78848514.00900005,"[-0.143778, -0.041357, 0.350074, 0.057371, -0.072366, 0.574852]"
CONTROL,78868595.722,"[-0.144807, -0.045573, 0.350296, 0.05288, -0.074648, 0.574409]"
CONTROL,78888675.57900006,"[-0.145745, -0.049725, 0.350666, 0.048256, -0.076787, 0.573672]"
CONTROL,78908760.01300001,"[-0.14659, -0.053806, 0.351183, 0.043509, -0.078777, 0.572644]"
CONTROL,78928840.38199997,"[-0.147343, -0.05781, 0.351847, 0.038653, -0.080614, 0.571329]"
CONTROL,78948923.08700003,"[-0.148003, -0.061733, 0.352657, 0.033699, -0.082296, 0.569733]"
CONTROL,78969003.23199998,"[-0.148569, -0.065567, 0.353612, 0.02866, -0.083818, 0.567862]"
CONTROL,78989083.53800005,"[-0.149042, -0.069309, 0.354713, 0.023548, -0.085178, 0.565723]"
CONTROL,79009164.16300003,"[-0.14942, -0.072952, 0.355956, 0.018377, -0.086374, 0.563325]"
CONTROL,79029242.89999999,"[-0.149704, -0.076491, 0.357342, 0.01316, -0.087402, 0.560676]"
CONTROL,79049324.29300004,"[-0.149893, -0.079921, 0.358868, 0.007909, -0.088261, 0.557788]"
CONTROL,79069405.07900004,"[-0.149988, -0.083238, 0.360534, 0.002639, -0.08895, 0.554673]"
CONTROL,79089485.06399997,"[-0.149988, -0.086437, 0.362337, -0.002639, -0.089467, 0.551341]"
CONTROL,79109565.01700002,"[-0.149893, -0.089513, 0.364276, -0.007909, -0.08981, 0.547807]"
CONTROL,79129646.66599998,"[-0.149704, -0.092462, 0.366349, -0.01316, -0.08998, 0.544084]"
CONTROL,79149726.52300003,"[-0.14942, -0.095279, 0.368554, -0.018377, -0.089976, 0.540187]"
CONTROL,79169807.78899994,"[-0.149042, -0.097961, 0.370889, -0.023548, -0.089798, 0.536132]"
CONTROL,79189887.32599996,"[-0.148569, -0.100503, 0.373351, -0.02866, -0.089446, 0.531933]"
CONTROL,79209966.83099997,"[-0.148003, -0.102903, 0.375938, -0.033699, -0.088921, 0.527609]"
CONTROL,79230048.28800003,"[-0.147343, -0.105157, 0.378647, -0.038653, -0.088224, 0.523176]"
CONTROL,79250127.98599994,"[-0.14659, -0.107261, 0.381477, -0.043509, -0.087357, 0.518652]"
CONTROL,79270209.66700001,"[-0.145745, -0.109213, 0.384423, -0.048256, -0.08632, 0.514054]"
CONTROL,79290289.93999998,"[-0.144807, -0.111009, 0.387483, -0.05288, -0.085117, 0.5094]"
CONTROL,79310370.50099997,"[-0.143778, -0.112648, 0.390655, -0.057371, -0.083749, 0.504709]"
CONTROL,79330449.65399995,"[-0.142658, -0.114127, 0.393934, -0.061717, -0.082219, 0.5]"
CONTROL,79350601.28999999,"[-0.141449, -0.115443, 0.397318, -0.065908, -0.08053, 0.495291]"
CONTROL,79370681.34000003,"[-0.140149, -0.116596, 0.400803, -0.069931, -0.078685, 0.4906]"
CONTROL,79390761.26099996,"[-0.138762, -0.117583, 0.404386, -0.073778, -0.076688, 0.485946]"
CONTROL,79410844.35000005,"[-0.137286, -0.118402, 0.408064, -0.077439, -0.074543, 0.481348]"
CONTROL,79430924.23899998,"[-0.135724, -0.119054, 0.411832, -0.080904, -0.072254, 0.476824]"
CONTROL,79451004.16000003,"[-0.134076, -0.119536, 0.415687, -0.084165, -0.069824, 0.472391]"
CONTROL,79471080.75400001,"[-0.132344, -0.119848, 0.419626, -0.087213, -0.06726, 0.468067]"
CONTROL,79491159.42599997,"[-0.130528, -0.119991, 0.423644, -0.09004, -0.064566, 0.463868]"
CONTROL,79511241.52099998,"[-0.128629, -0.119962, 0.427737, -0.092641, -0.061747, 0.459813]"
CONTROL,79531320.67199999,"[-0.126649, -0.119763, 0.431901, -0.095007, -0.058808, 0.455916]"
CONTROL,79551400.97499998,"[-0.124589, -0.119394, 0.436133, -0.097133, -0.055755, 0.452193]"
CONTROL,79571481.72500001,"[-0.122451, -0.118855, 0.440428, -0.099014, -0.052595, 0.448659]"
CONTROL,79591561.16400003,"[-0.120235, -0.118148, 0.444781, -0.100645, -0.049333, 0.445327]"
CONTROL,79611640.47499995,"[-0.117943, -0.117272, 0.449189, -0.102021, -0.045976, 0.442212]"
CONTROL,79631718.761,"[-0.115577, -0.11623, 0.453647, -0.10314, -0.04253, 0.439324]"
CONTROL,79651798.23200004,"[-0.113138, -0.115023, 0.458151, -0.103998, -0.039001, 0.436675]"
CONTROL,79671877.54300006,"[-0.110627, -0.113652, 0.462697, -0.104594, -0.035397, 0.434277]"
CONTROL,79691955.893,"[-0.108046, -0.112119, 0.467279, -0.104925, -0.031725, 0.432138]"
CONTROL,79712036.292,"[-0.105397, -0.110428, 0.471893, -0.104992, -0.027991, 0.430267]"
CONTROL,79732113.842,"[-0.102682, -0.108579, 0.476535, -0.104793, -0.024203, 0.428671]"
CONTROL,79752192.57699996,"[-0.099902, -0.106576, 0.4812, -0.104329, -0.020368, 0.427356]"
CONTROL,79772271.40799993,"[-0.097058, -0.104422, 0.485884, -0.103602, -0.016494, 0.426328]"
CONTROL,79792349.758,"[-0.094154, -0.102119, 0.490581, -0.102613, -0.012588, 0.425591]"
CONTROL,79812428.42899996,"[-0.09119, -0.099672, 0.495288, -0.101365, -0.008657, 0.425148]"
CONTROL,79832508.47600004,"[-0.088168, -0.097082, 0.5, -0.099861, -0.00471, 0.425]"
CONTROL,79852590.50699994,"[-0.08509, -0.094355, 0.504712, -0.098105, -0.000754, 0.425148]"
CONTROL,79872669.84899998,"[-0.081959, -0.091493, 0.509419, -0.0961, 0.003204, 0.425591]"
CONTROL,79892746.15199997,"[-0.078776, -0.088502, 0.514116, -0.093853, 0.007155, 0.426328]"
CONTROL,79912825.87800004,"[-0.075543, -0.085384, 0.5188, -0.091369, 0.011093, 0.427356]"
CONTROL,79932904.517,"[-0.072263, -0.082146, 0.523465, -0.088654, 0.015009, 0.428671]"
CONTROL,79952984.18000004,"[-0.068937, -0.07879, 0.528107, -0.085716, 0.018896, 0.430267]"
CONTROL,79973062.46599999,"[-0.065567, -0.075323, 0.532721, -0.08256, 0.022747, 0.432138]"
CONTROL,79993143.85699995,"[-0.062156, -0.071749, 0.537303, -0.079196, 0.026554, 0.434277]"
CONTROL,80013224.44799995,"[-0.058706, -0.068072, 0.541849, -0.075632, 0.030309, 0.436675]"
CONTROL,80033303.50199997,"[-0.055219, -0.064299, 0.546353, -0.071877, 0.034006, 0.439324]"
CONTROL,80053386.58899996,"[-0.051696, -0.060435, 0.550811, -0.067941, 0.037637, 0.442212]"
CONTROL,80073466.15599999,"[-0.048142, -0.056484, 0.555219, -0.063833, 0.041195, 0.445327]"
CONTROL,80093545.17899999,"[-0.044556, -0.052454, 0.559572, -0.059563, 0.044673, 0.448659]"
CONTROL,80113625.12899996,"[-0.040943, -0.048349, 0.563867, -0.055143, 0.048065, 0.452193]"
CONTROL,80133705.49599995,"[-0.037303, -0.044175, 0.568099, -0.050584, 0.051364, 0.455916]"
CONTROL,80153785.83100004,"[-0.033641, -0.039938, 0.572263, -0.045897, 0.054564, 0.459813]"
CONTROL,80173866.58099997,"[-0.029956, -0.035645, 0.576356, -0.041094, 0.057658, 0.463868]"
CONTROL,80193946.30800003,"[-0.026253, -0.031301, 0.580374, -0.036188, 0.060641, 0.468067]"
CONTROL,80214025.07499999,"[-0.022534, -0.026912, 0.584313, -0.031189, 0.063506, 0.472391]"
CONTROL,80234103.64899996,"[-0.0188, -0.022486, 0.588168, -0.026112, 0.066249, 0.476824]"
CONTROL,80254182.95999998,"[-0.015054, -0.018027, 0.591936, -0.02097, 0.068863, 0.481348]"
CONTROL,80274263.39099997,"[-0.011299, -0.013543, 0.595614, -0.015774, 0.071344, 0.485946]"
CONTROL,80294343.66099997,"[-0.007537, -0.009039, 0.599197, -0.010538, 0.073688, 0.4906]"
CONTROL,80314421.08399995,"[-0.00377, -0.004523, 0.602682, -0.005276, 0.075888, 0.495291]"
CONTROL,80334527.46800004,"[-0.0, -0.0, 0.606066, -0.0, 0.077942, 0.5]"
CONTROL,80354677.75699998,"[0.00377, 0.004523, 0.609345, 0.005276, 0.079845, 0.504709]"
CONTROL,80374760.58799995,"[0.007537, 0.009039, 0.612517, 0.010538, 0.081594, 0.5094]"
CONTROL,80394840.69900005,"[0.011299, 0.013543, 0.615577, 0.015774, 0.083185, 0.514054]"
CONTROL,80414920.74500002,"[0.015054, 0.018027, 0.618523, 0.02097, 0.084615, 0.518652]"
CONTROL,80435001.97599997,"[0.0188, 0.022486, 0.621353, 0.026112, 0.085882, 0.523176]"
CONTROL,80455087.015,"[0.022534, 0.026912, 0.624062, 0.031189, 0.086982, 0.527609]"
CONTROL,80475167.67000002,"[0.026253, 0.031301, 0.626649, 0.036188, 0.087914, 0.531933]"
CONTROL,80495248.22700004,"[0.029956, 0.035645, 0.629111, 0.041094, 0.088676, 0.536132]"
CONTROL,80515328.08000001,"[0.033641, 0.039938, 0.631446, 0.045897, 0.089267, 0.540187]"
CONTROL,80535407.64399998,"[0.037303, 0.044175, 0.633651, 0.050584, 0.089684, 0.544084]"
CONTROL,80555488.74399994,"[0.040943, 0.048349, 0.635724, 0.055143, 0.089929, 0.547807]"
CONTROL,80575570.57999998,"[0.044556, 0.052454, 0.637663, 0.059563, 0.089999, 0.551341]"
CONTROL,80595650.08100003,"[0.048142, 0.056484, 0.639466, 0.063833, 0.089896, 0.554673]"
CONTROL,80615730.47699994,"[0.051696, 0.060435, 0.641132, 0.067941, 0.089618, 0.557788]"
CONTROL,80635814.105,"[0.055219, 0.064299, 0.642658, 0.071877, 0.089167, 0.560676]"
CONTROL,80655894.21300001,"[0.058706, 0.068072, 0.644044, 0.075632, 0.088544, 0.563325]"
CONTROL,80675974.54600002,"[0.062156, 0.071749, 0.645287, 0.079196, 0.08775, 0.565723]"
CONTROL,80696053.56600004,"[0.065567, 0.075323, 0.646388, 0.08256, 0.086785, 0.567862]"
CONTROL,80716133.25800002,"[0.068937, 0.07879, 0.647343, 0.085716, 0.085653, 0.569733]"
CONTROL,80736213.11,"[0.072263, 0.082146, 0.648153, 0.088654, 0.084355, 0.571329]"
CONTROL,80756293.378,"[0.075543, 0.085384, 0.648817, 0.091369, 0.082894, 0.572644]"
CONTROL,80776372.81499994,"[0.078776, 0.088502, 0.649334, 0.093853, 0.081273, 0.573672]"
CONTROL,80796452.50700003,"[0.081959, 0.091493, 0.649704, 0.0961, 0.079495, 0.574409]"
CONTROL,80816529.35099998,"[0.08509, 0.094355, 0.649926, 0.098105, 0.077563, 0.574852]"
CONTROL,80836608.08299999,"[0.088168, 0.097082, 0.65, 0.099861, 0.07548, 0.575]"
CONTROL,80856687.99899997,"[0.09119, 0.099672, 0.649926, 0.101365, 0.073252, 0.574852]"
CONTROL,80876766.18700005,"[0.094154, 0.102119, 0.649704, 0.102613, 0.070882, 0.574409]"
CONTROL,80896846.23200002,"[0.097058, 0.104422, 0.649334, 0.103602, 0.068375, 0.573672]"
CONTROL,80916930.34000002,"[0.099902, 0.106576, 0.648817, 0.104329, 0.065736, 0.572644]"
CONTROL,80937009.00800002,"[0.102682, 0.108579, 0.648153, 0.104793, 0.06297, 0.571329]"
CONTROL,80957088.66799998,"[0.105397, 0.110428, 0.647343, 0.104992, 0.060082, 0.569733]"
CONTROL,80977168.13700004,"[0.108046, 0.112119, 0.646388, 0.104925, 0.057077, 0.567862]"
CONTROL,80997247.765,"[0.110627, 0.113652, 0.645287, 0.104594, 0.053962, 0.565723]"
CONTROL,81017327.55299997,"[0.113138, 0.115023, 0.644044, 0.103998, 0.050743, 0.563325]"
CONTROL,81037407.46899995,"[0.115577, 0.11623, 0.642658, 0.10314, 0.047426, 0.560676]"
CONTROL,81057486.26499997,"[0.117943, 0.117272, 0.641132, 0.102021, 0.044017, 0.557788]"
CONTROL,81077565.22199997,"[0.120235, 0.118148, 0.639466, 0.100645, 0.040523, 0.554673]"
CONTROL,81097645.39399998,"[0.122451, 0.118855, 0.637663, 0.099014, 0.03695, 0.551341]"
CONTROL,81117724.57400002,"[0.124589, 0.119394, 0.635724, 0.097133, 0.033306, 0.547807]"
CONTROL,81137806.02600002,"[0.126649, 0.119763, 0.633651, 0.095007, 0.029598, 0.544084]"
CONTROL,81157885.04600005,"[0.128629, 0.119962, 0.631446, 0.092641, 0.025832, 0.540187]"
CONTROL,81177965.85899998,"[0.130528, 0.119991, 0.629111, 0.09004, 0.022017, 0.536132]"
CONTROL,81198048.815,"[0.132344, 0.119848, 0.626649, 0.087213, 0.018159, 0.531933]"
CONTROL,81218127.83500002,"[0.134076, 0.119536, 0.624062, 0.084165, 0.014265, 0.527609]"
CONTROL,81238207.751,"[0.135724, 0.119054, 0.621353, 0.080904, 0.010344, 0.523176]"
CONTROL,81258287.828,"[0.137286, 0.118402, 0.618523, 0.077439, 0.006403, 0.518652]"
CONTROL,81278370.04799995,"[0.138762, 0.117583, 0.615577, 0.073778, 0.00245, 0.514054]"
CONTROL,81298450.57199998,"[0.140149, 0.116596, 0.612517, 0.069931, -0.001508, 0.5094]"
CONTROL,81318530.10400005,"[0.141449, 0.115443, 0.609345, 0.065908, -0.005463, 0.504709]"
CONTROL,81338607.81199996,"[0.142658, 0.114127, 0.606066, 0.061717, -0.009408, 0.5]"
CONTROL,81358748.08300002,"[0.143778, 0.112648, 0.602682, 0.057371, -0.013334, 0.495291]"
CONTROL,81378827.839,"[0.144807, 0.111009, 0.599197, 0.05288, -0.017234, 0.4906]"
CONTROL,81398907.24299994,"[0.145745, 0.109213, 0.595614, 0.048256, -0.021102, 0.485946]"
CONTROL,81418985.94299994,"[0.14659, 0.107261, 0.591936, 0.043509, -0.024928, 0.481348]"
CONTROL,81439066.33999996,"[0.147343, 0.105157, 0.588168, 0.038653, -0.028706, 0.476824]"
CONTROL,81459146.70399998,"[0.148003, 0.102903, 0.584313, 0.033699, -0.032429, 0.472391]"
CONTROL,81479226.26800005,"[0.148569, 0.100503, 0.580374, 0.02866, -0.036089, 0.468067]"
CONTROL,81499304.55100003,"[0.149042, 0.097961, 0.576356, 0.023548, -0.039679, 0.463868]"
CONTROL,81519385.00899996,"[0.14942, 0.095279, 0.572263, 0.018377, -0.043193, 0.459813]"
CONTROL,81539463.67499998,"[0.149704, 0.092462, 0.568099, 0.01316, -0.046622, 0.455916]"
CONTROL,81559541.53999995,"[0.149893, 0.089513, 0.563867, 0.007909, -0.049962, 0.452193]"
CONTROL,81579620.10999995,"[0.149988, 0.086437, 0.559572, 0.002639, -0.053205, 0.448659]"
CONTROL,81599698.32800004,"[0.149988, 0.083238, 0.555219, -0.002639, -0.056345, 0.445327]"
CONTROL,81619777.85700004,"[0.149893, 0.079921, 0.550811, -0.007909, -0.059377, 0.442212]"
CONTROL,81639856.26700003,"[0.149704, 0.076491, 0.546353, -0.01316, -0.062293, 0.439324]"
CONTROL,81659935.25299996,"[0.14942, 0.072952, 0.541849, -0.018377, -0.065089, 0.436675]"
CONTROL,81680017.43900004,"[0.149042, 0.069309, 0.537303, -0.023548, -0.067759, 0.434277]"
CONTROL,81700097.35199994,"[0.148569, 0.065567, 0.532721, -0.02866, -0.070298, 0.432138]"
CONTROL,81720176.498,"[0.148003, 0.061733, 0.528107, -0.033699, -0.072701, 0.430267]"
CONTROL,81740255.10000001,"[0.147343, 0.05781, 0.523465, -0.038653, -0.074963, 0.428671]"
CONTROL,81760333.95800005,"[0.14659, 0.053806, 0.5188, -0.043509, -0.07708, 0.427356]"
CONTROL,81780414.09499997,"[0.145745, 0.049725, 0.514116, -0.048256, -0.079049, 0.426328]"
CONTROL,81800492.60099997,"[0.144807, 0.045573, 0.509419, -0.05288, -0.080864, 0.425591]"
CONTROL,81820570.72299995,"[0.143778, 0.041357, 0.504712, -0.057371, -0.082523, 0.425148]"
CONTROL,81840648.397,"[0.142658, 0.037082, 0.5, -0.061717, -0.084022, 0.425]"
CONTROL,81860726.71,"[0.141449, 0.032754, 0.495288, -0.065908, -0.085359, 0.425148]"
CONTROL,81880807.39199995,"[0.140149, 0.02838, 0.490581, -0.069931, -0.086531, 0.425591]"
CONTROL,81900885.45000003,"[0.138762, 0.023965, 0.485884, -0.073778, -0.087535, 0.426328]"
CONTROL,81920966.228,"[0.137286, 0.019516, 0.4812, -0.077439, -0.08837, 0.427356]"
CONTROL,81941044.76500002,"[0.135724, 0.01504, 0.476535, -0.080904, -0.089035, 0.428671]"
CONTROL,81961124.83900003,"[0.134076, 0.010542, 0.471893, -0.084165, -0.089526, 0.430267]"
CONTROL,81981203.21700002,"[0.132344, 0.006029, 0.467279, -0.087213, -0.089845, 0.432138]"
CONTROL,82001281.21000001,"[0.130528, 0.001508, 0.462697, -0.09004, -0.08999, 0.434277]"
CONTROL,82021361.25200002,"[0.128629, -0.003016, 0.458151, -0.092641, -0.089961, 0.436675]"
CONTROL,82041439.66200002,"[0.126649, -0.007535, 0.453647, -0.095007, -0.089758, 0.439324]"
CONTROL,82061520.34399997,"[0.124589, -0.012043, 0.449189, -0.097133, -0.089382, 0.442212]"
CONTROL,82081598.30499995,"[0.122451, -0.016535, 0.444781, -0.099014, -0.088832, 0.445327]"
CONTROL,82101675.88299999,"[0.120235, -0.021003, 0.440428, -0.100645, -0.088111, 0.448659]"
CONTROL,82121753.39700001,"[0.117943, -0.025441, 0.436133, -0.102021, -0.087219, 0.452193]"
CONTROL,82141832.31899995,"[0.115577, -0.029843, 0.431901, -0.10314, -0.086159, 0.455916]"
CONTROL,82161910.56799994,"[0.113138, -0.034202, 0.427737, -0.103998, -0.084932, 0.459813]"
CONTROL,82181988.27399999,"[0.110627, -0.038513, 0.423644, -0.104594, -0.08354, 0.463868]"
CONTROL,82202066.876,"[0.108046, -0.042769, 0.419626, -0.104925, -0.081987, 0.468067]"
CONTROL,82222145.92499995,"[0.105397, -0.046965, 0.415687, -0.104992, -0.080276, 0.472391]"
CONTROL,82242224.11100005,"[0.102682, -0.051094, 0.411832, -0.104793, -0.078409, 0.476824]"
CONTROL,82262302.48900004,"[0.099902, -0.05515, 0.408064, -0.104329, -0.076391, 0.481348]"
CONTROL,82282380.45099999,"[0.097058, -0.059127, 0.404386, -0.103602, -0.074225, 0.485946]"
CONTROL,82302458.31599995,"[0.094154, -0.063021, 0.400803, -0.102613, -0.071915, 0.4906]"
CONTROL,82322536.40600003,"[0.09119, -0.066825, 0.397318, -0.101365, -0.069466, 0.495291]"
CONTROL,82342616.47999994,"[0.088168, -0.070534, 0.393934, -0.099861, -0.066883, 0.5]"
CONTROL,82362754.02800004,"[0.08509, -0.074143, 0.390655, -0.098105, -0.064171, 0.504709]"
CONTROL,82382833.84500004,"[0.081959, -0.077647, 0.387483, -0.0961, -0.061334, 0.5094]"
CONTROL,82402910.52700001,"[0.078776, -0.08104, 0.384423, -0.093853, -0.058379, 0.514054]"
CONTROL,82422988.55299999,"[0.075543, -0.084318, 0.381477, -0.091369, -0.05531, 0.518652]"
CONTROL,82443069.55499996,"[0.072263, -0.087476, 0.378647, -0.088654, -0.052135, 0.523176]"
CONTROL,82463147.86799997,"[0.068937, -0.09051, 0.375938, -0.085716, -0.048859, 0.527609]"
CONTROL,82483227.23800004,"[0.065567, -0.093415, 0.373351, -0.08256, -0.045489, 0.531933]"
CONTROL,82503306.286,"[0.062156, -0.096188, 0.370889, -0.079196, -0.04203, 0.536132]"
CONTROL,82523384.91700004,"[0.058706, -0.098824, 0.368554, -0.075632, -0.038491, 0.540187]"
CONTROL,82543463.45299996,"[0.055219, -0.101319, 0.366349, -0.071877, -0.034876, 0.544084]"
CONTROL,82563543.97200005,"[0.051696, -0.103671, 0.364276, -0.067941, -0.031195, 0.547807]"
CONTROL,82583622.50699997,"[0.048142, -0.105875, 0.362337, -0.063833, -0.027453, 0.551341]"
CONTROL,82603703.795,"[0.044556, -0.107929, 0.360534, -0.059563, -0.023658, 0.554673]"
CONTROL,82623781.52999997,"[0.040943, -0.109829, 0.358868, -0.055143, -0.019817, 0.557788]"
CONTROL,82643859.873,"[0.037303, -0.111573, 0.357342, -0.050584, -0.015938, 0.560676]"
CONTROL,82663939.33699998,"[0.033641, -0.113159, 0.355956, -0.045897, -0.012028, 0.563325]"
CONTROL,82684017.45599999,"[0.029956, -0.114584, 0.354713, -0.041094, -0.008094, 0.565723]"
CONTROL,82704097.11100002,"[0.026253, -0.115846, 0.353612, -0.036188, -0.004145, 0.567862]"
CONTROL,82724175.071,"[0.022534, -0.116943, 0.352657, -0.031189, -0.000188, 0.569733]"
CONTROL,82744253.76600005,"[0.0188, -0.117874, 0.351847, -0.026112, 0.003769, 0.571329]"
CONTROL,82764330.73299995,"[0.015054, -0.118638, 0.351183, -0.02097, 0.007719, 0.572644]"
CONTROL,82784408.02099998,"[0.011299, -0.119233, 0.350666, -0.015774, 0.011654, 0.573672]"
CONTROL,82804486.17199999,"[0.007537, -0.119659, 0.350296, -0.010538, 0.015566, 0.574409]"
CONTROL,82824565.34699997,"[0.00377, -0.119915, 0.350074, -0.005276, 0.019449, 0.574852]"
CONTROL,82844646.95500003,"[0.0, -0.12, 0.35, -0.0, 0.023294, 0.575]"
CONTROL,82864723.282,"[-0.00377, -0.119915, 0.350074, 0.005276, 0.027093, 0.574852]"
CONTROL,82884802.13699995,"[-0.007537, -0.119659, 0.350296, 0.010538, 0.030841, 0.574409]"
CONTROL,82904880.60899997,"[-0.011299, -0.119233, 0.350666, 0.015774, 0.034529, 0.573672]"
CONTROL,82924959.24000002,"[-0.015054, -0.118638, 0.351183, 0.02097, 0.038149, 0.572644]"
CONTROL,82945039.40699996,"[-0.0188, -0.117874, 0.351847, 0.026112, 0.041697, 0.571329]"
CONTROL,82965118.135,"[-0.022534, -0.116943, 0.352657, 0.031189, 0.045163, 0.569733]"
CONTROL,82985196.44600002,"[-0.026253, -0.115846, 0.353612, 0.036188, 0.048542, 0.567862]"
CONTROL,83005276.00500004,"[-0.029956, -0.114584, 0.354713, 0.041094, 0.051828, 0.565723]"
CONTROL,83025353.741,"[-0.033641, -0.113159, 0.355956, 0.045897, 0.055013, 0.563325]"
CONTROL,83045432.02000003,"[-0.037303, -0.111573, 0.357342, 0.050584, 0.058091, 0.560676]"
CONTROL,83065511.00299998,"[-0.040943, -0.109829, 0.358868, 0.055143, 0.061057, 0.557788]"
CONTROL,83085588.41800004,"[-0.044556, -0.107929, 0.360534, 0.059563, 0.063906, 0.554673]"
CONTROL,83105666.63400005,"[-0.048142, -0.105875, 0.362337, 0.063833, 0.06663, 0.551341]"
CONTROL,83125744.59300004,"[-0.051696, -0.103671, 0.364276, 0.067941, 0.069226, 0.547807]"
CONTROL,83145822.71200004,"[-0.055219, -0.101319, 0.366349, 0.071877, 0.071688, 0.544084]"
CONTROL,83165901.66399999,"[-0.058706, -0.098824, 0.368554, 0.075632, 0.074011, 0.540187]"
CONTROL,83185981.12699999,"[-0.062156, -0.096188, 0.370889, 0.079196, 0.076191, 0.536132]"
CONTROL,83206058.98999998,"[-0.065567, -0.093415, 0.373351, 0.08256, 0.078223, 0.531933]"
CONTROL,83226138.03800005,"[-0.068937, -0.09051, 0.375938, 0.085716, 0.080105, 0.527609]"
CONTROL,83246217.43700004,"[-0.072263, -0.087476, 0.378647, 0.088654, 0.081831, 0.523176]"
CONTROL,83266296.83600004,"[-0.075543, -0.084318, 0.381477, 0.091369, 0.083399, 0.518652]"
CONTROL,83286374.73200001,"[-0.078776, -0.08104, 0.384423, 0.093853, 0.084806, 0.514054]"
CONTROL,83306453.39499995,"[-0.081959, -0.077647, 0.387483, 0.0961, 0.086049, 0.5094]"
CONTROL,83326532.37800002,"[-0.08509, -0.074143, 0.390655, 0.098105, 0.087125, 0.504709]"
CONTROL,83346611.26599997,"[-0.088168, -0.070534, 0.393934, 0.099861, 0.088033, 0.5]"
CONTROL,83366754.15499997,"[-0.09119, -0.066825, 0.397318, 0.101365, 0.088771, 0.495291]"
CONTROL,83386835.69900002,"[-0.094154, -0.063021, 0.400803, 0.102613, 0.089337, 0.4906]"
CONTROL,83406939.803,"[-0.097058, -0.059127, 0.404386, 0.103602, 0.08973, 0.485946]"
CONTROL,83427014.27400005,"[-0.099902, -0.05515, 0.408064, 0.104329, 0.089949, 0.481348]"
CONTROL,83447091.849,"[-0.102682, -0.051094, 0.411832, 0.104793, 0.089995, 0.476824]"
CONTROL,83467171.28099999,"[-0.105397, -0.046965, 0.415687, 0.104992, 0.089867, 0.472391]"
CONTROL,83487250.55199997,"[-0.108046, -0.042769, 0.419626, 0.104925, 0.089564, 0.468067]"
CONTROL,83507334.78200005,"[-0.110627, -0.038513, 0.423644, 0.104594, 0.089089, 0.463868]"
CONTROL,83527412.80299994,"[-0.113138, -0.034202, 0.427737, 0.103998, 0.088441, 0.459813]"
CONTROL,83547492.00699995,"[-0.115577, -0.029843, 0.431901, 0.10314, 0.087622, 0.455916]"
CONTROL,83567571.40399998,"[-0.117943, -0.025441, 0.436133, 0.102021, 0.086634, 0.452193]"
CONTROL,83587649.16899997,"[-0.120235, -0.021003, 0.440428, 0.100645, 0.085478, 0.448659]"
CONTROL,83607728.56599998,"[-0.122451, -0.016535, 0.444781, 0.099014, 0.084157, 0.445327]"
CONTROL,83627807.35499996,"[-0.124589, -0.012043, 0.449189, 0.097133, 0.082673, 0.442212]"
CONTROL,83647885.85600002,"[-0.126649, -0.007535, 0.453647, 0.095007, 0.081029, 0.439324]"
CONTROL,83667964.35699996,"[-0.128629, -0.003016, 0.458151, 0.092641, 0.079228, 0.436675]"
CONTROL,83688042.85800001,"[-0.130528, 0.001508, 0.462697, 0.09004, 0.077274, 0.434277]"
CONTROL,83708120.55900002,"[-0.132344, 0.006029, 0.467279, 0.087213, 0.075171, 0.432138]"
CONTROL,83728199.34799998,"[-0.134076, 0.010542, 0.471893, 0.084165, 0.072922, 0.430267]"
CONTROL,83748278.42499997,"[-0.135724, 0.01504, 0.476535, 0.080904, 0.070532, 0.428671]"
CONTROL,83768357.88599999,"[-0.137286, 0.019516, 0.4812, 0.077439, 0.068006, 0.427356]"
CONTROL,83788436.61099996,"[-0.138762, 0.023965, 0.485884, 0.073778, 0.065349, 0.426328]"
CONTROL,83808515.62399994,"[-0.140149, 0.02838, 0.490581, 0.069931, 0.062564, 0.425591]"
CONTROL,83828594.54100002,"[-0.141449, 0.032754, 0.495288, 0.065908, 0.059659, 0.425148]"
CONTROL,83848672.81799996,"[-0.142658, 0.037082, 0.5, 0.061717, 0.056639, 0.425]"
CONTROL,83868751.063,"[-0.143778, 0.041357, 0.504712, 0.057371, 0.053509, 0.425148]"
CONTROL,83888830.13999999,"[-0.144807, 0.045573, 0.509419, 0.05288, 0.050275, 0.425591]"
CONTROL,83908909.569,"[-0.145745, 0.049725, 0.514116, 0.048256, 0.046944, 0.426328]"
CONTROL,83928988.83800001,"[-0.14659, 0.053806, 0.5188, 0.043509, 0.043523, 0.427356]"
CONTROL,83949067.56299998,"[-0.147343, 0.05781, 0.523465, 0.038653, 0.040017, 0.428671]"
CONTROL,83969150.41600005,"[-0.148003, 0.061733, 0.528107, 0.033699, 0.036434, 0.430267]"
CONTROL,83989233.52500004,"[-0.148569, 0.065567, 0.532721, 0.02866, 0.03278, 0.432138]"
CONTROL,84009314.55399996,"[-0.149042, 0.069309, 0.537303, 0.023548, 0.029063, 0.434277]"
CONTROL,84029393.34300004,"[-0.14942, 0.072952, 0.541849, 0.018377, 0.02529, 0.436675]"
CONTROL,84049486.24500002,"[-0.149704, 0.076491, 0.546353, 0.01316, 0.021468, 0.439324]"
CONTROL,84069565.92999995,"[-0.149893, 0.079921, 0.550811, 0.007909, 0.017604, 0.442212]"
CONTROL,84089645.16599996,"[-0.149988, 0.083238, 0.555219, 0.002639, 0.013707, 0.445327]"
CONTROL,84109724.27499996,"[-0.149988, 0.086437, 0.559572, -0.002639, 0.009782, 0.448659]"
CONTROL,84129803.70399998,"[-0.149893, 0.089513, 0.563867, -0.007909, 0.005839, 0.452193]"
CONTROL,84149883.42100003,"[-0.149704, 0.092462, 0.568099, -0.01316, 0.001885, 0.455916]"
CONTROL,84169963.20199996,"[-0.14942, 0.095279, 0.572263, -0.018377, -0.002073, 0.459813]"
CONTROL,84190043.68699996,"[-0.149042, 0.097961, 0.576356, -0.023548, -0.006027, 0.463868]"
CONTROL,84210121.80399998,"[-0.148569, 0.100503, 0.580374, -0.02866, -0.00997, 0.468067]"
CONTROL,84230201.041,"[-0.148003, 0.102903, 0.584313, -0.033699, -0.013893, 0.472391]"
CONTROL,84250279.35000002,"[-0.147343, 0.105157, 0.588168, -0.038653, -0.017789, 0.476824]"
CONTROL,84270358.171,"[-0.14659, 0.107261, 0.591936, -0.043509, -0.021651, 0.481348]"
CONTROL,84290437.95200005,"[-0.145745, 0.109213, 0.595614, -0.048256, -0.025471, 0.485946]"
CONTROL,84310517.957,"[-0.144807, 0.111009, 0.599197, -0.05288, -0.029242, 0.4906]"
CONTROL,84330596.20200004,"[-0.143778, 0.112648, 0.602682, -0.057371, -0.032956, 0.495291]"
CONTROL,84350675.34300004,"[-0.142658, 0.114127, 0.606066, -0.061717, -0.036606, 0.5]"
CONTROL,84370821.46299997,"[-0.141449, 0.115443, 0.609345, -0.065908, -0.040186, 0.504709]"
CONTROL,84390902.10799998,"[-0.140149, 0.116596, 0.612517, -0.069931, -0.043688, 0.5094]"
CONTROL,84410980.67300004,"[-0.138762, 0.117583, 0.615577, -0.073778, -0.047105, 0.514054]"
CONTROL,84431059.366,"[-0.137286, 0.118402, 0.618523, -0.077439, -0.050431, 0.518652]"
CONTROL,84451138.79500002,"[-0.135724, 0.119054, 0.621353, -0.080904, -0.05366, 0.523176]"
CONTROL,84471219.66400005,"[-0.134076, 0.119536, 0.624062, -0.084165, -0.056785, 0.527609]"
CONTROL,84491299.09199996,"[-0.132344, 0.119848, 0.626649, -0.087213, -0.0598, 0.531933]"
CONTROL,84511378.03899996,"[-0.130528, 0.119991, 0.629111, -0.09004, -0.0627, 0.536132]"
CONTROL,84531458.74599999,"[-0.128629, 0.119962, 0.631446, -0.092641, -0.065478, 0.540187]"
CONTROL,84551540.18899998,"[-0.126649, 0.119763, 0.633651, -0.095007, -0.06813, 0.544084]"
CONTROL,84571619.35900001,"[-0.124589, 0.119394, 0.635724, -0.097133, -0.070649, 0.547807]"
CONTROL,84591697.28200004,"[-0.122451, 0.118855, 0.637663, -0.099014, -0.073032, 0.551341]"
CONTROL,84611776.932,"[-0.120235, 0.118148, 0.639466, -0.100645, -0.075274, 0.554673]"
CONTROL,84631856.45500004,"[-0.117943, 0.117272, 0.641132, -0.102021, -0.077371, 0.557788]"
CONTROL,84651937.03399995,"[-0.115577, 0.11623, 0.642658, -0.10314, -0.079317, 0.560676]"
CONTROL,84672014.956,"[-0.113138, 0.115023, 0.644044, -0.103998, -0.081111, 0.563325]"
CONTROL,84692093.13500005,"[-0.110627, 0.113652, 0.645287, -0.104594, -0.082747, 0.565723]"
CONTROL,84712173.29800004,"[-0.108046, 0.112119, 0.646388, -0.104925, -0.084223, 0.567862]"
CONTROL,84732254.452,"[-0.105397, 0.110428, 0.647343, -0.104992, -0.085537, 0.569733]"
CONTROL,84752337.75100003,"[-0.102682, 0.108579, 0.648153, -0.104793, -0.086685, 0.571329]"
CONTROL,84772419.76999994,"[-0.099902, 0.106576, 0.648817, -0.104329, -0.087665, 0.572644]"
CONTROL,84792499.77300003,"[-0.097058, 0.104422, 0.649334, -0.103602, -0.088476, 0.573672]"
CONTROL,84812578.84699994,"[-0.094154, 0.102119, 0.649704, -0.102613, -0.089115, 0.574409]"
CONTROL,84832657.88999996,"[-0.09119, 0.099672, 0.649926, -0.101365, -0.089583, 0.574852]"
CONTROL,84852736.26100002,"[-0.088168, 0.097082, 0.65, -0.099861, -0.089877, 0.575]"
CONTROL,84872818.40699996,"[-0.08509, 0.094355, 0.649926, -0.098105, -0.089997, 0.574852]"
CONTROL,84892897.25799994,"[-0.081959, 0.091493, 0.649704, -0.0961, -0.089943, 0.574409]"
CONTROL,84912976.10899994,"[-0.078776, 0.088502, 0.649334, -0.093853, -0.089715, 0.573672]"
CONTROL,84933056.975,"[-0.075543, 0.085384, 0.648817, -0.091369, -0.089314, 0.572644]"
CONTROL,84953138.00199994,"[-0.072263, 0.082146, 0.648153, -0.088654, -0.08874, 0.571329]"
CONTROL,84973216.75700004,"[-0.068937, 0.07879, 0.647343, -0.085716, -0.087994, 0.569733]"
CONTROL,84993296.18299998,"[-0.065567, 0.075323, 0.646388, -0.08256, -0.087078, 0.567862]"
CONTROL,85013374.49000004,"[-0.062156, 0.071749, 0.645287, -0.079196, -0.085994, 0.565723]"
CONTROL,85033454.36500001,"[-0.058706, 0.068072, 0.644044, -0.075632, -0.084743, 0.563325]"
CONTROL,85053531.775,"[-0.055219, 0.064299, 0.642658, -0.071877, -0.083328, 0.560676]"
CONTROL,85073611.17000005,"[-0.051696, 0.060435, 0.641132, -0.067941, -0.081753, 0.557788]"
CONTROL,85093690.949,"[-0.048142, 0.056484, 0.639466, -0.063833, -0.080019, 0.554673]"
CONTROL,85113770.43899995,"[-0.044556, 0.052454, 0.637663, -0.059563, -0.07813, 0.551341]"
CONTROL,85133850.37800004,"[-0.040943, 0.048349, 0.635724, -0.055143, -0.07609, 0.547807]"
CONTROL,85153930.60500003,"[-0.037303, 0.044175, 0.633651, -0.050584, -0.073903, 0.544084]"
CONTROL,85174010.31899999,"[-0.033641, 0.039938, 0.631446, -0.045897, -0.071574, 0.540187]"
CONTROL,85194089.39400001,"[-0.029956, 0.035645, 0.629111, -0.041094, -0.069105, 0.536132]"
CONTROL,85214171.82899995,"[-0.026253, 0.031301, 0.626649, -0.036188, -0.066503, 0.531933]"
CONTROL,85234251.38300002,"[-0.022534, 0.026912, 0.624062, -0.031189, -0.063773, 0.527609]"
CONTROL,85254329.33800004,"[-0.0188, 0.022486, 0.621353, -0.026112, -0.060919, 0.523176]"
CONTROL,85274409.27700002,"[-0.015054, 0.018027, 0.618523, -0.02097, -0.057947, 0.518652]"
CONTROL,85294489.59900004,"[-0.011299, 0.013543, 0.615577, -0.015774, -0.054863, 0.514054]"
CONTROL,85314568.61000004,"[-0.007537, 0.009039, 0.612517, -0.010538, -0.051673, 0.5094]"
CONTROL,85334648.10099997,"[-0.00377, 0.004523, 0.609345, -0.005276, -0.048383, 0.504709]"
CONTROL,85354728.58299999,"[0.0, 0.0, 0.606066, 0.0, -0.045, 0.5]"
CONTROL,85374870.82799998,"[0.00377, -0.004523, 0.602682, 0.005276, -0.04153, 0.495291]"
CONTROL,85394952.30299997,"[0.007537, -0.009039, 0.599197, 0.010538, -0.037979, 0.4906]"
CONTROL,85415031.44199999,"[0.011299, -0.013543, 0.595614, 0.015774, -0.034354, 0.485946]"
CONTROL,85435114.549,"[0.015054, -0.018027, 0.591936, 0.02097, -0.030664, 0.481348]"
CONTROL,85455194.48699997,"[0.0188, -0.022486, 0.588168, 0.026112, -0.026914, 0.476824]"
CONTROL,85475273.94600001,"[0.022534, -0.026912, 0.584313, 0.031189, -0.023112, 0.472391]"
CONTROL,85495352.28399998,"[0.026253, -0.031301, 0.580374, 0.036188, -0.019265, 0.468067]"
CONTROL,85515431.86799996,"[0.029956, -0.035645, 0.576356, 0.041094, -0.015381, 0.463868]"
CONTROL,85535511.86899994,"[0.033641, -0.039938, 0.572263, 0.045897, -0.011467, 0.459813]"
CONTROL,85555592.06099997,"[0.037303, -0.044175, 0.568099, 0.050584, -0.007531, 0.455916]"
CONTROL,85575672.06099997,"[0.040943, -0.048349, 0.563867, 0.055143, -0.00358, 0.452193]"
CONTROL,85595752.95800005,"[0.044556, -0.052454, 0.559572, 0.059563, 0.000377, 0.448659]"
CONTROL,85615832.12599999,"[0.048142, -0.056484, 0.555219, 0.063833, 0.004334, 0.445327]"
CONTROL,85635911.039,"[0.051696, -0.060435, 0.550811, 0.067941, 0.008282, 0.442212]"
CONTROL,85655991.83899997,"[0.055219, -0.064299, 0.546353, 0.071877, 0.012214, 0.439324]"
CONTROL,85676070.815,"[0.058706, -0.068072, 0.541849, 0.075632, 0.016123, 0.436675]"
CONTROL,85696149.53600001,"[0.062156, -0.071749, 0.537303, 0.079196, 0.020001, 0.434277]"
CONTROL,85716231.80799997,"[0.065567, -0.075323, 0.532721, 0.08256, 0.023839, 0.432138]"
CONTROL,85736310.88000003,"[0.068937, -0.07879, 0.528107, 0.085716, 0.027632, 0.430267]"
CONTROL,85756390.27299997,"[0.072263, -0.082146, 0.523465, 0.088654, 0.031371, 0.428671]"
CONTROL,85776468.57699995,"[0.075543, -0.085384, 0.5188, 0.091369, 0.03505, 0.427356]"
CONTROL,85796545.79299995,"[0.078776, -0.088502, 0.514116, 0.093853, 0.038661, 0.426328]"
CONTROL,85816625.15400001,"[0.081959, -0.091493, 0.509419, 0.0961, 0.042197, 0.425591]"
CONTROL,85836704.25799994,"[0.08509, -0.094355, 0.504712, 0.098105, 0.045651, 0.425148]"
CONTROL,85856781.98699997,"[0.088168, -0.097082, 0.5, 0.099861, 0.049018, 0.425]"
CONTROL,85876862.72300005,"[0.09119, -0.099672, 0.495288, 0.101365, 0.052289, 0.425148]"
CONTROL,85896941.47499995,"[0.094154, -0.102119, 0.490581, 0.102613, 0.055459, 0.425591]"
CONTROL,85917021.09200002,"[0.097058, -0.104422, 0.485884, 0.103602, 0.058522, 0.426328]"
CONTROL,85937100.74000001,"[0.099902, -0.106576, 0.4812, 0.104329, 0.061472, 0.427356]"
CONTROL,85957193.029,"[0.102682, -0.108579, 0.476535, 0.104793, 0.064303, 0.428671]"
CONTROL,85977272.00500003,"[0.105397, -0.110428, 0.471893, 0.104992, 0.067009, 0.430267]"
CONTROL,85997352.00600003,"[0.108046, -0.112119, 0.467279, 0.104925, 0.069586, 0.432138]"
CONTROL,86017432.07000004,"[0.110627, -0.113652, 0.462697, 0.104594, 0.072028, 0.434277]"
CONTROL,86037512.51799998,"[0.113138, -0.115023, 0.458151, 0.103998, 0.074331, 0.436675]"
CONTROL,86057591.687,"[0.115577, -0.11623, 0.453647, 0.10314, 0.07649, 0.439324]"
CONTROL,86077672.32699996,"[0.117943, -0.117272, 0.449189, 0.102021, 0.078502, 0.442212]"
CONTROL,86097755.04799995,"[0.120235, -0.118148, 0.444781, 0.100645, 0.080361, 0.445327]"
CONTROL,86117834.12,"[0.122451, -0.118855, 0.440428, 0.099014, 0.082065, 0.448659]"
CONTROL,86137916.61699997,"[0.124589, -0.119394, 0.436133, 0.097133, 0.08361, 0.452193]"
CONTROL,86157996.04100005,"[0.126649, -0.119763, 0.431901, 0.095007, 0.084994, 0.455916]"
CONTROL,86178075.17699999,"[0.128629, -0.119962, 0.427737, 0.092641, 0.086213, 0.459813]"
CONTROL,86198155.69000003,"[0.130528, -0.119991, 0.423644, 0.09004, 0.087265, 0.463868]"
CONTROL,86218237.89799999,"[0.132344, -0.119848, 0.419626, 0.087213, 0.088149, 0.468067]"
CONTROL,86238318.76299994,"[0.134076, -0.119536, 0.415687, 0.084165, 0.088862, 0.472391]"
CONTROL,86258398.53900003,"[0.135724, -0.119054, 0.411832, 0.080904, 0.089404, 0.476824]"
CONTROL,86278480.52299999,"[0.137286, -0.118402, 0.408064, 0.077439, 0.089772, 0.481348]"
CONTROL,86298559.308,"[0.138762, -0.117583, 0.404386, 0.073778, 0.089967, 0.485946]"
CONTROL,86318638.63599995,"[0.140149, -0.116596, 0.400803, 0.069931, 0.089987, 0.4906]"
CONTROL,86338718.79699996,"[0.141449, -0.115443, 0.397318, 0.065908, 0.089834, 0.495291]"
CONTROL,86358797.22899994,"[0.142658, -0.114127, 0.393934, 0.061717, 0.089507, 0.5]"
CONTROL,86378945.96800004,"[0.143778, -0.112648, 0.390655, 0.057371, 0.089007, 0.504709]"
CONTROL,86399026.00000004,"[0.144807, -0.111009, 0.387483, 0.05288, 0.088334, 0.5094]"
CONTROL,86419106.41699997,"[0.145745, -0.109213, 0.384423, 0.048256, 0.087491, 0.514054]"
CONTROL,86439184.72099994,"[0.14659, -0.107261, 0.381477, 0.043509, 0.086479, 0.518652]"
CONTROL,86459262.99300005,"[0.147343, -0.105157, 0.378647, 0.038653, 0.085299, 0.523176]"
CONTROL,86479343.72999999,"[0.148003, -0.102903, 0.375938, 0.033699, 0.083955, 0.527609]"
CONTROL,86499421.77699995,"[0.148569, -0.100503, 0.373351, 0.02866, 0.082447, 0.531933]"
CONTROL,86519500.36699998,"[0.149042, -0.097961, 0.370889, 0.023548, 0.080781, 0.536132]"
CONTROL,86539578.76499999,"[0.14942, -0.095279, 0.368554, 0.018377, 0.078958, 0.540187]"
CONTROL,86559657.73900005,"[0.149704, -0.092462, 0.366349, 0.01316, 0.076983, 0.544084]"
CONTROL,86579737.44900005,"[0.149893, -0.089513, 0.364276, 0.007909, 0.074858, 0.547807]"
CONTROL,86599816.455,"[0.149988, -0.086437, 0.362337, 0.002639, 0.072589, 0.551341]"
CONTROL,86619894.98100002,"[0.149988, -0.083238, 0.360534, -0.002639, 0.07018, 0.554673]"
CONTROL,86639974.17999996,"[0.149893, -0.079921, 0.358868, -0.007909, 0.067635, 0.557788]"
CONTROL,86660052.67399998,"[0.149704, -0.076491, 0.357342, -0.01316, 0.064958, 0.560676]"
CONTROL,86680131.90399995,"[0.14942, -0.072952, 0.355956, -0.018377, 0.062157, 0.563325]"
CONTROL,86700211.07000002,"[0.149042, -0.069309, 0.354713, -0.023548, 0.059235, 0.565723]"
CONTROL,86720290.26799999,"[0.148569, -0.065567, 0.353612, -0.02866, 0.056198, 0.567862]"
CONTROL,86740368.95400003,"[0.148003, -0.061733, 0.352657, -0.033699, 0.053053, 0.569733]"
CONTROL,86760448.60000002,"[0.147343, -0.05781, 0.351847, -0.038653, 0.049805, 0.571329]"
CONTROL,86780533.655,"[0.14659, -0.053806, 0.351183, -0.043509, 0.046461, 0.572644]"
CONTROL,86800612.18100002,"[0.145745, -0.049725, 0.350666, -0.048256, 0.043027, 0.573672]"
CONTROL,86820691.37899998,"[0.144807, -0.045573, 0.350296, -0.05288, 0.03951, 0.574409]"
CONTROL,86840770.28900003,"[0.143778, -0.041357, 0.350074, -0.057371, 0.035916, 0.574852]"
CONTROL,86860853.23099996,"[0.142658, -0.037082, 0.35, -0.061717, 0.032253, 0.575]"
CONTROL,86880933.00499998,"[0.141449, -0.032754, 0.350074, -0.065908, 0.028528, 0.574852]"
CONTROL,86901011.467,"[0.140149, -0.02838, 0.350296, -0.069931, 0.024747, 0.574409]"
CONTROL,86921089.99300002,"[0.138762, -0.023965, 0.350666, -0.073778, 0.020918, 0.573672]"
CONTROL,86941172.03999998,"[0.137286, -0.019516, 0.351183, -0.077439, 0.017049, 0.572644]"
CONTROL,86961249.98999994,"[0.135724, -0.01504, 0.351847, -0.080904, 0.013147, 0.571329]"
CONTROL,86981328.00400004,"[0.134076, -0.010542, 0.352657, -0.084165, 0.00922, 0.569733]"
CONTROL,87001406.97799997,"[0.132344, -0.006029, 0.353612, -0.087213, 0.005275, 0.567862]"
CONTROL,87021486.71999998,"[0.130528, -0.001508, 0.354713, -0.09004, 0.001319, 0.565723]"
CONTROL,87041566.94200003,"[0.128629, 0.003016, 0.355956, -0.092641, -0.002639, 0.563325]"
CONTROL,87061646.62000003,"[0.126649, 0.007535, 0.357342, -0.095007, -0.006591, 0.560676]"
CONTROL,87081726.13800003,"[0.124589, 0.012043, 0.358868, -0.097133, -0.010532, 0.557788]"
CONTROL,87101804.66400005,"[0.122451, 0.016535, 0.360534, -0.099014, -0.014451, 0.554673]"
CONTROL,87121883.83099999,"[0.120235, 0.021003, 0.362337, -0.100645, -0.018343, 0.551341]"
CONTROL,87141962.325,"[0.117943, 0.025441, 0.364276, -0.102021, -0.022199, 0.547807]"
CONTROL,87162042.77099995,"[0.115577, 0.029843, 0.366349, -0.10314, -0.026013, 0.544084]"
CONTROL,87182121.93700004,"[0.113138, 0.034202, 0.368554, -0.103998, -0.029776, 0.540187]"
CONTROL,87202200.81499997,"[0.110627, 0.038513, 0.370889, -0.104594, -0.033481, 0.536132]"
CONTROL,87222280.813,"[0.108046, 0.042769, 0.373351, -0.104925, -0.037122, 0.531933]"
CONTROL,87242359.94699995,"[0.105397, 0.046965, 0.375938, -0.104992, -0.040691, 0.527609]"
CONTROL,87262439.04900002,"[0.102682, 0.051094, 0.378647, -0.104793, -0.044181, 0.523176]"
CONTROL,87282517.54300004,"[0.099902, 0.05515, 0.381477, -0.104329, -0.047586, 0.518652]"
CONTROL,87302599.01399995,"[0.097058, 0.059127, 0.384423, -0.103602, -0.050899, 0.514054]"
CONTROL,87322678.08400002,"[0.094154, 0.063021, 0.387483, -0.102613, -0.054113, 0.5094]"
CONTROL,87342757.21799998,"[0.09119, 0.066825, 0.390655, -0.101365, -0.057223, 0.504709]"
CONTROL,87362839.19999994,"[0.088168, 0.070534, 0.393934, -0.099861, -0.060222, 0.5]"
CONTROL,87382976.99199995,"[0.08509, 0.074143, 0.397318, -0.098105, -0.063104, 0.495291]"
CONTROL,87403055.61399998,"[0.081959, 0.077647, 0.400803, -0.0961, -0.065865, 0.4906]"
CONTROL,87423134.71600005,"[0.078776, 0.08104, 0.404386, -0.093853, -0.068498, 0.485946]"
CONTROL,87443213.81899999,"[0.075543, 0.084318, 0.408064, -0.091369, -0.070998, 0.481348]"
CONTROL,87463292.95299995,"[0.072263, 0.087476, 0.411832, -0.088654, -0.073362, 0.476824]"
CONTROL,87483371.28699996,"[0.068937, 0.09051, 0.415687, -0.085716, -0.075583, 0.472391]"
CONTROL,87503450.51499994,"[0.065567, 0.093415, 0.419626, -0.08256, -0.077658, 0.468067]"
CONTROL,87523529.45500001,"[0.062156, 0.096188, 0.423644, -0.079196, -0.079583, 0.463868]"
CONTROL,87543610.059,"[0.058706, 0.098824, 0.427737, -0.075632, -0.081354, 0.459813]"
CONTROL,87563688.51900004,"[0.055219, 0.101319, 0.431901, -0.071877, -0.082968, 0.455916]"
CONTROL,87583770.91499995,"[0.051696, 0.103671, 0.436133, -0.067941, -0.084421, 0.452193]"
CONTROL,87603851.51900004,"[0.048142, 0.105875, 0.440428, -0.063833, -0.085711, 0.448659]"
CONTROL,87623929.59500004,"[0.044556, 0.107929, 0.444781, -0.059563, -0.086835, 0.445327]"
CONTROL,87644010.77499998,"[0.040943, 0.109829, 0.449189, -0.055143, -0.087791, 0.442212]"
CONTROL,87664089.93899995,"[0.037303, 0.111573, 0.453647, -0.050584, -0.088578, 0.439324]"
CONTROL,87684170.83099996,"[0.033641, 0.113159, 0.458151, -0.045897, -0.089193, 0.436675]"
CONTROL,87704249.45000002,"[0.029956, 0.114584, 0.462697, -0.041094, -0.089635, 0.434277]"
CONTROL,87724328.26199996,"[0.026253, 0.115846, 0.467279, -0.036188, -0.089904, 0.432138]"
CONTROL,87744408.19400002,"[0.022534, 0.116943, 0.471893, -0.031189, -0.09, 0.430267]"
CONTROL,87764487.16599998,"[0.0188, 0.117874, 0.476535, -0.026112, -0.089921, 0.428671]"
CONTROL,87784566.778,"[0.015054, 0.118638, 0.4812, -0.02097, -0.089668, 0.427356]"
CONTROL,87804646.23,"[0.011299, 0.119233, 0.485884, -0.015774, -0.089242, 0.426328]"
CONTROL,87824725.68200001,"[0.007537, 0.119659, 0.490581, -0.010538, -0.088644, 0.425591]"
CONTROL,87844803.50199999,"[0.00377, 0.119915, 0.495288, -0.005276, -0.087873, 0.425148]"
CONTROL,87864885.09799995,"[0.0, 0.12, 0.5, -0.0, -0.086933, 0.425]"
CONTROL,87884965.094,"[-0.00377, 0.119915, 0.504712, 0.005276, -0.085825, 0.425148]"
CONTROL,87905045.34499997,"[-0.007537, 0.119659, 0.509419, 0.010538, -0.084551, 0.425591]"
CONTROL,87925127.26099995,"[-0.011299, 0.119233, 0.514116, 0.015774, -0.083113, 0.426328]"
CONTROL,87945206.90499996,"[-0.015054, 0.118638, 0.5188, 0.02097, -0.081515, 0.427356]"
CONTROL,87965286.06899995,"[-0.0188, 0.117874, 0.523465, 0.026112, -0.079758, 0.428671]"
CONTROL,87985364.36899997,"[-0.022534, 0.116943, 0.528107, 0.031189, -0.077848, 0.430267]"
CONTROL,88005443.30900005,"[-0.026253, 0.115846, 0.532721, 0.036188, -0.075787, 0.432138]"
CONTROL,88025522.69700004,"[-0.029956, 0.114584, 0.537303, 0.041094, -0.073579, 0.434277]"
CONTROL,88045601.573,"[-0.033641, 0.113159, 0.541849, 0.045897, -0.071229, 0.436675]"
CONTROL,88065680.16100004,"[-0.037303, 0.111573, 0.546353, 0.050584, -0.068742, 0.439324]"
CONTROL,88085759.13300002,"[-0.040943, 0.109829, 0.550811, 0.055143, -0.066121, 0.442212]"
CONTROL,88105839.44799998,"[-0.044556, 0.107929, 0.555219, 0.059563, -0.063372, 0.445327]"
CONTROL,88125918.00400002,"[-0.048142, 0.105875, 0.559572, 0.063833, -0.060501, 0.448659]"
CONTROL,88145999.18399994,"[-0.051696, 0.103671, 0.563867, 0.067941, -0.057513, 0.452193]"
CONTROL,88166077.03600004,"[-0.055219, 0.101319, 0.568099, 0.071877, -0.054414, 0.455916]"
CONTROL,88186155.23999995,"[-0.058706, 0.098824, 0.572263, 0.075632, -0.051209, 0.459813]"
CONTROL,88206234.59599994,"[-0.062156, 0.096188, 0.576356, 0.079196, -0.047906, 0.463868]"
CONTROL,88226312.73599996,"[-0.065567, 0.093415, 0.580374, 0.08256, -0.044509, 0.468067]"
CONTROL,88246391.16399999,"[-0.068937, 0.09051, 0.584313, 0.085716, -0.041027, 0.472391]"
CONTROL,88266469.94299994,"[-0.072263, 0.087476, 0.588168, 0.088654, -0.037465, 0.476824]"
CONTROL,88286549.74699998,"[-0.075543, 0.084318, 0.591936, 0.091369, -0.033831, 0.481348]"
CONTROL,88306628.30300002,"[-0.078776, 0.08104, 0.595614, 0.093853, -0.030131, 0.485946]"
CONTROL,88326708.55499998,"[-0.081959, 0.077647, 0.599197, 0.0961, -0.026374, 0.4906]"
CONTROL,88346787.36700004,"[-0.08509, 0.074143, 0.602682, 0.098105, -0.022565, 0.495291]"
CONTROL,88366868.73899998,"[-0.088168, 0.070534, 0.606066, 0.099861, -0.018712, 0.5]"
CONTROL,88387003.87300003,"[-0.09119, 0.066825, 0.609345, 0.101365, -0.014823, 0.504709]"
CONTROL,88407083.45300004,"[-0.094154, 0.063021, 0.612517, 0.102613, -0.010906, 0.5094]"
CONTROL,88427163.48099998,"[-0.097058, 0.059127, 0.615577, 0.103602, -0.006967, 0.514054]"
CONTROL,88447240.85300004,"[-0.099902, 0.05515, 0.618523, 0.104329, -0.003015, 0.518652]"
CONTROL,88467319.31199998,"[-0.102682, 0.051094, 0.621353, 0.104793, 0.000942, 0.523176]"
CONTROL,88487397.58,"[-0.105397, 0.046965, 0.624062, 0.104992, 0.004898, 0.527609]"
CONTROL,88507476.742,"[-0.108046, 0.042769, 0.626649, 0.104925, 0.008845, 0.531933]"
CONTROL,88527559.00800003,"[-0.110627, 0.038513, 0.629111, 0.104594, 0.012774, 0.536132]"
CONTROL,88547638.61799996,"[-0.113138, 0.034202, 0.631446, 0.103998, 0.016679, 0.540187]"
CONTROL,88567717.55499995,"[-0.115577, 0.029843, 0.633651, 0.10314, 0.020552, 0.544084]"
CONTROL,88587795.75699998,"[-0.117943, 0.025441, 0.635724, 0.102021, 0.024384, 0.547807]"
CONTROL,88607873.19099995,"[-0.120235, 0.021003, 0.637663, 0.100645, 0.02817, 0.551341]"
CONTROL,88627954.241,"[-0.122451, 0.016535, 0.639466, 0.099014, 0.031901, 0.554673]"
CONTROL,88648033.88200004,"[-0.124589, 0.012043, 0.641132, 0.097133, 0.03557, 0.557788]"
CONTROL,88668112.14799997,"[-0.126649, 0.007535, 0.642658, 0.095007, 0.039171, 0.560676]"
CONTROL,88688190.51000002,"[-0.128629, 0.003016, 0.644044, 0.092641, 0.042696, 0.563325]"
CONTROL,88708268.77499996,"[-0.130528, -0.001508, 0.645287, 0.09004, 0.046138, 0.565723]"
CONTROL,88728346.62499997,"[-0.132344, -0.006029, 0.646388, 0.087213, 0.049491, 0.567862]"
CONTROL,88748427.483,"[-0.134076, -0.010542, 0.647343, 0.084165, 0.052748, 0.569733]"
CONTROL,88768505.68400005,"[-0.135724, -0.01504, 0.648153, 0.080904, 0.055903, 0.571329]"
CONTROL,88788585.13399996,"[-0.137286, -0.019516, 0.648817, 0.077439, 0.05895, 0.572644]"
CONTROL,88808663.91200005,"[-0.138762, -0.023965, 0.649334, 0.073778, 0.061884, 0.573672]"
CONTROL,88828741.44100003,"[-0.140149, -0.02838, 0.649704, 0.069931, 0.064697, 0.574409]"
CONTROL,88848820.44300002,"[-0.141449, -0.032754, 0.649926, 0.065908, 0.067385, 0.574852]"
CONTROL,88868899.22099999,"[-0.142658, -0.037082, 0.65, 0.061717, 0.069943, 0.575]"
CONTROL,88888973.29400004,"[-0.143778, -0.041357, 0.649926, 0.057371, 0.072366, 0.574852]"
CONTROL,88909052.61599994,"[-0.144807, -0.045573, 0.649704, 0.05288, 0.074648, 0.574409]"
CONTROL,88929132.77000003,"[-0.145745, -0.049725, 0.649334, 0.048256, 0.076787, 0.573672]"
CONTROL,88949211.70700002,"[-0.14659, -0.053806, 0.648817, 0.043509, 0.078777, 0.572644]"
CONTROL,88969293.01299997,"[-0.147343, -0.05781, 0.648153, 0.038653, 0.080614, 0.571329]"
CONTROL,88989377.16700004,"[-0.148003, -0.061733, 0.647343, 0.033699, 0.082296, 0.569733]"
CONTROL,89009454.92100005,"[-0.148569, -0.065567, 0.646388, 0.02866, 0.083818, 0.567862]"
CONTROL,89029533.346,"[-0.149042, -0.069309, 0.645287, 0.023548, 0.085178, 0.565723]"
CONTROL,89049612.15599997,"[-0.14942, -0.072952, 0.644044, 0.018377, 0.086374, 0.563325]"
CONTROL,89069690.326,"[-0.149704, -0.076491, 0.642658, 0.01316, 0.087402, 0.560676]"
CONTROL,89089769.488,"[-0.149893, -0.079921, 0.641132, 0.007909, 0.088261, 0.557788]"
CONTROL,89109848.00899996,"[-0.149988, -0.083238, 0.639466, 0.002639, 0.08895, 0.554673]"
CONTROL,89129927.29899998,"[-0.149988, -0.086437, 0.637663, -0.002639, 0.089467, 0.551341]"
CONTROL,89150006.97300002,"[-0.149893, -0.089513, 0.635724, -0.007909, 0.08981, 0.547807]"
CONTROL,89170086.16600004,"[-0.149704, -0.092462, 0.633651, -0.01316, 0.08998, 0.544084]"
CONTROL,89190163.92000003,"[-0.14942, -0.095279, 0.631446, -0.018377, 0.089976, 0.540187]"
CONTROL,89210244.61800005,"[-0.149042, -0.097961, 0.629111, -0.023548, 0.089798, 0.536132]"
CONTROL,89230323.33100002,"[-0.148569, -0.100503, 0.626649, -0.02866, 0.089446, 0.531933]"
CONTROL,89250401.66099995,"[-0.148003, -0.102903, 0.624062, -0.033699, 0.088921, 0.527609]"
CONTROL,89270480.88699996,"[-0.147343, -0.105157, 0.621353, -0.038653, 0.088224, 0.523176]"
CONTROL,89290560.33699998,"[-0.14659, -0.107261, 0.618523, -0.043509, 0.087357, 0.518652]"
CONTROL,89310639.402,"[-0.145745, -0.109213, 0.615577, -0.048256, 0.08632, 0.514054]"
CONTROL,89330720.51600005,"[-0.144807, -0.111009, 0.612517, -0.05288, 0.085117, 0.5094]"
CONTROL,89350798.46199994,"[-0.143778, -0.112648, 0.609345, -0.057371, 0.083749, 0.504709]"
CONTROL,89370877.27100004,"[-0.142658, -0.114127, 0.606066, -0.061717, 0.082219, 0.5]"
CONTROL,89391012.403,"[-0.141449, -0.115443, 0.602682, -0.065908, 0.08053, 0.495291]"
CONTROL,89411094.82900004,"[-0.140149, -0.116596, 0.599197, -0.069931, 0.078685, 0.4906]"
CONTROL,89431177.19099995,"[-0.138762, -0.117583, 0.595614, -0.073778, 0.076688, 0.485946]"
CONTROL,89451256.28799997,"[-0.137286, -0.118402, 0.591936, -0.077439, 0.074543, 0.481348]"
CONTROL,89471334.298,"[-0.135724, -0.119054, 0.588168, -0.080904, 0.072254, 0.476824]"
CONTROL,89491414.57999997,"[-0.134076, -0.119536, 0.584313, -0.084165, 0.069824, 0.472391]"
CONTROL,89511494.28300005,"[-0.132344, -0.119848, 0.580374, -0.087213, 0.06726, 0.468067]"
CONTROL,89531572.611,"[-0.130528, -0.119991, 0.576356, -0.09004, 0.064566, 0.463868]"
CONTROL,89551653.21000004,"[-0.128629, -0.119962, 0.572263, -0.092641, 0.061747, 0.459813]"
CONTROL,89571732.882,"[-0.126649, -0.119763, 0.568099, -0.095007, 0.058808, 0.455916]"
CONTROL,89591811.88100001,"[-0.124589, -0.119394, 0.563867, -0.097133, 0.055755, 0.452193]"
CONTROL,89611892.12900001,"[-0.122451, -0.118855, 0.559572, -0.099014, 0.052595, 0.448659]"
CONTROL,89631970.55299997,"[-0.120235, -0.118148, 0.555219, -0.100645, 0.049333, 0.445327]"
CONTROL,89652050.67199998,"[-0.117943, -0.117272, 0.550811, -0.102021, 0.045976, 0.442212]"
CONTROL,89672128.64800002,"[-0.115577, -0.11623, 0.546353, -0.10314, 0.04253, 0.439324]"
CONTROL,89692207.199,"[-0.113138, -0.115023, 0.541849, -0.103998, 0.039001, 0.436675]"
CONTROL,89712289.78299996,"[-0.110627, -0.113652, 0.537303, -0.104594, 0.035397, 0.434277]"
CONTROL,89732369.134,"[-0.108046, -0.112119, 0.532721, -0.104925, 0.031725, 0.432138]"
CONTROL,89752449.06199998,"[-0.105397, -0.110428, 0.528107, -0.104992, 0.027991, 0.430267]"
CONTROL,89772528.76600005,"[-0.102682, -0.108579, 0.523465, -0.104793, 0.024203, 0.428671]"
CONTROL,89792608.11699998,"[-0.099902, -0.106576, 0.5188, -0.104329, 0.020368, 0.427356]"
CONTROL,89812688.14099997,"[-0.097058, -0.104422, 0.514116, -0.103602, 0.016494, 0.426328]"
CONTROL,89832766.75599995,"[-0.094154, -0.102119, 0.509419, -0.102613, 0.012588, 0.425591]"
CONTROL,89852845.78799997,"[-0.09119, -0.099672, 0.504712, -0.101365, 0.008657, 0.425148]"
CONTROL,89872923.69900002,"[-0.088168, -0.097082, 0.5, -0.099861, 0.00471, 0.425]"
CONTROL,89893003.72299999,"[-0.08509, -0.094355, 0.495288, -0.098105, 0.000754, 0.425148]"
CONTROL,89913092.41900001,"[-0.081959, -0.091493, 0.490581, -0.0961, -0.003204, 0.425591]"
CONTROL,89933172.18599997,"[-0.078776, -0.088502, 0.485884, -0.093853, -0.007155, 0.426328]"
CONTROL,89953251.44200002,"[-0.075543, -0.085384, 0.4812, -0.091369, -0.011093, 0.427356]"
CONTROL,89973330.50600003,"[-0.072263, -0.082146, 0.476535, -0.088654, -0.015009, 0.428671]"
CONTROL,89993410.68900003,"[-0.068937, -0.07879, 0.471893, -0.085716, -0.018896, 0.430267]"
CONTROL,90013490.23299997,"[-0.065567, -0.075323, 0.467279, -0.08256, -0.022747, 0.432138]"
CONTROL,90033569.74400003,"[-0.062156, -0.071749, 0.462697, -0.079196, -0.026554, 0.434277]"
CONTROL,90053651.14400001,"[-0.058706, -0.068072, 0.458151, -0.075632, -0.030309, 0.436675]"
CONTROL,90073733.12000005,"[-0.055219, -0.064299, 0.453647, -0.071877, -0.034006, 0.439324]"
CONTROL,90093814.26300001,"[-0.051696, -0.060435, 0.449189, -0.067941, -0.037637, 0.442212]"
CONTROL,90113893.16700001,"[-0.048142, -0.056484, 0.444781, -0.063833, -0.041195, 0.445327]"
CONTROL,90133972.54999995,"[-0.044556, -0.052454, 0.440428, -0.059563, -0.044673, 0.448659]"
CONTROL,90154051.13400005,"[-0.040943, -0.048349, 0.436133, -0.055143, -0.048065, 0.452193]"
CONTROL,90174131.86099997,"[-0.037303, -0.044175, 0.431901, -0.050584, -0.051364, 0.455916]"
CONTROL,90194211.88499996,"[-0.033641, -0.039938, 0.427737, -0.045897, -0.054564, 0.459813]"
CONTROL,90214292.42099999,"[-0.029956, -0.035645, 0.423644, -0.041094, -0.057658, 0.463868]"
CONTROL,90234370.87599996,"[-0.026253, -0.031301, 0.419626, -0.036188, -0.060641, 0.468067]"
CONTROL,90254451.50799999,"[-0.022534, -0.026912, 0.415687, -0.031189, -0.063506, 0.472391]"
CONTROL,90274531.01900005,"[-0.0188, -0.022486, 0.411832, -0.026112, -0.066249, 0.476824]"
CONTROL,90294610.97900003,"[-0.015054, -0.018027, 0.408064, -0.02097, -0.068863, 0.481348]"
CONTROL,90314689.08199997,"[-0.011299, -0.013543, 0.404386, -0.015774, -0.071344, 0.485946]"
CONTROL,90334769.77800001,"[-0.007537, -0.009039, 0.400803, -0.010538, -0.073688, 0.4906]"
CONTROL,90354849.09800005,"[-0.00377, -0.004523, 0.397318, -0.005276, -0.075888, 0.495291]"
CONTROL,90374927.84100005,"[-0.0, -0.0, 0.393934, -0.0, -0.077942, 0.5]"
CONTROL,90395103.00400002,"[0.00377, 0.004523, 0.390655, 0.005276, -0.079845, 0.504709]"
CONTROL,90415182.51599996,"[0.007537, 0.009039, 0.387483, 0.010538, -0.081594, 0.5094]"
CONTROL,90435278.15599999,"[0.011299, 0.013543, 0.384423, 0.015774, -0.083185, 0.514054]"
CONTROL,90455359.23600005,"[0.015054, 0.018027, 0.381477, 0.02097, -0.084615, 0.518652]"
CONTROL,90475438.87500001,"[0.0188, 0.022486, 0.378647, 0.026112, -0.085882, 0.523176]"
CONTROL,90495517.07399996,"[0.022534, 0.026912, 0.375938, 0.031189, -0.086982, 0.527609]"
CONTROL,90515596.19900002,"[0.026253, 0.031301, 0.373351, 0.036188, -0.087914, 0.531933]"
CONTROL,90535674.84500001,"[0.029956, 0.035645, 0.370889, 0.041094, -0.088676, 0.536132]"
CONTROL,90555756.52999994,"[0.033641, 0.039938, 0.368554, 0.045897, -0.089267, 0.540187]"
CONTROL,90575836.42400004,"[0.037303, 0.044175, 0.366349, 0.050584, -0.089684, 0.544084]"
CONTROL,90595916.12500003,"[0.040943, 0.048349, 0.364276, 0.055143, -0.089929, 0.547807]"
CONTROL,90615995.63499999,"[0.044556, 0.052454, 0.362337, 0.059563, -0.089999, 0.551341]"
CONTROL,90636074.50400002,"[0.048142, 0.056484, 0.360534, 0.063833, -0.089896, 0.554673]"
CONTROL,90656154.46200001,"[0.051696, 0.060435, 0.358868, 0.067941, -0.089618, 0.557788]"
CONTROL,90676234.51500003,"[0.055219, 0.064299, 0.357342, 0.071877, -0.089167, 0.560676]"
CONTROL,90696313.28799994,"[0.058706, 0.068072, 0.355956, 0.075632, -0.088544, 0.563325]"
CONTROL,90716392.99000002,"[0.062156, 0.071749, 0.354713, 0.079196, -0.08775, 0.565723]"
CONTROL,90736471.34700002,"[0.065567, 0.075323, 0.353612, 0.08256, -0.086785, 0.567862]"
CONTROL,90756550.21700004,"[0.068937, 0.07879, 0.352657, 0.085716, -0.085653, 0.569733]"
CONTROL,90776629.11799996,"[0.072263, 0.082146, 0.351847, 0.088654, -0.084355, 0.571329]"
CONTROL,90796707.60399994,"[0.075543, 0.085384, 0.351183, 0.091369, -0.082894, 0.572644]"
CONTROL,90816787.33700006,"[0.078776, 0.088502, 0.350666, 0.093853, -0.081273, 0.573672]"
CONTROL,90836868.38300002,"[0.081959, 0.091493, 0.350296, 0.0961, -0.079495, 0.574409]"
CONTROL,90856947.09200004,"[0.08509, 0.094355, 0.350074, 0.098105, -0.077563, 0.574852]"
CONTROL,90877024.93699999,"[0.088168, 0.097082, 0.35, 0.099861, -0.07548, 0.575]"
CONTROL,90897103.711,"[0.09119, 0.099672, 0.350074, 0.101365, -0.073252, 0.574852]"
CONTROL,90917197.14099997,"[0.094154, 0.102119, 0.350296, 0.102613, -0.070882, 0.574409]"
CONTROL,90937274.79400001,"[0.097058, 0.104422, 0.350666, 0.103602, -0.068375, 0.573672]"
CONTROL,90957354.528,"[0.099902, 0.106576, 0.351183, 0.104329, -0.065736, 0.572644]"
CONTROL,90977431.86100002,"[0.102682, 0.108579, 0.351847, 0.104793, -0.06297, 0.571329]"
CONTROL,90997510.41000001,"[0.105397, 0.110428, 0.352657, 0.104992, -0.060082, 0.569733]"
CONTROL,91017588.44799997,"[0.108046, 0.112119, 0.353612, 0.104925, -0.057077, 0.567862]"
CONTROL,91037668.14899996,"[0.110627, 0.113652, 0.354713, 0.104594, -0.053962, 0.565723]"
CONTROL,91057744.74700001,"[0.113138, 0.115023, 0.355956, 0.103998, -0.050743, 0.563325]"
CONTROL,91077823.104,"[0.115577, 0.11623, 0.357342, 0.10314, -0.047426, 0.560676]"
CONTROL,91097903.22100003,"[0.117943, 0.117272, 0.358868, 0.102021, -0.044017, 0.557788]"
CONTROL,91117983.43500005,"[0.120235, 0.118148, 0.360534, 0.100645, -0.040523, 0.554673]"
CONTROL,91138062.43199997,"[0.122451, 0.118855, 0.362337, 0.099014, -0.03695, 0.551341]"
CONTROL,91158140.85399996,"[0.124589, 0.119394, 0.364276, 0.097133, -0.033306, 0.547807]"
CONTROL,91178220.77899995,"[0.126649, 0.119763, 0.366349, 0.095007, -0.029598, 0.544084]"
CONTROL,91198299.777,"[0.128629, 0.119962, 0.368554, 0.092641, -0.025832, 0.540187]"
CONTROL,91218378.00599997,"[0.130528, 0.119991, 0.370889, 0.09004, -0.022017, 0.536132]"
CONTROL,91238457.45200004,"[0.132344, 0.119848, 0.373351, 0.087213, -0.018159, 0.531933]"
CONTROL,91258536.48099996,"[0.134076, 0.119536, 0.375938, 0.084165, -0.014265, 0.527609]"
CONTROL,91278615.51,"[0.135724, 0.119054, 0.378647, 0.080904, -0.010344, 0.523176]"
CONTROL,91298694.85999995,"[0.137286, 0.118402, 0.381477, 0.077439, -0.006403, 0.518652]"
CONTROL,91318778.33700003,"[0.138762, 0.117583, 0.384423, 0.073778, -0.00245, 0.514054]"
CONTROL,91338860.40699998,"[0.140149, 0.116596, 0.387483, 0.069931, 0.001508, 0.5094]"
CONTROL,91358939.11599998,"[0.141449, 0.115443, 0.390655, 0.065908, 0.005463, 0.504709]"
CONTROL,91379018.40200004,"[0.142658, 0.114127, 0.393934, 0.061717, 0.009408, 0.5]"
CONTROL,91399164.44200003,"[0.143778, 0.112648, 0.397318, 0.057371, 0.013334, 0.495291]"
CONTROL,91419244.14300002,"[0.144807, 0.111009, 0.400803, 0.05288, 0.017234, 0.4906]"
CONTROL,91439324.00500001,"[0.145745, 0.109213, 0.404386, 0.048256, 0.021102, 0.485946]"
CONTROL,91459402.61800002,"[0.14659, 0.107261, 0.408064, 0.043509, 0.024928, 0.481348]"
CONTROL,91479480.36699995,"[0.147343, 0.105157, 0.411832, 0.038653, 0.028706, 0.476824]"
CONTROL,91499561.12400003,"[0.148003, 0.102903, 0.415687, 0.033699, 0.032429, 0.472391]"
CONTROL,91519639.70299993,"[0.148569, 0.100503, 0.419626, 0.02866, 0.036089, 0.468067]"
CONTROL,91539720.42700002,"[0.149042, 0.097961, 0.423644, 0.023548, 0.039679, 0.463868]"
CONTROL,91559800.79799996,"[0.14942, 0.095279, 0.427737, 0.018377, 0.043193, 0.459813]"
CONTROL,91579880.01700005,"[0.149704, 0.092462, 0.431901, 0.01316, 0.046622, 0.455916]"
CONTROL,91599960.453,"[0.149893, 0.089513, 0.436133, 0.007909, 0.049962, 0.452193]"
CONTROL,91620040.69600004,"[0.149988, 0.086437, 0.440428, 0.002639, 0.053205, 0.448659]"
CONTROL,91640119.05099994,"[0.149988, 0.083238, 0.444781, -0.002639, 0.056345, 0.445327]"
CONTROL,91660199.67900002,"[0.149893, 0.079921, 0.449189, -0.007909, 0.059377, 0.442212]"
CONTROL,91680280.33799998,"[0.149704, 0.076491, 0.453647, -0.01316, 0.062293, 0.439324]"
CONTROL,91700364.326,"[0.14942, 0.072952, 0.458151, -0.018377, 0.065089, 0.436675]"
CONTROL,91720443.06500004,"[0.149042, 0.069309, 0.462697, -0.023548, 0.067759, 0.434277]"
CONTROL,91740521.96499997,"[0.148569, 0.065567, 0.467279, -0.02866, 0.070298, 0.432138]"
CONTROL,91760600.76800002,"[0.148003, 0.061733, 0.471893, -0.033699, 0.072701, 0.430267]"
CONTROL,91780678.96300001,"[0.147343, 0.05781, 0.476535, -0.038653, 0.074963, 0.428671]"
CONTROL,91800756.99899998,"[0.14659, 0.053806, 0.4812, -0.043509, 0.07708, 0.427356]"
CONTROL,91820835.19399998,"[0.145745, 0.049725, 0.485884, -0.048256, 0.079049, 0.426328]"
CONTROL,91840912.36500001,"[0.144807, 0.045573, 0.490581, -0.05288, 0.080864, 0.425591]"
CONTROL,91860998.08100004,"[0.143778, 0.041357, 0.495288, -0.057371, 0.082523, 0.425148]"
CONTROL,91881081.71600004,"[0.142658, 0.037082, 0.5, -0.061717, 0.084022, 0.425]"
CONTROL,91901162.02399997,"[0.141449, 0.032754, 0.504712, -0.065908, 0.085359, 0.425148]"
CONTROL,91921240.95500003,"[0.140149, 0.02838, 0.509419, -0.069931, 0.086531, 0.425591]"
CONTROL,91941321.10199995,"[0.138762, 0.023965, 0.514116, -0.073778, 0.087535, 0.426328]"
CONTROL,91961406.01800005,"[0.137286, 0.019516, 0.5188, -0.077439, 0.08837, 0.427356]"
CONTROL,91981485.46100004,"[0.135724, 0.01504, 0.523465, -0.080904, 0.089035, 0.428671]"
CONTROL,92001566.60100004,"[0.134076, 0.010542, 0.528107, -0.084165, 0.089526, 0.430267]"
CONTROL,92021646.49199994,"[0.132344, 0.006029, 0.532721, -0.087213, 0.089845, 0.432138]"
CONTROL,92041724.52700004,"[0.130528, 0.001508, 0.537303, -0.09004, 0.08999, 0.434277]"
CONTROL,92061804.64299996,"[0.128629, -0.003016, 0.541849, -0.092641, 0.089961, 0.436675]"
CONTROL,92081884.63,"[0.126649, -0.007535, 0.546353, -0.095007, 0.089758, 0.439324]"
CONTROL,92101968.81000002,"[0.124589, -0.012043, 0.550811, -0.097133, 0.089382, 0.442212]"
CONTROL,92122050.78099999,"[0.122451, -0.016535, 0.555219, -0.099014, 0.088832, 0.445327]"
CONTROL,92142131.15300004,"[0.120235, -0.021003, 0.559572, -0.100645, 0.088111, 0.448659]"
CONTROL,92162210.17999999,"[0.117943, -0.025441, 0.563867, -0.102021, 0.087219, 0.452193]"
CONTROL,92182293.01500003,"[0.115577, -0.029843, 0.568099, -0.10314, 0.086159, 0.455916]"
CONTROL,92202371.56300004,"[0.113138, -0.034202, 0.572263, -0.103998, 0.084932, 0.459813]"
CONTROL,92222451.83799998,"[0.110627, -0.038513, 0.576356, -0.104594, 0.08354, 0.463868]"
CONTROL,92242532.17800003,"[0.108046, -0.042769, 0.580374, -0.104925, 0.081987, 0.468067]"
CONTROL,92262612.38899997,"[0.105397, -0.046965, 0.584313, -0.104992, 0.080276, 0.472391]"
CONTROL,92282692.66400002,"[0.102682, -0.051094, 0.588168, -0.104793, 0.078409, 0.476824]"
CONTROL,92302771.21200004,"[0.099902, -0.05515, 0.591936, -0.104329, 0.076391, 0.481348]"
CONTROL,92322849.91899997,"[0.097058, -0.059127, 0.595614, -0.103602, 0.074225, 0.485946]"
CONTROL,92342932.20999996,"[0.094154, -0.063021, 0.599197, -0.102613, 0.071915, 0.4906]"
CONTROL,92363010.88599998,"[0.09119, -0.066825, 0.602682, -0.101365, 0.069466, 0.495291]"
CONTROL,92383091.25700004,"[0.088168, -0.070534, 0.606066, -0.099861, 0.066883, 0.5]"
CONTROL,92403232.65500002,"[0.08509, -0.074143, 0.609345, -0.098105, 0.064171, 0.504709]"
CONTROL,92423312.00199999,"[0.081959, -0.077647, 0.612517, -0.0961, 0.061334, 0.5094]"
CONTROL,92443390.421,"[0.078776, -0.08104, 0.615577, -0.093853, 0.058379, 0.514054]"
CONTROL,92463467.72100003,"[0.075543, -0.084318, 0.618523, -0.091369, 0.05531, 0.518652]"
CONTROL,92483546.84399998,"[0.072263, -0.087476, 0.621353, -0.088654, 0.052135, 0.523176]"
CONTROL,92503626.18999998,"[0.068937, -0.09051, 0.624062, -0.085716, 0.048859, 0.527609]"
CONTROL,92523705.34299996,"[0.065567, -0.093415, 0.626649, -0.08256, 0.045489, 0.531933]"
CONTROL,92543784.04900001,"[0.062156, -0.096188, 0.629111, -0.079196, 0.04203, 0.536132]"
CONTROL,92563862.94599997,"[0.058706, -0.098824, 0.631446, -0.075632, 0.038491, 0.540187]"
CONTROL,92583942.06699996,"[0.055219, -0.101319, 0.633651, -0.071877, 0.034876, 0.544084]"
CONTROL,92604023.65300001,"[0.051696, -0.103671, 0.635724, -0.067941, 0.031195, 0.547807]"
CONTROL,92624104.82200006,"[0.048142, -0.105875, 0.637663, -0.063833, 0.027453, 0.551341]"
CONTROL,92644186.343,"[0.044556, -0.107929, 0.639466, -0.059563, 0.023658, 0.554673]"
CONTROL,92664266.32900004,"[0.040943, -0.109829, 0.641132, -0.055143, 0.019817, 0.557788]"
CONTROL,92684346.12199996,"[0.037303, -0.111573, 0.642658, -0.050584, 0.015938, 0.560676]"
CONTROL,92704425.05100004,"[0.033641, -0.113159, 0.644044, -0.045897, 0.012028, 0.563325]"
CONTROL,92724503.66099997,"[0.029956, -0.114584, 0.645287, -0.041094, 0.008094, 0.565723]"
CONTROL,92744583.64600003,"[0.026253, -0.115846, 0.646388, -0.036188, 0.004145, 0.567862]"
CONTROL,92764662.38299997,"[0.022534, -0.116943, 0.647343, -0.031189, 0.000188, 0.569733]"
CONTROL,92784740.768,"[0.0188, -0.117874, 0.648153, -0.026112, -0.003769, 0.571329]"
CONTROL,92804818.898,"[0.015054, -0.118638, 0.648817, -0.02097, -0.007719, 0.572644]"
CONTROL,92824899.87500003,"[0.011299, -0.119233, 0.649334, -0.015774, -0.011654, 0.573672]"
CONTROL,92844978.25999995,"[0.007537, -0.119659, 0.649704, -0.010538, -0.015566, 0.574409]"
CONTROL,92865057.31800003,"[0.00377, -0.119915, 0.649926, -0.005276, -0.019449, 0.574852]"
CONTROL,92885132.05499999,"[0.0, -0.12, 0.65, -0.0, -0.023294, 0.575]"
CONTROL,92905212.04000004,"[-0.00377, -0.119915, 0.649926, 0.005276, -0.027093, 0.574852]"
CONTROL,92925291.76899995,"[-0.007537, -0.119659, 0.649704, 0.010538, -0.030841, 0.574409]"
CONTROL,92945374.73100002,"[-0.011299, -0.119233, 0.649334, 0.015774, -0.034529, 0.573672]"
CONTROL,92965455.86800005,"[-0.015054, -0.118638, 0.648817, 0.02097, -0.038149, 0.572644]"
CONTROL,92985535.56599995,"[-0.0188, -0.117874, 0.648153, 0.026112, -0.041697, 0.571329]"
CONTROL,93005612.79900001,"[-0.022534, -0.116943, 0.647343, 0.031189, -0.045163, 0.569733]"
CONTROL,93025695.34400004,"[-0.026253, -0.115846, 0.646388, 0.036188, -0.048542, 0.567862]"
CONTROL,93045774.37,"[-0.029956, -0.114584, 0.645287, 0.041094, -0.051828, 0.565723]"
CONTROL,93065852.97899994,"[-0.033641, -0.113159, 0.644044, 0.045897, -0.055013, 0.563325]"
CONTROL,93085932.73999998,"[-0.037303, -0.111573, 0.642658, 0.050584, -0.058091, 0.560676]"
CONTROL,93106015.318,"[-0.040943, -0.109829, 0.641132, 0.055143, -0.061057, 0.557788]"
CONTROL,93126096.10300002,"[-0.044556, -0.107929, 0.639466, 0.059563, -0.063906, 0.554673]"
CONTROL,93146175.44800001,"[-0.048142, -0.105875, 0.637663, 0.063833, -0.06663, 0.551341]"
CONTROL,93166257.00199996,"[-0.051696, -0.103671, 0.635724, 0.067941, -0.069226, 0.547807]"
CONTROL,93186340.02700002,"[-0.055219, -0.101319, 0.633651, 0.071877, -0.071688, 0.544084]"
CONTROL,93206419.02,"[-0.058706, -0.098824, 0.631446, 0.075632, -0.074011, 0.540187]"
CONTROL,93226498.494,"[-0.062156, -0.096188, 0.629111, 0.079196, -0.076191, 0.536132]"
CONTROL,93246580.46299998,"[-0.065567, -0.093415, 0.626649, 0.08256, -0.078223, 0.531933]"
CONTROL,93266660.35200003,"[-0.068937, -0.09051, 0.624062, 0.085716, -0.080105, 0.527609]"
CONTROL,93286744.20999993,"[-0.072263, -0.087476, 0.621353, 0.088654, -0.081831, 0.523176]"
CONTROL,93306824.25899999,"[-0.075543, -0.084318, 0.618523, 0.091369, -0.083399, 0.518652]"
CONTROL,93326903.765,"[-0.078776, -0.08104, 0.615577, 0.093853, -0.084806, 0.514054]"
CONTROL,93346983.68600005,"[-0.081959, -0.077647, 0.612517, 0.0961, -0.086049, 0.5094]"
CONTROL,93367063.47899997,"[-0.08509, -0.074143, 0.609345, 0.098105, -0.087125, 0.504709]"
CONTROL,93387143.97700006,"[-0.088168, -0.070534, 0.606066, 0.099861, -0.088033, 0.5]"
CONTROL,93407285.53199995,"[-0.09119, -0.066825, 0.602682, 0.101365, -0.088771, 0.495291]"
CONTROL,93427364.81299993,"[-0.094154, -0.063021, 0.599197, 0.102613, -0.089337, 0.4906]"
CONTROL,93447442.65500003,"[-0.097058, -0.059127, 0.595614, 0.103602, -0.08973, 0.485946]"
CONTROL,93467527.24800001,"[-0.099902, -0.05515, 0.591936, 0.104329, -0.089949, 0.481348]"
CONTROL,93487607.77799998,"[-0.102682, -0.051094, 0.588168, 0.104793, -0.089995, 0.476824]"
CONTROL,93507686.73699997,"[-0.105397, -0.046965, 0.584313, 0.104992, -0.089867, 0.472391]"
CONTROL,93527767.90400003,"[-0.108046, -0.042769, 0.580374, 0.104925, -0.089564, 0.468067]"
CONTROL,93547846.19199996,"[-0.110627, -0.038513, 0.576356, 0.104594, -0.089089, 0.463868]"
CONTROL,93567925.24699995,"[-0.113138, -0.034202, 0.572263, 0.103998, -0.088441, 0.459813]"
CONTROL,93588005.23000002,"[-0.115577, -0.029843, 0.568099, 0.10314, -0.087622, 0.455916]"
CONTROL,93608082.97300002,"[-0.117943, -0.025441, 0.563867, 0.102021, -0.086634, 0.452193]"
CONTROL,93628162.12500001,"[-0.120235, -0.021003, 0.559572, 0.100645, -0.085478, 0.448659]"
CONTROL,93648244.85999998,"[-0.122451, -0.016535, 0.555219, 0.099014, -0.084157, 0.445327]"
CONTROL,93668328.33199999,"[-0.124589, -0.012043, 0.550811, 0.097133, -0.082673, 0.442212]"
CONTROL,93688407.19499996,"[-0.126649, -0.007535, 0.546353, 0.095007, -0.081029, 0.439324]"
CONTROL,93708485.70600003,"[-0.128629, -0.003016, 0.541849, 0.092641, -0.079228, 0.436675]"
CONTROL,93728564.82500003,"[-0.130528, 0.001508, 0.537303, 0.09004, -0.077274, 0.434277]"
CONTROL,93748647.43299997,"[-0.132344, 0.006029, 0.532721, 0.087213, -0.075171, 0.432138]"
CONTROL,93768726.32799996,"[-0.134076, 0.010542, 0.528107, 0.084165, -0.072922, 0.430267]"
CONTROL,93788804.45499998,"[-0.135724, 0.01504, 0.523465, 0.080904, -0.070532, 0.428671]"
CONTROL,93808884.88699998,"[-0.137286, 0.019516, 0.5188, 0.077439, -0.068006, 0.427356]"
CONTROL,93828963.68599994,"[-0.138762, 0.023965, 0.514116, 0.073778, -0.065349, 0.426328]"
CONTROL,93849042.38900003,"[-0.140149, 0.02838, 0.509419, 0.069931, -0.062564, 0.425591]"
CONTROL,93869120.96399999,"[-0.141449, 0.032754, 0.504712, 0.065908, -0.059659, 0.425148]"
CONTROL,93889200.308,"[-0.142658, 0.037082, 0.5, 0.061717, -0.056639, 0.425]"
CONTROL,93909278.21100001,"[-0.143778, 0.041357, 0.495288, 0.057371, -0.053509, 0.425148]"
CONTROL,93929360.21000002,"[-0.144807, 0.045573, 0.490581, 0.05288, -0.050275, 0.425591]"
CONTROL,93949439.68200004,"[-0.145745, 0.049725, 0.485884, 0.048256, -0.046944, 0.426328]"
CONTROL,93969521.96899997,"[-0.14659, 0.053806, 0.4812, 0.043509, -0.043523, 0.427356]"
CONTROL,93989600.54400004,"[-0.147343, 0.05781, 0.476535, 0.038653, -0.040017, 0.428671]"
CONTROL,94009678.92799997,"[-0.148003, 0.061733, 0.471893, 0.033699, -0.036434, 0.430267]"
CONTROL,94029756.79899998,"[-0.148569, 0.065567, 0.467279, 0.02866, -0.03278, 0.432138]"
CONTROL,94049846.60699995,"[-0.149042, 0.069309, 0.462697, 0.023548, -0.029063, 0.434277]"
CONTROL,94069925.98199998,"[-0.14942, 0.072952, 0.458151, 0.018377, -0.02529, 0.436675]"
CONTROL,94090005.77300003,"[-0.149704, 0.076491, 0.453647, 0.01316, -0.021468, 0.439324]"
CONTROL,94110084.12399997,"[-0.149893, 0.079921, 0.449189, 0.007909, -0.017604, 0.442212]"
CONTROL,94130163.756,"[-0.149988, 0.083238, 0.444781, 0.002639, -0.013707, 0.445327]"
CONTROL,94150243.99499999,"[-0.149988, 0.086437, 0.440428, -0.002639, -0.009782, 0.448659]"
CONTROL,94170327.08199997,"[-0.149893, 0.089513, 0.436133, -0.007909, -0.005839, 0.452193]"
CONTROL,94190405.21,"[-0.149704, 0.092462, 0.431901, -0.01316, -0.001885, 0.455916]"
CONTROL,94210484.13699998,"[-0.14942, 0.095279, 0.427737, -0.018377, 0.002073, 0.459813]"
CONTROL,94230562.42400002,"[-0.149042, 0.097961, 0.423644, -0.023548, 0.006027, 0.463868]"
CONTROL,94250643.43199995,"[-0.148569, 0.100503, 0.419626, -0.02866, 0.00997, 0.468067]"
CONTROL,94270721.36699997,"[-0.148003, 0.102903, 0.415687, -0.033699, 0.013893, 0.472391]"
CONTROL,94290801.06200002,"[-0.147343, 0.105157, 0.411832, -0.038653, 0.017789, 0.476824]"
CONTROL,94310880.43700004,"[-0.14659, 0.107261, 0.408064, -0.043509, 0.021651, 0.481348]"
CONTROL,94330959.46100003,"[-0.145745, 0.109213, 0.404386, -0.048256, 0.025471, 0.485946]"
CONTROL,94351038.00399998,"[-0.144807, 0.111009, 0.400803, -0.05288, 0.029242, 0.4906]"
CONTROL,94371118.11499995,"[-0.143778, 0.112648, 0.397318, -0.057371, 0.032956, 0.495291]"
CONTROL,94391197.33099994,"[-0.142658, 0.114127, 0.393934, -0.061717, 0.036606, 0.5]"
CONTROL,94411357.15699999,"[-0.141449, 0.115443, 0.390655, -0.065908, 0.040186, 0.504709]"
CONTROL,94431435.89199997,"[-0.140149, 0.116596, 0.387483, -0.069931, 0.043688, 0.5094]"
CONTROL,94451514.083,"[-0.138762, 0.117583, 0.384423, -0.073778, 0.047105, 0.514054]"
CONTROL,94471592.68999997,"[-0.137286, 0.118402, 0.381477, -0.077439, 0.050431, 0.518652]"
CONTROL,94491671.52200004,"[-0.135724, 0.119054, 0.378647, -0.080904, 0.05366, 0.523176]"
CONTROL,94511750.63899995,"[-0.134076, 0.119536, 0.375938, -0.084165, 0.056785, 0.527609]"
CONTROL,94531830.39600003,"[-0.132344, 0.119848, 0.373351, -0.087213, 0.0598, 0.531933]"
CONTROL,94551908.20099995,"[-0.130528, 0.119991, 0.370889, -0.09004, 0.0627, 0.536132]"
CONTROL,94571987.19099995,"[-0.128629, 0.119962, 0.368554, -0.092641, 0.065478, 0.540187]"
CONTROL,94592064.96399997,"[-0.126649, 0.119763, 0.366349, -0.095007, 0.06813, 0.544084]"
CONTROL,94612143.66499996,"[-0.124589, 0.119394, 0.364276, -0.097133, 0.070649, 0.547807]"
CONTROL,94632223.96699996,"[-0.122451, 0.118855, 0.362337, -0.099014, 0.073032, 0.551341]"
CONTROL,94652302.76399995,"[-0.120235, 0.118148, 0.360534, -0.100645, 0.075274, 0.554673]"
CONTROL,94672384.40899996,"[-0.117943, 0.117272, 0.358868, -0.102021, 0.077371, 0.557788]"
CONTROL,94692463.97500001,"[-0.115577, 0.11623, 0.357342, -0.10314, 0.079317, 0.560676]"
CONTROL,94712543.41199994,"[-0.113138, 0.115023, 0.355956, -0.103998, 0.081111, 0.563325]"
CONTROL,94732622.43299995,"[-0.110627, 0.113652, 0.354713, -0.104594, 0.082747, 0.565723]"
CONTROL,94752701.42199998,"[-0.108046, 0.112119, 0.353612, -0.104925, 0.084223, 0.567862]"
CONTROL,94772779.86800005,"[-0.105397, 0.110428, 0.352657, -0.104992, 0.085537, 0.569733]"
CONTROL,94792857.57699995,"[-0.102682, 0.108579, 0.351847, -0.104793, 0.086685, 0.571329]"
CONTROL,94812936.85399999,"[-0.099902, 0.106576, 0.351183, -0.104329, 0.087665, 0.572644]"
CONTROL,94833016.93199997,"[-0.097058, 0.104422, 0.350666, -0.103602, 0.088476, 0.573672]"
CONTROL,94853096.52900003,"[-0.094154, 0.102119, 0.350296, -0.102613, 0.089115, 0.574409]"
CONTROL,94873173.85400002,"[-0.09119, 0.099672, 0.350074, -0.101365, 0.089583, 0.574852]"
CONTROL,94893252.58700001,"[-0.088168, 0.097082, 0.35, -0.099861, 0.089877, 0.575]"
CONTROL,94913333.72099996,"[-0.08509, 0.094355, 0.350074, -0.098105, 0.089997, 0.574852]"
CONTROL,94933412.64599997,"[-0.081959, 0.091493, 0.350296, -0.0961, 0.089943, 0.574409]"
CONTROL,94953491.63499998,"[-0.078776, 0.088502, 0.350666, -0.093853, 0.089715, 0.573672]"
CONTROL,94973571.32900004,"[-0.075543, 0.085384, 0.351183, -0.091369, 0.089314, 0.572644]"
CONTROL,94993650.15800004,"[-0.072263, 0.082146, 0.351847, -0.088654, 0.08874, 0.571329]"
CONTROL,95013730.10700001,"[-0.068937, 0.07879, 0.352657, -0.085716, 0.087994, 0.569733]"
CONTROL,95033810.60100003,"[-0.065567, 0.075323, 0.353612, -0.08256, 0.087078, 0.567862]"
CONTROL,95053890.486,"[-0.062156, 0.071749, 0.354713, -0.079196, 0.085994, 0.565723]"
CONTROL,95073973.60300002,"[-0.058706, 0.068072, 0.355956, -0.075632, 0.084743, 0.563325]"
CONTROL,95094052.75300002,"[-0.055219, 0.064299, 0.357342, -0.071877, 0.083328, 0.560676]"
CONTROL,95114135.22999999,"[-0.051696, 0.060435, 0.358868, -0.067941, 0.081753, 0.557788]"
CONTROL,95134215.97900003,"[-0.048142, 0.056484, 0.360534, -0.063833, 0.080019, 0.554673]"
CONTROL,95154294.68100001,"[-0.044556, 0.052454, 0.362337, -0.059563, 0.07813, 0.551341]"
CONTROL,95174374.822,"[-0.040943, 0.048349, 0.364276, -0.055143, 0.07609, 0.547807]"
CONTROL,95194456.05099997,"[-0.037303, 0.044175, 0.366349, -0.050584, 0.073903, 0.544084]"
CONTROL,95214536.41699998,"[-0.033641, 0.039938, 0.368554, -0.045897, 0.071574, 0.540187]"
CONTROL,95234617.23000002,"[-0.029956, 0.035645, 0.370889, -0.041094, 0.069105, 0.536132]"
CONTROL,95254696.53899994,"[-0.026253, 0.031301, 0.373351, -0.036188, 0.066503, 0.531933]"
CONTROL,95274777.86500004,"[-0.022534, 0.026912, 0.375938, -0.031189, 0.063773, 0.527609]"
CONTROL,95294857.55799998,"[-0.0188, 0.022486, 0.378647, -0.026112, 0.060919, 0.523176]"
CONTROL,95314939.363,"[-0.015054, 0.018027, 0.381477, -0.02097, 0.057947, 0.518652]"
CONTROL,95335020.36899994,"[-0.011299, 0.013543, 0.384423, -0.015774, 0.054863, 0.514054]"
CONTROL,95355100.06200002,"[-0.007537, 0.009039, 0.387483, -0.010538, 0.051673, 0.5094]"
CONTROL,95375178.603,"[-0.00377, 0.004523, 0.390655, -0.005276, 0.048383, 0.504709]"
CONTROL,95395259.48100004,"[-0.0, 0.0, 0.393934, -0.0, 0.045, 0.5]"
CONTROL,95415401.44800001,"[0.00377, -0.004523, 0.397318, 0.005276, 0.04153, 0.495291]"
CONTROL,95435480.79000004,"[0.007537, -0.009039, 0.400803, 0.010538, 0.037979, 0.4906]"
CONTROL,95455559.81099994,"[0.011299, -0.013543, 0.404386, 0.015774, 0.034354, 0.485946]"
CONTROL,95475639.98399994,"[0.015054, -0.018027, 0.408064, 0.02097, 0.030664, 0.481348]"
CONTROL,95495718.87699994,"[0.0188, -0.022486, 0.411832, 0.026112, 0.026914, 0.476824]"
CONTROL,95515798.24800001,"[0.022534, -0.026912, 0.415687, 0.031189, 0.023112, 0.472391]"
CONTROL,95535877.07600002,"[0.026253, -0.031301, 0.419626, 0.036188, 0.019265, 0.468067]"
CONTROL,95555959.03899996,"[0.029956, -0.035645, 0.423644, 0.041094, 0.015381, 0.463868]"
CONTROL,95576039.33799998,"[0.033641, -0.039938, 0.427737, 0.045897, 0.011467, 0.459813]"
CONTROL,95596119.12599996,"[0.037303, -0.044175, 0.431901, 0.050584, 0.007531, 0.455916]"
CONTROL,95616200.83299999,"[0.040943, -0.048349, 0.436133, 0.055143, 0.00358, 0.452193]"
CONTROL,95636279.91700003,"[0.044556, -0.052454, 0.440428, 0.059563, -0.000377, 0.448659]"
CONTROL,95656358.68000004,"[0.048142, -0.056484, 0.444781, 0.063833, -0.004334, 0.445327]"
CONTROL,95676437.37900005,"[0.051696, -0.060435, 0.449189, 0.067941, -0.008282, 0.442212]"
CONTROL,95696518.89499994,"[0.055219, -0.064299, 0.453647, 0.071877, -0.012214, 0.439324]"
CONTROL,95716600.44199996,"[0.058706, -0.068072, 0.458151, 0.075632, -0.016123, 0.436675]"
CONTROL,95736679.461,"[0.062156, -0.071749, 0.462697, 0.079196, -0.020001, 0.434277]"
CONTROL,95756760.04900004,"[0.065567, -0.075323, 0.467279, 0.08256, -0.023839, 0.432138]"
CONTROL,95776838.84399994,"[0.068937, -0.07879, 0.471893, 0.085716, -0.027632, 0.430267]"
CONTROL,95796917.99099998,"[0.072263, -0.082146, 0.476535, 0.088654, -0.031371, 0.428671]"
CONTROL,95816996.69099998,"[0.075543, -0.085384, 0.4812, 0.091369, -0.03505, 0.427356]"
CONTROL,95837075.10199997,"[0.078776, -0.088502, 0.485884, 0.093853, -0.038661, 0.426328]"
CONTROL,95857150.34500004,"[0.081959, -0.091493, 0.490581, 0.0961, -0.042197, 0.425591]"
CONTROL,95877234.133,"[0.08509, -0.094355, 0.495288, 0.098105, -0.045651, 0.425148]"
CONTROL,95897314.71999994,"[0.088168, -0.097082, 0.5, 0.099861, -0.049018, 0.425]"
CONTROL,95917393.06800002,"[0.09119, -0.099672, 0.504712, 0.101365, -0.052289, 0.425148]"
CONTROL,95937471.22299999,"[0.094154, -0.102119, 0.509419, 0.102613, -0.055459, 0.425591]"
CONTROL,95957550.72199996,"[0.097058, -0.104422, 0.514116, 0.103602, -0.058522, 0.426328]"
CONTROL,95977630.19000001,"[0.099902, -0.106576, 0.5188, 0.104329, -0.061472, 0.427356]"
CONTROL,95997709.17700005,"[0.102682, -0.108579, 0.523465, 0.104793, -0.064303, 0.428671]"
CONTROL,96017788.35599998,"[0.105397, -0.110428, 0.528107, 0.104992, -0.067009, 0.430267]"
CONTROL,96037866.86399996,"[0.108046, -0.112119, 0.532721, 0.104925, -0.069586, 0.432138]"
CONTROL,96057947.57900003,"[0.110627, -0.113652, 0.537303, 0.104594, -0.072028, 0.434277]"
CONTROL,96078026.75799997,"[0.113138, -0.115023, 0.541849, 0.103998, -0.074331, 0.436675]"
CONTROL,96098105.778,"[0.115577, -0.11623, 0.546353, 0.10314, -0.07649, 0.439324]"
CONTROL,96118185.981,"[0.117943, -0.117272, 0.550811, 0.102021, -0.078502, 0.442212]"
CONTROL,96138265.19199994,"[0.120235, -0.118148, 0.555219, 0.100645, -0.080361, 0.445327]"
CONTROL,96158344.85200003,"[0.122451, -0.118855, 0.559572, 0.099014, -0.082065, 0.448659]"
CONTROL,96178424.99100004,"[0.124589, -0.119394, 0.563867, 0.097133, -0.08361, 0.452193]"
CONTROL,96198502.82599998,"[0.126649, -0.119763, 0.568099, 0.095007, -0.084994, 0.455916]"
CONTROL,96218581.68599999,"[0.128629, -0.119962, 0.572263, 0.092641, -0.086213, 0.459813]"
CONTROL,96238659.77699995,"[0.130528, -0.119991, 0.576356, 0.09004, -0.087265, 0.463868]"
CONTROL,96258737.93200003,"[0.132344, -0.119848, 0.580374, 0.087213, -0.088149, 0.468067]"
CONTROL,96278816.44000001,"[0.134076, -0.119536, 0.584313, 0.084165, -0.088862, 0.472391]"
CONTROL,96298897.571,"[0.135724, -0.119054, 0.588168, 0.080904, -0.089404, 0.476824]"
CONTROL,96318976.78200005,"[0.137286, -0.118402, 0.591936, 0.077439, -0.089772, 0.481348]"
CONTROL,96339056.282,"[0.138762, -0.117583, 0.595614, 0.073778, -0.089967, 0.485946]"
CONTROL,96359135.84499997,"[0.140149, -0.116596, 0.599197, 0.069931, -0.089987, 0.4906]"
CONTROL,96379214.54399998,"[0.141449, -0.115443, 0.602682, 0.065908, -0.089834, 0.495291]"
CONTROL,96399295.19600002,"[0.142658, -0.114127, 0.606066, 0.061717, -0.089507, 0.5]"
CONTROL,96419439.753,"[0.143778, -0.112648, 0.609345, 0.057371, -0.089007, 0.504709]"
CONTROL,96439518.22899999,"[0.144807, -0.111009, 0.612517, 0.05288, -0.088334, 0.5094]"
CONTROL,96459598.46400002,"[0.145745, -0.109213, 0.615577, 0.048256, -0.087491, 0.514054]"
CONTROL,96479677.32300003,"[0.14659, -0.107261, 0.618523, 0.043509, -0.086479, 0.518652]"
CONTROL,96499757.87799996,"[0.147343, -0.105157, 0.621353, 0.038653, -0.085299, 0.523176]"
CONTROL,96519835.90299994,"[0.148003, -0.102903, 0.624062, 0.033699, -0.083955, 0.527609]"
CONTROL,96539914.953,"[0.148569, -0.100503, 0.626649, 0.02866, -0.082447, 0.531933]"
CONTROL,96559992.24200003,"[0.149042, -0.097961, 0.629111, 0.023548, -0.080781, 0.536132]"
CONTROL,96580071.73900001,"[0.14942, -0.095279, 0.631446, 0.018377, -0.078958, 0.540187]"
CONTROL,96600150.59700003,"[0.149704, -0.092462, 0.633651, 0.01316, -0.076983, 0.544084]"
CONTROL,96620229.838,"[0.149893, -0.089513, 0.635724, 0.007909, -0.074858, 0.547807]"
CONTROL,96640308.63200003,"[0.149988, -0.086437, 0.637663, 0.002639, -0.072589, 0.551341]"
CONTROL,96660388.19300002,"[0.149988, -0.083238, 0.639466, -0.002639, -0.07018, 0.554673]"
CONTROL,96680467.56299998,"[0.149893, -0.079921, 0.641132, -0.007909, -0.067635, 0.557788]"
CONTROL,96700547.15599997,"[0.149704, -0.076491, 0.642658, -0.01316, -0.064958, 0.560676]"
CONTROL,96720629.34099995,"[0.14942, -0.072952, 0.644044, -0.018377, -0.062157, 0.563325]"
CONTROL,96740708.10299997,"[0.149042, -0.069309, 0.645287, -0.023548, -0.059235, 0.565723]"
CONTROL,96760786.51199998,"[0.148569, -0.065567, 0.646388, -0.02866, -0.056198, 0.567862]"
CONTROL,96780865.43400002,"[0.148003, -0.061733, 0.647343, -0.033699, -0.053053, 0.569733]"
CONTROL,96800946.75500004,"[0.147343, -0.05781, 0.648153, -0.038653, -0.049805, 0.571329]"
CONTROL,96821022.53999995,"[0.14659, -0.053806, 0.648817, -0.043509, -0.046461, 0.572644]"
CONTROL,96841102.03800003,"[0.145745, -0.049725, 0.649334, -0.048256, -0.043027, 0.573672]"
CONTROL,96861197.21600005,"[0.144807, -0.045573, 0.649704, -0.05288, -0.03951, 0.574409]"
CONTROL,96881277.00099994,"[0.143778, -0.041357, 0.649926, -0.057371, -0.035916, 0.574852]"
CONTROL,96901356.85099995,"[0.142658, -0.037082, 0.65, -0.061717, -0.032253, 0.575]"
CONTROL,96921434.74800003,"[0.141449, -0.032754, 0.649926, -0.065908, -0.028528, 0.574852]"
CONTROL,96941516.03800003,"[0.140149, -0.02838, 0.649704, -0.069931, -0.024747, 0.574409]"
CONTROL,96961594.60699993,"[0.138762, -0.023965, 0.649334, -0.073778, -0.020918, 0.573672]"
CONTROL,96981675.032,"[0.137286, -0.019516, 0.648817, -0.077439, -0.017049, 0.572644]"
CONTROL,97001753.442,"[0.135724, -0.01504, 0.648153, -0.080904, -0.013147, 0.571329]"
CONTROL,97021832.77899997,"[0.134076, -0.010542, 0.647343, -0.084165, -0.00922, 0.569733]"
CONTROL,97041912.21300004,"[0.132344, -0.006029, 0.646388, -0.087213, -0.005275, 0.567862]"
CONTROL,97061991.96600005,"[0.130528, -0.001508, 0.645287, -0.09004, -0.001319, 0.565723]"
CONTROL,97082072.584,"[0.128629, 0.003016, 0.644044, -0.092641, 0.002639, 0.563325]"
CONTROL,97102151.28100003,"[0.126649, 0.007535, 0.642658, -0.095007, 0.006591, 0.560676]"
CONTROL,97122230.522,"[0.124589, 0.012043, 0.641132, -0.097133, 0.010532, 0.557788]"
CONTROL,97142310.14799997,"[0.122451, 0.016535, 0.639466, -0.099014, 0.014451, 0.554673]"
CONTROL,97162389.42099994,"[0.120235, 0.021003, 0.637663, -0.100645, 0.018343, 0.551341]"
CONTROL,97182466.64699996,"[0.117943, 0.025441, 0.635724, -0.102021, 0.022199, 0.547807]"
CONTROL,97202547.00800002,"[0.115577, 0.029843, 0.633651, -0.10314, 0.026013, 0.544084]"
CONTROL,97222626.601,"[0.113138, 0.034202, 0.631446, -0.103998, 0.029776, 0.540187]"
CONTROL,97242705.17100002,"[0.110627, 0.038513, 0.629111, -0.104594, 0.033481, 0.536132]"
CONTROL,97262785.18000004,"[0.108046, 0.042769, 0.626649, -0.104925, 0.037122, 0.531933]"
CONTROL,97282864.83800003,"[0.105397, 0.046965, 0.624062, -0.104992, 0.040691, 0.527609]"
CONTROL,97302944.271,"[0.102682, 0.051094, 0.621353, -0.104793, 0.044181, 0.523176]"
CONTROL,97323023.32100005,"[0.099902, 0.05515, 0.618523, -0.104329, 0.047586, 0.518652]"
CONTROL,97343103.906,"[0.097058, 0.059127, 0.615577, -0.103602, 0.050899, 0.514054]"
CONTROL,97363184.20400006,"[0.094154, 0.063021, 0.612517, -0.102613, 0.054113, 0.5094]"
CONTROL,97383263.44500001,"[0.09119, 0.066825, 0.609345, -0.101365, 0.057223, 0.504709]"
CONTROL,97403342.62199996,"[0.088168, 0.070534, 0.606066, -0.099861, 0.060222, 0.5]"
CONTROL,97423484.13800006,"[0.08509, 0.074143, 0.602682, -0.098105, 0.063104, 0.495291]"
CONTROL,97443563.18699999,"[0.081959, 0.077647, 0.599197, -0.0961, 0.065865, 0.4906]"
CONTROL,97463642.17300004,"[0.078776, 0.08104, 0.595614, -0.093853, 0.068498, 0.485946]"
CONTROL,97483723.07800002,"[0.075543, 0.084318, 0.591936, -0.091369, 0.070998, 0.481348]"
CONTROL,97503802.09399998,"[0.072263, 0.087476, 0.588168, -0.088654, 0.073362, 0.476824]"
CONTROL,97523880.75800002,"[0.068937, 0.09051, 0.584313, -0.085716, 0.075583, 0.472391]"
CONTROL,97543959.70899998,"[0.065567, 0.093415, 0.580374, -0.08256, 0.077658, 0.468067]"
CONTROL,97564038.91699995,"[0.062156, 0.096188, 0.576356, -0.079196, 0.079583, 0.463868]"
CONTROL,97584118.60399997,"[0.058706, 0.098824, 0.572263, -0.075632, 0.081354, 0.459813]"
CONTROL,97604199.06000005,"[0.055219, 0.101319, 0.568099, -0.071877, 0.082968, 0.455916]"
CONTROL,97624277.53099996,"[0.051696, 0.103671, 0.563867, -0.067941, 0.084421, 0.452193]"
CONTROL,97644356.96299995,"[0.048142, 0.105875, 0.559572, -0.063833, 0.085711, 0.448659]"
CONTROL,97664435.94700001,"[0.044556, 0.107929, 0.555219, -0.059563, 0.086835, 0.445327]"
CONTROL,97684515.25,"[0.040943, 0.109829, 0.550811, -0.055143, 0.087791, 0.442212]"
CONTROL,97704594.64999999,"[0.037303, 0.111573, 0.546353, -0.050584, 0.088578, 0.439324]"
CONTROL,97724673.47299995,"[0.033641, 0.113159, 0.541849, -0.045897, 0.089193, 0.436675]"
CONTROL,97744757.48099996,"[0.029956, 0.114584, 0.537303, -0.041094, 0.089635, 0.434277]"
CONTROL,97764838.35199997,"[0.026253, 0.115846, 0.532721, -0.036188, 0.089904, 0.432138]"
CONTROL,97784918.13599999,"[0.022534, 0.116943, 0.528107, -0.031189, 0.09, 0.430267]"
CONTROL,97804998.59099996,"[0.0188, 0.117874, 0.523465, -0.026112, 0.089921, 0.428671]"
CONTROL,97825078.727,"[0.015054, 0.118638, 0.5188, -0.02097, 0.089668, 0.427356]"
CONTROL,97845157.99899998,"[0.011299, 0.119233, 0.514116, -0.015774, 0.089242, 0.426328]"
CONTROL,97865241.30199996,"[0.007537, 0.119659, 0.509419, -0.010538, 0.088644, 0.425591]"
CONTROL,97885321.59800002,"[0.00377, 0.119915, 0.504712, -0.005276, 0.087873, 0.425148]"
CONTROL,97905400.61299999,"[0.0, 0.12, 0.5, -0.0, 0.086933, 0.425]"
CONTROL,97925480.14099997,"[-0.00377, 0.119915, 0.495288, 0.005276, 0.085825, 0.425148]"
CONTROL,97945559.95600002,"[-0.007537, 0.119659, 0.490581, 0.010538, 0.084551, 0.425591]"
CONTROL,97965639.292,"[-0.011299, 0.119233, 0.485884, 0.015774, 0.083113, 0.426328]"
CONTROL,97985718.65899998,"[-0.015054, 0.118638, 0.4812, 0.02097, 0.081515, 0.427356]"
CONTROL,98005796.10700004,"[-0.0188, 0.117874, 0.476535, 0.026112, 0.079758, 0.428671]"
CONTROL,98025874.44999994,"[-0.022534, 0.116943, 0.471893, 0.031189, 0.077848, 0.430267]"
CONTROL,98045957.562,"[-0.026253, 0.115846, 0.467279, 0.036188, 0.075787, 0.432138]"
CONTROL,98066035.74500002,"[-0.029956, 0.114584, 0.462697, 0.041094, 0.073579, 0.434277]"
CONTROL,98086114.15300004,"[-0.033641, 0.113159, 0.458151, 0.045897, 0.071229, 0.436675]"
CONTROL,98106196.113,"[-0.037303, 0.111573, 0.453647, 0.050584, 0.068742, 0.439324]"
CONTROL,98126276.02400005,"[-0.040943, 0.109829, 0.449189, 0.055143, 0.066121, 0.442212]"
CONTROL,98146354.04800004,"[-0.044556, 0.107929, 0.444781, 0.059563, 0.063372, 0.445327]"
CONTROL,98166433.063,"[-0.048142, 0.105875, 0.440428, 0.063833, 0.060501, 0.448659]"
CONTROL,98186512.33499998,"[-0.051696, 0.103671, 0.436133, 0.067941, 0.057513, 0.452193]"
CONTROL,98206593.07799996,"[-0.055219, 0.101319, 0.431901, 0.071877, 0.054414, 0.455916]"
CONTROL,98226672.28599994,"[-0.058706, 0.098824, 0.427737, 0.075632, 0.051209, 0.459813]"
CONTROL,98246752.19699998,"[-0.062156, 0.096188, 0.423644, 0.079196, 0.047906, 0.463868]"
CONTROL,98266833.32499999,"[-0.065567, 0.093415, 0.419626, 0.08256, 0.044509, 0.468067]"
CONTROL,98286912.852,"[-0.068937, 0.09051, 0.415687, 0.085716, 0.041027, 0.472391]"
CONTROL,98306991.83599995,"[-0.072263, 0.087476, 0.411832, 0.088654, 0.037465, 0.476824]"
CONTROL,98327072.58000004,"[-0.075543, 0.084318, 0.408064, 0.091369, 0.033831, 0.481348]"
CONTROL,98347152.20299995,"[-0.078776, 0.08104, 0.404386, 0.093853, 0.030131, 0.485946]"
CONTROL,98367231.37900004,"[-0.081959, 0.077647, 0.400803, 0.0961, 0.026374, 0.4906]"
CONTROL,98387311.57799998,"[-0.08509, 0.074143, 0.397318, 0.098105, 0.022565, 0.495291]"
CONTROL,98407391.84200004,"[-0.088168, 0.070534, 0.393934, 0.099861, 0.018712, 0.5]"
CONTROL,98427536.26800004,"[-0.09119, 0.066825, 0.390655, 0.101365, 0.014823, 0.504709]"
CONTROL,98447615.37900001,"[-0.094154, 0.063021, 0.387483, 0.102613, 0.010906, 0.5094]"
CONTROL,98467693.49900001,"[-0.097058, 0.059127, 0.384423, 0.103602, 0.006967, 0.514054]"
CONTROL,98487772.73799999,"[-0.099902, 0.05515, 0.381477, 0.104329, 0.003015, 0.518652]"
CONTROL,98507851.49599995,"[-0.102682, 0.051094, 0.378647, 0.104793, -0.000942, 0.523176]"
CONTROL,98527929.61299998,"[-0.105397, 0.046965, 0.375938, 0.104992, -0.004898, 0.527609]"
CONTROL,98548008.59499994,"[-0.108046, 0.042769, 0.373351, 0.104925, -0.008845, 0.531933]"
CONTROL,98568087.03299998,"[-0.110627, 0.038513, 0.370889, 0.104594, -0.012774, 0.536132]"
CONTROL,98588166.97400005,"[-0.113138, 0.034202, 0.368554, 0.103998, -0.016679, 0.540187]"
CONTROL,98608248.32399999,"[-0.115577, 0.029843, 0.366349, 0.10314, -0.020552, 0.544084]"
CONTROL,98628327.754,"[-0.117943, 0.025441, 0.364276, 0.102021, -0.024384, 0.547807]"
CONTROL,98648407.023,"[-0.120235, 0.021003, 0.362337, 0.100645, -0.02817, 0.551341]"
CONTROL,98668488.34099995,"[-0.122451, 0.016535, 0.360534, 0.099014, -0.031901, 0.554673]"
CONTROL,98688567.41900004,"[-0.124589, 0.012043, 0.358868, 0.097133, -0.03557, 0.557788]"
CONTROL,98708647.77700001,"[-0.126649, 0.007535, 0.357342, 0.095007, -0.039171, 0.560676]"
CONTROL,98728727.52599995,"[-0.128629, 0.003016, 0.355956, 0.092641, -0.042696, 0.563325]"
CONTROL,98748808.33199996,"[-0.130528, -0.001508, 0.354713, 0.09004, -0.046138, 0.565723]"
CONTROL,98768892.75400004,"[-0.132344, -0.006029, 0.353612, 0.087213, -0.049491, 0.567862]"
CONTROL,98788971.70300001,"[-0.134076, -0.010542, 0.352657, 0.084165, -0.052748, 0.569733]"
CONTROL,98809052.70100003,"[-0.135724, -0.01504, 0.351847, 0.080904, -0.055903, 0.571329]"
CONTROL,98829134.371,"[-0.137286, -0.019516, 0.351183, 0.077439, -0.05895, 0.572644]"
CONTROL,98849215.30500004,"[-0.138762, -0.023965, 0.350666, 0.073778, -0.061884, 0.573672]"
CONTROL,98869294.35000002,"[-0.140149, -0.02838, 0.350296, 0.069931, -0.064697, 0.574409]"
CONTROL,98889374.16399994,"[-0.141449, -0.032754, 0.350074, 0.065908, -0.067385, 0.574852]"
CONTROL,98909454.61800005,"[-0.142658, -0.037082, 0.35, 0.061717, -0.069943, 0.575]"
CONTROL,98929534.01499994,"[-0.143778, -0.041357, 0.350074, 0.057371, -0.072366, 0.574852]"
CONTROL,98949615.68500003,"[-0.144807, -0.045573, 0.350296, 0.05288, -0.074648, 0.574409]"
CONTROL,98969695.78699997,"[-0.145745, -0.049725, 0.350666, 0.048256, -0.076787, 0.573672]"
CONTROL,98989775.37600002,"[-0.14659, -0.053806, 0.351183, 0.043509, -0.078777, 0.572644]"
CONTROL,99009855.44599997,"[-0.147343, -0.05781, 0.351847, 0.038653, -0.080614, 0.571329]"
CONTROL,99029935.38800001,"[-0.148003, -0.061733, 0.352657, 0.033699, -0.082296, 0.569733]"
CONTROL,99050017.47400002,"[-0.148569, -0.065567, 0.353612, 0.02866, -0.083818, 0.567862]"
CONTROL,99070098.11900002,"[-0.149042, -0.069309, 0.354713, 0.023548, -0.085178, 0.565723]"
CONTROL,99090179.05300005,"[-0.14942, -0.072952, 0.355956, 0.018377, -0.086374, 0.563325]"
CONTROL,99110260.69100001,"[-0.149704, -0.076491, 0.357342, 0.01316, -0.087402, 0.560676]"
CONTROL,99130339.96000001,"[-0.149893, -0.079921, 0.358868, 0.007909, -0.088261, 0.557788]"
CONTROL,99150421.02200004,"[-0.149988, -0.083238, 0.360534, 0.002639, -0.08895, 0.554673]"
CONTROL,99170504.29200003,"[-0.149988, -0.086437, 0.362337, -0.002639, -0.089467, 0.551341]"
CONTROL,99190583.81800005,"[-0.149893, -0.089513, 0.364276, -0.007909, -0.08981, 0.547807]"
CONTROL,99210664.49499995,"[-0.149704, -0.092462, 0.366349, -0.01316, -0.08998, 0.544084]"
CONTROL,99230748.34099998,"[-0.14942, -0.095279, 0.368554, -0.018377, -0.089976, 0.540187]"
CONTROL,99250827.57899998,"[-0.149042, -0.097961, 0.370889, -0.023548, -0.089798, 0.536132]"
CONTROL,99270908.51200001,"[-0.148569, -0.100503, 0.373351, -0.02866, -0.089446, 0.531933]"
CONTROL,99290987.39799997,"[-0.148003, -0.102903, 0.375938, -0.033699, -0.088921, 0.527609]"
CONTROL,99311068.46000001,"[-0.147343, -0.105157, 0.378647, -0.038653, -0.088224, 0.523176]"
CONTROL,99331148.62499997,"[-0.14659, -0.107261, 0.381477, -0.043509, -0.087357, 0.518652]"
CONTROL,99351228.98299994,"[-0.145745, -0.109213, 0.384423, -0.048256, -0.08632, 0.514054]"
CONTROL,99371307.613,"[-0.144807, -0.111009, 0.387483, -0.05288, -0.085117, 0.5094]"
CONTROL,99391388.09799999,"[-0.143778, -0.112648, 0.390655, -0.057371, -0.083749, 0.504709]"
CONTROL,99411468.04000005,"[-0.142658, -0.114127, 0.393934, -0.061717, -0.082219, 0.5]"
CONTROL,99431610.80000004,"[-0.141449, -0.115443, 0.397318, -0.065908, -0.08053, 0.495291]"
CONTROL,99451692.66200003,"[-0.140149, -0.116596, 0.400803, -0.069931, -0.078685, 0.4906]"
CONTROL,99471773.62800005,"[-0.138762, -0.117583, 0.404386, -0.073778, -0.076688, 0.485946]"
CONTROL,99491854.56099997,"[-0.137286, -0.118402, 0.408064, -0.077439, -0.074543, 0.481348]"
CONTROL,99511934.24500002,"[-0.135724, -0.119054, 0.411832, -0.080904, -0.072254, 0.476824]"
CONTROL,99532012.29599994,"[-0.134076, -0.119536, 0.415687, -0.084165, -0.069824, 0.472391]"
CONTROL,99552090.95600003,"[-0.132344, -0.119848, 0.419626, -0.087213, -0.06726, 0.468067]"
CONTROL,99572170.00000003,"[-0.130528, -0.119991, 0.423644, -0.09004, -0.064566, 0.463868]"
CONTROL,99592249.36399993,"[-0.128629, -0.119962, 0.427737, -0.092641, -0.061747, 0.459813]"
CONTROL,99612328.31200005,"[-0.126649, -0.119763, 0.431901, -0.095007, -0.058808, 0.455916]"
CONTROL,99632408.89099996,"[-0.124589, -0.119394, 0.436133, -0.097133, -0.055755, 0.452193]"
CONTROL,99652489.791,"[-0.122451, -0.118855, 0.440428, -0.099014, -0.052595, 0.448659]"
CONTROL,99672572.00300002,"[-0.120235, -0.118148, 0.444781, -0.100645, -0.049333, 0.445327]"
CONTROL,99692650.855,"[-0.117943, -0.117272, 0.449189, -0.102021, -0.045976, 0.442212]"
CONTROL,99712728.58700001,"[-0.115577, -0.11623, 0.453647, -0.10314, -0.04253, 0.439324]"
CONTROL,99732810.38300002,"[-0.113138, -0.115023, 0.458151, -0.103998, -0.039001, 0.436675]"
CONTROL,99752891.05900003,"[-0.110627, -0.113652, 0.462697, -0.104594, -0.035397, 0.434277]"
CONTROL,99772970.13400005,"[-0.108046, -0.112119, 0.467279, -0.104925, -0.031725, 0.432138]"
CONTROL,99793051.61000001,"[-0.105397, -0.110428, 0.471893, -0.104992, -0.027991, 0.430267]"
CONTROL,99813131.16599995,"[-0.102682, -0.108579, 0.476535, -0.104793, -0.024203, 0.428671]"
CONTROL,99833210.94600001,"[-0.099902, -0.106576, 0.4812, -0.104329, -0.020368, 0.427356]"
CONTROL,99853290.98199998,"[-0.097058, -0.104422, 0.485884, -0.103602, -0.016494, 0.426328]"
CONTROL,99873369.60999994,"[-0.094154, -0.102119, 0.490581, -0.102613, -0.012588, 0.425591]"
CONTROL,99893448.68499996,"[-0.09119, -0.099672, 0.495288, -0.101365, -0.008657, 0.425148]"
CONTROL,99913529.13699995,"[-0.088168, -0.097082, 0.5, -0.099861, -0.00471, 0.425]"
CONTROL,99933608.629,"[-0.08509, -0.094355, 0.504712, -0.098105, -0.000754, 0.425148]"
CONTROL,99953688.12100002,"[-0.081959, -0.091493, 0.509419, -0.0961, 0.003204, 0.425591]"
CONTROL,99973768.60500003,"[-0.078776, -0.088502, 0.514116, -0.093853, 0.007155, 0.426328]"
CONTROL,99993848.00099994,"[-0.075543, -0.085384, 0.5188, -0.091369, 0.011093, 0.427356]"
CONTROL,100013928.48399997,"[-0.072263, -0.082146, 0.523465, -0.088654, 0.015009, 0.428671]"
CONTROL,100034008.20000002,"[-0.068937, -0.07879, 0.528107, -0.085716, 0.018896, 0.430267]"
CONTROL,100054088.81200004,"[-0.065567, -0.075323, 0.532721, -0.08256, 0.022747, 0.432138]"
CONTROL,100074171.18399997,"[-0.062156, -0.071749, 0.537303, -0.079196, 0.026554, 0.434277]"
CONTROL,100094250.51599999,"[-0.058706, -0.068072, 0.541849, -0.075632, 0.030309, 0.436675]"
CONTROL,100114330.55199996,"[-0.055219, -0.064299, 0.546353, -0.071877, 0.034006, 0.439324]"
CONTROL,100134410.93999995,"[-0.051696, -0.060435, 0.550811, -0.067941, 0.037637, 0.442212]"
CONTROL,100154492.06400001,"[-0.048142, -0.056484, 0.555219, -0.063833, 0.041195, 0.445327]"
CONTROL,100174572.06699999,"[-0.044556, -0.052454, 0.559572, -0.059563, 0.044673, 0.448659]"
CONTROL,100194652.16699995,"[-0.040943, -0.048349, 0.563867, -0.055143, 0.048065, 0.452193]"
CONTROL,100214731.46699998,"[-0.037303, -0.044175, 0.568099, -0.050584, 0.051364, 0.455916]"
CONTROL,100234810.863,"[-0.033641, -0.039938, 0.572263, -0.045897, 0.054564, 0.459813]"
CONTROL,100254891.60300003,"[-0.029956, -0.035645, 0.576356, -0.041094, 0.057658, 0.463868]"
CONTROL,100274971.28699997,"[-0.026253, -0.031301, 0.580374, -0.036188, 0.060641, 0.468067]"
CONTROL,100295067.83499993,"[-0.022534, -0.026912, 0.584313, -0.031189, 0.063506, 0.472391]"
CONTROL,100315147.519,"[-0.0188, -0.022486, 0.588168, -0.026112, 0.066249, 0.476824]"
CONTROL,100335227.23500004,"[-0.015054, -0.018027, 0.591936, -0.02097, 0.068863, 0.481348]"
CONTROL,100355306.34199995,"[-0.011299, -0.013543, 0.595614, -0.015774, 0.071344, 0.485946]"
CONTROL,100375386.34600003,"[-0.007537, -0.009039, 0.599197, -0.010538, 0.073688, 0.4906]"
CONTROL,100395465.61400005,"[-0.00377, -0.004523, 0.602682, -0.005276, 0.075888, 0.495291]"
CONTROL,100415545.26599999,"[-0.0, -0.0, 0.606066, -0.0, 0.077942, 0.5]"
CONTROL,100435685.81600004,"[0.00377, 0.004523, 0.609345, 0.005276, 0.079845, 0.504709]"
CONTROL,100455767.51600003,"[0.007537, 0.009039, 0.612517, 0.010538, 0.081594, 0.5094]"
CONTROL,100475847.03999996,"[0.011299, 0.013543, 0.615577, 0.015774, 0.083185, 0.514054]"
CONTROL,100495928.03500003,"[0.015054, 0.018027, 0.618523, 0.02097, 0.084615, 0.518652]"
CONTROL,100516007.74899998,"[0.0188, 0.022486, 0.621353, 0.026112, 0.085882, 0.523176]"
CONTROL,100536088.74300005,"[0.022534, 0.026912, 0.624062, 0.031189, 0.086982, 0.527609]"
CONTROL,100556170.21700004,"[0.026253, 0.031301, 0.626649, 0.036188, 0.087914, 0.531933]"
CONTROL,100576248.87500003,"[0.029956, 0.035645, 0.629111, 0.041094, 0.088676, 0.536132]"
CONTROL,100596329.00500003,"[0.033641, 0.039938, 0.631446, 0.045897, 0.089267, 0.540187]"
CONTROL,100616408.23899995,"[0.037303, 0.044175, 0.633651, 0.050584, 0.089684, 0.544084]"
CONTROL,100636488.68899998,"[0.040943, 0.048349, 0.635724, 0.055143, 0.089929, 0.547807]"
CONTROL,100656569.71500005,"[0.044556, 0.052454, 0.637663, 0.059563, 0.089999, 0.551341]"
CONTROL,100676649.55700003,"[0.048142, 0.056484, 0.639466, 0.063833, 0.089896, 0.554673]"
CONTROL,100696728.98299995,"[0.051696, 0.060435, 0.641132, 0.067941, 0.089618, 0.557788]"
CONTROL,100716808.15299998,"[0.055219, 0.064299, 0.642658, 0.071877, 0.089167, 0.560676]"
CONTROL,100736887.41900003,"[0.058706, 0.068072, 0.644044, 0.075632, 0.088544, 0.563325]"
CONTROL,100756965.43699996,"[0.062156, 0.071749, 0.645287, 0.079196, 0.08775, 0.565723]"
CONTROL,100777045.79099998,"[0.065567, 0.075323, 0.646388, 0.08256, 0.086785, 0.567862]"
CONTROL,100797125.53699994,"[0.068937, 0.07879, 0.647343, 0.085716, 0.085653, 0.569733]"
CONTROL,100817208.99499999,"[0.072263, 0.082146, 0.648153, 0.088654, 0.084355, 0.571329]"
CONTROL,100837294.30899996,"[0.075543, 0.085384, 0.648817, 0.091369, 0.082894, 0.572644]"
CONTROL,100857376.03999996,"[0.078776, 0.088502, 0.649334, 0.093853, 0.081273, 0.573672]"
CONTROL,100877456.36199997,"[0.081959, 0.091493, 0.649704, 0.0961, 0.079495, 0.574409]"
CONTROL,100897536.876,"[0.08509, 0.094355, 0.649926, 0.098105, 0.077563, 0.574852]"
CONTROL,100917617.77399994,"[0.088168, 0.097082, 0.65, 0.099861, 0.07548, 0.575]"
CONTROL,100937701.392,"[0.09119, 0.099672, 0.649926, 0.101365, 0.073252, 0.574852]"
CONTROL,100957781.58600001,"[0.094154, 0.102119, 0.649704, 0.102613, 0.070882, 0.574409]"
CONTROL,100977863.09200001,"[0.097058, 0.104422, 0.649334, 0.103602, 0.068375, 0.573672]"
CONTROL,100997943.51000002,"[0.099902, 0.106576, 0.648817, 0.104329, 0.065736, 0.572644]"
CONTROL,101018023.64000003,"[0.102682, 0.108579, 0.648153, 0.104793, 0.06297, 0.571329]"
CONTROL,101038102.96999995,"[0.105397, 0.110428, 0.647343, 0.104992, 0.060082, 0.569733]"
CONTROL,101058183.29199997,"[0.108046, 0.112119, 0.646388, 0.104925, 0.057077, 0.567862]"
CONTROL,101078264.06200002,"[0.110627, 0.113652, 0.645287, 0.104594, 0.053962, 0.565723]"
CONTROL,101098342.84800002,"[0.113138, 0.115023, 0.644044, 0.103998, 0.050743, 0.563325]"
CONTROL,101118422.85000001,"[0.115577, 0.11623, 0.642658, 0.10314, 0.047426, 0.560676]"
CONTROL,101138505.12399995,"[0.117943, 0.117272, 0.641132, 0.102021, 0.044017, 0.557788]"
CONTROL,101158584.19799997,"[0.120235, 0.118148, 0.639466, 0.100645, 0.040523, 0.554673]"
CONTROL,101178666.60100003,"[0.122451, 0.118855, 0.637663, 0.099014, 0.03695, 0.551341]"
CONTROL,101198747.43499997,"[0.124589, 0.119394, 0.635724, 0.097133, 0.033306, 0.547807]"
CONTROL,101218826.09299996,"[0.126649, 0.119763, 0.633651, 0.095007, 0.029598, 0.544084]"
CONTROL,101238903.95099999,"[0.128629, 0.119962, 0.631446, 0.092641, 0.025832, 0.540187]"
CONTROL,101258983.82499997,"[0.130528, 0.119991, 0.629111, 0.09004, 0.022017, 0.536132]"
CONTROL,101279063.73099995,"[0.132344, 0.119848, 0.626649, 0.087213, 0.018159, 0.531933]"
CONTROL,101299170.99800003,"[0.134076, 0.119536, 0.624062, 0.084165, 0.014265, 0.527609]"
CONTROL,101319256.472,"[0.135724, 0.119054, 0.621353, 0.080904, 0.010344, 0.523176]"
CONTROL,101339337.24199994,"[0.137286, 0.118402, 0.618523, 0.077439, 0.006403, 0.518652]"
CONTROL,101359419.612,"[0.138762, 0.117583, 0.615577, 0.073778, 0.00245, 0.514054]"
CONTROL,101379499.16599996,"[0.140149, 0.116596, 0.612517, 0.069931, -0.001508, 0.5094]"
CONTROL,101399579.07199994,"[0.141449, 0.115443, 0.609345, 0.065908, -0.005463, 0.504709]"
CONTROL,101419660.32200003,"[0.142658, 0.114127, 0.606066, 0.061717, -0.009408, 0.5]"
CONTROL,101439830.75899996,"[0.143778, 0.112648, 0.602682, 0.057371, -0.013334, 0.495291]"
CONTROL,101459910.37700003,"[0.144807, 0.111009, 0.599197, 0.05288, -0.017234, 0.4906]"
CONTROL,101479989.00300002,"[0.145745, 0.109213, 0.595614, 0.048256, -0.021102, 0.485946]"
CONTROL,101500067.91600004,"[0.14659, 0.107261, 0.591936, 0.043509, -0.024928, 0.481348]"
CONTROL,101520146.06,"[0.147343, 0.105157, 0.588168, 0.038653, -0.028706, 0.476824]"
CONTROL,101540224.01299994,"[0.148003, 0.102903, 0.584313, 0.033699, -0.032429, 0.472391]"
CONTROL,101560301.77299999,"[0.148569, 0.100503, 0.580374, 0.02866, -0.036089, 0.468067]"
CONTROL,101580381.06899995,"[0.149042, 0.097961, 0.576356, 0.023548, -0.039679, 0.463868]"
CONTROL,101600459.59699994,"[0.14942, 0.095279, 0.572263, 0.018377, -0.043193, 0.459813]"
CONTROL,101620537.517,"[0.149704, 0.092462, 0.568099, 0.01316, -0.046622, 0.455916]"
CONTROL,101640618.12600005,"[0.149893, 0.089513, 0.563867, 0.007909, -0.049962, 0.452193]"
CONTROL,101660697.00599997,"[0.149988, 0.086437, 0.559572, 0.002639, -0.053205, 0.448659]"
CONTROL,101680781.486,"[0.149988, 0.083238, 0.555219, -0.002639, -0.056345, 0.445327]"
CONTROL,101700863.56699994,"[0.149893, 0.079921, 0.550811, -0.007909, -0.059377, 0.442212]"
CONTROL,101720942.703,"[0.149704, 0.076491, 0.546353, -0.01316, -0.062293, 0.439324]"
CONTROL,101741021.07099998,"[0.14942, 0.072952, 0.541849, -0.018377, -0.065089, 0.436675]"
CONTROL,101761100.78299996,"[0.149042, 0.069309, 0.537303, -0.023548, -0.067759, 0.434277]"
CONTROL,101781192.56000002,"[0.148569, 0.065567, 0.532721, -0.02866, -0.070298, 0.432138]"
CONTROL,101801271.12000002,"[0.148003, 0.061733, 0.528107, -0.033699, -0.072701, 0.430267]"
CONTROL,101821350.57599999,"[0.147343, 0.05781, 0.523465, -0.038653, -0.074963, 0.428671]"
CONTROL,101841430.801,"[0.14659, 0.053806, 0.5188, -0.043509, -0.07708, 0.427356]"
CONTROL,101861510.705,"[0.145745, 0.049725, 0.514116, -0.048256, -0.079049, 0.426328]"
CONTROL,101881590.41699998,"[0.144807, 0.045573, 0.509419, -0.05288, -0.080864, 0.425591]"
CONTROL,101901669.10499999,"[0.143778, 0.041357, 0.504712, -0.057371, -0.082523, 0.425148]"
CONTROL,101921750.22599997,"[0.142658, 0.037082, 0.5, -0.061717, -0.084022, 0.425]"
CONTROL,101941829.106,"[0.141449, 0.032754, 0.495288, -0.065908, -0.085359, 0.425148]"
CONTROL,101961908.46599996,"[0.140149, 0.02838, 0.490581, -0.069931, -0.086531, 0.425591]"
CONTROL,101981988.20999993,"[0.138762, 0.023965, 0.485884, -0.073778, -0.087535, 0.426328]"
CONTROL,102002067.12299997,"[0.137286, 0.019516, 0.4812, -0.077439, -0.08837, 0.427356]"
CONTROL,102022146.22700001,"[0.135724, 0.01504, 0.476535, -0.080904, -0.089035, 0.428671]"
CONTROL,102042225.90699999,"[0.134076, 0.010542, 0.471893, -0.084165, -0.089526, 0.430267]"
CONTROL,102062307.37900001,"[0.132344, 0.006029, 0.467279, -0.087213, -0.089845, 0.432138]"
CONTROL,102082386.26000002,"[0.130528, 0.001508, 0.462697, -0.09004, -0.08999, 0.434277]"
CONTROL,102102464.532,"[0.128629, -0.003016, 0.458151, -0.092641, -0.089961, 0.436675]"
CONTROL,102122542.89999999,"[0.126649, -0.007535, 0.453647, -0.095007, -0.089758, 0.439324]"
CONTROL,102142624.436,"[0.124589, -0.012043, 0.449189, -0.097133, -0.089382, 0.442212]"
CONTROL,102162703.79699995,"[0.122451, -0.016535, 0.444781, -0.099014, -0.088832, 0.445327]"
CONTROL,102182781.20499997,"[0.120235, -0.021003, 0.440428, -0.100645, -0.088111, 0.448659]"
CONTROL,102202861.17299998,"[0.117943, -0.025441, 0.436133, -0.102021, -0.087219, 0.452193]"
CONTROL,102222940.72499995,"[0.115577, -0.029843, 0.431901, -0.10314, -0.086159, 0.455916]"
CONTROL,102243018.93300003,"[0.113138, -0.034202, 0.427737, -0.103998, -0.084932, 0.459813]"
CONTROL,102263098.38999999,"[0.110627, -0.038513, 0.423644, -0.104594, -0.08354, 0.463868]"
CONTROL,102283177.59000003,"[0.108046, -0.042769, 0.419626, -0.104925, -0.081987, 0.468067]"
CONTROL,102303256.56599995,"[0.105397, -0.046965, 0.415687, -0.104992, -0.080276, 0.472391]"
CONTROL,102323334.26200001,"[0.102682, -0.051094, 0.411832, -0.104793, -0.078409, 0.476824]"
CONTROL,102343413.39799994,"[0.099902, -0.05515, 0.408064, -0.104329, -0.076391, 0.481348]"
CONTROL,102363494.03899999,"[0.097058, -0.059127, 0.404386, -0.103602, -0.074225, 0.485946]"
CONTROL,102383571.95900005,"[0.094154, -0.063021, 0.400803, -0.102613, -0.071915, 0.4906]"
CONTROL,102403651.57500003,"[0.09119, -0.066825, 0.397318, -0.101365, -0.069466, 0.495291]"
CONTROL,102423731.095,"[0.088168, -0.070534, 0.393934, -0.099861, -0.066883, 0.5]"
CONTROL,102443877.14599998,"[0.08509, -0.074143, 0.390655, -0.098105, -0.064171, 0.504709]"
CONTROL,102463956.15400001,"[0.081959, -0.077647, 0.387483, -0.0961, -0.061334, 0.5094]"
CONTROL,102484036.69899994,"[0.078776, -0.08104, 0.384423, -0.093853, -0.058379, 0.514054]"
CONTROL,102504116.12100004,"[0.075543, -0.084318, 0.381477, -0.091369, -0.05531, 0.518652]"
CONTROL,102524195.96000004,"[0.072263, -0.087476, 0.378647, -0.088654, -0.052135, 0.523176]"
CONTROL,102544276.502,"[0.068937, -0.09051, 0.375938, -0.085716, -0.048859, 0.527609]"
CONTROL,102564355.70099996,"[0.065567, -0.093415, 0.373351, -0.08256, -0.045489, 0.531933]"
CONTROL,102584434.83500002,"[0.062156, -0.096188, 0.370889, -0.079196, -0.04203, 0.536132]"
CONTROL,102604513.23400003,"[0.058706, -0.098824, 0.368554, -0.075632, -0.038491, 0.540187]"
CONTROL,102624591.50400002,"[0.055219, -0.101319, 0.366349, -0.071877, -0.034876, 0.544084]"
CONTROL,102644670.15799993,"[0.051696, -0.103671, 0.364276, -0.067941, -0.031195, 0.547807]"
CONTROL,102664749.61300002,"[0.048142, -0.105875, 0.362337, -0.063833, -0.027453, 0.551341]"
CONTROL,102684828.90699999,"[0.044556, -0.107929, 0.360534, -0.059563, -0.023658, 0.554673]"
CONTROL,102704913.73799996,"[0.040943, -0.109829, 0.358868, -0.055143, -0.019817, 0.557788]"
CONTROL,102724992.90500002,"[0.037303, -0.111573, 0.357342, -0.050584, -0.015938, 0.560676]"
CONTROL,102745071.49500005,"[0.033641, -0.113159, 0.355956, -0.045897, -0.012028, 0.563325]"
CONTROL,102765149.50900002,"[0.029956, -0.114584, 0.354713, -0.041094, -0.008094, 0.565723]"
CONTROL,102785228.03600003,"[0.026253, -0.115846, 0.353612, -0.036188, -0.004145, 0.567862]"
CONTROL,102805306.91399997,"[0.022534, -0.116943, 0.352657, -0.031189, -0.000188, 0.569733]"
CONTROL,102825385.34499997,"[0.0188, -0.117874, 0.351847, -0.026112, 0.003769, 0.571329]"
CONTROL,102845464.51100005,"[0.015054, -0.118638, 0.351183, -0.02097, 0.007719, 0.572644]"
CONTROL,102865548.03000002,"[0.011299, -0.119233, 0.350666, -0.015774, 0.011654, 0.573672]"
CONTROL,102885627.484,"[0.007537, -0.119659, 0.350296, -0.010538, 0.015566, 0.574409]"
CONTROL,102905705.62699997,"[0.00377, -0.119915, 0.350074, -0.005276, 0.019449, 0.574852]"
CONTROL,102925785.27299997,"[0.0, -0.12, 0.35, -0.0, 0.023294, 0.575]"
CONTROL,102945864.15200001,"[-0.00377, -0.119915, 0.350074, 0.005276, 0.027093, 0.574852]"
CONTROL,102965944.08600004,"[-0.007537, -0.119659, 0.350296, 0.010538, 0.030841, 0.574409]"
CONTROL,102986023.12499997,"[-0.011299, -0.119233, 0.350666, 0.015774, 0.034529, 0.573672]"
CONTROL,103006102.13100003,"[-0.015054, -0.118638, 0.351183, 0.02097, 0.038149, 0.572644]"
CONTROL,103026181.61800002,"[-0.0188, -0.117874, 0.351847, 0.026112, 0.041697, 0.571329]"
CONTROL,103046262.512,"[-0.022534, -0.116943, 0.352657, 0.031189, 0.045163, 0.569733]"
CONTROL,103066341.45500004,"[-0.026253, -0.115846, 0.353612, 0.036188, 0.048542, 0.567862]"
CONTROL,103086421.35699995,"[-0.029956, -0.114584, 0.354713, 0.041094, 0.051828, 0.565723]"
CONTROL,103106499.97999996,"[-0.033641, -0.113159, 0.355956, 0.045897, 0.055013, 0.563325]"
CONTROL,103126580.202,"[-0.037303, -0.111573, 0.357342, 0.050584, 0.058091, 0.560676]"
CONTROL,103146661.92899995,"[-0.040943, -0.109829, 0.358868, 0.055143, 0.061057, 0.557788]"
CONTROL,103166740.23099995,"[-0.044556, -0.107929, 0.360534, 0.059563, 0.063906, 0.554673]"
CONTROL,103186820.00599995,"[-0.048142, -0.105875, 0.362337, 0.063833, 0.06663, 0.551341]"
CONTROL,103206899.04400001,"[-0.051696, -0.103671, 0.364276, 0.067941, 0.069226, 0.547807]"
CONTROL,103226977.82700004,"[-0.055219, -0.101319, 0.366349, 0.071877, 0.071688, 0.544084]"
CONTROL,103247056.92899999,"[-0.058706, -0.098824, 0.368554, 0.075632, 0.074011, 0.540187]"
CONTROL,103267134.59200005,"[-0.062156, -0.096188, 0.370889, 0.079196, 0.076191, 0.536132]"
CONTROL,103287213.21399996,"[-0.065567, -0.093415, 0.373351, 0.08256, 0.078223, 0.531933]"
CONTROL,103307291.73999998,"[-0.068937, -0.09051, 0.375938, 0.085716, 0.080105, 0.527609]"
CONTROL,103327369.27500002,"[-0.072263, -0.087476, 0.378647, 0.088654, 0.081831, 0.523176]"
CONTROL,103347449.30499995,"[-0.075543, -0.084318, 0.381477, 0.091369, 0.083399, 0.518652]"
CONTROL,103367527.79999995,"[-0.078776, -0.08104, 0.384423, 0.093853, 0.084806, 0.514054]"
CONTROL,103387605.04599997,"[-0.081959, -0.077647, 0.387483, 0.0961, 0.086049, 0.5094]"
CONTROL,103407682.80500004,"[-0.08509, -0.074143, 0.390655, 0.098105, 0.087125, 0.504709]"
CONTROL,103427760.49899998,"[-0.088168, -0.070534, 0.393934, 0.099861, 0.088033, 0.5]"
CONTROL,103447895.25199996,"[-0.09119, -0.066825, 0.397318, 0.101365, 0.088771, 0.495291]"
CONTROL,103467973.58599997,"[-0.094154, -0.063021, 0.400803, 0.102613, 0.089337, 0.4906]"
CONTROL,103488052.84799995,"[-0.097058, -0.059127, 0.404386, 0.103602, 0.08973, 0.485946]"
CONTROL,103508130.34899999,"[-0.099902, -0.05515, 0.408064, 0.104329, 0.089949, 0.481348]"
CONTROL,103528209.38599996,"[-0.102682, -0.051094, 0.411832, 0.104793, 0.089995, 0.476824]"
CONTROL,103548288.23000002,"[-0.105397, -0.046965, 0.415687, 0.104992, 0.089867, 0.472391]"
CONTROL,103568368.771,"[-0.108046, -0.042769, 0.419626, 0.104925, 0.089564, 0.468067]"
CONTROL,103588446.52799997,"[-0.110627, -0.038513, 0.423644, 0.104594, 0.089089, 0.463868]"
CONTROL,103608524.12500003,"[-0.113138, -0.034202, 0.427737, 0.103998, 0.088441, 0.459813]"
CONTROL,103628603.67300004,"[-0.115577, -0.029843, 0.431901, 0.10314, 0.087622, 0.455916]"
CONTROL,103648682.87000002,"[-0.117943, -0.025441, 0.436133, 0.102021, 0.086634, 0.452193]"
CONTROL,103668760.49899997,"[-0.120235, -0.021003, 0.440428, 0.100645, 0.085478, 0.448659]"
CONTROL,103688839.05600001,"[-0.122451, -0.016535, 0.444781, 0.099014, 0.084157, 0.445327]"
CONTROL,103708916.87599999,"[-0.124589, -0.012043, 0.449189, 0.097133, 0.082673, 0.442212]"
CONTROL,103728996.425,"[-0.126649, -0.007535, 0.453647, 0.095007, 0.081029, 0.439324]"
CONTROL,103749075.33399995,"[-0.128629, -0.003016, 0.458151, 0.092641, 0.079228, 0.436675]"
CONTROL,103769155.17099996,"[-0.130528, 0.001508, 0.462697, 0.09004, 0.077274, 0.434277]"
CONTROL,103789233.69500001,"[-0.132344, 0.006029, 0.467279, 0.087213, 0.075171, 0.432138]"
CONTROL,103809311.51599997,"[-0.134076, 0.010542, 0.471893, 0.084165, 0.072922, 0.430267]"
CONTROL,103829390.52100006,"[-0.135724, 0.01504, 0.476535, 0.080904, 0.070532, 0.428671]"
CONTROL,103849468.82099997,"[-0.137286, 0.019516, 0.4812, 0.077439, 0.068006, 0.427356]"
CONTROL,103869546.35400002,"[-0.138762, 0.023965, 0.485884, 0.073778, 0.065349, 0.426328]"
CONTROL,103889638.79899995,"[-0.140149, 0.02838, 0.490581, 0.069931, 0.062564, 0.425591]"
CONTROL,103909720.36400001,"[-0.141449, 0.032754, 0.495288, 0.065908, 0.059659, 0.425148]"
CONTROL,103929800.13700002,"[-0.142658, 0.037082, 0.5, 0.061717, 0.056639, 0.425]"
CONTROL,103949879.10999998,"[-0.143778, 0.041357, 0.504712, 0.057371, 0.053509, 0.425148]"
CONTROL,103969964.227,"[-0.144807, 0.045573, 0.509419, 0.05288, 0.050275, 0.425591]"
CONTROL,103990044.03100002,"[-0.145745, 0.049725, 0.514116, 0.048256, 0.046944, 0.426328]"
CONTROL,104010125.69199997,"[-0.14659, 0.053806, 0.5188, 0.043509, 0.043523, 0.427356]"
CONTROL,104030205.59300001,"[-0.147343, 0.05781, 0.523465, 0.038653, 0.040017, 0.428671]"
CONTROL,104050300.47000003,"[-0.148003, 0.061733, 0.528107, 0.033699, 0.036434, 0.430267]"
CONTROL,104070382.99500005,"[-0.148569, 0.065567, 0.532721, 0.02866, 0.03278, 0.432138]"
CONTROL,104090463.408,"[-0.149042, 0.069309, 0.537303, 0.023548, 0.029063, 0.434277]"
CONTROL,104110542.861,"[-0.14942, 0.072952, 0.541849, 0.018377, 0.02529, 0.436675]"
CONTROL,104130623.27399996,"[-0.149704, 0.076491, 0.546353, 0.01316, 0.021468, 0.439324]"
CONTROL,104150704.67800002,"[-0.149893, 0.079921, 0.550811, 0.007909, 0.017604, 0.442212]"
CONTROL,104170786.69099998,"[-0.149988, 0.083238, 0.555219, 0.002639, 0.013707, 0.445327]"
CONTROL,104190867.19999996,"[-0.149988, 0.086437, 0.559572, -0.002639, 0.009782, 0.448659]"
CONTROL,104210948.89300002,"[-0.149893, 0.089513, 0.563867, -0.007909, 0.005839, 0.452193]"
CONTROL,104231028.79399994,"[-0.149704, 0.092462, 0.568099, -0.01316, 0.001885, 0.455916]"
CONTROL,104251112.75899996,"[-0.14942, 0.095279, 0.572263, -0.018377, -0.002073, 0.459813]"
CONTROL,104271192.69100001,"[-0.149042, 0.097961, 0.576356, -0.023548, -0.006027, 0.463868]"
CONTROL,104291273.488,"[-0.148569, 0.100503, 0.580374, -0.02866, -0.00997, 0.468067]"
CONTROL,104311353.35700002,"[-0.148003, 0.102903, 0.584313, -0.033699, -0.013893, 0.472391]"
CONTROL,104331433.64199997,"[-0.147343, 0.105157, 0.588168, -0.038653, -0.017789, 0.476824]"
CONTROL,104351514.21499996,"[-0.14659, 0.107261, 0.591936, -0.043509, -0.021651, 0.481348]"
CONTROL,104371595.84300002,"[-0.145745, 0.109213, 0.595614, -0.048256, -0.025471, 0.485946]"
CONTROL,104391675.64800005,"[-0.144807, 0.111009, 0.599197, -0.05288, -0.029242, 0.4906]"
CONTROL,104411755.61299998,"[-0.143778, 0.112648, 0.602682, -0.057371, -0.032956, 0.495291]"
CONTROL,104431836.02600004,"[-0.142658, 0.114127, 0.606066, -0.061717, -0.036606, 0.5]"
CONTROL,104451978.00899996,"[-0.141449, 0.115443, 0.609345, -0.065908, -0.040186, 0.504709]"
CONTROL,104472058.70999995,"[-0.140149, 0.116596, 0.612517, -0.069931, -0.043688, 0.5094]"
CONTROL,104492140.65800004,"[-0.138762, 0.117583, 0.615577, -0.073778, -0.047105, 0.514054]"
CONTROL,104512219.98100005,"[-0.137286, 0.118402, 0.618523, -0.077439, -0.050431, 0.518652]"
CONTROL,104532300.93599996,"[-0.135724, 0.119054, 0.621353, -0.080904, -0.05366, 0.523176]"
CONTROL,104552381.69899997,"[-0.134076, 0.119536, 0.624062, -0.084165, -0.056785, 0.527609]"
CONTROL,104572462.36599997,"[-0.132344, 0.119848, 0.626649, -0.087213, -0.0598, 0.531933]"
CONTROL,104592542.87299995,"[-0.130528, 0.119991, 0.629111, -0.09004, -0.0627, 0.536132]"
CONTROL,104612622.86800002,"[-0.128629, 0.119962, 0.631446, -0.092641, -0.065478, 0.540187]"
CONTROL,104632706.09599999,"[-0.126649, 0.119763, 0.633651, -0.095007, -0.06813, 0.544084]"
CONTROL,104652785.89900003,"[-0.124589, 0.119394, 0.635724, -0.097133, -0.070649, 0.547807]"
CONTROL,104672866.43800002,"[-0.122451, 0.118855, 0.637663, -0.099014, -0.073032, 0.551341]"
CONTROL,104692946.40099998,"[-0.120235, 0.118148, 0.639466, -0.100645, -0.075274, 0.554673]"
CONTROL,104713026.044,"[-0.117943, 0.117272, 0.641132, -0.102021, -0.077371, 0.557788]"
CONTROL,104733106.48699999,"[-0.115577, 0.11623, 0.642658, -0.10314, -0.079317, 0.560676]"
CONTROL,104753201.07499999,"[-0.113138, 0.115023, 0.644044, -0.103998, -0.081111, 0.563325]"
CONTROL,104773283.85399994,"[-0.110627, 0.113652, 0.645287, -0.104594, -0.082747, 0.565723]"
CONTROL,104793363.72099999,"[-0.108046, 0.112119, 0.646388, -0.104925, -0.084223, 0.567862]"
CONTROL,104813443.65200004,"[-0.105397, 0.110428, 0.647343, -0.104992, -0.085537, 0.569733]"
CONTROL,104833523.871,"[-0.102682, 0.108579, 0.648153, -0.104793, -0.086685, 0.571329]"
CONTROL,104853603.92999996,"[-0.099902, 0.106576, 0.648817, -0.104329, -0.087665, 0.572644]"
CONTROL,104873685.141,"[-0.097058, 0.104422, 0.649334, -0.103602, -0.088476, 0.573672]"
CONTROL,104893765.96800002,"[-0.094154, 0.102119, 0.649704, -0.102613, -0.089115, 0.574409]"
CONTROL,104913851.78799999,"[-0.09119, 0.099672, 0.649926, -0.101365, -0.089583, 0.574852]"
CONTROL,104933936.51899998,"[-0.088168, 0.097082, 0.65, -0.099861, -0.089877, 0.575]"
CONTROL,104954016.45000003,"[-0.08509, 0.094355, 0.649926, -0.098105, -0.089997, 0.574852]"
CONTROL,104974097.85299999,"[-0.081959, 0.091493, 0.649704, -0.0961, -0.089943, 0.574409]"
CONTROL,104994177.36800002,"[-0.078776, 0.088502, 0.649334, -0.093853, -0.089715, 0.573672]"
CONTROL,105014261.20300005,"[-0.075543, 0.085384, 0.648817, -0.091369, -0.089314, 0.572644]"
CONTROL,105034340.58999994,"[-0.072263, 0.082146, 0.648153, -0.088654, -0.08874, 0.571329]"
CONTROL,105054421.80199999,"[-0.068937, 0.07879, 0.647343, -0.085716, -0.087994, 0.569733]"
CONTROL,105074501.73300004,"[-0.065567, 0.075323, 0.646388, -0.08256, -0.087078, 0.567862]"
CONTROL,105094585.12000003,"[-0.062156, 0.071749, 0.645287, -0.079196, -0.085994, 0.565723]"
CONTROL,105114663.995,"[-0.058706, 0.068072, 0.644044, -0.075632, -0.084743, 0.563325]"
CONTROL,105134743.44600001,"[-0.055219, 0.064299, 0.642658, -0.071877, -0.083328, 0.560676]"
CONTROL,105154824.72099996,"[-0.051696, 0.060435, 0.641132, -0.067941, -0.081753, 0.557788]"
CONTROL,105174905.00400004,"[-0.048142, 0.056484, 0.639466, -0.063833, -0.080019, 0.554673]"
CONTROL,105194985.319,"[-0.044556, 0.052454, 0.637663, -0.059563, -0.07813, 0.551341]"
CONTROL,105215065.89,"[-0.040943, 0.048349, 0.635724, -0.055143, -0.07609, 0.547807]"
CONTROL,105235146.94200003,"[-0.037303, 0.044175, 0.633651, -0.050584, -0.073903, 0.544084]"
CONTROL,105255226.10500002,"[-0.033641, 0.039938, 0.631446, -0.045897, -0.071574, 0.540187]"
CONTROL,105275304.14800003,"[-0.029956, 0.035645, 0.629111, -0.041094, -0.069105, 0.536132]"
CONTROL,105295384.17499998,"[-0.026253, 0.031301, 0.626649, -0.036188, -0.066503, 0.531933]"
CONTROL,105315463.78600001,"[-0.022534, 0.026912, 0.624062, -0.031189, -0.063773, 0.527609]"
CONTROL,105335542.75699998,"[-0.0188, 0.022486, 0.621353, -0.026112, -0.060919, 0.523176]"
CONTROL,105355621.63199995,"[-0.015054, 0.018027, 0.618523, -0.02097, -0.057947, 0.518652]"
CONTROL,105375703.73899996,"[-0.011299, 0.013543, 0.615577, -0.015774, -0.054863, 0.514054]"
CONTROL,105395782.80599995,"[-0.007537, 0.009039, 0.612517, -0.010538, -0.051673, 0.5094]"
CONTROL,105415864.081,"[-0.00377, 0.004523, 0.609345, -0.005276, -0.048383, 0.504709]"
CONTROL,105435944.26799996,"[0.0, -0.0, 0.606066, 0.0, -0.045, 0.5]"
CONTROL,105456089.066,"[0.00377, -0.004523, 0.602682, 0.005276, -0.04153, 0.495291]"
CONTROL,105476168.35700001,"[0.007537, -0.009039, 0.599197, 0.010538, -0.037979, 0.4906]"
CONTROL,105496247.423,"[0.011299, -0.013543, 0.595614, 0.015774, -0.034354, 0.485946]"
CONTROL,105516325.40000002,"[0.015054, -0.018027, 0.591936, 0.02097, -0.030664, 0.481348]"
CONTROL,105536405.71400002,"[0.0188, -0.022486, 0.588168, 0.026112, -0.026914, 0.476824]"
CONTROL,105556485.41899996,"[0.022534, -0.026912, 0.584313, 0.031189, -0.023112, 0.472391]"
CONTROL,105576563.588,"[0.026253, -0.031301, 0.580374, 0.036188, -0.019265, 0.468067]"
CONTROL,105596643.16600004,"[0.029956, -0.035645, 0.576356, 0.041094, -0.015381, 0.463868]"
CONTROL,105616722.87099998,"[0.033641, -0.039938, 0.572263, 0.045897, -0.011467, 0.459813]"
CONTROL,105636802.224,"[0.037303, -0.044175, 0.568099, 0.050584, -0.007531, 0.455916]"
CONTROL,105656886.24999996,"[0.040943, -0.048349, 0.563867, 0.055143, -0.00358, 0.452193]"
CONTROL,105676965.25099996,"[0.044556, -0.052454, 0.559572, 0.059563, 0.000377, 0.448659]"
CONTROL,105697044.89299999,"[0.048142, -0.056484, 0.555219, 0.063833, 0.004334, 0.445327]"
CONTROL,105717124.98199998,"[0.051696, -0.060435, 0.550811, 0.067941, 0.008282, 0.442212]"
CONTROL,105737203.47200003,"[0.055219, -0.064299, 0.546353, 0.071877, 0.012214, 0.439324]"
CONTROL,105757282.76099995,"[0.058706, -0.068072, 0.541849, 0.075632, 0.016123, 0.436675]"
CONTROL,105777361.88999996,"[0.062156, -0.071749, 0.537303, 0.079196, 0.020001, 0.434277]"
CONTROL,105797442.77999999,"[0.065567, -0.075323, 0.532721, 0.08256, 0.023839, 0.432138]"
CONTROL,105817521.52499996,"[0.068937, -0.07879, 0.528107, 0.085716, 0.027632, 0.430267]"
CONTROL,105837601.32700002,"[0.072263, -0.082146, 0.523465, 0.088654, 0.031371, 0.428671]"
CONTROL,105857680.93599994,"[0.075543, -0.085384, 0.5188, 0.091369, 0.03505, 0.427356]"
CONTROL,105877755.80899996,"[0.078776, -0.088502, 0.514116, 0.093853, 0.038661, 0.426328]"
CONTROL,105897834.107,"[0.081959, -0.091493, 0.509419, 0.0961, 0.042197, 0.425591]"
CONTROL,105917912.43599994,"[0.08509, -0.094355, 0.504712, 0.098105, 0.045651, 0.425148]"
CONTROL,105937991.40500005,"[0.088168, -0.097082, 0.5, 0.099861, 0.049018, 0.425]"
CONTROL,105958071.62300003,"[0.09119, -0.099672, 0.495288, 0.101365, 0.052289, 0.425148]"
CONTROL,105978150.24,"[0.094154, -0.102119, 0.490581, 0.102613, 0.055459, 0.425591]"
CONTROL,105998228.79299995,"[0.097058, -0.104422, 0.485884, 0.103602, 0.058522, 0.426328]"
CONTROL,106018307.79499994,"[0.099902, -0.106576, 0.4812, 0.104329, 0.061472, 0.427356]"
CONTROL,106038386.98799996,"[0.102682, -0.108579, 0.476535, 0.104793, 0.064303, 0.428671]"
CONTROL,106058466.95000002,"[0.105397, -0.110428, 0.471893, 0.104992, 0.067009, 0.430267]"
CONTROL,106078546.23900005,"[0.108046, -0.112119, 0.467279, 0.104925, 0.069586, 0.432138]"
CONTROL,106098625.87999998,"[0.110627, -0.113652, 0.462697, 0.104594, 0.072028, 0.434277]"
CONTROL,106118705.84199993,"[0.113138, -0.115023, 0.458151, 0.103998, 0.074331, 0.436675]"
CONTROL,106138785.06699996,"[0.115577, -0.11623, 0.453647, 0.10314, 0.07649, 0.439324]"
CONTROL,106158866.75699994,"[0.117943, -0.117272, 0.449189, 0.102021, 0.078502, 0.442212]"
CONTROL,106178948.31800003,"[0.120235, -0.118148, 0.444781, 0.100645, 0.080361, 0.445327]"
CONTROL,106199028.66400002,"[0.122451, -0.118855, 0.440428, 0.099014, 0.082065, 0.448659]"
CONTROL,106219110.64100005,"[0.124589, -0.119394, 0.436133, 0.097133, 0.08361, 0.452193]"
CONTROL,106239190.506,"[0.126649, -0.119763, 0.431901, 0.095007, 0.084994, 0.455916]"
CONTROL,106259269.37999998,"[0.128629, -0.119962, 0.427737, 0.092641, 0.086213, 0.459813]"
CONTROL,106279350.141,"[0.130528, -0.119991, 0.423644, 0.09004, 0.087265, 0.463868]"
CONTROL,106299430.19899997,"[0.132344, -0.119848, 0.419626, 0.087213, 0.088149, 0.468067]"
CONTROL,106319509.23199998,"[0.134076, -0.119536, 0.415687, 0.084165, 0.088862, 0.472391]"
CONTROL,106339588.77700001,"[0.135724, -0.119054, 0.411832, 0.080904, 0.089404, 0.476824]"
CONTROL,106359668.38699995,"[0.137286, -0.118402, 0.408064, 0.077439, 0.089772, 0.481348]"
CONTROL,106379747.29200004,"[0.138762, -0.117583, 0.404386, 0.073778, 0.089967, 0.485946]"
CONTROL,106399826.80599996,"[0.140149, -0.116596, 0.400803, 0.069931, 0.089987, 0.4906]"
CONTROL,106419906.287,"[0.141449, -0.115443, 0.397318, 0.065908, 0.089834, 0.495291]"
CONTROL,106439987.84799999,"[0.142658, -0.114127, 0.393934, 0.061717, 0.089507, 0.5]"
CONTROL,106460127.07600005,"[0.143778, -0.112648, 0.390655, 0.057371, 0.089007, 0.504709]"
CONTROL,106480207.06900002,"[0.144807, -0.111009, 0.387483, 0.05288, 0.088334, 0.5094]"
CONTROL,106500287.44600001,"[0.145745, -0.109213, 0.384423, 0.048256, 0.087491, 0.514054]"
CONTROL,106520367.72500002,"[0.14659, -0.107261, 0.381477, 0.043509, 0.086479, 0.518652]"
CONTROL,106540447.685,"[0.147343, -0.105157, 0.378647, 0.038653, 0.085299, 0.523176]"
CONTROL,106560527.67699999,"[0.148003, -0.102903, 0.375938, 0.033699, 0.083955, 0.527609]"
CONTROL,106580606.67699999,"[0.148569, -0.100503, 0.373351, 0.02866, 0.082447, 0.531933]"
CONTROL,106600686.66799998,"[0.149042, -0.097961, 0.370889, 0.023548, 0.080781, 0.536132]"
CONTROL,106620766.53199995,"[0.14942, -0.095279, 0.368554, 0.018377, 0.078958, 0.540187]"
CONTROL,106640845.30799994,"[0.149704, -0.092462, 0.366349, 0.01316, 0.076983, 0.544084]"
CONTROL,106660924.56399997,"[0.149893, -0.089513, 0.364276, 0.007909, 0.074858, 0.547807]"
CONTROL,106681004.26700005,"[0.149988, -0.086437, 0.362337, 0.002639, 0.072589, 0.551341]"
CONTROL,106701083.939,"[0.149988, -0.083238, 0.360534, -0.002639, 0.07018, 0.554673]"
CONTROL,106721166.10700004,"[0.149893, -0.079921, 0.358868, -0.007909, 0.067635, 0.557788]"
CONTROL,106741246.16300003,"[0.149704, -0.076491, 0.357342, -0.01316, 0.064958, 0.560676]"
CONTROL,106761324.84200002,"[0.14942, -0.072952, 0.355956, -0.018377, 0.062157, 0.563325]"
CONTROL,106781404.70599999,"[0.149042, -0.069309, 0.354713, -0.023548, 0.059235, 0.565723]"
CONTROL,106801484.31400006,"[0.148569, -0.065567, 0.353612, -0.02866, 0.056198, 0.567862]"
CONTROL,106821564.11400001,"[0.148003, -0.061733, 0.352657, -0.033699, 0.053053, 0.569733]"
CONTROL,106841642.31299996,"[0.147343, -0.05781, 0.351847, -0.038653, 0.049805, 0.571329]"
CONTROL,106861722.43299995,"[0.14659, -0.053806, 0.351183, -0.043509, 0.046461, 0.572644]"
CONTROL,106881801.08100004,"[0.145745, -0.049725, 0.350666, -0.048256, 0.043027, 0.573672]"
CONTROL,106901881.36100005,"[0.144807, -0.045573, 0.350296, -0.05288, 0.03951, 0.574409]"
CONTROL,106921960.19999994,"[0.143778, -0.041357, 0.350074, -0.057371, 0.035916, 0.574852]"
CONTROL,106942041.79199994,"[0.142658, -0.037082, 0.35, -0.061717, 0.032253, 0.575]"
CONTROL,106962124.63200004,"[0.141449, -0.032754, 0.350074, -0.065908, 0.028528, 0.574852]"
CONTROL,106982209.23199995,"[0.140149, -0.02838, 0.350296, -0.069931, 0.024747, 0.574409]"
CONTROL,107002292.96800001,"[0.138762, -0.023965, 0.350666, -0.073778, 0.020918, 0.573672]"
CONTROL,107022374.432,"[0.137286, -0.019516, 0.351183, -0.077439, 0.017049, 0.572644]"
CONTROL,107042455.22400004,"[0.135724, -0.01504, 0.351847, -0.080904, 0.013147, 0.571329]"
CONTROL,107062534.06300004,"[0.134076, -0.010542, 0.352657, -0.084165, 0.00922, 0.569733]"
CONTROL,107082615.27100001,"[0.132344, -0.006029, 0.353612, -0.087213, 0.005275, 0.567862]"
CONTROL,107102695.13499998,"[0.130528, -0.001508, 0.354713, -0.09004, 0.001319, 0.565723]"
CONTROL,107122774.99899994,"[0.128629, 0.003016, 0.355956, -0.092641, -0.002639, 0.563325]"
CONTROL,107142855.758,"[0.126649, 0.007535, 0.357342, -0.095007, -0.006591, 0.560676]"
CONTROL,107162937.99000004,"[0.124589, 0.012043, 0.358868, -0.097133, -0.010532, 0.557788]"
CONTROL,107183017.694,"[0.122451, 0.016535, 0.360534, -0.099014, -0.014451, 0.554673]"
CONTROL,107203097.49399996,"[0.120235, 0.021003, 0.362337, -0.100645, -0.018343, 0.551341]"
CONTROL,107223176.846,"[0.117943, 0.025441, 0.364276, -0.102021, -0.022199, 0.547807]"
CONTROL,107243256.51699996,"[0.115577, 0.029843, 0.366349, -0.10314, -0.026013, 0.544084]"
CONTROL,107263335.80499999,"[0.113138, 0.034202, 0.368554, -0.103998, -0.029776, 0.540187]"
CONTROL,107283414.32499997,"[0.110627, 0.038513, 0.370889, -0.104594, -0.033481, 0.536132]"
CONTROL,107303493.06799996,"[0.108046, 0.042769, 0.373351, -0.104925, -0.037122, 0.531933]"
CONTROL,107323572.48400001,"[0.105397, 0.046965, 0.375938, -0.104992, -0.040691, 0.527609]"
CONTROL,107343652.05999996,"[0.102682, 0.051094, 0.378647, -0.104793, -0.044181, 0.523176]"
CONTROL,107363731.604,"[0.099902, 0.05515, 0.381477, -0.104329, -0.047586, 0.518652]"
CONTROL,107383810.89099994,"[0.097058, 0.059127, 0.384423, -0.103602, -0.050899, 0.514054]"
CONTROL,107403890.467,"[0.094154, 0.063021, 0.387483, -0.102613, -0.054113, 0.5094]"
CONTROL,107423971.16300003,"[0.09119, 0.066825, 0.390655, -0.101365, -0.057223, 0.504709]"
CONTROL,107444050.16300005,"[0.088168, 0.070534, 0.393934, -0.099861, -0.060222, 0.5]"
CONTROL,107464189.77300005,"[0.08509, 0.074143, 0.397318, -0.098105, -0.063104, 0.495291]"
CONTROL,107484269.15599999,"[0.081959, 0.077647, 0.400803, -0.0961, -0.065865, 0.4906]"
CONTROL,107504347.67399998,"[0.078776, 0.08104, 0.404386, -0.093853, -0.068498, 0.485946]"
CONTROL,107524426.737,"[0.075543, 0.084318, 0.408064, -0.091369, -0.070998, 0.481348]"
CONTROL,107544506.59899999,"[0.072263, 0.087476, 0.411832, -0.088654, -0.073362, 0.476824]"
CONTROL,107564589.08499996,"[0.068937, 0.09051, 0.415687, -0.085716, -0.075583, 0.472391]"
CONTROL,107584669.61900002,"[0.065567, 0.093415, 0.419626, -0.08256, -0.077658, 0.468067]"
CONTROL,107604750.69699998,"[0.062156, 0.096188, 0.423644, -0.079196, -0.079583, 0.463868]"
CONTROL,107624830.39899996,"[0.058706, 0.098824, 0.427737, -0.075632, -0.081354, 0.459813]"
CONTROL,107644909.71800001,"[0.055219, 0.101319, 0.431901, -0.071877, -0.082968, 0.455916]"
CONTROL,107664992.26799999,"[0.051696, 0.103671, 0.436133, -0.067941, -0.084421, 0.452193]"
CONTROL,107685072.322,"[0.048142, 0.105875, 0.440428, -0.063833, -0.085711, 0.448659]"
CONTROL,107705152.85600004,"[0.044556, 0.107929, 0.444781, -0.059563, -0.086835, 0.445327]"
CONTROL,107725231.78999995,"[0.040943, 0.109829, 0.449189, -0.055143, -0.087791, 0.442212]"
CONTROL,107745310.948,"[0.037303, 0.111573, 0.453647, -0.050584, -0.088578, 0.439324]"
CONTROL,107765391.066,"[0.033641, 0.113159, 0.458151, -0.045897, -0.089193, 0.436675]"
CONTROL,107785470.92899999,"[0.029956, 0.114584, 0.462697, -0.041094, -0.089635, 0.434277]"
CONTROL,107805550.34300005,"[0.026253, 0.115846, 0.467279, -0.036188, -0.089904, 0.432138]"
CONTROL,107825631.19700001,"[0.022534, 0.116943, 0.471893, -0.031189, -0.09, 0.430267]"
CONTROL,107845711.25100002,"[0.0188, 0.117874, 0.476535, -0.026112, -0.089921, 0.428671]"
CONTROL,107865789.09699994,"[0.015054, 0.118638, 0.4812, -0.02097, -0.089668, 0.427356]"
CONTROL,107885869.24699996,"[0.011299, 0.119233, 0.485884, -0.015774, -0.089242, 0.426328]"
CONTROL,107905949.49299999,"[0.007537, 0.119659, 0.490581, -0.010538, -0.088644, 0.425591]"
CONTROL,107926030.63599995,"[0.00377, 0.119915, 0.495288, -0.005276, -0.087873, 0.425148]"
CONTROL,107946110.40200004,"[0.0, 0.12, 0.5, -0.0, -0.086933, 0.425]"
CONTROL,107966190.13600002,"[-0.00377, 0.119915, 0.504712, 0.005276, -0.085825, 0.425148]"
CONTROL,107986271.182,"[-0.007537, 0.119659, 0.509419, 0.010538, -0.084551, 0.425591]"
CONTROL,108006356.86800002,"[-0.011299, 0.119233, 0.514116, 0.015774, -0.083113, 0.426328]"
CONTROL,108026442.61900002,"[-0.015054, 0.118638, 0.5188, 0.02097, -0.081515, 0.427356]"
CONTROL,108046523.02499995,"[-0.0188, 0.117874, 0.523465, 0.026112, -0.079758, 0.428671]"
CONTROL,108066602.43900001,"[-0.022534, 0.116943, 0.528107, 0.031189, -0.077848, 0.430267]"
CONTROL,108086683.45299998,"[-0.026253, 0.115846, 0.532721, 0.036188, -0.075787, 0.432138]"
CONTROL,108106761.90699996,"[-0.029956, 0.114584, 0.537303, 0.041094, -0.073579, 0.434277]"
CONTROL,108126842.12199996,"[-0.033641, 0.113159, 0.541849, 0.045897, -0.071229, 0.436675]"
CONTROL,108146920.25600004,"[-0.037303, 0.111573, 0.546353, 0.050584, -0.068742, 0.439324]"
CONTROL,108167000.56599995,"[-0.040943, 0.109829, 0.550811, 0.055143, -0.066121, 0.442212]"
CONTROL,108187081.004,"[-0.044556, 0.107929, 0.555219, 0.059563, -0.063372, 0.445327]"
CONTROL,108207158.21,"[-0.048142, 0.105875, 0.559572, 0.063833, -0.060501, 0.448659]"
CONTROL,108227235.38399999,"[-0.051696, 0.103671, 0.563867, 0.067941, -0.057513, 0.452193]"
CONTROL,108247308.17399995,"[-0.055219, 0.101319, 0.568099, 0.071877, -0.054414, 0.455916]"
CONTROL,108267388.09999995,"[-0.058706, 0.098824, 0.572263, 0.075632, -0.051209, 0.459813]"
CONTROL,108287467.19399999,"[-0.062156, 0.096188, 0.576356, 0.079196, -0.047906, 0.463868]"
CONTROL,108307545.42399995,"[-0.065567, 0.093415, 0.580374, 0.08256, -0.044509, 0.468067]"
CONTROL,108327624.74200001,"[-0.068937, 0.09051, 0.584313, 0.085716, -0.041027, 0.472391]"
CONTROL,108347704.669,"[-0.072263, 0.087476, 0.588168, 0.088654, -0.037465, 0.476824]"
CONTROL,108367783.95500004,"[-0.075543, 0.084318, 0.591936, 0.091369, -0.033831, 0.481348]"
CONTROL,108387863.59300002,"[-0.078776, 0.08104, 0.595614, 0.093853, -0.030131, 0.485946]"
CONTROL,108407945.18300004,"[-0.081959, 0.077647, 0.599197, 0.0961, -0.026374, 0.4906]"
CONTROL,108428023.63700002,"[-0.08509, 0.074143, 0.602682, 0.098105, -0.022565, 0.495291]"
CONTROL,108448105.29100005,"[-0.088168, 0.070534, 0.606066, 0.099861, -0.018712, 0.5]"
CONTROL,108468246.27599995,"[-0.09119, 0.066825, 0.609345, 0.101365, -0.014823, 0.504709]"
CONTROL,108488328.60200003,"[-0.094154, 0.063021, 0.612517, 0.102613, -0.010906, 0.5094]"
CONTROL,108508407.11800003,"[-0.097058, 0.059127, 0.615577, 0.103602, -0.006967, 0.514054]"
CONTROL,108528486.94700003,"[-0.099902, 0.05515, 0.618523, 0.104329, -0.003015, 0.518652]"
CONTROL,108548567.06299995,"[-0.102682, 0.051094, 0.621353, 0.104793, 0.000942, 0.523176]"
CONTROL,108568645.13200003,"[-0.105397, 0.046965, 0.624062, 0.104992, 0.004898, 0.527609]"
CONTROL,108588723.99999996,"[-0.108046, 0.042769, 0.626649, 0.104925, 0.008845, 0.531933]"
CONTROL,108608802.54899997,"[-0.110627, 0.038513, 0.629111, 0.104594, 0.012774, 0.536132]"
CONTROL,108628881.67300002,"[-0.113138, 0.034202, 0.631446, 0.103998, 0.016679, 0.540187]"
CONTROL,108648961.02199998,"[-0.115577, 0.029843, 0.633651, 0.10314, 0.020552, 0.544084]"
CONTROL,108669040.05000004,"[-0.117943, 0.025441, 0.635724, 0.102021, 0.024384, 0.547807]"
CONTROL,108689120.19899994,"[-0.120235, 0.021003, 0.637663, 0.100645, 0.02817, 0.551341]"
CONTROL,108709199.00299998,"[-0.122451, 0.016535, 0.639466, 0.099014, 0.031901, 0.554673]"
CONTROL,108729280.68800002,"[-0.124589, 0.012043, 0.641132, 0.097133, 0.03557, 0.557788]"
CONTROL,108749359.10800003,"[-0.126649, 0.007535, 0.642658, 0.095007, 0.039171, 0.560676]"
CONTROL,108769439.35299994,"[-0.128629, 0.003016, 0.644044, 0.092641, 0.042696, 0.563325]"
CONTROL,108789517.99699996,"[-0.130528, -0.001508, 0.645287, 0.09004, 0.046138, 0.565723]"
CONTROL,108809595.554,"[-0.132344, -0.006029, 0.646388, 0.087213, 0.049491, 0.567862]"
CONTROL,108829674.26200002,"[-0.134076, -0.010542, 0.647343, 0.084165, 0.052748, 0.569733]"
CONTROL,108849754.12300003,"[-0.135724, -0.01504, 0.648153, 0.080904, 0.055903, 0.571329]"
CONTROL,108869832.76800004,"[-0.137286, -0.019516, 0.648817, 0.077439, 0.05895, 0.572644]"
CONTROL,108889909.13999999,"[-0.138762, -0.023965, 0.649334, 0.073778, 0.061884, 0.573672]"
CONTROL,108909989.161,"[-0.140149, -0.02838, 0.649704, 0.069931, 0.064697, 0.574409]"
CONTROL,108930069.21300003,"[-0.141449, -0.032754, 0.649926, 0.065908, 0.067385, 0.574852]"
CONTROL,108950150.29,"[-0.142658, -0.037082, 0.65, 0.061717, 0.069943, 0.575]"
CONTROL,108970230.15000002,"[-0.143778, -0.041357, 0.649926, 0.057371, 0.072366, 0.574852]"
CONTROL,108990309.21099995,"[-0.144807, -0.045573, 0.649704, 0.05288, 0.074648, 0.574409]"
CONTROL,109010393.71100001,"[-0.145745, -0.049725, 0.649334, 0.048256, 0.076787, 0.573672]"
CONTROL,109030473.95600003,"[-0.14659, -0.053806, 0.648817, 0.043509, 0.078777, 0.572644]"
CONTROL,109050553.72100003,"[-0.147343, -0.05781, 0.648153, 0.038653, 0.080614, 0.571329]"
CONTROL,109070634.86100003,"[-0.148003, -0.061733, 0.647343, 0.033699, 0.082296, 0.569733]"
CONTROL,109090715.00999995,"[-0.148569, -0.065567, 0.646388, 0.02866, 0.083818, 0.567862]"
CONTROL,109110796.75799999,"[-0.149042, -0.069309, 0.645287, 0.023548, 0.085178, 0.565723]"
CONTROL,109130875.211,"[-0.14942, -0.072952, 0.644044, 0.018377, 0.086374, 0.563325]"
CONTROL,109150955.71099994,"[-0.149704, -0.076491, 0.642658, 0.01316, 0.087402, 0.560676]"
CONTROL,109171035.34800003,"[-0.149893, -0.079921, 0.641132, 0.007909, 0.088261, 0.557788]"
CONTROL,109191116.36100002,"[-0.149988, -0.083238, 0.639466, 0.002639, 0.08895, 0.554673]"
CONTROL,109211195.901,"[-0.149988, -0.086437, 0.637663, -0.002639, 0.089467, 0.551341]"
CONTROL,109231274.322,"[-0.149893, -0.089513, 0.635724, -0.007909, 0.08981, 0.547807]"
CONTROL,109251353.86199997,"[-0.149704, -0.092462, 0.633651, -0.01316, 0.08998, 0.544084]"
CONTROL,109271432.25099996,"[-0.14942, -0.095279, 0.631446, -0.018377, 0.089976, 0.540187]"
CONTROL,109291513.58299999,"[-0.149042, -0.097961, 0.629111, -0.023548, 0.089798, 0.536132]"
CONTROL,109311594.11600004,"[-0.148569, -0.100503, 0.626649, -0.02866, 0.089446, 0.531933]"
CONTROL,109331672.91999996,"[-0.148003, -0.102903, 0.624062, -0.033699, 0.088921, 0.527609]"
CONTROL,109351751.05300005,"[-0.147343, -0.105157, 0.621353, -0.038653, 0.088224, 0.523176]"
CONTROL,109371830.75300004,"[-0.14659, -0.107261, 0.618523, -0.043509, 0.087357, 0.518652]"
CONTROL,109391909.81399998,"[-0.145745, -0.109213, 0.615577, -0.048256, 0.08632, 0.514054]"
CONTROL,109411989.32199995,"[-0.144807, -0.111009, 0.612517, -0.05288, 0.085117, 0.5094]"
CONTROL,109432069.823,"[-0.143778, -0.112648, 0.609345, -0.057371, 0.083749, 0.504709]"
CONTROL,109452149.395,"[-0.142658, -0.114127, 0.606066, -0.061717, 0.082219, 0.5]"
CONTROL,109472291.81800003,"[-0.141449, -0.115443, 0.602682, -0.065908, 0.08053, 0.495291]"
CONTROL,109492370.49399994,"[-0.140149, -0.116596, 0.599197, -0.069931, 0.078685, 0.4906]"
CONTROL,109512449.16899998,"[-0.138762, -0.117583, 0.595614, -0.073778, 0.076688, 0.485946]"
CONTROL,109532527.39599998,"[-0.137286, -0.118402, 0.591936, -0.077439, 0.074543, 0.481348]"
CONTROL,109552606.07100001,"[-0.135724, -0.119054, 0.588168, -0.080904, 0.072254, 0.476824]"
CONTROL,109572685.19399998,"[-0.134076, -0.119536, 0.584313, -0.084165, 0.069824, 0.472391]"
CONTROL,109592763.16499995,"[-0.132344, -0.119848, 0.580374, -0.087213, 0.06726, 0.468067]"
CONTROL,109612842.35200003,"[-0.130528, -0.119991, 0.576356, -0.09004, 0.064566, 0.463868]"
CONTROL,109632922.05100004,"[-0.128629, -0.119962, 0.572263, -0.092641, 0.061747, 0.459813]"
CONTROL,109653001.62200004,"[-0.126649, -0.119763, 0.568099, -0.095007, 0.058808, 0.455916]"
CONTROL,109673080.32899995,"[-0.124589, -0.119394, 0.563867, -0.097133, 0.055755, 0.452193]"
CONTROL,109693160.76400003,"[-0.122451, -0.118855, 0.559572, -0.099014, 0.052595, 0.448659]"
CONTROL,109713241.80700003,"[-0.120235, -0.118148, 0.555219, -0.100645, 0.049333, 0.445327]"
CONTROL,109733320.48199995,"[-0.117943, -0.117272, 0.550811, -0.102021, 0.045976, 0.442212]"
CONTROL,109753400.789,"[-0.115577, -0.11623, 0.546353, -0.10314, 0.04253, 0.439324]"
CONTROL,109773479.81599997,"[-0.113138, -0.115023, 0.541849, -0.103998, 0.039001, 0.436675]"
CONTROL,109793558.68200003,"[-0.110627, -0.113652, 0.537303, -0.104594, 0.035397, 0.434277]"
CONTROL,109813637.22900005,"[-0.108046, -0.112119, 0.532721, -0.104925, 0.031725, 0.432138]"
CONTROL,109833715.99999999,"[-0.105397, -0.110428, 0.528107, -0.104992, 0.027991, 0.430267]"
CONTROL,109853796.37100004,"[-0.102682, -0.108579, 0.523465, -0.104793, 0.024203, 0.428671]"
CONTROL,109873875.71800002,"[-0.099902, -0.106576, 0.5188, -0.104329, 0.020368, 0.427356]"
CONTROL,109893954.36099994,"[-0.097058, -0.104422, 0.514116, -0.103602, 0.016494, 0.426328]"
CONTROL,109914032.58799994,"[-0.094154, -0.102119, 0.509419, -0.102613, 0.012588, 0.425591]"
CONTROL,109934109.66299996,"[-0.09119, -0.099672, 0.504712, -0.101365, 0.008657, 0.425148]"
CONTROL,109954189.29799996,"[-0.088168, -0.097082, 0.5, -0.099861, 0.00471, 0.425]"
CONTROL,109974271.90899998,"[-0.08509, -0.094355, 0.495288, -0.098105, 0.000754, 0.425148]"
CONTROL,109994350.77600004,"[-0.081959, -0.091493, 0.490581, -0.0961, -0.003204, 0.425591]"
CONTROL,110014430.18700002,"[-0.078776, -0.088502, 0.485884, -0.093853, -0.007155, 0.426328]"
CONTROL,110034513.21399996,"[-0.075543, -0.085384, 0.4812, -0.091369, -0.011093, 0.427356]"
CONTROL,110054594.92900002,"[-0.072263, -0.082146, 0.476535, -0.088654, -0.015009, 0.428671]"
CONTROL,110074673.98799998,"[-0.068937, -0.07879, 0.471893, -0.085716, -0.018896, 0.430267]"
CONTROL,110094752.98300004,"[-0.065567, -0.075323, 0.467279, -0.08256, -0.022747, 0.432138]"
CONTROL,110114832.00999999,"[-0.062156, -0.071749, 0.462697, -0.079196, -0.026554, 0.434277]"
CONTROL,110134911.54899998,"[-0.058706, -0.068072, 0.458151, -0.075632, -0.030309, 0.436675]"
CONTROL,110154990.16000001,"[-0.055219, -0.064299, 0.453647, -0.071877, -0.034006, 0.439324]"
CONTROL,110175068.96299994,"[-0.051696, -0.060435, 0.449189, -0.067941, -0.037637, 0.442212]"
CONTROL,110195152.88599996,"[-0.048142, -0.056484, 0.444781, -0.063833, -0.041195, 0.445327]"
CONTROL,110215232.77699998,"[-0.044556, -0.052454, 0.440428, -0.059563, -0.044673, 0.448659]"
CONTROL,110235309.91600001,"[-0.040943, -0.048349, 0.436133, -0.055143, -0.048065, 0.452193]"
CONTROL,110255393.32699998,"[-0.037303, -0.044175, 0.431901, -0.050584, -0.051364, 0.455916]"
CONTROL,110275474.97800003,"[-0.033641, -0.039938, 0.427737, -0.045897, -0.054564, 0.459813]"
CONTROL,110295552.91700001,"[-0.029956, -0.035645, 0.423644, -0.041094, -0.057658, 0.463868]"
CONTROL,110315633.8,"[-0.026253, -0.031301, 0.419626, -0.036188, -0.060641, 0.468067]"
CONTROL,110335713.14699998,"[-0.022534, -0.026912, 0.415687, -0.031189, -0.063506, 0.472391]"
CONTROL,110355792.39799994,"[-0.0188, -0.022486, 0.411832, -0.026112, -0.066249, 0.476824]"
CONTROL,110375871.137,"[-0.015054, -0.018027, 0.408064, -0.02097, -0.068863, 0.481348]"
CONTROL,110395950.19599995,"[-0.011299, -0.013543, 0.404386, -0.015774, -0.071344, 0.485946]"
CONTROL,110416028.35899994,"[-0.007537, -0.009039, 0.400803, -0.010538, -0.073688, 0.4906]"
CONTROL,110436106.64999995,"[-0.00377, -0.004523, 0.397318, -0.005276, -0.075888, 0.495291]"
CONTROL,110456185.677,"[-0.0, -0.0, 0.393934, -0.0, -0.077942, 0.5]"
CONTROL,110476319.61699994,"[0.00377, 0.004523, 0.390655, 0.005276, -0.079845, 0.504709]"
CONTROL,110496399.57099998,"[0.007537, 0.009039, 0.387483, 0.010538, -0.081594, 0.5094]"
CONTROL,110516478.34100004,"[0.011299, 0.013543, 0.384423, 0.015774, -0.083185, 0.514054]"
CONTROL,110536557.68600003,"[0.015054, 0.018027, 0.381477, 0.02097, -0.084615, 0.518652]"
CONTROL,110556637.89599998,"[0.0188, 0.022486, 0.378647, 0.026112, -0.085882, 0.523176]"
CONTROL,110576715.961,"[0.022534, 0.026912, 0.375938, 0.031189, -0.086982, 0.527609]"
CONTROL,110596794.25000001,"[0.026253, 0.031301, 0.373351, 0.036188, -0.087914, 0.531933]"
CONTROL,110616873.21199997,"[0.029956, 0.035645, 0.370889, 0.041094, -0.088676, 0.536132]"
CONTROL,110636951.11699997,"[0.033641, 0.039938, 0.368554, 0.045897, -0.089267, 0.540187]"
CONTROL,110657028.60700002,"[0.037303, 0.044175, 0.366349, 0.050584, -0.089684, 0.544084]"
CONTROL,110677106.83200005,"[0.040943, 0.048349, 0.364276, 0.055143, -0.089929, 0.547807]"
CONTROL,110697198.59400004,"[0.044556, 0.052454, 0.362337, 0.059563, -0.089999, 0.551341]"
CONTROL,110717277.58700001,"[0.048142, 0.056484, 0.360534, 0.063833, -0.089896, 0.554673]"
CONTROL,110737355.78100002,"[0.051696, 0.060435, 0.358868, 0.067941, -0.089618, 0.557788]"
CONTROL,110757436.98199995,"[0.055219, 0.064299, 0.357342, 0.071877, -0.089167, 0.560676]"
CONTROL,110777514.95099995,"[0.058706, 0.068072, 0.355956, 0.075632, -0.088544, 0.563325]"
CONTROL,110797593.14499995,"[0.062156, 0.071749, 0.354713, 0.079196, -0.08775, 0.565723]"
CONTROL,110817672.71399997,"[0.065567, 0.075323, 0.353612, 0.08256, -0.086785, 0.567862]"
CONTROL,110837751.51600003,"[0.068937, 0.07879, 0.352657, 0.085716, -0.085653, 0.569733]"
CONTROL,110857829.90099995,"[0.072263, 0.082146, 0.351847, 0.088654, -0.084355, 0.571329]"
CONTROL,110877910.36700003,"[0.075543, 0.085384, 0.351183, 0.091369, -0.082894, 0.572644]"
CONTROL,110897991.91999999,"[0.078776, 0.088502, 0.350666, 0.093853, -0.081273, 0.573672]"
CONTROL,110918070.68900004,"[0.081959, 0.091493, 0.350296, 0.0961, -0.079495, 0.574409]"
CONTROL,110938150.77099998,"[0.08509, 0.094355, 0.350074, 0.098105, -0.077563, 0.574852]"
CONTROL,110958230.56400003,"[0.088168, 0.097082, 0.35, 0.099861, -0.07548, 0.575]"
CONTROL,110978308.30999999,"[0.09119, 0.099672, 0.350074, 0.101365, -0.073252, 0.574852]"
CONTROL,110998387.17499995,"[0.094154, 0.102119, 0.350296, 0.102613, -0.070882, 0.574409]"
CONTROL,111018466.58399995,"[0.097058, 0.104422, 0.350666, 0.103602, -0.068375, 0.573672]"
CONTROL,111038546.698,"[0.099902, 0.106576, 0.351183, 0.104329, -0.065736, 0.572644]"
CONTROL,111058628.50699998,"[0.102682, 0.108579, 0.351847, 0.104793, -0.06297, 0.571329]"
CONTROL,111078707.02100001,"[0.105397, 0.110428, 0.352657, 0.104992, -0.060082, 0.569733]"
CONTROL,111098788.31799994,"[0.108046, 0.112119, 0.353612, 0.104925, -0.057077, 0.567862]"
CONTROL,111118867.88799995,"[0.110627, 0.113652, 0.354713, 0.104594, -0.053962, 0.565723]"
CONTROL,111138946.337,"[0.113138, 0.115023, 0.355956, 0.103998, -0.050743, 0.563325]"
CONTROL,111159026.61099994,"[0.115577, 0.11623, 0.357342, 0.10314, -0.047426, 0.560676]"
CONTROL,111179106.30799997,"[0.117943, 0.117272, 0.358868, 0.102021, -0.044017, 0.557788]"
CONTROL,111199185.30099994,"[0.120235, 0.118148, 0.360534, 0.100645, -0.040523, 0.554673]"
CONTROL,111219263.62299997,"[0.122451, 0.118855, 0.362337, 0.099014, -0.03695, 0.551341]"
CONTROL,111239341.55999996,"[0.124589, 0.119394, 0.364276, 0.097133, -0.033306, 0.547807]"
CONTROL,111259420.33000001,"[0.126649, 0.119763, 0.366349, 0.095007, -0.029598, 0.544084]"
CONTROL,111279499.35499999,"[0.128629, 0.119962, 0.368554, 0.092641, -0.025832, 0.540187]"
CONTROL,111299578.47599997,"[0.130528, 0.119991, 0.370889, 0.09004, -0.022017, 0.536132]"
CONTROL,111319660.22200003,"[0.132344, 0.119848, 0.373351, 0.087213, -0.018159, 0.531933]"
CONTROL,111339737.93500002,"[0.134076, 0.119536, 0.375938, 0.084165, -0.014265, 0.527609]"
CONTROL,111359816.70499995,"[0.135724, 0.119054, 0.378647, 0.080904, -0.010344, 0.523176]"
CONTROL,111379895.95399995,"[0.137286, 0.118402, 0.381477, 0.077439, -0.006403, 0.518652]"
CONTROL,111399973.44300002,"[0.138762, 0.117583, 0.384423, 0.073778, -0.00245, 0.514054]"
CONTROL,111420053.01300003,"[0.140149, 0.116596, 0.387483, 0.069931, 0.001508, 0.5094]"
CONTROL,111440131.78199998,"[0.141449, 0.115443, 0.390655, 0.065908, 0.005463, 0.504709]"
CONTROL,111460209.68799996,"[0.142658, 0.114127, 0.393934, 0.061717, 0.009408, 0.5]"
CONTROL,111480343.94699994,"[0.143778, 0.112648, 0.397318, 0.057371, 0.013334, 0.495291]"
CONTROL,111500423.73899998,"[0.144807, 0.111009, 0.400803, 0.05288, 0.017234, 0.4906]"
CONTROL,111520501.57899998,"[0.145745, 0.109213, 0.404386, 0.048256, 0.021102, 0.485946]"
CONTROL,111540580.09100004,"[0.14659, 0.107261, 0.408064, 0.043509, 0.024928, 0.481348]"
CONTROL,111560659.21100003,"[0.147343, 0.105157, 0.411832, 0.038653, 0.028706, 0.476824]"
CONTROL,111580737.37099995,"[0.148003, 0.102903, 0.415687, 0.033699, 0.032429, 0.472391]"
CONTROL,111600818.09099995,"[0.148569, 0.100503, 0.419626, 0.02866, 0.036089, 0.468067]"
CONTROL,111620896.60200001,"[0.149042, 0.097961, 0.423644, 0.023548, 0.039679, 0.463868]"
CONTROL,111640975.91400002,"[0.14942, 0.095279, 0.427737, 0.018377, 0.043193, 0.459813]"
CONTROL,111661055.51399994,"[0.149704, 0.092462, 0.431901, 0.01316, 0.046622, 0.455916]"
CONTROL,111681133.32200006,"[0.149893, 0.089513, 0.436133, 0.007909, 0.049962, 0.452193]"
CONTROL,111701211.92999999,"[0.149988, 0.086437, 0.440428, 0.002639, 0.053205, 0.448659]"
CONTROL,111721290.50599995,"[0.149988, 0.083238, 0.444781, -0.002639, 0.056345, 0.445327]"
CONTROL,111741369.88199995,"[0.149893, 0.079921, 0.449189, -0.007909, 0.059377, 0.442212]"
CONTROL,111761449.642,"[0.149704, 0.076491, 0.453647, -0.01316, 0.062293, 0.439324]"
CONTROL,111781528.66499999,"[0.14942, 0.072952, 0.458151, -0.018377, 0.065089, 0.436675]"
CONTROL,111801606.69700001,"[0.149042, 0.069309, 0.462697, -0.023548, 0.067759, 0.434277]"
CONTROL,111821688.21699998,"[0.148569, 0.065567, 0.467279, -0.02866, 0.070298, 0.432138]"
CONTROL,111841767.04899994,"[0.148003, 0.061733, 0.471893, -0.033699, 0.072701, 0.430267]"
CONTROL,111861843.22500002,"[0.147343, 0.05781, 0.476535, -0.038653, 0.074963, 0.428671]"
CONTROL,111881921.83299997,"[0.14659, 0.053806, 0.4812, -0.043509, 0.07708, 0.427356]"
CONTROL,111902004.121,"[0.145745, 0.049725, 0.485884, -0.048256, 0.079049, 0.426328]"
CONTROL,111922082.88899997,"[0.144807, 0.045573, 0.490581, -0.05288, 0.080864, 0.425591]"
CONTROL,111942161.145,"[0.143778, 0.041357, 0.495288, -0.057371, 0.082523, 0.425148]"
CONTROL,111962240.87199993,"[0.142658, 0.037082, 0.5, -0.061717, 0.084022, 0.425]"
CONTROL,111982323.09599996,"[0.141449, 0.032754, 0.504712, -0.065908, 0.085359, 0.425148]"
CONTROL,112002401.32,"[0.140149, 0.02838, 0.509419, -0.069931, 0.086531, 0.425591]"
CONTROL,112022479.70400004,"[0.138762, 0.023965, 0.514116, -0.073778, 0.087535, 0.426328]"
CONTROL,112042559.71999998,"[0.137286, 0.019516, 0.5188, -0.077439, 0.08837, 0.427356]"
CONTROL,112062637.55999999,"[0.135724, 0.01504, 0.523465, -0.080904, 0.089035, 0.428671]"
CONTROL,112082716.67999998,"[0.134076, 0.010542, 0.528107, -0.084165, 0.089526, 0.430267]"
CONTROL,112102794.808,"[0.132344, 0.006029, 0.532721, -0.087213, 0.089845, 0.432138]"
CONTROL,112122873.06400003,"[0.130528, 0.001508, 0.537303, -0.09004, 0.08999, 0.434277]"
CONTROL,112142951.767,"[0.128629, -0.003016, 0.541849, -0.092641, 0.089961, 0.436675]"
CONTROL,112163030.79099998,"[0.126649, -0.007535, 0.546353, -0.095007, 0.089758, 0.439324]"
CONTROL,112183113.97499996,"[0.124589, -0.012043, 0.550811, -0.097133, 0.089382, 0.442212]"
CONTROL,112203192.071,"[0.122451, -0.016535, 0.555219, -0.099014, 0.088832, 0.445327]"
CONTROL,112223270.29500002,"[0.120235, -0.021003, 0.559572, -0.100645, 0.088111, 0.448659]"
CONTROL,112243348.29500003,"[0.117943, -0.025441, 0.563867, -0.102021, 0.087219, 0.452193]"
CONTROL,112263427.54300003,"[0.115577, -0.029843, 0.568099, -0.10314, 0.086159, 0.455916]"
CONTROL,112283505.54300004,"[0.113138, -0.034202, 0.572263, -0.103998, 0.084932, 0.459813]"
CONTROL,112303585.431,"[0.110627, -0.038513, 0.576356, -0.104594, 0.08354, 0.463868]"
CONTROL,112323664.678,"[0.108046, -0.042769, 0.580374, -0.104925, 0.081987, 0.468067]"
CONTROL,112343744.47000004,"[0.105397, -0.046965, 0.584313, -0.104992, 0.080276, 0.472391]"
CONTROL,112363823.142,"[0.102682, -0.051094, 0.588168, -0.104793, 0.078409, 0.476824]"
CONTROL,112383906.358,"[0.099902, -0.05515, 0.591936, -0.104329, 0.076391, 0.481348]"
CONTROL,112403985.60599999,"[0.097058, -0.059127, 0.595614, -0.103602, 0.074225, 0.485946]"
CONTROL,112424063.478,"[0.094154, -0.063021, 0.599197, -0.102613, 0.071915, 0.4906]"
CONTROL,112444144.48600003,"[0.09119, -0.066825, 0.602682, -0.101365, 0.069466, 0.495291]"
CONTROL,112464223.54200001,"[0.088168, -0.070534, 0.606066, -0.099861, 0.066883, 0.5]"
CONTROL,112484353.25499998,"[0.08509, -0.074143, 0.609345, -0.098105, 0.064171, 0.504709]"
CONTROL,112504432.24599996,"[0.081959, -0.077647, 0.612517, -0.0961, 0.061334, 0.5094]"
CONTROL,112524512.80399998,"[0.078776, -0.08104, 0.615577, -0.093853, 0.058379, 0.514054]"
CONTROL,112544590.86700001,"[0.075543, -0.084318, 0.618523, -0.091369, 0.05531, 0.518652]"
CONTROL,112564668.57700002,"[0.072263, -0.087476, 0.621353, -0.088654, 0.052135, 0.523176]"
CONTROL,112584746.86299996,"[0.068937, -0.09051, 0.624062, -0.085716, 0.048859, 0.527609]"
CONTROL,112604827.29399996,"[0.065567, -0.093415, 0.626649, -0.08256, 0.045489, 0.531933]"
CONTROL,112624905.356,"[0.062156, -0.096188, 0.629111, -0.079196, 0.04203, 0.536132]"
CONTROL,112644984.73100002,"[0.058706, -0.098824, 0.631446, -0.075632, 0.038491, 0.540187]"
CONTROL,112665065.48099995,"[0.055219, -0.101319, 0.633651, -0.071877, 0.034876, 0.544084]"
CONTROL,112685143.41499998,"[0.051696, -0.103671, 0.635724, -0.067941, 0.031195, 0.547807]"
CONTROL,112705224.326,"[0.048142, -0.105875, 0.637663, -0.063833, 0.027453, 0.551341]"
CONTROL,112725303.89199995,"[0.044556, -0.107929, 0.639466, -0.059563, 0.023658, 0.554673]"
CONTROL,112745381.85899997,"[0.040943, -0.109829, 0.641132, -0.055143, 0.019817, 0.557788]"
CONTROL,112765460.52899994,"[0.037303, -0.111573, 0.642658, -0.050584, 0.015938, 0.560676]"
CONTROL,112785542.17600003,"[0.033641, -0.113159, 0.644044, -0.045897, 0.012028, 0.563325]"
CONTROL,112805621.19800004,"[0.029956, -0.114584, 0.645287, -0.041094, 0.008094, 0.565723]"
CONTROL,112825702.01199996,"[0.026253, -0.115846, 0.646388, -0.036188, 0.004145, 0.567862]"
CONTROL,112845781.387,"[0.022534, -0.116943, 0.647343, -0.031189, 0.000188, 0.569733]"
CONTROL,112865861.01700005,"[0.0188, -0.117874, 0.648153, -0.026112, -0.003769, 0.571329]"
CONTROL,112885938.47100003,"[0.015054, -0.118638, 0.648817, -0.02097, -0.007719, 0.572644]"
CONTROL,112906017.90999995,"[0.011299, -0.119233, 0.649334, -0.015774, -0.011654, 0.573672]"
CONTROL,112926097.54,"[0.007537, -0.119659, 0.649704, -0.010538, -0.015566, 0.574409]"
CONTROL,112946176.627,"[0.00377, -0.119915, 0.649926, -0.005276, -0.019449, 0.574852]"
CONTROL,112966256.76899998,"[0.0, -0.12, 0.65, -0.0, -0.023294, 0.575]"
CONTROL,112986336.048,"[-0.00377, -0.119915, 0.649926, 0.005276, -0.027093, 0.574852]"
CONTROL,113006417.18199995,"[-0.007537, -0.119659, 0.649704, 0.010538, -0.030841, 0.574409]"
CONTROL,113026496.17199995,"[-0.011299, -0.119233, 0.649334, 0.015774, -0.034529, 0.573672]"
CONTROL,113046577.40300001,"[-0.015054, -0.118638, 0.648817, 0.02097, -0.038149, 0.572644]"
CONTROL,113066658.05700004,"[-0.0188, -0.117874, 0.648153, 0.026112, -0.041697, 0.571329]"
CONTROL,113086737.87999998,"[-0.022534, -0.116943, 0.647343, 0.031189, -0.045163, 0.569733]"
CONTROL,113106820.58199996,"[-0.026253, -0.115846, 0.646388, 0.036188, -0.048542, 0.567862]"
CONTROL,113126899.25300004,"[-0.029956, -0.114584, 0.645287, 0.041094, -0.051828, 0.565723]"
CONTROL,113146978.85099997,"[-0.033641, -0.113159, 0.644044, 0.045897, -0.055013, 0.563325]"
CONTROL,113167057.20100003,"[-0.037303, -0.111573, 0.642658, 0.050584, -0.058091, 0.560676]"
CONTROL,113187133.82399994,"[-0.040943, -0.109829, 0.641132, 0.055143, -0.061057, 0.557788]"
CONTROL,113207212.46200003,"[-0.044556, -0.107929, 0.639466, 0.059563, -0.063906, 0.554673]"
CONTROL,113227292.412,"[-0.048142, -0.105875, 0.637663, 0.063833, -0.06663, 0.551341]"
CONTROL,113247373.19500002,"[-0.051696, -0.103671, 0.635724, 0.067941, -0.069226, 0.547807]"
CONTROL,113267453.08099999,"[-0.055219, -0.101319, 0.633651, 0.071877, -0.071688, 0.544084]"
CONTROL,113287533.51199998,"[-0.058706, -0.098824, 0.631446, 0.075632, -0.074011, 0.540187]"
CONTROL,113307612.34199996,"[-0.062156, -0.096188, 0.629111, 0.079196, -0.076191, 0.536132]"
CONTROL,113327691.01300006,"[-0.065567, -0.093415, 0.626649, 0.08256, -0.078223, 0.531933]"
CONTROL,113347771.18700004,"[-0.068937, -0.09051, 0.624062, 0.085716, -0.080105, 0.527609]"
CONTROL,113367851.48900004,"[-0.072263, -0.087476, 0.621353, 0.088654, -0.081831, 0.523176]"
CONTROL,113387930.70400004,"[-0.075543, -0.084318, 0.618523, 0.091369, -0.083399, 0.518652]"
CONTROL,113408010.94200003,"[-0.078776, -0.08104, 0.615577, 0.093853, -0.084806, 0.514054]"
CONTROL,113428091.56500004,"[-0.081959, -0.077647, 0.612517, 0.0961, -0.086049, 0.5094]"
CONTROL,113448172.89100002,"[-0.08509, -0.074143, 0.609345, 0.098105, -0.087125, 0.504709]"
CONTROL,113468253.48200002,"[-0.088168, -0.070534, 0.606066, 0.099861, -0.088033, 0.5]"
CONTROL,113488392.12200005,"[-0.09119, -0.066825, 0.602682, 0.101365, -0.088771, 0.495291]"
CONTROL,113508471.07899995,"[-0.094154, -0.063021, 0.599197, 0.102613, -0.089337, 0.4906]"
CONTROL,113528549.65200004,"[-0.097058, -0.059127, 0.595614, 0.103602, -0.08973, 0.485946]"
CONTROL,113548629.53700002,"[-0.099902, -0.05515, 0.591936, 0.104329, -0.089949, 0.481348]"
CONTROL,113568708.36500002,"[-0.102682, -0.051094, 0.588168, 0.104793, -0.089995, 0.476824]"
CONTROL,113588787.29000002,"[-0.105397, -0.046965, 0.584313, 0.104992, -0.089867, 0.472391]"
CONTROL,113608865.92700002,"[-0.108046, -0.042769, 0.580374, 0.104925, -0.089564, 0.468067]"
CONTROL,113628945.45999995,"[-0.110627, -0.038513, 0.576356, 0.104594, -0.089089, 0.463868]"
CONTROL,113649024.03300005,"[-0.113138, -0.034202, 0.572263, 0.103998, -0.088441, 0.459813]"
CONTROL,113669103.02199994,"[-0.115577, -0.029843, 0.568099, 0.10314, -0.087622, 0.455916]"
CONTROL,113689194.45899996,"[-0.117943, -0.025441, 0.563867, 0.102021, -0.086634, 0.452193]"
CONTROL,113709272.00799997,"[-0.120235, -0.021003, 0.559572, 0.100645, -0.085478, 0.448659]"
CONTROL,113729352.62900001,"[-0.122451, -0.016535, 0.555219, 0.099014, -0.084157, 0.445327]"
CONTROL,113749432.44999997,"[-0.124589, -0.012043, 0.550811, 0.097133, -0.082673, 0.442212]"
CONTROL,113769510.79900004,"[-0.126649, -0.007535, 0.546353, 0.095007, -0.081029, 0.439324]"
CONTROL,113789589.75599994,"[-0.128629, -0.003016, 0.541849, 0.092641, -0.079228, 0.436675]"
CONTROL,113809667.46499996,"[-0.130528, 0.001508, 0.537303, 0.09004, -0.077274, 0.434277]"
CONTROL,113829746.42199998,"[-0.132344, 0.006029, 0.532721, 0.087213, -0.075171, 0.432138]"
CONTROL,113849827.77899995,"[-0.134076, 0.010542, 0.528107, 0.084165, -0.072922, 0.430267]"
CONTROL,113869907.63200003,"[-0.135724, 0.01504, 0.523465, 0.080904, -0.070532, 0.428671]"
CONTROL,113889990.55700003,"[-0.137286, 0.019516, 0.5188, 0.077439, -0.068006, 0.427356]"
CONTROL,113910071.85000001,"[-0.138762, 0.023965, 0.514116, 0.073778, -0.065349, 0.426328]"
CONTROL,113930152.59899993,"[-0.140149, 0.02838, 0.509419, 0.069931, -0.062564, 0.425591]"
CONTROL,113950233.98800004,"[-0.141449, 0.032754, 0.504712, 0.065908, -0.059659, 0.425148]"
CONTROL,113970313.96900001,"[-0.142658, 0.037082, 0.5, 0.061717, -0.056639, 0.425]"
CONTROL,113990393.982,"[-0.143778, 0.041357, 0.495288, 0.057371, -0.053509, 0.425148]"
CONTROL,114010473.54599996,"[-0.144807, 0.045573, 0.490581, 0.05288, -0.050275, 0.425591]"
CONTROL,114030552.951,"[-0.145745, 0.049725, 0.485884, 0.048256, -0.046944, 0.426328]"
CONTROL,114050648.06899998,"[-0.14659, 0.053806, 0.4812, 0.043509, -0.043523, 0.427356]"
CONTROL,114070729.29799995,"[-0.147343, 0.05781, 0.476535, 0.038653, -0.040017, 0.428671]"
CONTROL,114090811.13499996,"[-0.148003, 0.061733, 0.471893, 0.033699, -0.036434, 0.430267]"
CONTROL,114110893.48400003,"[-0.148569, 0.065567, 0.467279, 0.02866, -0.03278, 0.432138]"
CONTROL,114130975.76899998,"[-0.149042, 0.069309, 0.462697, 0.023548, -0.029063, 0.434277]"
CONTROL,114151057.60599999,"[-0.14942, 0.072952, 0.458151, 0.018377, -0.02529, 0.436675]"
CONTROL,114171136.91500004,"[-0.149704, 0.076491, 0.453647, 0.01316, -0.021468, 0.439324]"
CONTROL,114191216.35199997,"[-0.149893, 0.079921, 0.449189, 0.007909, -0.017604, 0.442212]"
CONTROL,114211297.38900004,"[-0.149988, 0.083238, 0.444781, 0.002639, -0.013707, 0.445327]"
CONTROL,114231378.93800004,"[-0.149988, 0.086437, 0.440428, -0.002639, -0.009782, 0.448659]"
CONTROL,114251458.24699996,"[-0.149893, 0.089513, 0.436133, -0.007909, -0.005839, 0.452193]"
CONTROL,114271539.09200001,"[-0.149704, 0.092462, 0.431901, -0.01316, -0.001885, 0.455916]"
CONTROL,114291618.59299995,"[-0.14942, 0.095279, 0.427737, -0.018377, 0.002073, 0.459813]"
CONTROL,114311697.934,"[-0.149042, 0.097961, 0.423644, -0.023548, 0.006027, 0.463868]"
CONTROL,114331776.50599998,"[-0.148569, 0.100503, 0.419626, -0.02866, 0.00997, 0.468067]"
CONTROL,114351855.655,"[-0.148003, 0.102903, 0.415687, -0.033699, 0.013893, 0.472391]"
CONTROL,114371937.236,"[-0.147343, 0.105157, 0.411832, -0.038653, 0.017789, 0.476824]"
CONTROL,114392018.94500002,"[-0.14659, 0.107261, 0.408064, -0.043509, 0.021651, 0.481348]"
CONTROL,114412098.70199998,"[-0.145745, 0.109213, 0.404386, -0.048256, 0.025471, 0.485946]"
CONTROL,114432178.49099995,"[-0.144807, 0.111009, 0.400803, -0.05288, 0.029242, 0.4906]"
CONTROL,114452258.34400003,"[-0.143778, 0.112648, 0.397318, -0.057371, 0.032956, 0.495291]"
CONTROL,114472338.80500005,"[-0.142658, 0.114127, 0.393934, -0.061717, 0.036606, 0.5]"
CONTROL,114492479.012,"[-0.141449, 0.115443, 0.390655, -0.065908, 0.040186, 0.504709]"
CONTROL,114512560.30299999,"[-0.140149, 0.116596, 0.387483, -0.069931, 0.043688, 0.5094]"
CONTROL,114532641.915,"[-0.138762, 0.117583, 0.384423, -0.073778, 0.047105, 0.514054]"
CONTROL,114552720.64600001,"[-0.137286, 0.118402, 0.381477, -0.077439, 0.050431, 0.518652]"
CONTROL,114572800.626,"[-0.135724, 0.119054, 0.378647, -0.080904, 0.05366, 0.523176]"
CONTROL,114592880.89300002,"[-0.134076, 0.119536, 0.375938, -0.084165, 0.056785, 0.527609]"
CONTROL,114612963.49700001,"[-0.132344, 0.119848, 0.373351, -0.087213, 0.0598, 0.531933]"
CONTROL,114633043.15599999,"[-0.130528, 0.119991, 0.370889, -0.09004, 0.0627, 0.536132]"
CONTROL,114653123.93600005,"[-0.128629, 0.119962, 0.368554, -0.092641, 0.065478, 0.540187]"
CONTROL,114673203.81900004,"[-0.126649, 0.119763, 0.366349, -0.095007, 0.06813, 0.544084]"
CONTROL,114693284.63099998,"[-0.124589, 0.119394, 0.364276, -0.097133, 0.070649, 0.547807]"
CONTROL,114713362.68999994,"[-0.122451, 0.118855, 0.362337, -0.099014, 0.073032, 0.551341]"
CONTROL,114733442.25400001,"[-0.120235, 0.118148, 0.360534, -0.100645, 0.075274, 0.554673]"
CONTROL,114753526.137,"[-0.117943, 0.117272, 0.358868, -0.102021, 0.077371, 0.557788]"
CONTROL,114773605.22100003,"[-0.115577, 0.11623, 0.357342, -0.10314, 0.079317, 0.560676]"
CONTROL,114793685.00800002,"[-0.113138, 0.115023, 0.355956, -0.103998, 0.081111, 0.563325]"
CONTROL,114813764.57199997,"[-0.110627, 0.113652, 0.354713, -0.104594, 0.082747, 0.565723]"
CONTROL,114833844.39099996,"[-0.108046, 0.112119, 0.353612, -0.104925, 0.084223, 0.567862]"
CONTROL,114853924.81899999,"[-0.105397, 0.110428, 0.352657, -0.104992, 0.085537, 0.569733]"
CONTROL,114874007.45399998,"[-0.102682, 0.108579, 0.351847, -0.104793, 0.086685, 0.571329]"
CONTROL,114894086.08999997,"[-0.099902, 0.106576, 0.351183, -0.104329, 0.087665, 0.572644]"
CONTROL,114914165.077,"[-0.097058, 0.104422, 0.350666, -0.103602, 0.088476, 0.573672]"
CONTROL,114934244.73699997,"[-0.094154, 0.102119, 0.350296, -0.102613, 0.089115, 0.574409]"
CONTROL,114954324.45999995,"[-0.09119, 0.099672, 0.350074, -0.101365, 0.089583, 0.574852]"
CONTROL,114974406.74400002,"[-0.088168, 0.097082, 0.35, -0.099861, 0.089877, 0.575]"
CONTROL,114994491.58799995,"[-0.08509, 0.094355, 0.350074, -0.098105, 0.089997, 0.574852]"
CONTROL,115014569.99899994,"[-0.081959, 0.091493, 0.350296, -0.0961, 0.089943, 0.574409]"
CONTROL,115034648.92199998,"[-0.078776, 0.088502, 0.350666, -0.093853, 0.089715, 0.573672]"
CONTROL,115054728.67799994,"[-0.075543, 0.085384, 0.351183, -0.091369, 0.089314, 0.572644]"
CONTROL,115074807.985,"[-0.072263, 0.082146, 0.351847, -0.088654, 0.08874, 0.571329]"
CONTROL,115094888.25300002,"[-0.068937, 0.07879, 0.352657, -0.085716, 0.087994, 0.569733]"
CONTROL,115114968.32800004,"[-0.065567, 0.075323, 0.353612, -0.08256, 0.087078, 0.567862]"
CONTROL,115135047.06000003,"[-0.062156, 0.071749, 0.354713, -0.079196, 0.085994, 0.565723]"
CONTROL,115155132.73600005,"[-0.058706, 0.068072, 0.355956, -0.075632, 0.084743, 0.563325]"
CONTROL,115175219.147,"[-0.055219, 0.064299, 0.357342, -0.071877, 0.083328, 0.560676]"
CONTROL,115195300.37499999,"[-0.051696, 0.060435, 0.358868, -0.067941, 0.081753, 0.557788]"
CONTROL,115215379.93799995,"[-0.048142, 0.056484, 0.360534, -0.063833, 0.080019, 0.554673]"
CONTROL,115235459.40600002,"[-0.044556, 0.052454, 0.362337, -0.059563, 0.07813, 0.551341]"
CONTROL,115255541.40099996,"[-0.040943, 0.048349, 0.364276, -0.055143, 0.07609, 0.547807]"
CONTROL,115275621.66899997,"[-0.037303, 0.044175, 0.366349, -0.050584, 0.073903, 0.544084]"
CONTROL,115295701.83999999,"[-0.033641, 0.039938, 0.368554, -0.045897, 0.071574, 0.540187]"
CONTROL,115315782.84399995,"[-0.029956, 0.035645, 0.370889, -0.041094, 0.069105, 0.536132]"
CONTROL,115335863.52700001,"[-0.026253, 0.031301, 0.373351, -0.036188, 0.066503, 0.531933]"
CONTROL,115355944.59499998,"[-0.022534, 0.026912, 0.375938, -0.031189, 0.063773, 0.527609]"
CONTROL,115376024.95800002,"[-0.0188, 0.022486, 0.378647, -0.026112, 0.060919, 0.523176]"
CONTROL,115396107.53,"[-0.015054, 0.018027, 0.381477, -0.02097, 0.057947, 0.518652]"
CONTROL,115416186.93299995,"[-0.011299, 0.013543, 0.384423, -0.015774, 0.054863, 0.514054]"
CONTROL,115436267.84100002,"[-0.007537, 0.009039, 0.387483, -0.010538, 0.051673, 0.5094]"
CONTROL,115456348.36499994,"[-0.00377, 0.004523, 0.390655, -0.005276, 0.048383, 0.504709]"
CONTROL,115476429.75199994,"[-0.0, 0.0, 0.393934, -0.0, 0.045, 0.5]"
CONTROL,115496568.58100002,"[0.00377, -0.004523, 0.397318, 0.005276, 0.04153, 0.495291]"
CONTROL,115516648.87899995,"[0.007537, -0.009039, 0.400803, 0.010538, 0.037979, 0.4906]"
CONTROL,115536730.13699995,"[0.011299, -0.013543, 0.404386, 0.015774, 0.034354, 0.485946]"
CONTROL,115556810.01899995,"[0.015054, -0.018027, 0.408064, 0.02097, 0.030664, 0.481348]"
CONTROL,115576889.10100001,"[0.0188, -0.022486, 0.411832, 0.026112, 0.026914, 0.476824]"
CONTROL,115596968.75899999,"[0.022534, -0.026912, 0.415687, 0.031189, 0.023112, 0.472391]"
CONTROL,115617050.88099995,"[0.026253, -0.031301, 0.419626, 0.036188, 0.019265, 0.468067]"
CONTROL,115637130.18700002,"[0.029956, -0.035645, 0.423644, 0.041094, 0.015381, 0.463868]"
CONTROL,115657210.00500003,"[0.033641, -0.039938, 0.427737, 0.045897, 0.011467, 0.459813]"
CONTROL,115677289.95100003,"[0.037303, -0.044175, 0.431901, 0.050584, 0.007531, 0.455916]"
CONTROL,115697369.22599998,"[0.040943, -0.048349, 0.436133, 0.055143, 0.00358, 0.452193]"
CONTROL,115717448.85199997,"[0.044556, -0.052454, 0.440428, 0.059563, -0.000377, 0.448659]"
CONTROL,115737529.50200003,"[0.048142, -0.056484, 0.444781, 0.063833, -0.004334, 0.445327]"
CONTROL,115757609.0,"[0.051696, -0.060435, 0.449189, 0.067941, -0.008282, 0.442212]"
CONTROL,115777687.98600005,"[0.055219, -0.064299, 0.453647, 0.071877, -0.012214, 0.439324]"
CONTROL,115797766.23600003,"[0.058706, -0.068072, 0.458151, 0.075632, -0.016123, 0.436675]"
CONTROL,115817848.29399998,"[0.062156, -0.071749, 0.462697, 0.079196, -0.020001, 0.434277]"
CONTROL,115837927.21600002,"[0.065567, -0.075323, 0.467279, 0.08256, -0.023839, 0.432138]"
CONTROL,115858007.89799999,"[0.068937, -0.07879, 0.471893, 0.085716, -0.027632, 0.430267]"
CONTROL,115878087.81199999,"[0.072263, -0.082146, 0.476535, 0.088654, -0.031371, 0.428671]"
CONTROL,115898167.79,"[0.075543, -0.085384, 0.4812, 0.091369, -0.03505, 0.427356]"
CONTROL,115918249.81599995,"[0.078776, -0.088502, 0.485884, 0.093853, -0.038661, 0.426328]"
CONTROL,115938331.10599996,"[0.081959, -0.091493, 0.490581, 0.0961, -0.042197, 0.425591]"
CONTROL,115958411.436,"[0.08509, -0.094355, 0.495288, 0.098105, -0.045651, 0.425148]"
CONTROL,115978492.02299994,"[0.088168, -0.097082, 0.5, 0.099861, -0.049018, 0.425]"
CONTROL,115998573.24899995,"[0.09119, -0.099672, 0.504712, 0.101365, -0.052289, 0.425148]"
CONTROL,116018653.29099996,"[0.094154, -0.102119, 0.509419, 0.102613, -0.055459, 0.425591]"
CONTROL,116038734.48499997,"[0.097058, -0.104422, 0.514116, 0.103602, -0.058522, 0.426328]"
CONTROL,116058821.567,"[0.099902, -0.106576, 0.5188, 0.104329, -0.061472, 0.427356]"
CONTROL,116078902.66499999,"[0.102682, -0.108579, 0.523465, 0.104793, -0.064303, 0.428671]"
CONTROL,116098982.29099996,"[0.105397, -0.110428, 0.528107, 0.104992, -0.067009, 0.430267]"
CONTROL,116119063.837,"[0.108046, -0.112119, 0.532721, 0.104925, -0.069586, 0.432138]"
CONTROL,116139144.58399995,"[0.110627, -0.113652, 0.537303, 0.104594, -0.072028, 0.434277]"
CONTROL,116159223.57,"[0.113138, -0.115023, 0.541849, 0.103998, -0.074331, 0.436675]"
CONTROL,116179304.988,"[0.115577, -0.11623, 0.546353, 0.10314, -0.07649, 0.439324]"
CONTROL,116199387.20599999,"[0.117943, -0.117272, 0.550811, 0.102021, -0.078502, 0.442212]"
CONTROL,116219467.184,"[0.120235, -0.118148, 0.555219, 0.100645, -0.080361, 0.445327]"
CONTROL,116239547.51400004,"[0.122451, -0.118855, 0.559572, 0.099014, -0.082065, 0.448659]"
CONTROL,116259627.74799995,"[0.124589, -0.119394, 0.563867, 0.097133, -0.08361, 0.452193]"
CONTROL,116279706.28599997,"[0.126649, -0.119763, 0.568099, 0.095007, -0.084994, 0.455916]"
CONTROL,116299785.27200001,"[0.128629, -0.119962, 0.572263, 0.092641, -0.086213, 0.459813]"
CONTROL,116319864.28999995,"[0.130528, -0.119991, 0.576356, 0.09004, -0.087265, 0.463868]"
CONTROL,116339943.56400001,"[0.132344, -0.119848, 0.580374, 0.087213, -0.088149, 0.468067]"
CONTROL,116360021.87799999,"[0.134076, -0.119536, 0.584313, 0.084165, -0.088862, 0.472391]"
CONTROL,116380102.24000004,"[0.135724, -0.119054, 0.588168, 0.080904, -0.089404, 0.476824]"
CONTROL,116400181.06599995,"[0.137286, -0.118402, 0.591936, 0.077439, -0.089772, 0.481348]"
CONTROL,116420260.50000004,"[0.138762, -0.117583, 0.595614, 0.073778, -0.089967, 0.485946]"
CONTROL,116440340.12600002,"[0.140149, -0.116596, 0.599197, 0.069931, -0.089987, 0.4906]"
CONTROL,116460419.817,"[0.141449, -0.115443, 0.602682, 0.065908, -0.089834, 0.495291]"
CONTROL,116480498.227,"[0.142658, -0.114127, 0.606066, 0.061717, -0.089507, 0.5]"
CONTROL,116500638.654,"[0.143778, -0.112648, 0.609345, 0.057371, -0.089007, 0.504709]"
CONTROL,116520720.74199998,"[0.144807, -0.111009, 0.612517, 0.05288, -0.088334, 0.5094]"
CONTROL,116540799.88700005,"[0.145745, -0.109213, 0.615577, 0.048256, -0.087491, 0.514054]"
CONTROL,116560877.656,"[0.14659, -0.107261, 0.618523, 0.043509, -0.086479, 0.518652]"
CONTROL,116580957.11999999,"[0.147343, -0.105157, 0.621353, 0.038653, -0.085299, 0.523176]"
CONTROL,116601039.01699995,"[0.148003, -0.102903, 0.624062, 0.033699, -0.083955, 0.527609]"
CONTROL,116621119.02599998,"[0.148569, -0.100503, 0.626649, 0.02866, -0.082447, 0.531933]"
CONTROL,116641198.39399996,"[0.149042, -0.097961, 0.629111, 0.023548, -0.080781, 0.536132]"
CONTROL,116661277.41100001,"[0.14942, -0.095279, 0.631446, 0.018377, -0.078958, 0.540187]"
CONTROL,116681357.64399995,"[0.149704, -0.092462, 0.633651, 0.01316, -0.076983, 0.544084]"
CONTROL,116701438.35600004,"[0.149893, -0.089513, 0.635724, 0.007909, -0.074858, 0.547807]"
CONTROL,116721520.285,"[0.149988, -0.086437, 0.637663, 0.002639, -0.072589, 0.551341]"
CONTROL,116741599.14200003,"[0.149988, -0.083238, 0.639466, -0.002639, -0.07018, 0.554673]"
CONTROL,116761679.75800002,"[0.149893, -0.079921, 0.641132, -0.007909, -0.067635, 0.557788]"
CONTROL,116781759.63900003,"[0.149704, -0.076491, 0.642658, -0.01316, -0.064958, 0.560676]"
CONTROL,116801839.29600002,"[0.14942, -0.072952, 0.644044, -0.018377, -0.062157, 0.563325]"
CONTROL,116821917.64000005,"[0.149042, -0.069309, 0.645287, -0.023548, -0.059235, 0.565723]"
CONTROL,116841995.24899998,"[0.148569, -0.065567, 0.646388, -0.02866, -0.056198, 0.567862]"
CONTROL,116862075.60900004,"[0.148003, -0.061733, 0.647343, -0.033699, -0.053053, 0.569733]"
CONTROL,116882156.48200002,"[0.147343, -0.05781, 0.648153, -0.038653, -0.049805, 0.571329]"
CONTROL,116902236.90699998,"[0.14659, -0.053806, 0.648817, -0.043509, -0.046461, 0.572644]"
CONTROL,116922316.05099994,"[0.145745, -0.049725, 0.649334, -0.048256, -0.043027, 0.573672]"
CONTROL,116942396.09199996,"[0.144807, -0.045573, 0.649704, -0.05288, -0.03951, 0.574409]"
CONTROL,116962478.21299994,"[0.143778, -0.041357, 0.649926, -0.057371, -0.035916, 0.574852]"
CONTROL,116982559.78999998,"[0.142658, -0.037082, 0.65, -0.061717, -0.032253, 0.575]"
CONTROL,117002639.95800003,"[0.141449, -0.032754, 0.649926, -0.065908, -0.028528, 0.574852]"
CONTROL,117022721.63099997,"[0.140149, -0.02838, 0.649704, -0.069931, -0.024747, 0.574409]"
CONTROL,117042801.54399998,"[0.138762, -0.023965, 0.649334, -0.073778, -0.020918, 0.573672]"
CONTROL,117062880.68799995,"[0.137286, -0.019516, 0.648817, -0.077439, -0.017049, 0.572644]"
CONTROL,117082962.13699998,"[0.135724, -0.01504, 0.648153, -0.080904, -0.013147, 0.571329]"
CONTROL,117103043.71400002,"[0.134076, -0.010542, 0.647343, -0.084165, -0.00922, 0.569733]"
CONTROL,117123122.85799998,"[0.132344, -0.006029, 0.646388, -0.087213, -0.005275, 0.567862]"
CONTROL,117143205.01099996,"[0.130528, -0.001508, 0.645287, -0.09004, -0.001319, 0.565723]"
CONTROL,117163284.63599996,"[0.128629, 0.003016, 0.644044, -0.092641, 0.002639, 0.563325]"
CONTROL,117183363.81200004,"[0.126649, 0.007535, 0.642658, -0.095007, 0.006591, 0.560676]"
CONTROL,117203426.60400002,"[0.124589, 0.012043, 0.641132, -0.097133, 0.010532, 0.557788]"
CONTROL,117223506.48500003,"[0.122451, 0.016535, 0.639466, -0.099014, 0.014451, 0.554673]"
CONTROL,117243588.47799999,"[0.120235, 0.021003, 0.637663, -0.100645, 0.018343, 0.551341]"
CONTROL,117263666.63,"[0.117943, 0.025441, 0.635724, -0.102021, 0.022199, 0.547807]"
CONTROL,117283745.45500003,"[0.115577, 0.029843, 0.633651, -0.10314, 0.026013, 0.544084]"
CONTROL,117303824.88800001,"[0.113138, 0.034202, 0.631446, -0.103998, 0.029776, 0.540187]"
CONTROL,117323906.36799994,"[0.110627, 0.038513, 0.629111, -0.104594, 0.033481, 0.536132]"
CONTROL,117343984.42500003,"[0.108046, 0.042769, 0.626649, -0.104925, 0.037122, 0.531933]"
CONTROL,117364063.60199998,"[0.105397, 0.046965, 0.624062, -0.104992, 0.040691, 0.527609]"
CONTROL,117384142.52200004,"[0.102682, 0.051094, 0.621353, -0.104793, 0.044181, 0.523176]"
CONTROL,117404220.83500005,"[0.099902, 0.05515, 0.618523, -0.104329, 0.047586, 0.518652]"
CONTROL,117424299.27599995,"[0.097058, 0.059127, 0.615577, -0.103602, 0.050899, 0.514054]"
CONTROL,117444378.54800004,"[0.094154, 0.063021, 0.612517, -0.102613, 0.054113, 0.5094]"
CONTROL,117464456.54100001,"[0.09119, 0.066825, 0.609345, -0.101365, 0.057223, 0.504709]"
CONTROL,117484535.20500004,"[0.088168, 0.070534, 0.606066, -0.099861, 0.060222, 0.5]"
CONTROL,117504675.43900004,"[0.08509, 0.074143, 0.602682, -0.098105, 0.063104, 0.495291]"
CONTROL,117524755.06199995,"[0.081959, 0.077647, 0.599197, -0.0961, 0.065865, 0.4906]"
CONTROL,117544834.71699996,"[0.078776, 0.08104, 0.595614, -0.093853, 0.068498, 0.485946]"
CONTROL,117564913.509,"[0.075543, 0.084318, 0.591936, -0.091369, 0.070998, 0.481348]"
CONTROL,117584992.36399996,"[0.072263, 0.087476, 0.588168, -0.088654, 0.073362, 0.476824]"
CONTROL,117605071.12300001,"[0.068937, 0.09051, 0.584313, -0.085716, 0.075583, 0.472391]"
CONTROL,117625149.40200004,"[0.065567, 0.093415, 0.580374, -0.08256, 0.077658, 0.468067]"
CONTROL,117645229.28199995,"[0.062156, 0.096188, 0.576356, -0.079196, 0.079583, 0.463868]"
CONTROL,117665308.48900004,"[0.058706, 0.098824, 0.572263, -0.075632, 0.081354, 0.459813]"
CONTROL,117685387.76000002,"[0.055219, 0.101319, 0.568099, -0.071877, 0.082968, 0.455916]"
CONTROL,117705466.13499993,"[0.051696, 0.103671, 0.563867, -0.067941, 0.084421, 0.452193]"
CONTROL,117725545.59900004,"[0.048142, 0.105875, 0.559572, -0.063833, 0.085711, 0.448659]"
CONTROL,117745626.91799997,"[0.044556, 0.107929, 0.555219, -0.059563, 0.086835, 0.445327]"
CONTROL,117765706.669,"[0.040943, 0.109829, 0.550811, -0.055143, 0.087791, 0.442212]"
CONTROL,117785787.476,"[0.037303, 0.111573, 0.546353, -0.050584, 0.088578, 0.439324]"
CONTROL,117805866.39599994,"[0.033641, 0.113159, 0.541849, -0.045897, 0.089193, 0.436675]"
CONTROL,117825945.66700004,"[0.029956, 0.114584, 0.537303, -0.041094, 0.089635, 0.434277]"
CONTROL,117846025.06600004,"[0.026253, 0.115846, 0.532721, -0.036188, 0.089904, 0.432138]"
CONTROL,117866102.99300003,"[0.022534, 0.116943, 0.528107, -0.031189, 0.09, 0.430267]"
CONTROL,117886183.38499998,"[0.0188, 0.117874, 0.523465, -0.026112, 0.089921, 0.428671]"
CONTROL,117906264.352,"[0.015054, 0.118638, 0.5188, -0.02097, 0.089668, 0.427356]"
CONTROL,117926342.95100003,"[0.011299, 0.119233, 0.514116, -0.015774, 0.089242, 0.426328]"
CONTROL,117946425.23100004,"[0.007537, 0.119659, 0.509419, -0.010538, 0.088644, 0.425591]"
CONTROL,117966505.30199997,"[0.00377, 0.119915, 0.504712, -0.005276, 0.087873, 0.425148]"
CONTROL,117986584.47699995,"[-0.0, 0.12, 0.5, 0.0, 0.086933, 0.425]"
CONTROL,118006664.16399997,"[-0.00377, 0.119915, 0.495288, 0.005276, 0.085825, 0.425148]"
CONTROL,118026743.46799995,"[-0.007537, 0.119659, 0.490581, 0.010538, 0.084551, 0.425591]"
CONTROL,118046823.603,"[-0.011299, 0.119233, 0.485884, 0.015774, 0.083113, 0.426328]"
CONTROL,118066903.098,"[-0.015054, 0.118638, 0.4812, 0.02097, 0.081515, 0.427356]"
CONTROL,118086983.80999999,"[-0.0188, 0.117874, 0.476535, 0.026112, 0.079758, 0.428671]"
CONTROL,118107065.09700003,"[-0.022534, 0.116943, 0.471893, 0.031189, 0.077848, 0.430267]"
CONTROL,118127145.23199998,"[-0.026253, 0.115846, 0.467279, 0.036188, 0.075787, 0.432138]"
CONTROL,118147225.23900002,"[-0.029956, 0.114584, 0.462697, 0.041094, 0.073579, 0.434277]"
CONTROL,118167304.63900001,"[-0.033641, 0.113159, 0.458151, 0.045897, 0.071229, 0.436675]"
CONTROL,118187383.04600003,"[-0.037303, 0.111573, 0.453647, 0.050584, 0.068742, 0.439324]"
CONTROL,118207462.63700005,"[-0.040943, 0.109829, 0.449189, 0.055143, 0.066121, 0.442212]"
CONTROL,118227545.17299995,"[-0.044556, 0.107929, 0.444781, 0.059563, 0.063372, 0.445327]"
CONTROL,118247623.772,"[-0.048142, 0.105875, 0.440428, 0.063833, 0.060501, 0.448659]"
CONTROL,118267707.71500003,"[-0.051696, 0.103671, 0.436133, 0.067941, 0.057513, 0.452193]"
CONTROL,118287786.18599994,"[-0.055219, 0.101319, 0.431901, 0.071877, 0.054414, 0.455916]"
CONTROL,118307864.68999997,"[-0.058706, 0.098824, 0.427737, 0.075632, 0.051209, 0.459813]"
CONTROL,118327944.82500003,"[-0.062156, 0.096188, 0.423644, 0.079196, 0.047906, 0.463868]"
CONTROL,118348024.09600002,"[-0.065567, 0.093415, 0.419626, 0.08256, 0.044509, 0.468067]"
CONTROL,118368103.87900005,"[-0.068937, 0.09051, 0.415687, 0.085716, 0.041027, 0.472391]"
CONTROL,118388184.65500003,"[-0.072263, 0.087476, 0.411832, 0.088654, 0.037465, 0.476824]"
CONTROL,118408264.11800003,"[-0.075543, 0.084318, 0.408064, 0.091369, 0.033831, 0.481348]"
CONTROL,118428342.71699996,"[-0.078776, 0.08104, 0.404386, 0.093853, 0.030131, 0.485946]"
CONTROL,118448421.285,"[-0.081959, 0.077647, 0.400803, 0.0961, 0.026374, 0.4906]"
CONTROL,118468500.84400001,"[-0.08509, 0.074143, 0.397318, 0.098105, 0.022565, 0.495291]"
CONTROL,118488578.899,"[-0.088168, 0.070534, 0.393934, 0.099861, 0.018712, 0.5]"
CONTROL,118508721.49899998,"[-0.09119, 0.066825, 0.390655, 0.101365, 0.014823, 0.504709]"
CONTROL,118528800.06500004,"[-0.094154, 0.063021, 0.387483, 0.102613, 0.010906, 0.5094]"
CONTROL,118548880.48700002,"[-0.097058, 0.059127, 0.384423, 0.103602, 0.006967, 0.514054]"
CONTROL,118568958.92399995,"[-0.099902, 0.05515, 0.381477, 0.104329, 0.003015, 0.518652]"
CONTROL,118589038.38599998,"[-0.102682, 0.051094, 0.378647, 0.104793, -0.000942, 0.523176]"
CONTROL,118609117.87999998,"[-0.105397, 0.046965, 0.375938, 0.104992, -0.004898, 0.527609]"
CONTROL,118629197.31,"[-0.108046, 0.042769, 0.373351, 0.104925, -0.008845, 0.531933]"
CONTROL,118649276.99600002,"[-0.110627, 0.038513, 0.370889, 0.104594, -0.012774, 0.536132]"
CONTROL,118669356.01,"[-0.113138, 0.034202, 0.368554, 0.103998, -0.016679, 0.540187]"
CONTROL,118689434.35200003,"[-0.115577, 0.029843, 0.366349, 0.10314, -0.020552, 0.544084]"
CONTROL,118709515.09400004,"[-0.117943, 0.025441, 0.364276, 0.102021, -0.024384, 0.547807]"
CONTROL,118729594.93999997,"[-0.120235, 0.021003, 0.362337, 0.100645, -0.02817, 0.551341]"
CONTROL,118749673.73000003,"[-0.122451, 0.016535, 0.360534, 0.099014, -0.031901, 0.554673]"
CONTROL,118769751.84699996,"[-0.124589, 0.012043, 0.358868, 0.097133, -0.03557, 0.557788]"
CONTROL,118789830.34899999,"[-0.126649, 0.007535, 0.357342, 0.095007, -0.039171, 0.560676]"
CONTROL,118809909.45899998,"[-0.128629, 0.003016, 0.355956, 0.092641, -0.042696, 0.563325]"
CONTROL,118829988.31299995,"[-0.130528, -0.001508, 0.354713, 0.09004, -0.046138, 0.565723]"
CONTROL,118850066.65499997,"[-0.132344, -0.006029, 0.353612, 0.087213, -0.049491, 0.567862]"
CONTROL,118870146.98099995,"[-0.134076, -0.010542, 0.352657, 0.084165, -0.052748, 0.569733]"
CONTROL,118890226.53899997,"[-0.135724, -0.01504, 0.351847, 0.080904, -0.055903, 0.571329]"
CONTROL,118910305.04100001,"[-0.137286, -0.019516, 0.351183, 0.077439, -0.05895, 0.572644]"
CONTROL,118930383.15800004,"[-0.138762, -0.023965, 0.350666, 0.073778, -0.061884, 0.573672]"
CONTROL,118950459.83600006,"[-0.140149, -0.02838, 0.350296, 0.069931, -0.064697, 0.574409]"
CONTROL,118970538.594,"[-0.141449, -0.032754, 0.350074, 0.065908, -0.067385, 0.574852]"
CONTROL,118990619.97599995,"[-0.142658, -0.037082, 0.35, 0.061717, -0.069943, 0.575]"
CONTROL,119010698.15799996,"[-0.143778, -0.041357, 0.350074, 0.057371, -0.072366, 0.574852]"
CONTROL,119030777.748,"[-0.144807, -0.045573, 0.350296, 0.05288, -0.074648, 0.574409]"
CONTROL,119050857.114,"[-0.145745, -0.049725, 0.350666, 0.048256, -0.076787, 0.573672]"
CONTROL,119070935.58400004,"[-0.14659, -0.053806, 0.351183, 0.043509, -0.078777, 0.572644]"
CONTROL,119091017.47800003,"[-0.147343, -0.05781, 0.351847, 0.038653, -0.080614, 0.571329]"
CONTROL,119111099.08399999,"[-0.148003, -0.061733, 0.352657, 0.033699, -0.082296, 0.569733]"
CONTROL,119131177.64899994,"[-0.148569, -0.065567, 0.353612, 0.02866, -0.083818, 0.567862]"
CONTROL,119151257.783,"[-0.149042, -0.069309, 0.354713, 0.023548, -0.085178, 0.565723]"
CONTROL,119171335.581,"[-0.14942, -0.072952, 0.355956, 0.018377, -0.086374, 0.563325]"
CONTROL,119191413.53899999,"[-0.149704, -0.076491, 0.357342, 0.01316, -0.087402, 0.560676]"
CONTROL,119211492.29699995,"[-0.149893, -0.079921, 0.358868, 0.007909, -0.088261, 0.557788]"
CONTROL,119231570.89500001,"[-0.149988, -0.083238, 0.360534, 0.002639, -0.08895, 0.554673]"
CONTROL,119251651.09299996,"[-0.149988, -0.086437, 0.362337, -0.002639, -0.089467, 0.551341]"
CONTROL,119271730.907,"[-0.149893, -0.089513, 0.364276, -0.007909, -0.08981, 0.547807]"
CONTROL,119291808.54499999,"[-0.149704, -0.092462, 0.366349, -0.01316, -0.08998, 0.544084]"
CONTROL,119311893.03099996,"[-0.14942, -0.095279, 0.368554, -0.018377, -0.089976, 0.540187]"
CONTROL,119331973.10100001,"[-0.149042, -0.097961, 0.370889, -0.023548, -0.089798, 0.536132]"
CONTROL,119352052.91399996,"[-0.148569, -0.100503, 0.373351, -0.02866, -0.089446, 0.531933]"
CONTROL,119372135.672,"[-0.148003, -0.102903, 0.375938, -0.033699, -0.088921, 0.527609]"
CONTROL,119392215.10200003,"[-0.147343, -0.105157, 0.378647, -0.038653, -0.088224, 0.523176]"
CONTROL,119412295.23599997,"[-0.14659, -0.107261, 0.381477, -0.043509, -0.087357, 0.518652]"
CONTROL,119432379.24200003,"[-0.145745, -0.109213, 0.384423, -0.048256, -0.08632, 0.514054]"
CONTROL,119452458.288,"[-0.144807, -0.111009, 0.387483, -0.05288, -0.085117, 0.5094]"
CONTROL,119472537.94200003,"[-0.143778, -0.112648, 0.390655, -0.057371, -0.083749, 0.504709]"
CONTROL,119492617.30800003,"[-0.142658, -0.114127, 0.393934, -0.061717, -0.082219, 0.5]"
CONTROL,119512755.16999999,"[-0.141449, -0.115443, 0.397318, -0.065908, -0.08053, 0.495291]"
CONTROL,119532835.62299998,"[-0.140149, -0.116596, 0.400803, -0.069931, -0.078685, 0.4906]"
CONTROL,119552914.44299996,"[-0.138762, -0.117583, 0.404386, -0.073778, -0.076688, 0.485946]"
CONTROL,119572995.02399996,"[-0.137286, -0.118402, 0.408064, -0.077439, -0.074543, 0.481348]"
CONTROL,119593073.81199995,"[-0.135724, -0.119054, 0.411832, -0.080904, -0.072254, 0.476824]"
CONTROL,119613154.969,"[-0.134076, -0.119536, 0.415687, -0.084165, -0.069824, 0.472391]"
CONTROL,119633234.71800004,"[-0.132344, -0.119848, 0.419626, -0.087213, -0.06726, 0.468067]"
CONTROL,119653314.94600002,"[-0.130528, -0.119991, 0.423644, -0.09004, -0.064566, 0.463868]"
CONTROL,119673393.06300005,"[-0.128629, -0.119962, 0.427737, -0.092641, -0.061747, 0.459813]"
CONTROL,119693471.531,"[-0.126649, -0.119763, 0.431901, -0.095007, -0.058808, 0.455916]"
CONTROL,119713551.95199999,"[-0.124589, -0.119394, 0.436133, -0.097133, -0.055755, 0.452193]"
CONTROL,119733632.78800002,"[-0.122451, -0.118855, 0.440428, -0.099014, -0.052595, 0.448659]"
CONTROL,119753712.37699994,"[-0.120235, -0.118148, 0.444781, -0.100645, -0.049333, 0.445327]"
CONTROL,119773792.51000002,"[-0.117943, -0.117272, 0.449189, -0.102021, -0.045976, 0.442212]"
CONTROL,119793871.52200001,"[-0.115577, -0.11623, 0.453647, -0.10314, -0.04253, 0.439324]"
CONTROL,119813951.847,"[-0.113138, -0.115023, 0.458151, -0.103998, -0.039001, 0.436675]"
CONTROL,119834033.22699997,"[-0.110627, -0.113652, 0.462697, -0.104594, -0.035397, 0.434277]"
CONTROL,119854113.23200004,"[-0.108046, -0.112119, 0.467279, -0.104925, -0.031725, 0.432138]"
CONTROL,119874193.87600005,"[-0.105397, -0.110428, 0.471893, -0.104992, -0.027991, 0.430267]"
CONTROL,119894275.44900002,"[-0.102682, -0.108579, 0.476535, -0.104793, -0.024203, 0.428671]"
CONTROL,119914355.45399998,"[-0.099902, -0.106576, 0.4812, -0.104329, -0.020368, 0.427356]"
CONTROL,119934438.14600004,"[-0.097058, -0.104422, 0.485884, -0.103602, -0.016494, 0.426328]"
CONTROL,119954515.59100002,"[-0.094154, -0.102119, 0.490581, -0.102613, -0.012588, 0.425591]"
CONTROL,119974595.787,"[-0.09119, -0.099672, 0.495288, -0.101365, -0.008657, 0.425148]"
CONTROL,119994675.75999995,"[-0.088168, -0.097082, 0.5, -0.099861, -0.00471, 0.425]"
CONTROL,120014755.22099997,"[-0.08509, -0.094355, 0.504712, -0.098105, -0.000754, 0.425148]"
CONTROL,120034833.97699995,"[-0.081959, -0.091493, 0.509419, -0.0961, 0.003204, 0.425591]"
CONTROL,120054914.20600003,"[-0.078776, -0.088502, 0.514116, -0.093853, 0.007155, 0.426328]"
CONTROL,120074993.66599995,"[-0.075543, -0.085384, 0.5188, -0.091369, 0.011093, 0.427356]"
CONTROL,120095072.64699994,"[-0.072263, -0.082146, 0.523465, -0.088654, 0.015009, 0.428671]"
CONTROL,120115153.09899995,"[-0.068937, -0.07879, 0.528107, -0.085716, 0.018896, 0.430267]"
CONTROL,120135231.76,"[-0.065567, -0.075323, 0.532721, -0.08256, 0.022747, 0.432138]"
CONTROL,120155310.58,"[-0.062156, -0.071749, 0.537303, -0.079196, 0.026554, 0.434277]"
CONTROL,120175390.55299994,"[-0.058706, -0.068072, 0.541849, -0.075632, 0.030309, 0.436675]"
CONTROL,120195471.42199998,"[-0.055219, -0.064299, 0.546353, -0.071877, 0.034006, 0.439324]"
CONTROL,120215551.71399996,"[-0.051696, -0.060435, 0.550811, -0.067941, 0.037637, 0.442212]"
CONTROL,120235631.97500005,"[-0.048142, -0.056484, 0.555219, -0.063833, 0.041195, 0.445327]"
CONTROL,120255711.53099997,"[-0.044556, -0.052454, 0.559572, -0.059563, 0.044673, 0.448659]"
CONTROL,120275799.98399995,"[-0.040943, -0.048349, 0.563867, -0.055143, 0.048065, 0.452193]"
CONTROL,120295880.53299995,"[-0.037303, -0.044175, 0.568099, -0.050584, 0.051364, 0.455916]"
CONTROL,120315961.27299997,"[-0.033641, -0.039938, 0.572263, -0.045897, 0.054564, 0.459813]"
CONTROL,120336042.078,"[-0.029956, -0.035645, 0.576356, -0.041094, 0.057658, 0.463868]"
CONTROL,120356121.09099998,"[-0.026253, -0.031301, 0.580374, -0.036188, 0.060641, 0.468067]"
CONTROL,120376202.59899995,"[-0.022534, -0.026912, 0.584313, -0.031189, 0.063506, 0.472391]"
CONTROL,120396281.80399996,"[-0.0188, -0.022486, 0.588168, -0.026112, 0.066249, 0.476824]"
CONTROL,120416364.304,"[-0.015054, -0.018027, 0.591936, -0.02097, 0.068863, 0.481348]"
CONTROL,120436443.15699999,"[-0.011299, -0.013543, 0.595614, -0.015774, 0.071344, 0.485946]"
CONTROL,120456524.82599996,"[-0.007537, -0.009039, 0.599197, -0.010538, 0.073688, 0.4906]"
CONTROL,120476604.22199999,"[-0.00377, -0.004523, 0.602682, -0.005276, 0.075888, 0.495291]"
