type,timestamp,positions
CONTROL,47.776999963389244,"[0.0, 0.0, 0.5, 0.0, 0.0, 0.5]"
CONTROL,20245.722000026944,"[0.0, 0.0, 0.5, 0.0, 0.0, 0.5]"
CONTROL,40328.01500000005,"[0.0, 0.0, 0.5, 0.0, 0.0, 0.5]"
CONTROL,60403.68399999352,"[0.0, 0.0, 0.5, 0.0, 0.0, 0.5]"
CONTROL,80482.9050000535,"[0.0, 0.0, 0.5, 0.0, 0.0, 0.5]"
CONTROL,100562.35000001834,"[0.0, 0.0, 0.5, 0.0, 0.0, 0.5]"
CONTROL,120637.66699998268,"[0.0, 0.0, 0.5, 0.0, 0.0, 0.5]"
CONTROL,140711.35200003936,"[0.0, 0.0, 0.5, 0.0, 0.0, 0.5]"
CONTROL,160788.65300005418,"[0.0, 0.0, 0.5, 0.0, 0.0, 0.5]"
CONTROL,180863.3619999682,"[0.0, 0.0, 0.5, 0.0, 0.0, 0.5]"
CONTROL,200937.495000062,"[0.0, 0.0, 0.5, 0.0, 0.0, 0.5]"
CONTROL,221012.3319999866,"[0.0, 0.0, 0.5, 0.0, 0.0, 0.5]"
CONTROL,241087.04100001432,"[0.0, 0.0, 0.5, 0.0, 0.0, 0.5]"
CONTROL,261172.21499998777,"[0.0, 0.0, 0.5, 0.0, 0.0, 0.5]"
CONTROL,281251.94799997646,"[0.0, 0.0, 0.5, 0.0, 0.0, 0.5]"
CONTROL,301328.0970000096,"[0.0, 0.0, 0.5, 0.0, 0.0, 0.5]"
CONTROL,321404.15000003483,"[0.0, 0.0, 0.5, 0.0, 0.0, 0.5]"
CONTROL,341477.51499995135,"[0.0, 0.0, 0.5, 0.0, 0.0, 0.5]"
CONTROL,361551.32800001866,"[0.0, 0.0, 0.5, 0.0, 0.0, 0.5]"
CONTROL,381625.3329999881,"[0.0, 0.0, 0.5, 0.0, 0.0, 0.5]"
CONTROL,401699.4019999629,"[0.0, 0.0, 0.5, 0.0, 0.0, 0.5]"
CONTROL,421775.13499996165,"[0.0, 0.0, 0.5, 0.0, 0.0, 0.5]"
CONTROL,441848.9150000369,"[0.0, 0.0, 0.5, 0.0, 0.0, 0.5]"
CONTROL,461921.1599999744,"[0.0, 0.0, 0.5, 0.0, 0.0, 0.5]"
CONTROL,482002.10899995,"[0.0, 0.0, 0.5, 0.0, 0.0, 0.5]"
CONTROL,502076.5939999592,"[0.0, 0.0, 0.5, 0.0, 0.0, 0.5]"
CONTROL,522149.79899997613,"[0.0, 0.0, 0.5, 0.0, 0.0, 0.5]"
CONTROL,542215.7719999632,"[0.0, 0.0, 0.5, 0.0, 0.0, 0.5]"
CONTROL,562292.3050000281,"[0.0, 0.0, 0.5, 0.0, 0.0, 0.5]"
CONTROL,582366.82200004,"[0.0, 0.0, 0.5, 0.0, 0.0, 0.5]"
CONTROL,602440.8910000147,"[0.0, 0.0, 0.5, 0.0, 0.0, 0.5]"
CONTROL,622515.6320000452,"[0.0, 0.0, 0.5, 0.0, 0.0, 0.5]"
CONTROL,642589.924000049,"[0.0, 0.0, 0.5, 0.0, 0.0, 0.5]"
CONTROL,662664.1850000396,"[0.0, 0.0, 0.5, 0.0, 0.0, 0.5]"
CONTROL,682740.6539999857,"[0.0, 0.0, 0.5, 0.0, 0.0, 0.5]"
CONTROL,702814.4990000556,"[0.0, 0.0, 0.5, 0.0, 0.0, 0.5]"
CONTROL,722888.504000025,"[0.0, 0.0, 0.5, 0.0, 0.0, 0.5]"
CONTROL,742966.8930000162,"[0.0, 0.0, 0.5, 0.0, 0.0, 0.5]"
CONTROL,763041.4740000333,"[0.0, 0.0, 0.5, 0.0, 0.0, 0.5]"
CONTROL,783116.6949999897,"[0.0, 0.0, 0.5, 0.0, 0.0, 0.5]"
CONTROL,803191.1159999936,"[0.0, 0.0, 0.5, 0.0, 0.0, 0.5]"
CONTROL,823266.33699995,"[0.0, 0.0, 0.5, 0.0, 0.0, 0.5]"
CONTROL,843340.2780000279,"[0.0, 0.0, 0.5, 0.0, 0.0, 0.5]"
CONTROL,863416.3630000558,"[0.0, 0.0, 0.5, 0.0, 0.0, 0.5]"
CONTROL,883490.3360000226,"[0.0, 0.0, 0.5, 0.0, 0.0, 0.5]"
CONTROL,903564.3089999894,"[0.0, 0.0, 0.5, 0.0, 0.0, 0.5]"
CONTROL,923637.7050000328,"[0.0, 0.0, 0.5, 0.0, 0.0, 0.5]"
CONTROL,943713.2780000183,"[0.0, 0.0, 0.5, 0.0, 0.0, 0.5]"
CONTROL,963789.1710000304,"[0.0, 0.0, 0.5, 0.0, 0.0, 0.5]"
CONTROL,983862.7919999681,"[0.0, 0.0, 0.5, 0.0, 0.0, 0.5]"
CONTROL,1003938.2690000593,"[0.0, 0.0, 0.5, 0.0, 0.0, 0.5]"
CONTROL,1024115.7650000332,"[0.0, 0.0, 0.5, 0.0, 0.0, 0.5]"
CONTROL,1044192.0739999659,"[0.0, 0.0, 0.5, 0.0, 0.0, 0.5]"
CONTROL,1064267.2310000306,"[0.0, 0.0, 0.5, 0.0, 0.0, 0.5]"
CONTROL,1084341.1399999922,"[0.0, 0.0, 0.5, 0.0, 0.0, 0.5]"
CONTROL,1104415.496999991,"[0.0, 0.0, 0.5, 0.0, 0.0, 0.5]"
CONTROL,1124490.8459999578,"[0.0, 0.0, 0.5, 0.0, 0.0, 0.5]"
CONTROL,1144564.7550000332,"[0.0, 0.0, 0.5, 0.0, 0.0, 0.5]"
CONTROL,1164639.176000037,"[0.0, 0.0, 0.5, 0.0, 0.0, 0.5]"
CONTROL,1184712.3810000538,"[0.0, 0.0, 0.5, 0.0, 0.0, 0.5]"
CONTROL,1204786.5130000445,"[0.0, 0.0, 0.5, 0.0, 0.0, 0.5]"
CONTROL,1224861.541999985,"[0.0, 0.0, 0.5, 0.0, 0.0, 0.5]"
CONTROL,1244938.171000058,"[0.0, 0.0, 0.5, 0.0, 0.0, 0.5]"
CONTROL,1265011.6639999852,"[0.0, 0.0, 0.5, 0.0, 0.0, 0.5]"
CONTROL,1285085.8609999705,"[0.0, 0.0, 0.5, 0.0, 0.0, 0.5]"
CONTROL,1305163.738000033,"[0.0, 0.0, 0.5, 0.0, 0.0, 0.5]"
CONTROL,1325237.8070000077,"[0.0, 0.0, 0.5, 0.0, 0.0, 0.5]"
CONTROL,1345313.21999998,"[0.0, 0.0, 0.5, 0.0, 0.0, 0.5]"
CONTROL,1365386.5530000075,"[0.0, 0.0, 0.5, 0.0, 0.0, 0.5]"
CONTROL,1385461.933999977,"[0.0, 0.0, 0.5, 0.0, 0.0, 0.5]"
CONTROL,1405536.0019999626,"[0.0, 0.0, 0.5, 0.0, 0.0, 0.5]"
CONTROL,1425610.7109999903,"[0.0, 0.0, 0.5, 0.0, 0.0, 0.5]"
CONTROL,1445686.9880000341,"[0.0, 0.0, 0.5, 0.0, 0.0, 0.5]"
CONTROL,1465759.296999977,"[0.0, 0.0, 0.5, 0.0, 0.0, 0.5]"
CONTROL,1485832.4699999911,"[0.0, 0.0, 0.5, 0.0, 0.0, 0.5]"
CONTROL,1505910.1550000377,"[0.0, 0.0, 0.5, 0.0, 0.0, 0.5]"
CONTROL,1525985.2799999863,"[0.0, 0.0, 0.5, 0.0, 0.0, 0.5]"
CONTROL,1546058.836000043,"[0.0, 0.0, 0.5, 0.0, 0.0, 0.5]"
CONTROL,1566133.225000044,"[0.0, 0.0, 0.5, 0.0, 0.0, 0.5]"
CONTROL,1586207.8060000613,"[0.0, 0.0, 0.5, 0.0, 0.0, 0.5]"
CONTROL,1606282.354999962,"[0.0, 0.0, 0.5, 0.0, 0.0, 0.5]"
CONTROL,1626356.392000048,"[0.0, 0.0, 0.5, 0.0, 0.0, 0.5]"
CONTROL,1646430.5890000332,"[0.0, 0.0, 0.5, 0.0, 0.0, 0.5]"
CONTROL,1666503.5370000396,"[0.0, 0.0, 0.5, 0.0, 0.0, 0.5]"
CONTROL,1686577.8940000383,"[0.0, 0.0, 0.5, 0.0, 0.0, 0.5]"
CONTROL,1706651.9310000103,"[0.0, 0.0, 0.5, 0.0, 0.0, 0.5]"
CONTROL,1726726.3840000168,"[0.0, 0.0, 0.5, 0.0, 0.0, 0.5]"
CONTROL,1746803.6210000264,"[0.0, 0.0, 0.5, 0.0, 0.0, 0.5]"
CONTROL,1766878.6499999668,"[0.0, 0.0, 0.5, 0.0, 0.0, 0.5]"
CONTROL,1786954.446999971,"[0.0, 0.0, 0.5, 0.0, 0.0, 0.5]"
CONTROL,1807028.163000041,"[0.0, 0.0, 0.5, 0.0, 0.0, 0.5]"
CONTROL,1827114.0089999563,"[0.0, 0.0, 0.5, 0.0, 0.0, 0.5]"
CONTROL,1847189.6449999576,"[0.0, 0.0, 0.5, 0.0, 0.0, 0.5]"
CONTROL,1867264.6420000093,"[0.0, 0.0, 0.5, 0.0, 0.0, 0.5]"
CONTROL,1887339.1270000185,"[0.0, 0.0, 0.5, 0.0, 0.0, 0.5]"
CONTROL,1907412.8759999666,"[0.0, 0.0, 0.5, 0.0, 0.0, 0.5]"
CONTROL,1927486.689000034,"[0.0, 0.0, 0.5, 0.0, 0.0, 0.5]"
CONTROL,1947560.7580000088,"[0.0, 0.0, 0.5, 0.0, 0.0, 0.5]"
CONTROL,1967635.2100000258,"[0.0, 0.0, 0.5, 0.0, 0.0, 0.5]"
CONTROL,1987708.2550000295,"[0.0, 0.0, 0.5, 0.0, 0.0, 0.5]"
CONTROL,2007783.4119999807,"[0.0, 0.0, 0.5, 0.0, 0.0, 0.5]"
CONTROL,2027942.8909999523,"[3.1e-05, 1.9e-05, 0.500019, -1.9e-05, 0.0, 0.500025]"
CONTROL,2048016.4159999958,"[0.000125, 7.5e-05, 0.500075, -7.5e-05, 0.0, 0.5001]"
CONTROL,2068090.1010000524,"[0.00028, 0.000168, 0.500168, -0.000168, 0.0, 0.500224]"
CONTROL,2088164.3940000457,"[0.000498, 0.000299, 0.500299, -0.000299, 0.0, 0.500399]"
CONTROL,2108240.2230000524,"[0.000778, 0.000467, 0.500467, -0.000467, 0.0, 0.500623]"
CONTROL,2128314.132000014,"[0.001121, 0.000672, 0.500672, -0.000672, 0.0, 0.500897]"
CONTROL,2148389.543999997,"[0.001525, 0.000915, 0.500915, -0.000915, 0.0, 0.50122]"
CONTROL,2168464.125000014,"[0.001991, 0.001195, 0.501195, -0.001195, 0.0, 0.501593]"
CONTROL,2188537.809999957,"[0.002519, 0.001512, 0.501512, -0.001512, 0.0, 0.502015]"
CONTROL,2208611.9430000507,"[0.003109, 0.001865, 0.501865, -0.001865, 0.0, 0.502487]"
CONTROL,2228686.971999991,"[0.00376, 0.002256, 0.502256, -0.002256, 0.0, 0.503008]"
CONTROL,2248775.601000034,"[0.004473, 0.002684, 0.502684, -0.002684, 0.0, 0.503578]"
CONTROL,2268853.062000062,"[0.005246, 0.003148, 0.503148, -0.003148, 0.0, 0.504197]"
CONTROL,2288927.674999968,"[0.006081, 0.003649, 0.503649, -0.003649, 0.0, 0.504865]"
CONTROL,2309002.7040000223,"[0.006977, 0.004186, 0.504186, -0.004186, 0.0, 0.505581]"
CONTROL,2329077.125000026,"[0.007933, 0.00476, 0.50476, -0.00476, 0.0, 0.506346]"
CONTROL,2349162.6500000395,"[0.008949, 0.00537, 0.50537, -0.00537, 0.0, 0.50716]"
CONTROL,2369238.350000046,"[0.010026, 0.006016, 0.506016, -0.006016, 0.0, 0.508021]"
CONTROL,2389314.243000058,"[0.011162, 0.006697, 0.506697, -0.006697, 0.0, 0.50893]"
CONTROL,2409387.9280000012,"[0.012358, 0.007415, 0.507415, -0.007415, 0.0, 0.509887]"
CONTROL,2429461.9329999704,"[0.013613, 0.008168, 0.508168, -0.008168, 0.0, 0.510891]"
CONTROL,2449535.5530000324,"[0.014927, 0.008956, 0.508956, -0.008956, 0.0, 0.511942]"
CONTROL,2469610.26200006,"[0.0163, 0.00978, 0.50978, -0.00978, 0.0, 0.51304]"
CONTROL,2489685.0349999797,"[0.017731, 0.010638, 0.510638, -0.010638, 0.0, 0.514185]"
CONTROL,2509758.9440000546,"[0.019219, 0.011532, 0.511532, -0.011532, 0.0, 0.515375]"
CONTROL,2529833.29999995,"[0.020766, 0.012459, 0.512459, -0.012459, 0.0, 0.516612]"
CONTROL,2549906.728999986,"[0.022369, 0.013421, 0.513421, -0.013421, 0.0, 0.517895]"
CONTROL,2569980.7979999604,"[0.024029, 0.014417, 0.514417, -0.014417, 0.0, 0.519223]"
CONTROL,2590053.555000054,"[0.025745, 0.015447, 0.515447, -0.015447, 0.0, 0.520596]"
CONTROL,2610137.831999964,"[0.027518, 0.016511, 0.516511, -0.016511, 0.0, 0.522014]"
CONTROL,2630212.1559999706,"[0.029346, 0.017607, 0.517607, -0.017607, 0.0, 0.523476]"
CONTROL,2650286.704999985,"[0.031228, 0.018737, 0.518737, -0.018737, 0.0, 0.524983]"
CONTROL,2670363.8779999893,"[0.033166, 0.019899, 0.519899, -0.019899, 0.0, 0.526532]"
CONTROL,2690438.1709999824,"[0.035157, 0.021094, 0.521094, -0.021094, 0.0, 0.528125]"
CONTROL,2710512.5599999838,"[0.037202, 0.022321, 0.522321, -0.022321, 0.0, 0.529761]"
CONTROL,2730589.50799998,"[0.0393, 0.02358, 0.52358, -0.02358, 0.0, 0.53144]"
CONTROL,2750663.832999976,"[0.04145, 0.02487, 0.52487, -0.02487, 0.0, 0.53316]"
CONTROL,2770737.6140000406,"[0.043652, 0.026191, 0.526191, -0.026191, 0.0, 0.534922]"
CONTROL,2790811.0429999623,"[0.045906, 0.027544, 0.527544, -0.027544, 0.0, 0.536725]"
CONTROL,2810885.7830000035,"[0.048211, 0.028926, 0.528926, -0.028926, 0.0, 0.538569]"
CONTROL,2830959.212000039,"[0.050566, 0.030339, 0.530339, -0.030339, 0.0, 0.540453]"
CONTROL,2851035.201000059,"[0.05297, 0.031782, 0.531782, -0.031782, 0.0, 0.542376]"
CONTROL,2871108.1820000573,"[0.055424, 0.033254, 0.533254, -0.033254, 0.0, 0.544339]"
CONTROL,2891183.6580000455,"[0.057926, 0.034756, 0.534756, -0.034756, 0.0, 0.546341]"
CONTROL,2911260.4150000154,"[0.060476, 0.036286, 0.536286, -0.036286, 0.0, 0.548381]"
CONTROL,2931338.9640000197,"[0.063074, 0.037844, 0.537844, -0.037844, 0.0, 0.550459]"
CONTROL,2951412.712999968,"[0.065718, 0.039431, 0.539431, -0.039431, 0.0, 0.552574]"
CONTROL,2971487.934000038,"[0.068408, 0.041045, 0.541045, -0.041045, 0.0, 0.554726]"
CONTROL,2991562.3870000443,"[0.071143, 0.042686, 0.542686, -0.042686, 0.0, 0.556914]"
CONTROL,3011636.038999995,"[0.073922, 0.044353, 0.544353, -0.044353, 0.0, 0.559138]"
CONTROL,3031794.30199998,"[0.076746, 0.046048, 0.546048, -0.046048, 0.0, 0.561397]"
CONTROL,3051879.4759999537,"[0.079613, 0.047768, 0.547768, -0.047768, 0.0, 0.56369]"
CONTROL,3071955.111999955,"[0.082522, 0.049513, 0.549513, -0.049513, 0.0, 0.566018]"
CONTROL,3092030.2370000174,"[0.085473, 0.051284, 0.551284, -0.051284, 0.0, 0.568378]"
CONTROL,3112103.857999955,"[0.088465, 0.053079, 0.553079, -0.053079, 0.0, 0.570772]"
CONTROL,3132179.814999972,"[0.091497, 0.054898, 0.554898, -0.054898, 0.0, 0.573198]"
CONTROL,3152254.395,"[0.094569, 0.056741, 0.556741, -0.056741, 0.0, 0.575655]"
CONTROL,3172328.3999999696,"[0.097679, 0.058608, 0.558608, -0.058608, 0.0, 0.578143]"
CONTROL,3192404.068999963,"[0.100828, 0.060497, 0.560497, -0.060497, 0.0, 0.580662]"
CONTROL,3212477.786000022,"[0.104013, 0.062408, 0.562408, -0.062408, 0.0, 0.583211]"
CONTROL,3232552.303000034,"[0.107235, 0.064341, 0.564341, -0.064341, 0.0, 0.585788]"
CONTROL,3252627.3309999853,"[0.110493, 0.066296, 0.566296, -0.066296, 0.0, 0.588394]"
CONTROL,3272701.1120000496,"[0.113785, 0.068271, 0.568271, -0.068271, 0.0, 0.591028]"
CONTROL,3292776.333000006,"[0.117111, 0.070267, 0.570267, -0.070267, 0.0, 0.593689]"
CONTROL,3312851.1700000446,"[0.120471, 0.072282, 0.572282, -0.072282, 0.0, 0.596377]"
CONTROL,3332925.1100000194,"[0.123862, 0.074317, 0.574317, -0.074317, 0.0, 0.59909]"
CONTROL,3353000.298999973,"[0.127286, 0.076371, 0.576371, -0.076371, 0.0, 0.601828]"
CONTROL,3373075.136000011,"[0.130739, 0.078444, 0.578444, -0.078444, 0.0, 0.604591]"
CONTROL,3393166.900999972,"[0.134223, 0.080534, 0.580534, -0.080534, 0.0, 0.607378]"
CONTROL,3413241.225999968,"[0.137735, 0.082641, 0.582641, -0.082641, 0.0, 0.610188]"
CONTROL,3433313.9179999535,"[0.141275, 0.084765, 0.584765, -0.084765, 0.0, 0.61302]"
CONTROL,3453388.5949999783,"[0.144842, 0.086905, 0.586905, -0.086905, 0.0, 0.615874]"
CONTROL,3473464.3279999774,"[0.148436, 0.089062, 0.589062, -0.089062, 0.0, 0.618749]"
CONTROL,3493541.083999958,"[0.152055, 0.091233, 0.591233, -0.091233, 0.0, 0.621644]"
CONTROL,3513614.737000012,"[0.155698, 0.093419, 0.593419, -0.093419, 0.0, 0.624559]"
CONTROL,3533687.1419999623,"[0.159365, 0.095619, 0.595619, -0.095619, 0.0, 0.627492]"
CONTROL,3553760.2819999848,"[0.163054, 0.097833, 0.597833, -0.097833, 0.0, 0.630443]"
CONTROL,3573834.7029999886,"[0.166765, 0.100059, 0.600059, -0.100059, 0.0, 0.633412]"
CONTROL,3593908.452000051,"[0.170497, 0.102298, 0.602298, -0.102298, 0.0, 0.636398]"
CONTROL,3613990.873000034,"[0.174249, 0.104549, 0.604549, -0.104549, 0.0, 0.639399]"
CONTROL,3634064.909000017,"[0.178019, 0.106812, 0.606812, -0.106812, 0.0, 0.642415]"
CONTROL,3654138.9139999864,"[0.181808, 0.109085, 0.609085, -0.109085, 0.0, 0.645446]"
CONTROL,3674211.702999969,"[0.185613, 0.111368, 0.611368, -0.111368, 0.0, 0.64849]"
CONTROL,3694285.802999957,"[0.189434, 0.113661, 0.613661, -0.113661, 0.0, 0.651548]"
CONTROL,3714359.6800000295,"[0.193271, 0.115963, 0.615963, -0.115963, 0.0, 0.654617]"
CONTROL,3734432.7890000385,"[0.197122, 0.118273, 0.618273, -0.118273, 0.0, 0.657697]"
CONTROL,3754507.241000056,"[0.200986, 0.120591, 0.620591, -0.120591, 0.0, 0.660788]"
CONTROL,3774581.9819999724,"[0.204862, 0.122917, 0.622917, -0.122917, 0.0, 0.663889]"
CONTROL,3794655.6670000292,"[0.208749, 0.125249, 0.625249, -0.125249, 0.0, 0.666999]"
CONTROL,3814728.903000059,"[0.212647, 0.127588, 0.627588, -0.127588, 0.0, 0.670117]"
CONTROL,3834803.7719999864,"[0.216553, 0.129932, 0.629932, -0.129932, 0.0, 0.673243]"
CONTROL,3854877.5210000486,"[0.220469, 0.132281, 0.632281, -0.132281, 0.0, 0.676375]"
CONTROL,3874951.7490000473,"[0.224391, 0.134635, 0.634635, -0.134635, 0.0, 0.679513]"
CONTROL,3895026.745999985,"[0.22832, 0.136992, 0.636992, -0.136992, 0.0, 0.682656]"
CONTROL,3915101.3910000073,"[0.232255, 0.139353, 0.639353, -0.139353, 0.0, 0.685804]"
CONTROL,3935175.522999998,"[0.236193, 0.141716, 0.641716, -0.141716, 0.0, 0.688955]"
CONTROL,3955250.232000026,"[0.240136, 0.144081, 0.644081, -0.144081, 0.0, 0.692109]"
CONTROL,3975325.6770000006,"[0.24408, 0.146448, 0.646448, -0.146448, 0.0, 0.695264]"
CONTROL,3995400.0980000044,"[0.248027, 0.148816, 0.648816, -0.148816, 0.0, 0.698421]"
CONTROL,4015476.6619999693,"[0.251973, 0.151184, 0.651184, -0.151184, 0.0, 0.701579]"
CONTROL,4035633.644999962,"[0.25592, 0.153552, 0.653552, -0.153552, 0.0, 0.704736]"
CONTROL,4055707.9059999525,"[0.259864, 0.155919, 0.655919, -0.155919, 0.0, 0.707891]"
CONTROL,4075783.734999959,"[0.263807, 0.158284, 0.658284, -0.158284, 0.0, 0.711045]"
CONTROL,4095859.2760000555,"[0.267745, 0.160647, 0.660647, -0.160647, 0.0, 0.714196]"
CONTROL,4115935.039999954,"[0.27168, 0.163008, 0.663008, -0.163008, 0.0, 0.717344]"
CONTROL,4136009.620999971,"[0.275609, 0.165365, 0.665365, -0.165365, 0.0, 0.720487]"
CONTROL,4156084.3299999987,"[0.279531, 0.167719, 0.667719, -0.167719, 0.0, 0.723625]"
CONTROL,4176160.0940000108,"[0.283447, 0.170068, 0.670068, -0.170068, 0.0, 0.726757]"
CONTROL,4196235.47499998,"[0.287353, 0.172412, 0.672412, -0.172412, 0.0, 0.729883]"
CONTROL,4216309.47999995,"[0.291251, 0.174751, 0.674751, -0.174751, 0.0, 0.733001]"
CONTROL,4236384.123999983,"[0.295138, 0.177083, 0.677083, -0.177083, 0.0, 0.736111]"
CONTROL,4256458.256999963,"[0.299014, 0.179409, 0.679409, -0.179409, 0.0, 0.739212]"
CONTROL,4276532.549999956,"[0.302878, 0.181727, 0.681727, -0.181727, 0.0, 0.742303]"
CONTROL,4296608.027000047,"[0.306729, 0.184037, 0.684037, -0.184037, 0.0, 0.745383]"
CONTROL,4316682.478999951,"[0.310566, 0.186339, 0.686339, -0.186339, 0.0, 0.748452]"
CONTROL,4336756.228000013,"[0.314387, 0.188632, 0.688632, -0.188632, 0.0, 0.75151]"
CONTROL,4356830.520000017,"[0.318192, 0.190915, 0.690915, -0.190915, 0.0, 0.754554]"
CONTROL,4376904.108999952,"[0.321981, 0.193188, 0.693188, -0.193188, 0.0, 0.757585]"
CONTROL,4396978.434000062,"[0.325751, 0.195451, 0.695451, -0.195451, 0.0, 0.760601]"
CONTROL,4417054.293999968,"[0.329503, 0.197702, 0.697702, -0.197702, 0.0, 0.763602]"
CONTROL,4437130.539000009,"[0.333235, 0.199941, 0.699941, -0.199941, 0.0, 0.766588]"
CONTROL,4457205.120000026,"[0.336946, 0.202167, 0.702167, -0.202167, 0.0, 0.769557]"
CONTROL,4477281.363999964,"[0.340635, 0.204381, 0.704381, -0.204381, 0.0, 0.772508]"
CONTROL,4497356.585000034,"[0.344302, 0.206581, 0.706581, -0.206581, 0.0, 0.775441]"
CONTROL,4517430.750000017,"[0.347945, 0.208767, 0.708767, -0.208767, 0.0, 0.778356]"
CONTROL,4537506.4500000235,"[0.351564, 0.210938, 0.710938, -0.210938, 0.0, 0.781251]"
CONTROL,4557580.90300003,"[0.355158, 0.213095, 0.713095, -0.213095, 0.0, 0.784126]"
CONTROL,4577655.035000021,"[0.358725, 0.215235, 0.715235, -0.215235, 0.0, 0.78698]"
CONTROL,4597730.576000003,"[0.362265, 0.217359, 0.717359, -0.217359, 0.0, 0.789812]"
CONTROL,4617804.997000008,"[0.365777, 0.219466, 0.719466, -0.219466, 0.0, 0.792622]"
CONTROL,4637880.056999961,"[0.369261, 0.221556, 0.721556, -0.221556, 0.0, 0.795409]"
CONTROL,4657954.541999971,"[0.372714, 0.223629, 0.723629, -0.223629, 0.0, 0.798172]"
CONTROL,4678029.63500003,"[0.376138, 0.225683, 0.725683, -0.225683, 0.0, 0.80091]"
CONTROL,4698105.591000058,"[0.379529, 0.227718, 0.727718, -0.227718, 0.0, 0.803623]"
CONTROL,4718179.7880000435,"[0.382889, 0.229733, 0.729733, -0.229733, 0.0, 0.806311]"
CONTROL,4738254.1440000525,"[0.386215, 0.231729, 0.731729, -0.231729, 0.0, 0.808972]"
CONTROL,4758330.38899998,"[0.389507, 0.233704, 0.733704, -0.233704, 0.0, 0.811606]"
CONTROL,4778404.905999991,"[0.392765, 0.235659, 0.735659, -0.235659, 0.0, 0.814212]"
CONTROL,4798479.902000054,"[0.395987, 0.237592, 0.737592, -0.237592, 0.0, 0.816789]"
CONTROL,4818554.386999949,"[0.399172, 0.239503, 0.739503, -0.239503, 0.0, 0.819338]"
CONTROL,4838631.272000044,"[0.402321, 0.241392, 0.741392, -0.241392, 0.0, 0.821857]"
CONTROL,4858705.851999957,"[0.405431, 0.243259, 0.743259, -0.243259, 0.0, 0.824345]"
CONTROL,4878779.152999982,"[0.408503, 0.245102, 0.745102, -0.245102, 0.0, 0.826802]"
CONTROL,4898853.412999984,"[0.411535, 0.246921, 0.746921, -0.246921, 0.0, 0.829228]"
CONTROL,4918927.09800004,"[0.414527, 0.248716, 0.748716, -0.248716, 0.0, 0.831622]"
CONTROL,4939000.526999962,"[0.417478, 0.250487, 0.750487, -0.250487, 0.0, 0.833982]"
CONTROL,4959075.907000056,"[0.420387, 0.252232, 0.752232, -0.252232, 0.0, 0.83631]"
CONTROL,4979149.207999967,"[0.423254, 0.253952, 0.753952, -0.253952, 0.0, 0.838603]"
CONTROL,4999224.108000021,"[0.426078, 0.255647, 0.755647, -0.255647, 0.0, 0.840862]"
CONTROL,5019297.249000033,"[0.428857, 0.257314, 0.757314, -0.257314, 0.0, 0.843086]"
CONTROL,5039453.527999967,"[0.431592, 0.258955, 0.758955, -0.258955, 0.0, 0.845274]"
CONTROL,5059527.27700003,"[0.434282, 0.260569, 0.760569, -0.260569, 0.0, 0.847426]"
CONTROL,5079601.217000004,"[0.436926, 0.262156, 0.762156, -0.262156, 0.0, 0.849541]"
CONTROL,5099675.221999973,"[0.439524, 0.263714, 0.763714, -0.263714, 0.0, 0.851619]"
CONTROL,5119752.266999967,"[0.442074, 0.265244, 0.765244, -0.265244, 0.0, 0.853659]"
CONTROL,5139826.8469999945,"[0.444576, 0.266746, 0.766746, -0.266746, 0.0, 0.855661]"
CONTROL,5159901.716000035,"[0.44703, 0.268218, 0.768218, -0.268218, 0.0, 0.857624]"
CONTROL,5179976.29599995,"[0.449434, 0.269661, 0.769661, -0.269661, 0.0, 0.859547]"
CONTROL,5200050.429000043,"[0.451789, 0.271074, 0.771074, -0.271074, 0.0, 0.861431]"
CONTROL,5220125.361999976,"[0.454094, 0.272456, 0.772456, -0.272456, 0.0, 0.863275]"
CONTROL,5240200.038000012,"[0.456348, 0.273809, 0.773809, -0.273809, 0.0, 0.865078]"
CONTROL,5260276.027000031,"[0.45855, 0.27513, 0.77513, -0.27513, 0.0, 0.86684]"
CONTROL,5280350.5440000435,"[0.4607, 0.27642, 0.77642, -0.27642, 0.0, 0.86856]"
CONTROL,5300425.091999955,"[0.462798, 0.277679, 0.777679, -0.277679, 0.0, 0.870239]"
CONTROL,5320499.864999988,"[0.464843, 0.278906, 0.778906, -0.278906, 0.0, 0.871875]"
CONTROL,5340575.436999984,"[0.466834, 0.280101, 0.780101, -0.280101, 0.0, 0.873468]"
CONTROL,5360651.61800002,"[0.468772, 0.281263, 0.781263, -0.281263, 0.0, 0.875017]"
CONTROL,5380727.60700004,"[0.470654, 0.282393, 0.782393, -0.282393, 0.0, 0.876524]"
CONTROL,5400801.899000044,"[0.472482, 0.283489, 0.783489, -0.283489, 0.0, 0.877986]"
CONTROL,5420877.568000037,"[0.474255, 0.284553, 0.784553, -0.284553, 0.0, 0.879404]"
CONTROL,5440992.981000022,"[0.475971, 0.285583, 0.785583, -0.285583, 0.0, 0.880777]"
CONTROL,5461073.034000037,"[0.477631, 0.286579, 0.786579, -0.286579, 0.0, 0.882105]"
CONTROL,5481156.1589999655,"[0.479234, 0.287541, 0.787541, -0.287541, 0.0, 0.883388]"
CONTROL,5501231.890999975,"[0.480781, 0.288468, 0.788468, -0.288468, 0.0, 0.884625]"
CONTROL,5521305.192,"[0.482269, 0.289362, 0.789362, -0.289362, 0.0, 0.885815]"
CONTROL,5541380.157000049,"[0.4837, 0.29022, 0.79022, -0.29022, 0.0, 0.88696]"
CONTROL,5561454.9609999815,"[0.485073, 0.291044, 0.791044, -0.291044, 0.0, 0.888058]"
CONTROL,5581528.997999953,"[0.486387, 0.291832, 0.791832, -0.291832, 0.0, 0.889109]"
CONTROL,5601604.665999957,"[0.487642, 0.292585, 0.792585, -0.292585, 0.0, 0.890113]"
CONTROL,5621678.607000035,"[0.488838, 0.293303, 0.793303, -0.293303, 0.0, 0.89107]"
CONTROL,5641753.123000057,"[0.489974, 0.293984, 0.793984, -0.293984, 0.0, 0.891979]"
CONTROL,5661827.575999951,"[0.491051, 0.29463, 0.79463, -0.29463, 0.0, 0.89284]"
CONTROL,5681901.708000055,"[0.492067, 0.29524, 0.79524, -0.29524, 0.0, 0.893654]"
CONTROL,5701976.448999971,"[0.493023, 0.295814, 0.795814, -0.295814, 0.0, 0.894419]"
CONTROL,5722050.932999991,"[0.493919, 0.296351, 0.796351, -0.296351, 0.0, 0.895135]"
CONTROL,5742126.154000062,"[0.494754, 0.296852, 0.796852, -0.296852, 0.0, 0.895803]"
CONTROL,5762200.319000044,"[0.495527, 0.297316, 0.797316, -0.297316, 0.0, 0.896422]"
CONTROL,5782275.186999982,"[0.49624, 0.297744, 0.797744, -0.297744, 0.0, 0.896992]"
CONTROL,5802348.712000025,"[0.496891, 0.298135, 0.798135, -0.298135, 0.0, 0.897513]"
CONTROL,5822423.0040000295,"[0.497481, 0.298488, 0.798488, -0.298488, 0.0, 0.897985]"
CONTROL,5842496.688999972,"[0.498009, 0.298805, 0.798805, -0.298805, 0.0, 0.898407]"
CONTROL,5862573.253000051,"[0.498475, 0.299085, 0.799085, -0.299085, 0.0, 0.89878]"
CONTROL,5882648.922000044,"[0.498879, 0.299328, 0.799328, -0.299328, 0.0, 0.899103]"
CONTROL,5902725.806000035,"[0.499222, 0.299533, 0.799533, -0.299533, 0.0, 0.899377]"
CONTROL,5922800.77099997,"[0.499502, 0.299701, 0.799701, -0.299701, 0.0, 0.899601]"
CONTROL,5942874.8400000585,"[0.49972, 0.299832, 0.799832, -0.299832, 0.0, 0.899776]"
CONTROL,5962949.355999967,"[0.499875, 0.299925, 0.799925, -0.299925, 0.0, 0.8999]"
CONTROL,5983024.096999997,"[0.499969, 0.299981, 0.799981, -0.299981, 0.0, 0.899975]"
CONTROL,6003100.500999949,"[0.5, 0.3, 0.8, -0.3, 0.0, 0.9]"
CONTROL,6023175.594000009,"[0.5, 0.3, 0.8, -0.3, 0.0, 0.9]"
CONTROL,6043339.200999981,"[0.5, 0.299989, 0.800011, -0.300011, 0.0, 0.9]"
CONTROL,6063413.140999955,"[0.5, 0.299956, 0.800044, -0.300044, 0.0, 0.9]"
CONTROL,6083488.170000009,"[0.5, 0.2999, 0.8001, -0.3001, 0.0, 0.9]"
CONTROL,6103564.830999971,"[0.5, 0.299822, 0.800178, -0.300178, 0.0, 0.9]"
CONTROL,6123640.338999962,"[0.5, 0.299722, 0.800278, -0.300278, 0.0, 0.9]"
CONTROL,6143717.415999958,"[0.5, 0.2996, 0.8004, -0.3004, 0.0, 0.9]"
CONTROL,6163791.164000032,"[0.5, 0.299456, 0.800544, -0.300544, 0.0, 0.9]"
CONTROL,6183866.032999959,"[0.5, 0.29929, 0.80071, -0.30071, 0.0, 0.9]"
CONTROL,6203942.438000013,"[0.5, 0.299102, 0.800898, -0.300898, 0.0, 0.9]"
CONTROL,6224016.441999992,"[0.5, 0.298893, 0.801107, -0.301107, 0.0, 0.9]"
CONTROL,6244089.518999999,"[0.5, 0.298661, 0.801339, -0.301339, 0.0, 0.9]"
CONTROL,6264164.802999971,"[0.5, 0.298408, 0.801592, -0.301592, 0.0, 0.9]"
CONTROL,6284239.255999978,"[0.5, 0.298133, 0.801867, -0.301867, 0.0, 0.9]"
CONTROL,6304318.25200003,"[0.5, 0.297837, 0.802163, -0.302163, 0.0, 0.9]"
CONTROL,6324393.15299996,"[0.5, 0.29752, 0.80248, -0.30248, 0.0, 0.9]"
CONTROL,6344466.645000012,"[0.5, 0.297182, 0.802818, -0.302818, 0.0, 0.9]"
CONTROL,6364542.346000007,"[0.5, 0.296822, 0.803178, -0.303178, 0.0, 0.9]"
CONTROL,6384617.054000046,"[0.5, 0.296442, 0.803558, -0.303558, 0.0, 0.9]"
CONTROL,6404693.3629999785,"[0.5, 0.296041, 0.803959, -0.303959, 0.0, 0.9]"
CONTROL,6424769.222999998,"[0.5, 0.29562, 0.80438, -0.30438, 0.0, 0.9]"
CONTROL,6444847.451999976,"[0.5, 0.295178, 0.804822, -0.304822, 0.0, 0.9]"
CONTROL,6464951.537000047,"[0.5, 0.294717, 0.805283, -0.305283, 0.0, 0.9]"
CONTROL,6485039.7180000525,"[0.5, 0.294235, 0.805765, -0.305765, 0.0, 0.9]"
CONTROL,6505120.57100002,"[0.5, 0.293734, 0.806266, -0.306266, 0.0, 0.9]"
CONTROL,6525201.743000025,"[0.5, 0.293213, 0.806787, -0.306787, 0.0, 0.9]"
CONTROL,6545281.219999992,"[0.5, 0.292673, 0.807327, -0.307327, 0.0, 0.9]"
CONTROL,6565364.281000029,"[0.5, 0.292114, 0.807886, -0.307886, 0.0, 0.9]"
CONTROL,6585442.252999997,"[0.5, 0.291537, 0.808463, -0.308463, 0.0, 0.9]"
CONTROL,6605536.8339999635,"[0.5, 0.290941, 0.809059, -0.309059, 0.0, 0.9]"
CONTROL,6625617.27100001,"[0.5, 0.290327, 0.809673, -0.309673, 0.0, 0.9]"
CONTROL,6645696.236000049,"[0.5, 0.289694, 0.810306, -0.310306, 0.0, 0.9]"
CONTROL,6665775.680000024,"[0.5, 0.289045, 0.810955, -0.310955, 0.0, 0.9]"
CONTROL,6685854.740999958,"[0.5, 0.288377, 0.811623, -0.311623, 0.0, 0.9]"
CONTROL,6705933.86600001,"[0.5, 0.287693, 0.812307, -0.312307, 0.0, 0.9]"
CONTROL,6726012.830000059,"[0.5, 0.286992, 0.813008, -0.313008, 0.0, 0.9]"
CONTROL,6746093.074999976,"[0.5, 0.286275, 0.813725, -0.313725, 0.0, 0.9]"
CONTROL,6766171.911000015,"[0.5, 0.285541, 0.814459, -0.314459, 0.0, 0.9]"
CONTROL,6786251.35599998,"[0.5, 0.284792, 0.815208, -0.315208, 0.0, 0.9]"
CONTROL,6806331.280999985,"[0.5, 0.284027, 0.815973, -0.315973, 0.0, 0.9]"
CONTROL,6826413.18900005,"[0.5, 0.283247, 0.816753, -0.316753, 0.0, 0.9]"
CONTROL,6846493.3379999595,"[0.5, 0.282452, 0.817548, -0.317548, 0.0, 0.9]"
CONTROL,6866572.847000043,"[0.5, 0.281643, 0.818357, -0.318357, 0.0, 0.9]"
CONTROL,6886654.274999956,"[0.5, 0.28082, 0.81918, -0.31918, 0.0, 0.9]"
CONTROL,6906732.791999957,"[0.5, 0.279983, 0.820017, -0.320017, 0.0, 0.9]"
CONTROL,6926812.68399997,"[0.5, 0.279133, 0.820867, -0.320867, 0.0, 0.9]"
CONTROL,6946889.377000048,"[0.5, 0.27827, 0.82173, -0.32173, 0.0, 0.9]"
CONTROL,6966968.501999986,"[0.5, 0.277394, 0.822606, -0.322606, 0.0, 0.9]"
CONTROL,6987047.913999959,"[0.5, 0.276506, 0.823494, -0.323494, 0.0, 0.9]"
CONTROL,7007129.727000006,"[0.5, 0.275606, 0.824394, -0.324394, 0.0, 0.9]"
CONTROL,7027208.372000018,"[0.5, 0.274695, 0.825305, -0.325305, 0.0, 0.9]"
CONTROL,7047364.074000029,"[0.5, 0.273773, 0.826227, -0.326227, 0.0, 0.9]"
CONTROL,7067444.382999952,"[0.5, 0.27284, 0.82716, -0.32716, 0.0, 0.9]"
CONTROL,7087525.492000055,"[0.5, 0.271897, 0.828103, -0.328103, 0.0, 0.9]"
CONTROL,7107609.128000036,"[0.5, 0.270945, 0.829055, -0.329055, 0.0, 0.9]"
CONTROL,7127688.957000032,"[0.5, 0.269983, 0.830017, -0.330017, 0.0, 0.9]"
CONTROL,7147773.9700000025,"[0.5, 0.269012, 0.830988, -0.330988, 0.0, 0.9]"
CONTROL,7167853.285999968,"[0.5, 0.268033, 0.831967, -0.331967, 0.0, 0.9]"
CONTROL,7187935.16300002,"[0.5, 0.267046, 0.832954, -0.332954, 0.0, 0.9]"
CONTROL,7208013.584000014,"[0.5, 0.266051, 0.833949, -0.333949, 0.0, 0.9]"
CONTROL,7228092.356000047,"[0.5, 0.265049, 0.834951, -0.334951, 0.0, 0.9]"
CONTROL,7248171.384999977,"[0.5, 0.264041, 0.835959, -0.335959, 0.0, 0.9]"
CONTROL,7268250.702000046,"[0.5, 0.263026, 0.836974, -0.336974, 0.0, 0.9]"
CONTROL,7288331.266,"[0.5, 0.262005, 0.837995, -0.337995, 0.0, 0.9]"
CONTROL,7308411.447000026,"[0.5, 0.260979, 0.839021, -0.339021, 0.0, 0.9]"
CONTROL,7328491.179000025,"[0.5, 0.259948, 0.840052, -0.340052, 0.0, 0.9]"
CONTROL,7348570.048000056,"[0.5, 0.258913, 0.841087, -0.341087, 0.0, 0.9]"
CONTROL,7368648.884999971,"[0.5, 0.257874, 0.842126, -0.342126, 0.0, 0.9]"
CONTROL,7388727.753000012,"[0.5, 0.256831, 0.843169, -0.343169, 0.0, 0.9]"
CONTROL,7408806.398000024,"[0.5, 0.255785, 0.844215, -0.344215, 0.0, 0.9]"
CONTROL,7428888.273999973,"[0.5, 0.254737, 0.845263, -0.345263, 0.0, 0.9]"
CONTROL,7448967.20700001,"[0.5, 0.253686, 0.846314, -0.346314, 0.0, 0.9]"
CONTROL,7469047.099000022,"[0.5, 0.252634, 0.847366, -0.347366, 0.0, 0.9]"
CONTROL,7489174.993000006,"[0.5, 0.251581, 0.848419, -0.348419, 0.0, 0.9]"
CONTROL,7509257.670000011,"[0.5, 0.250527, 0.849473, -0.349473, 0.0, 0.9]"
CONTROL,7529338.13900006,"[0.5, 0.249473, 0.850527, -0.350527, 0.0, 0.9]"
CONTROL,7549418.414999991,"[0.5, 0.248419, 0.851581, -0.351581, 0.0, 0.9]"
CONTROL,7569497.923999961,"[0.5, 0.247366, 0.852634, -0.352634, 0.0, 0.9]"
CONTROL,7589577.687999963,"[0.5, 0.246314, 0.853686, -0.353686, 0.0, 0.9]"
CONTROL,7609656.877000021,"[0.5, 0.245263, 0.854737, -0.354737, 0.0, 0.9]"
CONTROL,7629738.081000027,"[0.5, 0.244215, 0.855785, -0.355785, 0.0, 0.9]"
CONTROL,7649817.397999982,"[0.5, 0.243169, 0.856831, -0.356831, 0.0, 0.9]"
CONTROL,7669896.426000036,"[0.5, 0.242126, 0.857874, -0.357874, 0.0, 0.9]"
CONTROL,7689976.830999968,"[0.5, 0.241087, 0.858913, -0.358913, 0.0, 0.9]"
CONTROL,7710056.915999985,"[0.5, 0.240052, 0.859948, -0.359948, 0.0, 0.9]"
CONTROL,7730138.216,"[0.5, 0.239021, 0.860979, -0.360979, 0.0, 0.9]"
CONTROL,7750217.916999986,"[0.5, 0.237995, 0.862005, -0.362005, 0.0, 0.9]"
CONTROL,7770297.328999959,"[0.5, 0.236974, 0.863026, -0.363026, 0.0, 0.9]"
CONTROL,7790379.30200002,"[0.5, 0.235959, 0.864041, -0.364041, 0.0, 0.9]"
CONTROL,7810458.842000003,"[0.5, 0.234951, 0.865049, -0.365049, 0.0, 0.9]"
CONTROL,7830537.967000055,"[0.5, 0.233949, 0.866051, -0.366051, 0.0, 0.9]"
CONTROL,7850617.636000038,"[0.5, 0.232954, 0.867046, -0.367046, 0.0, 0.9]"
CONTROL,7870697.783999958,"[0.5, 0.231967, 0.868033, -0.368033, 0.0, 0.9]"
CONTROL,7890775.244999986,"[0.5, 0.230988, 0.869012, -0.369012, 0.0, 0.9]"
CONTROL,7910855.841000057,"[0.5, 0.230017, 0.869983, -0.369983, 0.0, 0.9]"
CONTROL,7930937.814000004,"[0.5, 0.229055, 0.870945, -0.370945, 0.0, 0.9]"
CONTROL,7951017.129999968,"[0.5, 0.228103, 0.871897, -0.371897, 0.0, 0.9]"
CONTROL,7971095.870999988,"[0.5, 0.22716, 0.87284, -0.37284, 0.0, 0.9]"
CONTROL,7991174.611000019,"[0.5, 0.226227, 0.873773, -0.373773, 0.0, 0.9]"
CONTROL,8011269.576000018,"[0.5, 0.225305, 0.874695, -0.374695, 0.0, 0.9]"
CONTROL,8031348.573000059,"[0.5, 0.224394, 0.875606, -0.375606, 0.0, 0.9]"
CONTROL,8051500.820000001,"[0.5, 0.223494, 0.876506, -0.376506, 0.0, 0.9]"
CONTROL,8071580.263999976,"[0.5, 0.222606, 0.877394, -0.377394, 0.0, 0.9]"
CONTROL,8091658.333000055,"[0.5, 0.22173, 0.87827, -0.37827, 0.0, 0.9]"
CONTROL,8111737.0409999695,"[0.5, 0.220867, 0.879133, -0.379133, 0.0, 0.9]"
CONTROL,8131817.6700000325,"[0.5, 0.220017, 0.879983, -0.379983, 0.0, 0.9]"
CONTROL,8151897.6260000495,"[0.5, 0.21918, 0.88082, -0.38082, 0.0, 0.9]"
CONTROL,8171977.551000055,"[0.5, 0.218357, 0.881643, -0.381643, 0.0, 0.9]"
CONTROL,8192060.900000001,"[0.5, 0.217548, 0.882452, -0.382452, 0.0, 0.9]"
CONTROL,8212140.599999998,"[0.5, 0.216753, 0.883247, -0.383247, 0.0, 0.9]"
CONTROL,8232219.373000021,"[0.5, 0.215973, 0.884027, -0.384027, 0.0, 0.9]"
CONTROL,8252305.504999981,"[0.5, 0.215208, 0.884792, -0.384792, 0.0, 0.9]"
CONTROL,8272380.4700000305,"[0.5, 0.214459, 0.885541, -0.385541, 0.0, 0.9]"
CONTROL,8292459.050000047,"[0.5, 0.213725, 0.886275, -0.386275, 0.0, 0.9]"
CONTROL,8312538.334999999,"[0.5, 0.213008, 0.886992, -0.386992, 0.0, 0.9]"
CONTROL,8332617.07500003,"[0.5, 0.212307, 0.887693, -0.387693, 0.0, 0.9]"
CONTROL,8352696.680000008,"[0.5, 0.211623, 0.888377, -0.388377, 0.0, 0.9]"
CONTROL,8372774.875999994,"[0.5, 0.210955, 0.889045, -0.389045, 0.0, 0.9]"
CONTROL,8392854.001000047,"[0.5, 0.210306, 0.889694, -0.389694, 0.0, 0.9]"
CONTROL,8412935.205000054,"[0.5, 0.209673, 0.890327, -0.390327, 0.0, 0.9]"
CONTROL,8433015.802,"[0.5, 0.209059, 0.890941, -0.390941, 0.0, 0.9]"
CONTROL,8453095.149999967,"[0.5, 0.208463, 0.891537, -0.391537, 0.0, 0.9]"
CONTROL,8473173.570999961,"[0.5, 0.207886, 0.892114, -0.392114, 0.0, 0.9]"
CONTROL,8493252.214999985,"[0.5, 0.207327, 0.892673, -0.392673, 0.0, 0.9]"
CONTROL,8513345.77199998,"[0.5, 0.206787, 0.893213, -0.393213, 0.0, 0.9]"
CONTROL,8533428.673000002,"[0.5, 0.206266, 0.893734, -0.393734, 0.0, 0.9]"
CONTROL,8553510.22900004,"[0.5, 0.205765, 0.894235, -0.394235, 0.0, 0.9]"
CONTROL,8573595.146000002,"[0.5, 0.205283, 0.894717, -0.394717, 0.0, 0.9]"
CONTROL,8593673.662000015,"[0.5, 0.204822, 0.895178, -0.395178, 0.0, 0.9]"
CONTROL,8613750.450999986,"[0.5, 0.20438, 0.89562, -0.39562, 0.0, 0.9]"
CONTROL,8633830.82300004,"[0.5, 0.203959, 0.896041, -0.396041, 0.0, 0.9]"
CONTROL,8653912.156000046,"[0.5, 0.203558, 0.896442, -0.396442, 0.0, 0.9]"
CONTROL,8673991.856000043,"[0.5, 0.203178, 0.896822, -0.396822, 0.0, 0.9]"
CONTROL,8694072.324999979,"[0.5, 0.202818, 0.897182, -0.397182, 0.0, 0.9]"
CONTROL,8714154.04100003,"[0.5, 0.20248, 0.89752, -0.39752, 0.0, 0.9]"
CONTROL,8734235.054000009,"[0.5, 0.202163, 0.897837, -0.397837, 0.0, 0.9]"
CONTROL,8754317.089999972,"[0.5, 0.201867, 0.898133, -0.398133, 0.0, 0.9]"
CONTROL,8774395.79899999,"[0.5, 0.201592, 0.898408, -0.398408, 0.0, 0.9]"
CONTROL,8794475.050999949,"[0.5, 0.201339, 0.898661, -0.398661, 0.0, 0.9]"
CONTROL,8814554.111999996,"[0.5, 0.201107, 0.898893, -0.398893, 0.0, 0.9]"
CONTROL,8834633.843999995,"[0.5, 0.200898, 0.899102, -0.399102, 0.0, 0.9]"
CONTROL,8854715.593000038,"[0.5, 0.20071, 0.89929, -0.39929, 0.0, 0.9]"
CONTROL,8874793.212999975,"[0.5, 0.200544, 0.899456, -0.399456, 0.0, 0.9]"
CONTROL,8894872.690000057,"[0.5, 0.2004, 0.8996, -0.3996, 0.0, 0.9]"
CONTROL,8914948.805999983,"[0.5, 0.200278, 0.899722, -0.399722, 0.0, 0.9]"
CONTROL,8935024.666000003,"[0.5, 0.200178, 0.899822, -0.399822, 0.0, 0.9]"
CONTROL,8955101.294999963,"[0.5, 0.2001, 0.8999, -0.3999, 0.0, 0.9]"
CONTROL,8975178.85100001,"[0.5, 0.200044, 0.899956, -0.399956, 0.0, 0.9]"
CONTROL,8995253.112,"[0.5, 0.200011, 0.899989, -0.399989, 0.0, 0.9]"
CONTROL,9015329.036000026,"[0.5, 0.2, 0.9, -0.4, 0.0, 0.9]"
CONTROL,9035403.74399995,"[0.5, 0.2, 0.9, -0.4, 0.0, 0.9]"
CONTROL,9055554.166999968,"[0.5, 0.2, 0.9, -0.4, 0.0, 0.9]"
CONTROL,9075630.827000054,"[0.5, 0.2, 0.9, -0.4, 0.0, 0.9]"
CONTROL,9095706.68799995,"[0.5, 0.2, 0.9, -0.4, 0.0, 0.9]"
CONTROL,9115781.523999998,"[0.5, 0.2, 0.9, -0.4, 0.0, 0.9]"
CONTROL,9135856.839999974,"[0.5, 0.2, 0.9, -0.4, 0.0, 0.9]"
CONTROL,9155932.348999955,"[0.5, 0.2, 0.9, -0.4, 0.0, 0.9]"
CONTROL,9176006.960999984,"[0.5, 0.2, 0.9, -0.4, 0.0, 0.9]"
CONTROL,9196081.348999996,"[0.5, 0.2, 0.9, -0.4, 0.0, 0.9]"
CONTROL,9216158.105999967,"[0.5, 0.2, 0.9, -0.4, 0.0, 0.9]"
CONTROL,9236231.85400004,"[0.5, 0.2, 0.9, -0.4, 0.0, 0.9]"
CONTROL,9256311.39500001,"[0.5, 0.2, 0.9, -0.4, 0.0, 0.9]"
CONTROL,9276385.687000016,"[0.5, 0.2, 0.9, -0.4, 0.0, 0.9]"
CONTROL,9296460.171000035,"[0.5, 0.2, 0.9, -0.4, 0.0, 0.9]"
CONTROL,9316537.024000013,"[0.5, 0.2, 0.9, -0.4, 0.0, 0.9]"
CONTROL,9336612.019999962,"[0.5, 0.2, 0.9, -0.4, 0.0, 0.9]"
CONTROL,9356685.704000028,"[0.5, 0.2, 0.9, -0.4, 0.0, 0.9]"
CONTROL,9376761.75599995,"[0.5, 0.2, 0.9, -0.4, 0.0, 0.9]"
CONTROL,9396836.560999986,"[0.5, 0.2, 0.9, -0.4, 0.0, 0.9]"
CONTROL,9416911.397000035,"[0.5, 0.2, 0.9, -0.4, 0.0, 0.9]"
CONTROL,9436987.384999951,"[0.5, 0.2, 0.9, -0.4, 0.0, 0.9]"
CONTROL,9457061.422000038,"[0.5, 0.2, 0.9, -0.4, 0.0, 0.9]"
CONTROL,9477153.122000005,"[0.5, 0.2, 0.9, -0.4, 0.0, 0.9]"
CONTROL,9497226.487000035,"[0.5, 0.2, 0.9, -0.4, 0.0, 0.9]"
CONTROL,9517300.427000009,"[0.5, 0.2, 0.9, -0.4, 0.0, 0.9]"
CONTROL,9537392.640000008,"[0.5, 0.2, 0.9, -0.4, 0.0, 0.9]"
CONTROL,9557466.355999963,"[0.5, 0.2, 0.9, -0.4, 0.0, 0.9]"
CONTROL,9577540.072000034,"[0.5, 0.2, 0.9, -0.4, 0.0, 0.9]"
CONTROL,9597616.251999967,"[0.5, 0.2, 0.9, -0.4, 0.0, 0.9]"
CONTROL,9617690.001000028,"[0.5, 0.2, 0.9, -0.4, 0.0, 0.9]"
CONTROL,9637767.333000056,"[0.5, 0.2, 0.9, -0.4, 0.0, 0.9]"
CONTROL,9657839.673000012,"[0.5, 0.2, 0.9, -0.4, 0.0, 0.899723]"
CONTROL,9677912.589000016,"[0.5, 0.2, 0.9, -0.4, 0.0, 0.898894]"
CONTROL,9697986.689999994,"[0.5, 0.2, 0.9, -0.4, 0.0, 0.897512]"
CONTROL,9718060.086000036,"[0.5, 0.2, 0.9, -0.4, 0.0, 0.895581]"
CONTROL,9738135.01799998,"[0.5, 0.2, 0.9, -0.4, 0.0, 0.893104]"
CONTROL,9758210.589999976,"[0.5, 0.2, 0.9, -0.4, 0.0, 0.890084]"
CONTROL,9778285.523000022,"[0.5, 0.2, 0.9, -0.4, 0.0, 0.886527]"
CONTROL,9798359.430999994,"[0.5, 0.2, 0.9, -0.4, 0.0, 0.882437]"
CONTROL,9818435.675000045,"[0.5, 0.2, 0.9, -0.4, 0.0, 0.877822]"
CONTROL,9838510.831999997,"[0.5, 0.2, 0.9, -0.4, 0.0, 0.872688]"
CONTROL,9858584.99599999,"[0.5, 0.2, 0.9, -0.4, 0.0, 0.867044]"
CONTROL,9878658.264000023,"[0.5, 0.2, 0.9, -0.4, 0.0, 0.860899]"
CONTROL,9898734.31600006,"[0.5, 0.2, 0.9, -0.4, 0.0, 0.854262]"
CONTROL,9918808.353000032,"[0.5, 0.2, 0.9, -0.4, 0.0, 0.847144]"
CONTROL,9938886.036999974,"[0.5, 0.2, 0.9, -0.4, 0.0, 0.839556]"
CONTROL,9958961.033000037,"[0.5, 0.2, 0.9, -0.4, 0.0, 0.831511]"
CONTROL,9979037.020999953,"[0.5, 0.2, 0.9, -0.4, 0.0, 0.82302]"
CONTROL,9999110.962000031,"[0.5, 0.2, 0.9, -0.4, 0.0, 0.814098]"
CONTROL,10019186.246000003,"[0.5, 0.2, 0.9, -0.4, 0.0, 0.804758]"
CONTROL,10039259.098000003,"[0.5, 0.2, 0.9, -0.4, 0.0, 0.795015]"
CONTROL,10059408.049000012,"[0.5, 0.2, 0.9, -0.4, 0.0, 0.784884]"
CONTROL,10079482.725000048,"[0.5, 0.2, 0.9, -0.4, 0.0, 0.774383]"
CONTROL,10099556.120999977,"[0.5, 0.2, 0.9, -0.4, 0.0, 0.763526]"
CONTROL,10119632.782000054,"[0.5, 0.2, 0.9, -0.4, 0.0, 0.752332]"
CONTROL,10139707.713999996,"[0.5, 0.2, 0.9, -0.4, 0.0, 0.740818]"
CONTROL,10159784.854000008,"[0.5, 0.2, 0.9, -0.4, 0.0, 0.729002]"
CONTROL,10179859.082000008,"[0.5, 0.2, 0.9, -0.4, 0.0, 0.716904]"
CONTROL,10199933.278999992,"[0.5, 0.2, 0.9, -0.4, 0.0, 0.704541]"
CONTROL,10220008.051000036,"[0.5, 0.2, 0.9, -0.4, 0.0, 0.691934]"
CONTROL,10240082.59900006,"[0.5, 0.2, 0.9, -0.4, 0.0, 0.679102]"
CONTROL,10260159.068000007,"[0.5, 0.2, 0.9, -0.4, 0.0, 0.666067]"
CONTROL,10280233.007999983,"[0.5, 0.2, 0.9, -0.4, 0.0, 0.652848]"
CONTROL,10300306.915999955,"[0.5, 0.2, 0.9, -0.4, 0.0, 0.639466]"
CONTROL,10320381.271999963,"[0.5, 0.2, 0.9, -0.4, 0.0, 0.625943]"
CONTROL,10340455.787999986,"[0.5, 0.2, 0.9, -0.4, 0.0, 0.612299]"
CONTROL,10360530.497000013,"[0.5, 0.2, 0.9, -0.4, 0.0, 0.598557]"
CONTROL,10380606.549000049,"[0.5, 0.2, 0.9, -0.4, 0.0, 0.584739]"
CONTROL,10400680.361000013,"[0.5, 0.2, 0.9, -0.4, 0.0, 0.570865]"
CONTROL,10420755.644999987,"[0.5, 0.2, 0.9, -0.4, 0.0, 0.556959]"
CONTROL,10440832.082000043,"[0.5, 0.2, 0.9, -0.4, 0.0, 0.543041]"
CONTROL,10460908.261999976,"[0.5, 0.2, 0.9, -0.4, 0.0, 0.529135]"
CONTROL,10480983.609999953,"[0.5, 0.2, 0.9, -0.4, 0.0, 0.515261]"
CONTROL,10501057.582000043,"[0.5, 0.2, 0.9, -0.4, 0.0, 0.501443]"
CONTROL,10521131.714000035,"[0.5, 0.2, 0.9, -0.4, 0.0, 0.487701]"
CONTROL,10541206.55099996,"[0.5, 0.2, 0.9, -0.4, 0.0, 0.474057]"
CONTROL,10561298.826999974,"[0.5, 0.2, 0.9, -0.4, 0.0, 0.460534]"
CONTROL,10581376.352000007,"[0.5, 0.2, 0.9, -0.4, 0.0, 0.447152]"
CONTROL,10601452.755999958,"[0.5, 0.2, 0.9, -0.4, 0.0, 0.433933]"
CONTROL,10621527.976000039,"[0.5, 0.2, 0.9, -0.4, 0.0, 0.420898]"
CONTROL,10641604.443999995,"[0.5, 0.2, 0.9, -0.4, 0.0, 0.408066]"
CONTROL,10661679.313000036,"[0.5, 0.2, 0.9, -0.4, 0.0, 0.395459]"
CONTROL,10681753.733000051,"[0.5, 0.2, 0.9, -0.4, 0.0, 0.383096]"
CONTROL,10701828.025000054,"[0.5, 0.2, 0.9, -0.4, 0.0, 0.370998]"
CONTROL,10721902.892999992,"[0.5, 0.2, 0.9, -0.4, 0.0, 0.359182]"
CONTROL,10741977.152999993,"[0.5, 0.2, 0.9, -0.4, 0.0, 0.347668]"
CONTROL,10762051.637000013,"[0.5, 0.2, 0.9, -0.4, 0.0, 0.336474]"
CONTROL,10782127.274000004,"[0.5, 0.2, 0.9, -0.4, 0.0, 0.325617]"
CONTROL,10802202.014000045,"[0.5, 0.2, 0.9, -0.4, 0.0, 0.315116]"
CONTROL,10822275.826000009,"[0.5, 0.2, 0.9, -0.4, 0.0, 0.304985]"
CONTROL,10842350.182000019,"[0.5, 0.2, 0.9, -0.4, 0.0, 0.295242]"
CONTROL,10862423.70599996,"[0.5, 0.2, 0.9, -0.4, 0.0, 0.285902]"
CONTROL,10882501.775000038,"[0.5, 0.2, 0.9, -0.4, 0.0, 0.27698]"
CONTROL,10902578.242999993,"[0.5, 0.2, 0.9, -0.4, 0.0, 0.268489]"
CONTROL,10922652.791000018,"[0.5, 0.2, 0.9, -0.4, 0.0, 0.260444]"
CONTROL,10942727.81899997,"[0.5, 0.2, 0.9, -0.4, 0.0, 0.252856]"
CONTROL,10962803.519999966,"[0.5, 0.2, 0.9, -0.4, 0.0, 0.245738]"
CONTROL,10982878.644000039,"[0.5, 0.2, 0.9, -0.4, 0.0, 0.239101]"
CONTROL,11002953.064000053,"[0.5, 0.2, 0.9, -0.4, 0.0, 0.232956]"
CONTROL,11023029.147999978,"[0.5, 0.2, 0.9, -0.4, 0.0, 0.227312]"
CONTROL,11043104.049000021,"[0.5, 0.2, 0.9, -0.4, 0.0, 0.222178]"
CONTROL,11063248.679000026,"[0.5, 0.2, 0.9, -0.4, 0.0, 0.217563]"
CONTROL,11083323.323000059,"[0.5, 0.2, 0.9, -0.4, 0.0, 0.213473]"
CONTROL,11103397.263000034,"[0.5, 0.2, 0.9, -0.4, 0.0, 0.209916]"
CONTROL,11123470.914999984,"[0.5, 0.2, 0.9, -0.4, 0.0, 0.206896]"
CONTROL,11143544.856000062,"[0.5, 0.2, 0.9, -0.4, 0.0, 0.204419]"
CONTROL,11163619.59599999,"[0.5, 0.2, 0.9, -0.4, 0.0, 0.202488]"
CONTROL,11183694.879999962,"[0.5, 0.2, 0.9, -0.4, 0.0, 0.201106]"
CONTROL,11203769.81200002,"[0.5, 0.2, 0.9, -0.4, 0.0, 0.200277]"
CONTROL,11223844.07200002,"[0.5, 0.2, 0.9, -0.4, 0.0, 0.2]"
CONTROL,11243918.877000056,"[0.5, 0.2, 0.9, -0.4, 0.0, 0.2]"
CONTROL,11263994.60899995,"[0.5, 0.2, 0.9, -0.4, 0.0, 0.2]"
CONTROL,11284069.060999969,"[0.5, 0.2, 0.9, -0.4, 0.0, 0.2]"
CONTROL,11304142.841000043,"[0.5, 0.2, 0.9, -0.4, 0.0, 0.2]"
CONTROL,11324217.005000036,"[0.5, 0.2, 0.9, -0.4, 0.0, 0.2]"
CONTROL,11344290.977000015,"[0.5, 0.2, 0.9, -0.4, 0.0, 0.2]"
CONTROL,11364365.270000007,"[0.5, 0.2, 0.9, -0.4, 0.0, 0.2]"
CONTROL,11384438.95399996,"[0.5, 0.2, 0.9, -0.4, 0.0, 0.2]"
CONTROL,11404514.653999968,"[0.5, 0.2, 0.9, -0.4, 0.0, 0.2]"
CONTROL,11424589.746000038,"[0.5, 0.2, 0.9, -0.4, 0.0, 0.2]"
CONTROL,11444664.038000042,"[0.5, 0.2, 0.9, -0.4, 0.0, 0.2]"
CONTROL,11464737.465999974,"[0.5, 0.2, 0.9, -0.4, 0.0, 0.2]"
CONTROL,11484812.110000007,"[0.5, 0.2, 0.9, -0.4, 0.0, 0.2]"
CONTROL,11504886.62600003,"[0.5, 0.2, 0.9, -0.4, 0.0, 0.2]"
CONTROL,11524961.942999994,"[0.5, 0.2, 0.9, -0.4, 0.0, 0.2]"
CONTROL,11545036.39500001,"[0.5, 0.2, 0.9, -0.4, 0.0, 0.2]"
CONTROL,11565112.798999961,"[0.5, 0.2, 0.9, -0.4, 0.0, 0.2]"
CONTROL,11585195.410999972,"[0.5, 0.2, 0.9, -0.4, 0.0, 0.2]"
CONTROL,11605275.01599995,"[0.5, 0.2, 0.9, -0.4, 0.0, 0.2]"
CONTROL,11625351.484000022,"[0.5, 0.2, 0.9, -0.4, 0.0, 0.2]"
CONTROL,11645427.56800006,"[0.5, 0.2, 0.9, -0.4, 0.0, 0.2]"
CONTROL,11665501.98799996,"[0.5, 0.2, 0.9, -0.4, 0.0, 0.2]"
CONTROL,11685580.503999973,"[0.5, 0.2, 0.9, -0.4, 0.0, 0.2]"
CONTROL,11705655.820000062,"[0.5, 0.2, 0.9, -0.4, 0.0, 0.2]"
CONTROL,11725731.712999959,"[0.5, 0.2, 0.9, -0.4, 0.0, 0.2]"
CONTROL,11745807.732999992,"[0.5, 0.2, 0.9, -0.4, 0.0, 0.2]"
CONTROL,11765883.432999998,"[0.5, 0.2, 0.9, -0.4, 0.0, 0.2]"
CONTROL,11785957.500999985,"[0.5, 0.2, 0.9, -0.4, 0.0, 0.2]"
CONTROL,11806030.577000001,"[0.5, 0.2, 0.9, -0.4, 0.0, 0.2]"
CONTROL,11826107.07699996,"[0.5, 0.2, 0.9, -0.4, 0.0, 0.2]"
CONTROL,11846185.05000003,"[0.5, 0.2, 0.9, -0.4, 0.0, 0.2]"
CONTROL,11866258.829999993,"[0.5, 0.200022, 0.899978, -0.399978, 0.0, 0.2]"
CONTROL,11886332.577999951,"[0.5, 0.200089, 0.899911, -0.399911, 0.0, 0.2]"
CONTROL,11906407.638000019,"[0.5, 0.2002, 0.8998, -0.3998, 0.0, 0.2]"
CONTROL,11926483.146000009,"[0.5, 0.200355, 0.899645, -0.399645, 0.0, 0.2]"
CONTROL,11946558.52599999,"[0.5, 0.200555, 0.899445, -0.399445, 0.0, 0.2]"
CONTROL,11966636.817999983,"[0.5, 0.200799, 0.899201, -0.399201, 0.0, 0.2]"
CONTROL,11986711.943000047,"[0.5, 0.201087, 0.898913, -0.398913, 0.0, 0.2]"
CONTROL,12006786.23500005,"[0.5, 0.201419, 0.898581, -0.398581, 0.0, 0.2]"
CONTROL,12026860.974999977,"[0.5, 0.201795, 0.898205, -0.398205, 0.0, 0.2]"
CONTROL,12046936.931000005,"[0.5, 0.202215, 0.897785, -0.397785, 0.0, 0.2]"
CONTROL,12067086.552999968,"[0.5, 0.202678, 0.897322, -0.397322, 0.0, 0.2]"
CONTROL,12087163.182000041,"[0.5, 0.203184, 0.896816, -0.396816, 0.0, 0.2]"
CONTROL,12107237.154000018,"[0.5, 0.203733, 0.896267, -0.396267, 0.0, 0.2]"
CONTROL,12127312.245999973,"[0.5, 0.204325, 0.895675, -0.395675, 0.0, 0.2]"
CONTROL,12147387.753999965,"[0.5, 0.20496, 0.89504, -0.39504, 0.0, 0.2]"
CONTROL,12167462.622000016,"[0.5, 0.205637, 0.894363, -0.394363, 0.0, 0.2]"
CONTROL,12187538.482000036,"[0.5, 0.206355, 0.893645, -0.393645, 0.0, 0.2]"
CONTROL,12207612.806000043,"[0.5, 0.207116, 0.892884, -0.392884, 0.0, 0.2]"
CONTROL,12227686.458999984,"[0.5, 0.207918, 0.892082, -0.392082, 0.0, 0.2]"
CONTROL,12247761.071000014,"[0.5, 0.20876, 0.89124, -0.39124, 0.0, 0.2]"
CONTROL,12267836.226999976,"[0.5, 0.209643, 0.890357, -0.390357, 0.0, 0.2]"
CONTROL,12287911.38300005,"[0.5, 0.210567, 0.889433, -0.389433, 0.0, 0.2]"
CONTROL,12307985.38700003,"[0.5, 0.21153, 0.88847, -0.38847, 0.0, 0.2]"
CONTROL,12328060.382999979,"[0.5, 0.212532, 0.887468, -0.387468, 0.0, 0.2]"
CONTROL,12348134.802999994,"[0.5, 0.213574, 0.886426, -0.386426, 0.0, 0.2]"
CONTROL,12368210.182999974,"[0.5, 0.214653, 0.885347, -0.385347, 0.0, 0.2]"
CONTROL,12388287.900000023,"[0.5, 0.215771, 0.884229, -0.384229, 0.0, 0.2]"
CONTROL,12408364.01599995,"[0.5, 0.216926, 0.883074, -0.383074, 0.0, 0.2]"
CONTROL,12428438.595999978,"[0.5, 0.218118, 0.881882, -0.381882, 0.0, 0.2]"
CONTROL,12448513.272000013,"[0.5, 0.219347, 0.880653, -0.380653, 0.0, 0.2]"
CONTROL,12468587.756000033,"[0.5, 0.220611, 0.879389, -0.379389, 0.0, 0.2]"
CONTROL,12488661.888000024,"[0.5, 0.221911, 0.878089, -0.378089, 0.0, 0.2]"
CONTROL,12508736.404000046,"[0.5, 0.223245, 0.876755, -0.376755, 0.0, 0.2]"
CONTROL,12528810.344000021,"[0.5, 0.224614, 0.875386, -0.375386, 0.0, 0.2]"
CONTROL,12548885.692,"[0.5, 0.226016, 0.873984, -0.373984, 0.0, 0.2]"
CONTROL,12568959.47199996,"[0.5, 0.22745, 0.87255, -0.37255, 0.0, 0.2]"
CONTROL,12589033.348000044,"[0.5, 0.228918, 0.871082, -0.371082, 0.0, 0.2]"
CONTROL,12609127.897000007,"[0.5, 0.230416, 0.869584, -0.369584, 0.0, 0.2]"
CONTROL,12629210.220999993,"[0.5, 0.231946, 0.868054, -0.368054, 0.0, 0.2]"
CONTROL,12649294.626000028,"[0.5, 0.233506, 0.866494, -0.366494, 0.0, 0.2]"
CONTROL,12669377.238000039,"[0.5, 0.235095, 0.864905, -0.364905, 0.0, 0.2]"
CONTROL,12689456.361999987,"[0.5, 0.236714, 0.863286, -0.363286, 0.0, 0.2]"
CONTROL,12709537.726000007,"[0.5, 0.23836, 0.86164, -0.36164, 0.0, 0.2]"
CONTROL,12729616.37000003,"[0.5, 0.240034, 0.859966, -0.359966, 0.0, 0.2]"
CONTROL,12749695.430999964,"[0.5, 0.241734, 0.858266, -0.358266, 0.0, 0.2]"
CONTROL,12769774.715000039,"[0.5, 0.243461, 0.856539, -0.356539, 0.0, 0.2]"
CONTROL,12789855.310999997,"[0.5, 0.245212, 0.854788, -0.354788, 0.0, 0.2]"
CONTROL,12809935.363000022,"[0.5, 0.246988, 0.853012, -0.353012, 0.0, 0.2]"
CONTROL,12830015.256000023,"[0.5, 0.248788, 0.851212, -0.351212, 0.0, 0.2]"
CONTROL,12850095.755999973,"[0.5, 0.25061, 0.84939, -0.34939, 0.0, 0.2]"
CONTROL,12870175.93600001,"[0.5, 0.252454, 0.847546, -0.347546, 0.0, 0.2]"
CONTROL,12890256.05200004,"[0.5, 0.254319, 0.845681, -0.345681, 0.0, 0.2]"
CONTROL,12910343.945000023,"[0.5, 0.256205, 0.843795, -0.343795, 0.0, 0.2]"
CONTROL,12930425.405000051,"[0.5, 0.25811, 0.84189, -0.34189, 0.0, 0.2]"
CONTROL,12950505.169000052,"[0.5, 0.260034, 0.839966, -0.339966, 0.0, 0.2]"
CONTROL,12970585.797000013,"[0.5, 0.261975, 0.838025, -0.338025, 0.0, 0.2]"
CONTROL,12990664.666000044,"[0.5, 0.263934, 0.836066, -0.336066, 0.0, 0.2]"
CONTROL,13010745.294000003,"[0.5, 0.265908, 0.834092, -0.334092, 0.0, 0.2]"
CONTROL,13030823.778000012,"[0.5, 0.267898, 0.832102, -0.332102, 0.0, 0.2]"
CONTROL,13050905.557999954,"[0.5, 0.269901, 0.830099, -0.330099, 0.0, 0.2]"
CONTROL,13071055.884999964,"[0.5, 0.271919, 0.828081, -0.328081, 0.0, 0.2]"
CONTROL,13091134.785000008,"[0.5, 0.273948, 0.826052, -0.326052, 0.0, 0.2]"
CONTROL,13111215.829000002,"[0.5, 0.27599, 0.82401, -0.32401, 0.0, 0.2]"
CONTROL,13131293.896999978,"[0.5, 0.278042, 0.821958, -0.321958, 0.0, 0.2]"
CONTROL,13151372.156999968,"[0.5, 0.280103, 0.819897, -0.319897, 0.0, 0.2]"
CONTROL,13171450.609999966,"[0.5, 0.282174, 0.817826, -0.317826, 0.0, 0.2]"
CONTROL,13191531.430000054,"[0.5, 0.284252, 0.815748, -0.315748, 0.0, 0.2]"
CONTROL,13211609.722000048,"[0.5, 0.286338, 0.813662, -0.313662, 0.0, 0.2]"
CONTROL,13231688.174000055,"[0.5, 0.288429, 0.811571, -0.311571, 0.0, 0.2]"
CONTROL,13251766.849999968,"[0.5, 0.290526, 0.809474, -0.309474, 0.0, 0.2]"
CONTROL,13271846.23100004,"[0.5, 0.292627, 0.807373, -0.307373, 0.0, 0.2]"
CONTROL,13291924.938999955,"[0.5, 0.294731, 0.805269, -0.305269, 0.0, 0.2]"
CONTROL,13312004.479000052,"[0.5, 0.296838, 0.803162, -0.303162, 0.0, 0.2]"
CONTROL,13332082.387000013,"[0.5, 0.298946, 0.801054, -0.301054, 0.0, 0.2]"
CONTROL,13352161.959,"[0.5, 0.301054, 0.798946, -0.298946, 0.0, 0.2]"
CONTROL,13372240.058999978,"[0.5, 0.303162, 0.796838, -0.296838, 0.0, 0.2]"
CONTROL,13392318.607999982,"[0.5, 0.305269, 0.794731, -0.294731, 0.0, 0.2]"
CONTROL,13412397.220000003,"[0.5, 0.307373, 0.792627, -0.292627, 0.0, 0.2]"
CONTROL,13432475.576000001,"[0.5, 0.309474, 0.790526, -0.290526, 0.0, 0.2]"
CONTROL,13452553.419999959,"[0.5, 0.311571, 0.788429, -0.288429, 0.0, 0.2]"
CONTROL,13472632.736000037,"[0.5, 0.313662, 0.786338, -0.286338, 0.0, 0.2]"
CONTROL,13492711.284000052,"[0.5, 0.315748, 0.784252, -0.284252, 0.0, 0.2]"
CONTROL,13512801.416999992,"[0.5, 0.317826, 0.782174, -0.282174, 0.0, 0.2]"
CONTROL,13532882.236999966,"[0.5, 0.319897, 0.780103, -0.280103, 0.0, 0.2]"
CONTROL,13552960.75299998,"[0.5, 0.321958, 0.778042, -0.278042, 0.0, 0.2]"
CONTROL,13573040.612999989,"[0.5, 0.32401, 0.77599, -0.27599, 0.0, 0.2]"
CONTROL,13593119.289000014,"[0.5, 0.326052, 0.773948, -0.273948, 0.0, 0.2]"
CONTROL,13613210.030000005,"[0.5, 0.328081, 0.771919, -0.271919, 0.0, 0.2]"
CONTROL,13633321.378999995,"[0.5, 0.330099, 0.769901, -0.269901, 0.0, 0.2]"
CONTROL,13653407.15900004,"[0.5, 0.332102, 0.767898, -0.267898, 0.0, 0.2]"
CONTROL,13673489.611000037,"[0.5, 0.334092, 0.765908, -0.265908, 0.0, 0.2]"
CONTROL,13693563.03899997,"[0.5, 0.336066, 0.763934, -0.263934, 0.0, 0.2]"
CONTROL,13713638.706999972,"[0.5, 0.338025, 0.761975, -0.261975, 0.0, 0.2]"
CONTROL,13733716.551000044,"[0.5, 0.339966, 0.760034, -0.260034, 0.0, 0.2]"
CONTROL,13753794.780000022,"[0.5, 0.34189, 0.75811, -0.25811, 0.0, 0.2]"
CONTROL,13773874.12799999,"[0.5, 0.343795, 0.756205, -0.256205, 0.0, 0.2]"
CONTROL,13793953.41199995,"[0.5, 0.345681, 0.754319, -0.254319, 0.0, 0.2]"
CONTROL,13814029.559999995,"[0.5, 0.347546, 0.752454, -0.252454, 0.0, 0.2]"
CONTROL,13834109.163999984,"[0.5, 0.34939, 0.75061, -0.25061, 0.0, 0.2]"
CONTROL,13854188.288000045,"[0.5, 0.351212, 0.748788, -0.248788, 0.0, 0.2]"
CONTROL,13874270.067999987,"[0.5, 0.353012, 0.746988, -0.246988, 0.0, 0.2]"
CONTROL,13894351.240999982,"[0.5, 0.354788, 0.745212, -0.245212, 0.0, 0.2]"
CONTROL,13914430.109000023,"[0.5, 0.356539, 0.743461, -0.243461, 0.0, 0.2]"
CONTROL,13934509.520999996,"[0.5, 0.358266, 0.741734, -0.241734, 0.0, 0.2]"
CONTROL,13954593.31699999,"[0.5, 0.359966, 0.740034, -0.240034, 0.0, 0.2]"
CONTROL,13974676.760999955,"[0.5, 0.36164, 0.73836, -0.23836, 0.0, 0.2]"
CONTROL,13994755.597999983,"[0.5, 0.363286, 0.736714, -0.236714, 0.0, 0.2]"
CONTROL,14014835.938000033,"[0.5, 0.364905, 0.735095, -0.235095, 0.0, 0.2]"
CONTROL,14034917.557999961,"[0.5, 0.366494, 0.733506, -0.233506, 0.0, 0.2]"
CONTROL,14055001.898,"[0.5, 0.368054, 0.731946, -0.231946, 0.0, 0.2]"
CONTROL,14075157.440999988,"[0.5, 0.369584, 0.730416, -0.230416, 0.0, 0.2]"
CONTROL,14095237.589000022,"[0.5, 0.371082, 0.728918, -0.228918, 0.0, 0.2]"
CONTROL,14115316.904999986,"[0.5, 0.37255, 0.72745, -0.22745, 0.0, 0.2]"
CONTROL,14135395.997000046,"[0.5, 0.373984, 0.726016, -0.226016, 0.0, 0.2]"
CONTROL,14155475.473000024,"[0.5, 0.375386, 0.724614, -0.224614, 0.0, 0.2]"
CONTROL,14175554.14900005,"[0.5, 0.376755, 0.723245, -0.223245, 0.0, 0.2]"
CONTROL,14195633.401999999,"[0.5, 0.378089, 0.721911, -0.221911, 0.0, 0.2]"
CONTROL,14215712.462000055,"[0.5, 0.379389, 0.720611, -0.220611, 0.0, 0.2]"
CONTROL,14235791.009999957,"[0.5, 0.380653, 0.719347, -0.219347, 0.0, 0.2]"
CONTROL,14255881.36600004,"[0.5, 0.381882, 0.718118, -0.218118, 0.0, 0.2]"
CONTROL,14275957.609999977,"[0.5, 0.383074, 0.716926, -0.216926, 0.0, 0.2]"
CONTROL,14296036.318000006,"[0.5, 0.384229, 0.715771, -0.215771, 0.0, 0.2]"
CONTROL,14316118.578999976,"[0.5, 0.385347, 0.714653, -0.214653, 0.0, 0.2]"
CONTROL,14336203.33500005,"[0.5, 0.386426, 0.713574, -0.213574, 0.0, 0.2]"
CONTROL,14356282.36299999,"[0.5, 0.387468, 0.712532, -0.212532, 0.0, 0.2]"
CONTROL,14376363.438999988,"[0.5, 0.38847, 0.71153, -0.21153, 0.0, 0.2]"
CONTROL,14396441.123000044,"[0.5, 0.389433, 0.710567, -0.210567, 0.0, 0.2]"
CONTROL,14416520.246999994,"[0.5, 0.390357, 0.709643, -0.209643, 0.0, 0.2]"
CONTROL,14436600.619000046,"[0.5, 0.39124, 0.70876, -0.20876, 0.0, 0.2]"
CONTROL,14456679.262999956,"[0.5, 0.392082, 0.707918, -0.207918, 0.0, 0.2]"
CONTROL,14476763.539999979,"[0.5, 0.392884, 0.707116, -0.207116, 0.0, 0.2]"
CONTROL,14496841.959999984,"[0.5, 0.393645, 0.706355, -0.206355, 0.0, 0.2]"
CONTROL,14516921.052000044,"[0.5, 0.394363, 0.705637, -0.205637, 0.0, 0.2]"
CONTROL,14537000.368000008,"[0.5, 0.39504, 0.70496, -0.20496, 0.0, 0.2]"
CONTROL,14557081.476000007,"[0.5, 0.395675, 0.704325, -0.204325, 0.0, 0.2]"
CONTROL,14577160.280000044,"[0.5, 0.396267, 0.703733, -0.203733, 0.0, 0.2]"
CONTROL,14597239.660000013,"[0.5, 0.396816, 0.703184, -0.203184, 0.0, 0.2]"
CONTROL,14617319.135999992,"[0.5, 0.397322, 0.702678, -0.202678, 0.0, 0.2]"
CONTROL,14637397.908000026,"[0.5, 0.397785, 0.702215, -0.202215, 0.0, 0.2]"
CONTROL,14657495.304999998,"[0.5, 0.398205, 0.701795, -0.201795, 0.0, 0.2]"
CONTROL,14677579.709000042,"[0.5, 0.398581, 0.701419, -0.201419, 0.0, 0.2]"
CONTROL,14697660.529000018,"[0.5, 0.398913, 0.701087, -0.201087, 0.0, 0.2]"
CONTROL,14717739.588999962,"[0.5, 0.399201, 0.700799, -0.200799, 0.0, 0.2]"
CONTROL,14737820.025000019,"[0.5, 0.399445, 0.700555, -0.200555, 0.0, 0.2]"
CONTROL,14757897.67699996,"[0.5, 0.399645, 0.700355, -0.200355, 0.0, 0.2]"
CONTROL,14777979.137999978,"[0.5, 0.3998, 0.7002, -0.2002, 0.0, 0.2]"
CONTROL,14798059.02999999,"[0.5, 0.399911, 0.700089, -0.200089, 0.0, 0.2]"
CONTROL,14818134.28199996,"[0.5, 0.399978, 0.700022, -0.200022, 0.0, 0.2]"
CONTROL,14838213.438000025,"[0.5, 0.4, 0.7, -0.2, 0.0, 0.2]"
CONTROL,14858291.441999996,"[0.5, 0.4, 0.7, -0.2, 0.0, 0.2]"
CONTROL,14878369.701999987,"[0.499938, 0.4, 0.7, -0.2, 0.0, 0.2]"
CONTROL,14898448.570000028,"[0.499751, 0.4, 0.7, -0.2, 0.0, 0.2]"
CONTROL,14918527.150000045,"[0.499439, 0.4, 0.7, -0.2, 0.0, 0.2]"
CONTROL,14938605.85799996,"[0.499003, 0.4, 0.7, -0.2, 0.0, 0.2]"
CONTROL,14958683.57400002,"[0.498443, 0.4, 0.7, -0.2, 0.0, 0.2]"
CONTROL,14978761.513999984,"[0.497759, 0.4, 0.7, -0.2, 0.0, 0.2]"
CONTROL,14998839.677999968,"[0.49695, 0.4, 0.7, -0.2, 0.0, 0.2]"
CONTROL,15018917.362000024,"[0.496018, 0.4, 0.7, -0.2, 0.0, 0.2]"
CONTROL,15038991.942000052,"[0.494962, 0.4, 0.7, -0.2, 0.0, 0.2]"
CONTROL,15059069.625999996,"[0.493782, 0.4, 0.7, -0.2, 0.0, 0.2]"
CONTROL,15079217.328000028,"[0.49248, 0.4, 0.7, -0.2, 0.0, 0.2]"
CONTROL,15099293.09200004,"[0.491055, 0.4, 0.7, -0.2, 0.0, 0.2]"
CONTROL,15119371.256000021,"[0.489507, 0.4, 0.7, -0.2, 0.0, 0.2]"
CONTROL,15139452.780000055,"[0.487838, 0.4, 0.7, -0.2, 0.0, 0.2]"
CONTROL,15159530.335999988,"[0.486046, 0.4, 0.7, -0.2, 0.0, 0.2]"
CONTROL,15179613.940999957,"[0.484134, 0.4, 0.7, -0.2, 0.0, 0.2]"
CONTROL,15199691.881000035,"[0.482101, 0.4, 0.7, -0.2, 0.0, 0.2]"
CONTROL,15219769.59699998,"[0.479948, 0.4, 0.7, -0.2, 0.0, 0.2]"
CONTROL,15239849.553,"[0.477675, 0.4, 0.7, -0.2, 0.0, 0.2]"
CONTROL,15259927.492999963,"[0.475284, 0.4, 0.7, -0.2, 0.0, 0.2]"
CONTROL,15280006.681000032,"[0.472774, 0.4, 0.7, -0.2, 0.0, 0.2]"
CONTROL,15300085.67699997,"[0.470146, 0.4, 0.7, -0.2, 0.0, 0.2]"
CONTROL,15320160.128999988,"[0.4674, 0.4, 0.7, -0.2, 0.0, 0.2]"
CONTROL,15340238.965000026,"[0.464539, 0.4, 0.7, -0.2, 0.0, 0.2]"
CONTROL,15360318.409000002,"[0.461561, 0.4, 0.7, -0.2, 0.0, 0.2]"
CONTROL,15380394.36500003,"[0.458469, 0.4, 0.7, -0.2, 0.0, 0.2]"
CONTROL,15400472.849000039,"[0.455262, 0.4, 0.7, -0.2, 0.0, 0.2]"
CONTROL,15420554.852999998,"[0.451942, 0.4, 0.7, -0.2, 0.0, 0.2]"
CONTROL,15440639.385000054,"[0.448509, 0.4, 0.7, -0.2, 0.0, 0.2]"
CONTROL,15460718.252999982,"[0.444964, 0.4, 0.7, -0.2, 0.0, 0.2]"
CONTROL,15480797.313000038,"[0.441309, 0.4, 0.7, -0.2, 0.0, 0.2]"
CONTROL,15500877.524999965,"[0.437544, 0.4, 0.7, -0.2, 0.0, 0.2]"
CONTROL,15520952.681000039,"[0.433669, 0.4, 0.7, -0.2, 0.0, 0.2]"
CONTROL,15541030.33299998,"[0.429686, 0.4, 0.7, -0.2, 0.0, 0.2]"
CONTROL,15561109.712999951,"[0.425597, 0.4, 0.7, -0.2, 0.0, 0.2]"
CONTROL,15581187.397000007,"[0.421401, 0.4, 0.7, -0.2, 0.0, 0.2]"
CONTROL,15601263.864999965,"[0.4171, 0.4, 0.7, -0.2, 0.0, 0.2]"
CONTROL,15621342.829000013,"[0.412695, 0.4, 0.7, -0.2, 0.0, 0.2]"
CONTROL,15641420.608999966,"[0.408188, 0.4, 0.7, -0.2, 0.0, 0.2]"
CONTROL,15661497.237000048,"[0.403579, 0.4, 0.7, -0.2, 0.0, 0.2]"
CONTROL,15681601.065999985,"[0.398869, 0.4, 0.7, -0.2, 0.0, 0.2]"
CONTROL,15701684.701999966,"[0.394059, 0.4, 0.7, -0.2, 0.0, 0.2]"
CONTROL,15721767.698000008,"[0.389152, 0.4, 0.7, -0.2, 0.0, 0.2]"
CONTROL,15741847.654000025,"[0.384147, 0.4, 0.7, -0.2, 0.0, 0.2]"
CONTROL,15761927.130000005,"[0.379047, 0.4, 0.7, -0.2, 0.0, 0.2]"
CONTROL,15782007.022000017,"[0.373852, 0.4, 0.7, -0.2, 0.0, 0.2]"
CONTROL,15802086.497999994,"[0.368565, 0.4, 0.7, -0.2, 0.0, 0.2]"
CONTROL,15822163.541999998,"[0.363185, 0.4, 0.7, -0.2, 0.0, 0.2]"
CONTROL,15842242.761999955,"[0.357715, 0.4, 0.7, -0.2, 0.0, 0.2]"
CONTROL,15862321.661999999,"[0.352155, 0.4, 0.7, -0.2, 0.0, 0.2]"
CONTROL,15882397.746000038,"[0.346508, 0.4, 0.7, -0.2, 0.0, 0.2]"
CONTROL,15902480.294000043,"[0.340775, 0.4, 0.7, -0.2, 0.0, 0.2]"
CONTROL,15922559.546000002,"[0.334956, 0.4, 0.7, -0.2, 0.0, 0.2]"
CONTROL,15942639.598000027,"[0.329054, 0.4, 0.7, -0.2, 0.0, 0.2]"
CONTROL,15962720.386,"[0.32307, 0.4, 0.7, -0.2, 0.0, 0.2]"
CONTROL,15982800.342000019,"[0.317006, 0.4, 0.7, -0.2, 0.0, 0.2]"
CONTROL,16002880.106000021,"[0.310862, 0.4, 0.7, -0.2, 0.0, 0.2]"
CONTROL,16022960.797999986,"[0.304642, 0.4, 0.7, -0.2, 0.0, 0.2]"
CONTROL,16043039.313999997,"[0.298345, 0.4, 0.7, -0.2, 0.0, 0.2]"
CONTROL,16063117.06200006,"[0.291974, 0.4, 0.7, -0.2, 0.0, 0.2]"
CONTROL,16083265.372000027,"[0.28553, 0.4, 0.7, -0.2, 0.0, 0.2]"
CONTROL,16103341.296000054,"[0.279014, 0.4, 0.7, -0.2, 0.0, 0.2]"
CONTROL,16123420.772000032,"[0.27243, 0.4, 0.7, -0.2, 0.0, 0.2]"
CONTROL,16143498.487999978,"[0.265777, 0.4, 0.7, -0.2, 0.0, 0.2]"
CONTROL,16163574.15599998,"[0.259059, 0.4, 0.7, -0.2, 0.0, 0.2]"
CONTROL,16183653.63199996,"[0.252275, 0.4, 0.7, -0.2, 0.0, 0.2]"
CONTROL,16203732.788000025,"[0.245429, 0.4, 0.7, -0.2, 0.0, 0.2]"
CONTROL,16223811.528000055,"[0.238522, 0.4, 0.7, -0.2, 0.0, 0.2]"
CONTROL,16243890.299999975,"[0.231555, 0.4, 0.7, -0.2, 0.0, 0.2]"
CONTROL,16263969.55200005,"[0.22453, 0.4, 0.7, -0.2, 0.0, 0.2]"
CONTROL,16284050.308000019,"[0.21745, 0.4, 0.7, -0.2, 0.0, 0.2]"
CONTROL,16304130.807999969,"[0.210315, 0.4, 0.7, -0.2, 0.0, 0.2]"
CONTROL,16324210.15600005,"[0.203128, 0.4, 0.7, -0.2, 0.0, 0.2]"
CONTROL,16344288.70399995,"[0.19589, 0.4, 0.7, -0.2, 0.0, 0.2]"
CONTROL,16364367.05999995,"[0.188604, 0.4, 0.7, -0.2, 0.0, 0.2]"
CONTROL,16384441.128000049,"[0.18127, 0.4, 0.7, -0.2, 0.0, 0.2]"
CONTROL,16404520.956000056,"[0.173891, 0.4, 0.7, -0.2, 0.0, 0.2]"
CONTROL,16424599.216000047,"[0.166469, 0.4, 0.7, -0.2, 0.0, 0.2]"
CONTROL,16444675.363999978,"[0.159006, 0.4, 0.7, -0.2, 0.0, 0.2]"
CONTROL,16464753.847999986,"[0.151503, 0.4, 0.7, -0.2, 0.0, 0.2]"
CONTROL,16484833.163999952,"[0.143962, 0.4, 0.7, -0.2, 0.0, 0.2]"
CONTROL,16504911.871999979,"[0.136385, 0.4, 0.7, -0.2, 0.0, 0.2]"
CONTROL,16524991.12299995,"[0.128774, 0.4, 0.7, -0.2, 0.0, 0.2]"
CONTROL,16545070.503000034,"[0.121131, 0.4, 0.7, -0.2, 0.0, 0.2]"
CONTROL,16565150.395000046,"[0.113458, 0.4, 0.7, -0.2, 0.0, 0.2]"
CONTROL,16585231.183000019,"[0.105757, 0.4, 0.7, -0.2, 0.0, 0.2]"
CONTROL,16605304.96299998,"[0.098029, 0.4, 0.7, -0.2, 0.0, 0.2]"
CONTROL,16625385.207000023,"[0.090277, 0.4, 0.7, -0.2, 0.0, 0.2]"
CONTROL,16645465.355000056,"[0.082502, 0.4, 0.7, -0.2, 0.0, 0.2]"
CONTROL,16665539.966999972,"[0.074707, 0.4, 0.7, -0.2, 0.0, 0.2]"
CONTROL,16685619.219000045,"[0.066893, 0.4, 0.7, -0.2, 0.0, 0.2]"
CONTROL,16705710.951000014,"[0.059063, 0.4, 0.7, -0.2, 0.0, 0.2]"
CONTROL,16725805.11600006,"[0.051217, 0.4, 0.7, -0.2, 0.0, 0.2]"
CONTROL,16745885.872000031,"[0.043359, 0.4, 0.7, -0.2, 0.0, 0.2]"
CONTROL,16765966.307999974,"[0.035491, 0.4, 0.7, -0.2, 0.0, 0.2]"
CONTROL,16786046.00799997,"[0.027613, 0.4, 0.7, -0.2, 0.0, 0.2]"
CONTROL,16806127.98000004,"[0.019728, 0.4, 0.7, -0.2, 0.0, 0.2]"
CONTROL,16826205.823999997,"[0.011839, 0.4, 0.7, -0.2, 0.0, 0.2]"
CONTROL,16846286.964,"[0.003947, 0.4, 0.7, -0.2, 0.0, 0.2]"
CONTROL,16866364.391000047,"[-0.003947, 0.4, 0.7, -0.2, 0.0, 0.2]"
CONTROL,16886451.643999975,"[-0.011839, 0.4, 0.7, -0.2, 0.0, 0.2]"
CONTROL,16906528.944000002,"[-0.019728, 0.4, 0.7, -0.2, 0.0, 0.2]"
CONTROL,16926608.387999978,"[-0.027613, 0.4, 0.7, -0.2, 0.0, 0.2]"
CONTROL,16946686.742999986,"[-0.035491, 0.4, 0.7, -0.2, 0.0, 0.2]"
CONTROL,16966765.226999998,"[-0.043359, 0.4, 0.7, -0.2, 0.0, 0.2]"
CONTROL,16986843.647,"[-0.051217, 0.4, 0.7, -0.2, 0.0, 0.2]"
CONTROL,17006917.907,"[-0.059063, 0.4, 0.7, -0.2, 0.0, 0.2]"
CONTROL,17026996.615000032,"[-0.066893, 0.4, 0.7, -0.2, 0.0, 0.2]"
CONTROL,17047075.738999978,"[-0.074707, 0.4, 0.7, -0.2, 0.0, 0.2]"
CONTROL,17067154.703000028,"[-0.082502, 0.4, 0.7, -0.2, 0.0, 0.2]"
CONTROL,17087306.021000016,"[-0.090277, 0.4, 0.7, -0.2, 0.0, 0.2]"
CONTROL,17107384.95299995,"[-0.098029, 0.4, 0.7, -0.2, 0.0, 0.2]"
CONTROL,17127464.269000027,"[-0.105757, 0.4, 0.7, -0.2, 0.0, 0.2]"
CONTROL,17147542.817000043,"[-0.113458, 0.4, 0.7, -0.2, 0.0, 0.2]"
CONTROL,17167617.684999984,"[-0.121131, 0.4, 0.7, -0.2, 0.0, 0.2]"
CONTROL,17187698.089000035,"[-0.128774, 0.4, 0.7, -0.2, 0.0, 0.2]"
CONTROL,17207775.037000034,"[-0.136385, 0.4, 0.7, -0.2, 0.0, 0.2]"
CONTROL,17227850.320000015,"[-0.143962, 0.4, 0.7, -0.2, 0.0, 0.2]"
CONTROL,17247929.98800001,"[-0.151503, 0.4, 0.7, -0.2, 0.0, 0.2]"
CONTROL,17268009.75200001,"[-0.159006, 0.4, 0.7, -0.2, 0.0, 0.2]"
CONTROL,17288089.83600004,"[-0.166469, 0.4, 0.7, -0.2, 0.0, 0.2]"
CONTROL,17308168.671999965,"[-0.173891, 0.4, 0.7, -0.2, 0.0, 0.2]"
CONTROL,17328249.396000046,"[-0.18127, 0.4, 0.7, -0.2, 0.0, 0.2]"
CONTROL,17348328.712000012,"[-0.188604, 0.4, 0.7, -0.2, 0.0, 0.2]"
CONTROL,17368409.756000005,"[-0.19589, 0.4, 0.7, -0.2, 0.0, 0.2]"
CONTROL,17388488.27200002,"[-0.203128, 0.4, 0.7, -0.2, 0.0, 0.2]"
CONTROL,17408567.651999988,"[-0.210315, 0.4, 0.7, -0.2, 0.0, 0.2]"
CONTROL,17428647.15999997,"[-0.21745, 0.4, 0.7, -0.2, 0.0, 0.2]"
CONTROL,17448723.75600005,"[-0.22453, 0.4, 0.7, -0.2, 0.0, 0.2]"
CONTROL,17468802.783,"[-0.231555, 0.4, 0.7, -0.2, 0.0, 0.2]"
CONTROL,17488880.594999954,"[-0.238522, 0.4, 0.7, -0.2, 0.0, 0.2]"
CONTROL,17508956.16699995,"[-0.245429, 0.4, 0.7, -0.2, 0.0, 0.2]"
CONTROL,17529035.771000054,"[-0.252275, 0.4, 0.7, -0.2, 0.0, 0.2]"
CONTROL,17549113.999000043,"[-0.259059, 0.4, 0.7, -0.2, 0.0, 0.2]"
CONTROL,17569192.45100005,"[-0.265777, 0.4, 0.7, -0.2, 0.0, 0.2]"
CONTROL,17589270.359000012,"[-0.27243, 0.4, 0.7, -0.2, 0.0, 0.2]"
CONTROL,17609348.233999982,"[-0.279014, 0.4, 0.7, -0.2, 0.0, 0.2]"
CONTROL,17629427.166000027,"[-0.28553, 0.4, 0.7, -0.2, 0.0, 0.2]"
CONTROL,17649504.881999973,"[-0.291974, 0.4, 0.7, -0.2, 0.0, 0.2]"
CONTROL,17669579.237999983,"[-0.298345, 0.4, 0.7, -0.2, 0.0, 0.2]"
CONTROL,17689657.593999982,"[-0.304642, 0.4, 0.7, -0.2, 0.0, 0.2]"
CONTROL,17709736.590000033,"[-0.310862, 0.4, 0.7, -0.2, 0.0, 0.2]"
CONTROL,17729831.65000005,"[-0.317006, 0.4, 0.7, -0.2, 0.0, 0.2]"
CONTROL,17749916.854000047,"[-0.32307, 0.4, 0.7, -0.2, 0.0, 0.2]"
CONTROL,17769996.90599996,"[-0.329054, 0.4, 0.7, -0.2, 0.0, 0.2]"
CONTROL,17790075.26199996,"[-0.334956, 0.4, 0.7, -0.2, 0.0, 0.2]"
CONTROL,17810155.60200001,"[-0.340775, 0.4, 0.7, -0.2, 0.0, 0.2]"
CONTROL,17830242.630000044,"[-0.346508, 0.4, 0.7, -0.2, 0.0, 0.2]"
CONTROL,17850327.321999997,"[-0.352155, 0.4, 0.7, -0.2, 0.0, 0.2]"
CONTROL,17870407.758000057,"[-0.357715, 0.4, 0.7, -0.2, 0.0, 0.2]"
CONTROL,17890488.001999985,"[-0.363185, 0.4, 0.7, -0.2, 0.0, 0.2]"
CONTROL,17910568.69400006,"[-0.368565, 0.4, 0.7, -0.2, 0.0, 0.2]"
CONTROL,17930648.84199998,"[-0.373852, 0.4, 0.7, -0.2, 0.0, 0.2]"
CONTROL,17950728.830000002,"[-0.379047, 0.4, 0.7, -0.2, 0.0, 0.2]"
CONTROL,17970808.30599998,"[-0.384147, 0.4, 0.7, -0.2, 0.0, 0.2]"
CONTROL,17990888.03699999,"[-0.389152, 0.4, 0.7, -0.2, 0.0, 0.2]"
CONTROL,18010968.057000015,"[-0.394059, 0.4, 0.7, -0.2, 0.0, 0.2]"
CONTROL,18031047.85300002,"[-0.398869, 0.4, 0.7, -0.2, 0.0, 0.2]"
CONTROL,18051127.71300003,"[-0.403579, 0.4, 0.7, -0.2, 0.0, 0.2]"
CONTROL,18071206.13300003,"[-0.408188, 0.4, 0.7, -0.2, 0.0, 0.2]"
CONTROL,18091354.122999974,"[-0.412695, 0.4, 0.7, -0.2, 0.0, 0.2]"
CONTROL,18111437.758999955,"[-0.4171, 0.4, 0.7, -0.2, 0.0, 0.2]"
CONTROL,18131516.787000008,"[-0.421401, 0.4, 0.7, -0.2, 0.0, 0.2]"
CONTROL,18151596.038999967,"[-0.425597, 0.4, 0.7, -0.2, 0.0, 0.2]"
CONTROL,18171676.986999955,"[-0.429686, 0.4, 0.7, -0.2, 0.0, 0.2]"
CONTROL,18191754.76700002,"[-0.433669, 0.4, 0.7, -0.2, 0.0, 0.2]"
CONTROL,18211834.722000048,"[-0.437544, 0.4, 0.7, -0.2, 0.0, 0.2]"
CONTROL,18231917.270000055,"[-0.441309, 0.4, 0.7, -0.2, 0.0, 0.2]"
CONTROL,18252007.915000036,"[-0.444964, 0.4, 0.7, -0.2, 0.0, 0.2]"
CONTROL,18272082.81399999,"[-0.448509, 0.4, 0.7, -0.2, 0.0, 0.2]"
CONTROL,18292164.146000005,"[-0.451942, 0.4, 0.7, -0.2, 0.0, 0.2]"
CONTROL,18312245.92600006,"[-0.455262, 0.4, 0.7, -0.2, 0.0, 0.2]"
CONTROL,18332326.93800005,"[-0.458469, 0.4, 0.7, -0.2, 0.0, 0.2]"
CONTROL,18352406.67000005,"[-0.461561, 0.4, 0.7, -0.2, 0.0, 0.2]"
CONTROL,18372486.68999996,"[-0.464539, 0.4, 0.7, -0.2, 0.0, 0.2]"
CONTROL,18392569.52599999,"[-0.4674, 0.4, 0.7, -0.2, 0.0, 0.2]"
CONTROL,18412649.257999986,"[-0.470146, 0.4, 0.7, -0.2, 0.0, 0.2]"
CONTROL,18432729.342000015,"[-0.472774, 0.4, 0.7, -0.2, 0.0, 0.2]"
CONTROL,18452809.01000001,"[-0.475284, 0.4, 0.7, -0.2, 0.0, 0.2]"
CONTROL,18472888.228999976,"[-0.477675, 0.4, 0.7, -0.2, 0.0, 0.2]"
CONTROL,18492967.89699997,"[-0.479948, 0.4, 0.7, -0.2, 0.0, 0.2]"
CONTROL,18513049.677000027,"[-0.482101, 0.4, 0.7, -0.2, 0.0, 0.2]"
CONTROL,18533128.64099996,"[-0.484134, 0.4, 0.7, -0.2, 0.0, 0.2]"
CONTROL,18553207.637000013,"[-0.486046, 0.4, 0.7, -0.2, 0.0, 0.2]"
CONTROL,18573288.45699999,"[-0.487838, 0.4, 0.7, -0.2, 0.0, 0.2]"
CONTROL,18593367.96399998,"[-0.489507, 0.4, 0.7, -0.2, 0.0, 0.2]"
CONTROL,18613457.745000005,"[-0.491055, 0.4, 0.7, -0.2, 0.0, 0.2]"
CONTROL,18633537.348000005,"[-0.49248, 0.4, 0.7, -0.2, 0.0, 0.2]"
CONTROL,18653617.847999953,"[-0.493782, 0.4, 0.7, -0.2, 0.0, 0.2]"
CONTROL,18673697.93199998,"[-0.494962, 0.4, 0.7, -0.2, 0.0, 0.2]"
CONTROL,18693776.191999972,"[-0.496018, 0.4, 0.7, -0.2, 0.0, 0.2]"
CONTROL,18713855.763999958,"[-0.49695, 0.4, 0.7, -0.2, 0.0, 0.2]"
CONTROL,18733934.215999965,"[-0.497759, 0.4, 0.7, -0.2, 0.0, 0.2]"
CONTROL,18754119.42300002,"[-0.498443, 0.4, 0.7, -0.2, 0.0, 0.2]"
CONTROL,18774209.65099998,"[-0.499003, 0.4, 0.7, -0.2, 0.0, 0.2]"
CONTROL,18794290.183000043,"[-0.499439, 0.4, 0.7, -0.2, 0.0, 0.2]"
CONTROL,18814370.682999995,"[-0.499751, 0.4, 0.7, -0.2, 0.0, 0.2]"
CONTROL,18834449.90199996,"[-0.499938, 0.4, 0.7, -0.2, 0.0, 0.2]"
CONTROL,18854526.530000042,"[-0.5, 0.4, 0.7, -0.2, 0.0, 0.2]"
CONTROL,18874608.085999966,"[-0.5, 0.4, 0.7, -0.2, 0.0, 0.2]"
CONTROL,18894688.073999986,"[-0.5, 0.399978, 0.700022, -0.200022, 0.0, 0.2]"
CONTROL,18914763.549999975,"[-0.5, 0.399911, 0.700089, -0.200089, 0.0, 0.2]"
CONTROL,18934844.242000055,"[-0.5, 0.3998, 0.7002, -0.2002, 0.0, 0.2]"
CONTROL,18954922.628999952,"[-0.5, 0.399645, 0.700355, -0.200355, 0.0, 0.2]"
CONTROL,18975001.400999986,"[-0.5, 0.399445, 0.700555, -0.200555, 0.0, 0.2]"
CONTROL,18995080.237000026,"[-0.5, 0.399201, 0.700799, -0.200799, 0.0, 0.2]"
CONTROL,19015158.016999975,"[-0.5, 0.398913, 0.701087, -0.201087, 0.0, 0.2]"
CONTROL,19035240.244999956,"[-0.5, 0.398581, 0.701419, -0.201419, 0.0, 0.2]"
CONTROL,19055319.336000025,"[-0.5, 0.398205, 0.701795, -0.201795, 0.0, 0.2]"
CONTROL,19075397.243999988,"[-0.5, 0.397785, 0.702215, -0.202215, 0.0, 0.2]"
CONTROL,19095566.25899995,"[-0.5, 0.397322, 0.702678, -0.202678, 0.0, 0.2]"
CONTROL,19115645.799000047,"[-0.5, 0.396816, 0.703184, -0.203184, 0.0, 0.2]"
CONTROL,19135721.689999968,"[-0.5, 0.396267, 0.703733, -0.203733, 0.0, 0.2]"
CONTROL,19155800.910000037,"[-0.5, 0.395675, 0.704325, -0.204325, 0.0, 0.2]"
CONTROL,19175880.482000027,"[-0.5, 0.39504, 0.70496, -0.20496, 0.0, 0.2]"
CONTROL,19195957.013999987,"[-0.5, 0.394363, 0.705637, -0.205637, 0.0, 0.2]"
CONTROL,19216036.29799995,"[-0.5, 0.393645, 0.706355, -0.206355, 0.0, 0.2]"
CONTROL,19236115.100999996,"[-0.5, 0.392884, 0.707116, -0.207116, 0.0, 0.2]"
CONTROL,19256194.512999967,"[-0.5, 0.392082, 0.707918, -0.207918, 0.0, 0.2]"
CONTROL,19276273.477000017,"[-0.5, 0.39124, 0.70876, -0.20876, 0.0, 0.2]"
CONTROL,19296352.920999993,"[-0.5, 0.390357, 0.709643, -0.209643, 0.0, 0.2]"
CONTROL,19316432.716999996,"[-0.5, 0.389433, 0.710567, -0.210567, 0.0, 0.2]"
CONTROL,19336512.96100004,"[-0.5, 0.38847, 0.71153, -0.21153, 0.0, 0.2]"
CONTROL,19356591.348000053,"[-0.5, 0.387468, 0.712532, -0.212532, 0.0, 0.2]"
CONTROL,19376669.44800003,"[-0.5, 0.386426, 0.713574, -0.213574, 0.0, 0.2]"
CONTROL,19396749.020000014,"[-0.5, 0.385347, 0.714653, -0.214653, 0.0, 0.2]"
CONTROL,19416823.120000005,"[-0.5, 0.384229, 0.715771, -0.215771, 0.0, 0.2]"
CONTROL,19436902.53099999,"[-0.5, 0.383074, 0.716926, -0.216926, 0.0, 0.2]"
CONTROL,19456981.81499995,"[-0.5, 0.381882, 0.718118, -0.218118, 0.0, 0.2]"
CONTROL,19477058.123000007,"[-0.5, 0.380653, 0.719347, -0.219347, 0.0, 0.2]"
CONTROL,19497152.510999966,"[-0.5, 0.379389, 0.720611, -0.220611, 0.0, 0.2]"
CONTROL,19517229.842999995,"[-0.5, 0.378089, 0.721911, -0.221911, 0.0, 0.2]"
CONTROL,19537309.318999972,"[-0.5, 0.376755, 0.723245, -0.223245, 0.0, 0.2]"
CONTROL,19557388.697999954,"[-0.5, 0.375386, 0.724614, -0.224614, 0.0, 0.2]"
CONTROL,19577467.533999994,"[-0.5, 0.373984, 0.726016, -0.226016, 0.0, 0.2]"
CONTROL,19597547.362,"[-0.5, 0.37255, 0.72745, -0.22745, 0.0, 0.2]"
CONTROL,19617626.549999956,"[-0.5, 0.371082, 0.728918, -0.228918, 0.0, 0.2]"
CONTROL,19637700.87299997,"[-0.5, 0.369584, 0.730416, -0.230416, 0.0, 0.2]"
CONTROL,19657780.28500006,"[-0.5, 0.368054, 0.731946, -0.231946, 0.0, 0.2]"
CONTROL,19677859.024999976,"[-0.5, 0.366494, 0.733506, -0.233506, 0.0, 0.2]"
CONTROL,19697934.91600001,"[-0.5, 0.364905, 0.735095, -0.235095, 0.0, 0.2]"
CONTROL,19718015.256000057,"[-0.5, 0.363286, 0.736714, -0.236714, 0.0, 0.2]"
CONTROL,19738094.89200005,"[-0.5, 0.36164, 0.73836, -0.23836, 0.0, 0.2]"
CONTROL,19758170.624000058,"[-0.5, 0.359966, 0.740034, -0.240034, 0.0, 0.2]"
CONTROL,19778263.347999997,"[-0.5, 0.358266, 0.741734, -0.241734, 0.0, 0.2]"
CONTROL,19798346.504000053,"[-0.5, 0.356539, 0.743461, -0.243461, 0.0, 0.2]"
CONTROL,19818429.435999975,"[-0.5, 0.354788, 0.745212, -0.245212, 0.0, 0.2]"
CONTROL,19838508.87899996,"[-0.5, 0.353012, 0.746988, -0.246988, 0.0, 0.2]"
CONTROL,19858591.107000053,"[-0.5, 0.351212, 0.748788, -0.248788, 0.0, 0.2]"
CONTROL,19878664.24699996,"[-0.5, 0.34939, 0.75061, -0.25061, 0.0, 0.2]"
CONTROL,19898744.619000014,"[-0.5, 0.347546, 0.752454, -0.252454, 0.0, 0.2]"
CONTROL,19918820.670000058,"[-0.5, 0.345681, 0.754319, -0.254319, 0.0, 0.2]"
CONTROL,19938902.129999973,"[-0.5, 0.343795, 0.756205, -0.256205, 0.0, 0.2]"
CONTROL,19958981.41400005,"[-0.5, 0.34189, 0.75811, -0.25811, 0.0, 0.2]"
CONTROL,19979059.29000001,"[-0.5, 0.339966, 0.760034, -0.260034, 0.0, 0.2]"
CONTROL,19999137.838000026,"[-0.5, 0.338025, 0.761975, -0.261975, 0.0, 0.2]"
CONTROL,20019216.832999974,"[-0.5, 0.336066, 0.763934, -0.263934, 0.0, 0.2]"
CONTROL,20039295.957000036,"[-0.5, 0.334092, 0.765908, -0.265908, 0.0, 0.2]"
CONTROL,20059375.721000038,"[-0.5, 0.332102, 0.767898, -0.267898, 0.0, 0.2]"
CONTROL,20079454.716999978,"[-0.5, 0.330099, 0.769901, -0.269901, 0.0, 0.2]"
CONTROL,20099605.491000034,"[-0.5, 0.328081, 0.771919, -0.271919, 0.0, 0.2]"
CONTROL,20119684.45399998,"[-0.5, 0.326052, 0.773948, -0.273948, 0.0, 0.2]"
CONTROL,20139763.92999996,"[-0.5, 0.32401, 0.77599, -0.27599, 0.0, 0.2]"
CONTROL,20159842.44599997,"[-0.5, 0.321958, 0.778042, -0.278042, 0.0, 0.2]"
CONTROL,20179922.337999985,"[-0.5, 0.319897, 0.780103, -0.280103, 0.0, 0.2]"
CONTROL,20200002.004999988,"[-0.5, 0.317826, 0.782174, -0.282174, 0.0, 0.2]"
CONTROL,20220081.480999965,"[-0.5, 0.315748, 0.784252, -0.284252, 0.0, 0.2]"
CONTROL,20240160.98900006,"[-0.5, 0.313662, 0.786338, -0.286338, 0.0, 0.2]"
CONTROL,20260241.553000014,"[-0.5, 0.311571, 0.788429, -0.288429, 0.0, 0.2]"
CONTROL,20280321.98899996,"[-0.5, 0.309474, 0.790526, -0.290526, 0.0, 0.2]"
CONTROL,20300400.375999972,"[-0.5, 0.307373, 0.792627, -0.292627, 0.0, 0.2]"
CONTROL,20320479.69200005,"[-0.5, 0.305269, 0.794731, -0.294731, 0.0, 0.2]"
CONTROL,20340559.488000054,"[-0.5, 0.303162, 0.796838, -0.296838, 0.0, 0.2]"
CONTROL,20360638.83600002,"[-0.5, 0.301054, 0.798946, -0.298946, 0.0, 0.2]"
CONTROL,20380718.375000015,"[-0.5, 0.298946, 0.801054, -0.301054, 0.0, 0.2]"
CONTROL,20400798.746999953,"[-0.5, 0.296838, 0.803162, -0.303162, 0.0, 0.2]"
CONTROL,20420878.095000036,"[-0.5, 0.294731, 0.805269, -0.305269, 0.0, 0.2]"
CONTROL,20440958.17899995,"[-0.5, 0.292627, 0.807373, -0.307373, 0.0, 0.2]"
CONTROL,20461042.133999966,"[-0.5, 0.290526, 0.809474, -0.309474, 0.0, 0.2]"
CONTROL,20481116.457999974,"[-0.5, 0.288429, 0.811571, -0.311571, 0.0, 0.2]"
CONTROL,20501200.189999964,"[-0.5, 0.286338, 0.813662, -0.313662, 0.0, 0.2]"
CONTROL,20521278.673999973,"[-0.5, 0.284252, 0.815748, -0.315748, 0.0, 0.2]"
CONTROL,20541355.812999997,"[-0.5, 0.282174, 0.817826, -0.317826, 0.0, 0.2]"
CONTROL,20561435.73700001,"[-0.5, 0.280103, 0.819897, -0.319897, 0.0, 0.2]"
CONTROL,20581515.72500003,"[-0.5, 0.278042, 0.821958, -0.321958, 0.0, 0.2]"
CONTROL,20601594.911999997,"[-0.5, 0.27599, 0.82401, -0.32401, 0.0, 0.2]"
CONTROL,20621675.44400006,"[-0.5, 0.273948, 0.826052, -0.326052, 0.0, 0.2]"
CONTROL,20641754.728000022,"[-0.5, 0.271919, 0.828081, -0.328081, 0.0, 0.2]"
CONTROL,20661833.883999974,"[-0.5, 0.269901, 0.830099, -0.330099, 0.0, 0.2]"
CONTROL,20681911.98299996,"[-0.5, 0.267898, 0.832102, -0.332102, 0.0, 0.2]"
CONTROL,20701993.442999993,"[-0.5, 0.265908, 0.834092, -0.334092, 0.0, 0.2]"
CONTROL,20722072.63100006,"[-0.5, 0.263934, 0.836066, -0.336066, 0.0, 0.2]"
CONTROL,20742151.145999968,"[-0.5, 0.261975, 0.838025, -0.338025, 0.0, 0.2]"
CONTROL,20762226.685999963,"[-0.5, 0.260034, 0.839966, -0.339966, 0.0, 0.2]"
CONTROL,20782307.346000038,"[-0.5, 0.25811, 0.84189, -0.34189, 0.0, 0.2]"
CONTROL,20802404.293999985,"[-0.5, 0.256205, 0.843795, -0.343795, 0.0, 0.2]"
CONTROL,20822485.177999966,"[-0.5, 0.254319, 0.845681, -0.345681, 0.0, 0.2]"
CONTROL,20842568.33400002,"[-0.5, 0.252454, 0.847546, -0.347546, 0.0, 0.2]"
CONTROL,20862650.112999972,"[-0.5, 0.25061, 0.84939, -0.34939, 0.0, 0.2]"
CONTROL,20882731.252999976,"[-0.5, 0.248788, 0.851212, -0.351212, 0.0, 0.2]"
CONTROL,20902814.217000015,"[-0.5, 0.246988, 0.853012, -0.353012, 0.0, 0.2]"
CONTROL,20922893.372999966,"[-0.5, 0.245212, 0.854788, -0.354788, 0.0, 0.2]"
CONTROL,20942974.12900005,"[-0.5, 0.243461, 0.856539, -0.356539, 0.0, 0.2]"
CONTROL,20963053.796000052,"[-0.5, 0.241734, 0.858266, -0.358266, 0.0, 0.2]"
CONTROL,20983148.248000022,"[-0.5, 0.240034, 0.859966, -0.359966, 0.0, 0.2]"
CONTROL,21003226.86000004,"[-0.5, 0.23836, 0.86164, -0.36164, 0.0, 0.2]"
CONTROL,21023307.423999995,"[-0.5, 0.236714, 0.863286, -0.363286, 0.0, 0.2]"
CONTROL,21043388.531999994,"[-0.5, 0.235095, 0.864905, -0.364905, 0.0, 0.2]"
CONTROL,21063467.62299995,"[-0.5, 0.233506, 0.866494, -0.366494, 0.0, 0.2]"
CONTROL,21083547.259000055,"[-0.5, 0.231946, 0.868054, -0.368054, 0.0, 0.2]"
CONTROL,21103695.248999998,"[-0.5, 0.230416, 0.869584, -0.369584, 0.0, 0.2]"
CONTROL,21123774.468999956,"[-0.5, 0.228918, 0.871082, -0.371082, 0.0, 0.2]"
CONTROL,21143854.327999976,"[-0.5, 0.22745, 0.87255, -0.37255, 0.0, 0.2]"
CONTROL,21163933.835999954,"[-0.5, 0.226016, 0.873984, -0.373984, 0.0, 0.2]"
CONTROL,21184011.36,"[-0.5, 0.224614, 0.875386, -0.375386, 0.0, 0.2]"
CONTROL,21204090.38699995,"[-0.5, 0.223245, 0.876755, -0.376755, 0.0, 0.2]"
CONTROL,21224170.438999977,"[-0.5, 0.221911, 0.878089, -0.378089, 0.0, 0.2]"
CONTROL,21244249.21100001,"[-0.5, 0.220611, 0.879389, -0.379389, 0.0, 0.2]"
CONTROL,21264329.806999967,"[-0.5, 0.219347, 0.880653, -0.380653, 0.0, 0.2]"
CONTROL,21284409.858000003,"[-0.5, 0.218118, 0.881882, -0.381882, 0.0, 0.2]"
CONTROL,21304487.637999956,"[-0.5, 0.216926, 0.883074, -0.383074, 0.0, 0.2]"
CONTROL,21324570.569999993,"[-0.5, 0.215771, 0.884229, -0.384229, 0.0, 0.2]"
CONTROL,21344650.398,"[-0.5, 0.214653, 0.885347, -0.385347, 0.0, 0.2]"
CONTROL,21364729.297000054,"[-0.5, 0.213574, 0.886426, -0.386426, 0.0, 0.2]"
CONTROL,21384808.645000022,"[-0.5, 0.212532, 0.887468, -0.387468, 0.0, 0.2]"
CONTROL,21404886.87300001,"[-0.5, 0.21153, 0.88847, -0.38847, 0.0, 0.2]"
CONTROL,21424966.38,"[-0.5, 0.210567, 0.889433, -0.389433, 0.0, 0.2]"
CONTROL,21445044.832000006,"[-0.5, 0.209643, 0.890357, -0.390357, 0.0, 0.2]"
CONTROL,21465123.731000062,"[-0.5, 0.20876, 0.89124, -0.39124, 0.0, 0.2]"
CONTROL,21485203.463000063,"[-0.5, 0.207918, 0.892082, -0.392082, 0.0, 0.2]"
CONTROL,21505282.715000022,"[-0.5, 0.207116, 0.892884, -0.392884, 0.0, 0.2]"
CONTROL,21525361.773999974,"[-0.5, 0.206355, 0.893645, -0.393645, 0.0, 0.2]"
CONTROL,21545442.146000028,"[-0.5, 0.205637, 0.894363, -0.394363, 0.0, 0.2]"
CONTROL,21565521.07799996,"[-0.5, 0.20496, 0.89504, -0.39504, 0.0, 0.2]"
CONTROL,21585600.457000054,"[-0.5, 0.204325, 0.895675, -0.395675, 0.0, 0.2]"
CONTROL,21605680.285000063,"[-0.5, 0.203733, 0.896267, -0.396267, 0.0, 0.2]"
CONTROL,21625759.248999998,"[-0.5, 0.203184, 0.896816, -0.396816, 0.0, 0.2]"
CONTROL,21645839.23700002,"[-0.5, 0.202678, 0.897322, -0.397322, 0.0, 0.2]"
CONTROL,21665919.256000053,"[-0.5, 0.202215, 0.897785, -0.397785, 0.0, 0.2]"
CONTROL,21685998.70000003,"[-0.5, 0.201795, 0.898205, -0.398205, 0.0, 0.2]"
CONTROL,21706077.95199999,"[-0.5, 0.201419, 0.898581, -0.398581, 0.0, 0.2]"
CONTROL,21726157.394999973,"[-0.5, 0.201087, 0.898913, -0.398913, 0.0, 0.2]"
CONTROL,21746237.607000012,"[-0.5, 0.200799, 0.899201, -0.399201, 0.0, 0.2]"
CONTROL,21766317.307000007,"[-0.5, 0.200555, 0.899445, -0.399445, 0.0, 0.2]"
CONTROL,21786396.174000062,"[-0.5, 0.200355, 0.899645, -0.399645, 0.0, 0.2]"
CONTROL,21806474.721999962,"[-0.5, 0.2002, 0.8998, -0.3998, 0.0, 0.2]"
CONTROL,21826581.52600004,"[-0.5, 0.200089, 0.899911, -0.399911, 0.0, 0.2]"
CONTROL,21846665.322000034,"[-0.5, 0.200022, 0.899978, -0.399978, 0.0, 0.2]"
CONTROL,21866745.182000045,"[-0.5, 0.2, 0.9, -0.4, 0.0, 0.2]"
CONTROL,21886826.418000054,"[-0.5, 0.2, 0.9, -0.4, 0.0, 0.2]"
CONTROL,21906906.212999955,"[-0.5, 0.2, 0.9, -0.4, 0.0, 0.2]"
CONTROL,21926988.569000058,"[-0.5, 0.2, 0.9, -0.4, 0.0, 0.2]"
CONTROL,21947069.037000004,"[-0.5, 0.2, 0.9, -0.4, 0.0, 0.2]"
CONTROL,21967147.296000008,"[-0.5, 0.2, 0.9, -0.4, 0.0, 0.2]"
CONTROL,21987224.948000062,"[-0.5, 0.2, 0.9, -0.4, 0.0, 0.2]"
CONTROL,22007305.15999999,"[-0.5, 0.2, 0.9, -0.4, 0.0, 0.2]"
CONTROL,22027384.05900004,"[-0.5, 0.2, 0.9, -0.4, 0.0, 0.2]"
CONTROL,22047462.447000045,"[-0.5, 0.2, 0.9, -0.4, 0.0, 0.2]"
CONTROL,22067541.31499997,"[-0.5, 0.2, 0.9, -0.4, 0.0, 0.2]"
CONTROL,22087620.598000057,"[-0.5, 0.2, 0.9, -0.4, 0.0, 0.2]"
CONTROL,22107769.675999977,"[-0.5, 0.2, 0.9, -0.4, 0.0, 0.2]"
CONTROL,22127848.640000023,"[-0.5, 0.2, 0.9, -0.4, 0.0, 0.2]"
CONTROL,22147927.091000043,"[-0.5, 0.2, 0.9, -0.4, 0.0, 0.2]"
CONTROL,22168005.06300001,"[-0.5, 0.2, 0.9, -0.4, 0.0, 0.2]"
CONTROL,22188083.41800002,"[-0.5, 0.2, 0.9, -0.4, 0.0, 0.2]"
CONTROL,22208162.158000052,"[-0.5, 0.2, 0.9, -0.4, 0.0, 0.2]"
CONTROL,22228242.337999973,"[-0.5, 0.2, 0.9, -0.4, 0.0, 0.2]"
CONTROL,22248726.56100001,"[-0.5, 0.2, 0.9, -0.4, 0.0, 0.2]"
CONTROL,22268808.181000054,"[-0.5, 0.2, 0.9, -0.4, 0.0, 0.2]"
CONTROL,22288888.232999966,"[-0.5, 0.2, 0.9, -0.4, 0.0, 0.2]"
CONTROL,22308967.517000042,"[-0.5, 0.2, 0.9, -0.4, 0.0, 0.2]"
CONTROL,22329042.287999984,"[-0.5, 0.2, 0.9, -0.4, 0.0, 0.2]"
CONTROL,22349121.923999973,"[-0.5, 0.2, 0.9, -0.4, 0.0, 0.2]"
CONTROL,22369200.503000002,"[-0.5, 0.2, 0.9, -0.4, 0.0, 0.2]"
CONTROL,22389276.075,"[-0.5, 0.2, 0.9, -0.4, 0.0, 0.2]"
CONTROL,22409355.389999975,"[-0.5, 0.2, 0.9, -0.4, 0.0, 0.2]"
CONTROL,22429434.706000052,"[-0.5, 0.2, 0.9, -0.4, 0.0, 0.2]"
CONTROL,22449513.253999952,"[-0.5, 0.2, 0.9, -0.4, 0.0, 0.2]"
CONTROL,22469593.112999972,"[-0.5, 0.2, 0.9, -0.4, 0.0, 0.2]"
CONTROL,22489671.468999974,"[-0.5, 0.2, 0.9, -0.4, 0.0, 0.2]"
CONTROL,22509749.727999974,"[-0.5, 0.2, 0.9, -0.4, 0.0, 0.200277]"
CONTROL,22529828.14799998,"[-0.5, 0.2, 0.9, -0.4, 0.0, 0.201106]"
CONTROL,22549903.047000043,"[-0.5, 0.2, 0.9, -0.4, 0.0, 0.202488]"
CONTROL,22569983.098999955,"[-0.5, 0.2, 0.9, -0.4, 0.0, 0.204419]"
CONTROL,22590061.167000044,"[-0.5, 0.2, 0.9, -0.4, 0.0, 0.206896]"
CONTROL,22610151.683000028,"[-0.5, 0.2, 0.9, -0.4, 0.0, 0.209916]"
CONTROL,22630231.797999956,"[-0.5, 0.2, 0.9, -0.4, 0.0, 0.213473]"
CONTROL,22650310.090000063,"[-0.5, 0.2, 0.9, -0.4, 0.0, 0.217563]"
CONTROL,22670386.781000048,"[-0.5, 0.2, 0.9, -0.4, 0.0, 0.222178]"
CONTROL,22690466.129000016,"[-0.5, 0.2, 0.9, -0.4, 0.0, 0.227312]"
CONTROL,22710543.779999968,"[-0.5, 0.2, 0.9, -0.4, 0.0, 0.232956]"
CONTROL,22730623.03200004,"[-0.5, 0.2, 0.9, -0.4, 0.0, 0.239101]"
CONTROL,22750703.435999982,"[-0.5, 0.2, 0.9, -0.4, 0.0, 0.245738]"
CONTROL,22770781.66299998,"[-0.5, 0.2, 0.9, -0.4, 0.0, 0.252856]"
CONTROL,22790861.17099996,"[-0.5, 0.2, 0.9, -0.4, 0.0, 0.260444]"
CONTROL,22810938.63000001,"[-0.5, 0.2, 0.9, -0.4, 0.0, 0.268489]"
CONTROL,22831012.954000015,"[-0.5, 0.2, 0.9, -0.4, 0.0, 0.27698]"
CONTROL,22851107.597999997,"[-0.5, 0.2, 0.9, -0.4, 0.0, 0.285902]"
CONTROL,22871188.002000052,"[-0.5, 0.2, 0.9, -0.4, 0.0, 0.295242]"
CONTROL,22891266.83699999,"[-0.5, 0.2, 0.9, -0.4, 0.0, 0.304985]"
CONTROL,22911346.600999992,"[-0.5, 0.2, 0.9, -0.4, 0.0, 0.315116]"
CONTROL,22931426.68400003,"[-0.5, 0.2, 0.9, -0.4, 0.0, 0.325617]"
CONTROL,22951502.576000053,"[-0.5, 0.2, 0.9, -0.4, 0.0, 0.336474]"
CONTROL,22971583.044,"[-0.5, 0.2, 0.9, -0.4, 0.0, 0.347668]"
CONTROL,22991664.886999957,"[-0.5, 0.2, 0.9, -0.4, 0.0, 0.359182]"
CONTROL,23011739.40299998,"[-0.5, 0.2, 0.9, -0.4, 0.0, 0.370998]"
CONTROL,23031819.03799998,"[-0.5, 0.2, 0.9, -0.4, 0.0, 0.383096]"
CONTROL,23051898.09800004,"[-0.5, 0.2, 0.9, -0.4, 0.0, 0.395459]"
CONTROL,23071976.90199996,"[-0.5, 0.2, 0.9, -0.4, 0.0, 0.408066]"
CONTROL,23092056.21700005,"[-0.5, 0.2, 0.9, -0.4, 0.0, 0.420898]"
CONTROL,23112206.41500006,"[-0.5, 0.2, 0.9, -0.4, 0.0, 0.433933]"
CONTROL,23132282.43399999,"[-0.5, 0.2, 0.9, -0.4, 0.0, 0.447152]"
CONTROL,23152360.661999978,"[-0.5, 0.2, 0.9, -0.4, 0.0, 0.460534]"
CONTROL,23172434.69699997,"[-0.5, 0.2, 0.9, -0.4, 0.0, 0.474057]"
CONTROL,23192514.236999955,"[-0.5, 0.2, 0.9, -0.4, 0.0, 0.487701]"
CONTROL,23212593.48900003,"[-0.5, 0.2, 0.9, -0.4, 0.0, 0.501443]"
CONTROL,23232669.63599997,"[-0.5, 0.2, 0.9, -0.4, 0.0, 0.515261]"
CONTROL,23252748.215999987,"[-0.5, 0.2, 0.9, -0.4, 0.0, 0.529135]"
CONTROL,23272827.147000045,"[-0.5, 0.2, 0.9, -0.4, 0.0, 0.543041]"
CONTROL,23292906.495000012,"[-0.5, 0.2, 0.9, -0.4, 0.0, 0.556959]"
CONTROL,23312985.61899996,"[-0.5, 0.2, 0.9, -0.4, 0.0, 0.570865]"
CONTROL,23333063.71800006,"[-0.5, 0.2, 0.9, -0.4, 0.0, 0.584739]"
CONTROL,23353157.529999975,"[-0.5, 0.2, 0.9, -0.4, 0.0, 0.598557]"
CONTROL,23373236.174,"[-0.5, 0.2, 0.9, -0.4, 0.0, 0.612299]"
CONTROL,23393311.45699998,"[-0.5, 0.2, 0.9, -0.4, 0.0, 0.625943]"
CONTROL,23413389.68499997,"[-0.5, 0.2, 0.9, -0.4, 0.0, 0.639466]"
CONTROL,23433469.06399995,"[-0.5, 0.2, 0.9, -0.4, 0.0, 0.652848]"
CONTROL,23453543.77199999,"[-0.5, 0.2, 0.9, -0.4, 0.0, 0.666067]"
CONTROL,23473625.646999948,"[-0.5, 0.2, 0.9, -0.4, 0.0, 0.679102]"
CONTROL,23493704.38699998,"[-0.5, 0.2, 0.9, -0.4, 0.0, 0.691934]"
CONTROL,23513782.29399995,"[-0.5, 0.2, 0.9, -0.4, 0.0, 0.704541]"
CONTROL,23533861.61000003,"[-0.5, 0.2, 0.9, -0.4, 0.0, 0.716904]"
CONTROL,23553942.07699999,"[-0.5, 0.2, 0.9, -0.4, 0.0, 0.729002]"
CONTROL,23574021.04100004,"[-0.5, 0.2, 0.9, -0.4, 0.0, 0.740818]"
CONTROL,23594099.07600002,"[-0.5, 0.2, 0.9, -0.4, 0.0, 0.752332]"
CONTROL,23614187.352000043,"[-0.5, 0.2, 0.9, -0.4, 0.0, 0.763526]"
CONTROL,23634267.33999995,"[-0.5, 0.2, 0.9, -0.4, 0.0, 0.774383]"
CONTROL,23654345.598999955,"[-0.5, 0.2, 0.9, -0.4, 0.0, 0.784884]"
CONTROL,23674421.746999998,"[-0.5, 0.2, 0.9, -0.4, 0.0, 0.795015]"
CONTROL,23694500.901999958,"[-0.5, 0.2, 0.9, -0.4, 0.0, 0.804758]"
CONTROL,23714578.361999996,"[-0.5, 0.2, 0.9, -0.4, 0.0, 0.814098]"
CONTROL,23734656.973000027,"[-0.5, 0.2, 0.9, -0.4, 0.0, 0.82302]"
CONTROL,23754735.77699995,"[-0.5, 0.2, 0.9, -0.4, 0.0, 0.831511]"
CONTROL,23774816.46900003,"[-0.5, 0.2, 0.9, -0.4, 0.0, 0.839556]"
CONTROL,23794892.903999995,"[-0.5, 0.2, 0.9, -0.4, 0.0, 0.847144]"
CONTROL,23814971.484000012,"[-0.5, 0.2, 0.9, -0.4, 0.0, 0.854262]"
CONTROL,23835049.10299996,"[-0.5, 0.2, 0.9, -0.4, 0.0, 0.860899]"
CONTROL,23855128.67500006,"[-0.5, 0.2, 0.9, -0.4, 0.0, 0.867044]"
CONTROL,23875225.623000007,"[-0.5, 0.2, 0.9, -0.4, 0.0, 0.872688]"
CONTROL,23895311.210000046,"[-0.5, 0.2, 0.9, -0.4, 0.0, 0.877822]"
CONTROL,23915392.190000035,"[-0.5, 0.2, 0.9, -0.4, 0.0, 0.882437]"
CONTROL,23935475.217999965,"[-0.5, 0.2, 0.9, -0.4, 0.0, 0.886527]"
CONTROL,23955550.02100002,"[-0.5, 0.2, 0.9, -0.4, 0.0, 0.890084]"
CONTROL,23975630.841,"[-0.5, 0.2, 0.9, -0.4, 0.0, 0.893104]"
CONTROL,23995710.123999972,"[-0.5, 0.2, 0.9, -0.4, 0.0, 0.895581]"
CONTROL,24015784.99200002,"[-0.5, 0.2, 0.9, -0.4, 0.0, 0.897512]"
CONTROL,24035864.915000048,"[-0.5, 0.2, 0.9, -0.4, 0.0, 0.898894]"
CONTROL,24055944.64700005,"[-0.5, 0.2, 0.9, -0.4, 0.0, 0.899723]"
CONTROL,24076024.82599998,"[-0.5, 0.2, 0.9, -0.4, 0.0, 0.9]"
CONTROL,24096105.58199995,"[-0.5, 0.2, 0.9, -0.4, 0.0, 0.9]"
CONTROL,24116253.28399998,"[-0.5, 0.2, 0.9, -0.4, 0.0, 0.9]"
CONTROL,24136333.110999998,"[-0.5, 0.2, 0.9, -0.4, 0.0, 0.9]"
CONTROL,24156411.499,"[-0.5, 0.2, 0.9, -0.4, 0.0, 0.9]"
CONTROL,24176490.238000043,"[-0.5, 0.2, 0.9, -0.4, 0.0, 0.9]"
CONTROL,24196569.10599997,"[-0.5, 0.2, 0.9, -0.4, 0.0, 0.9]"
CONTROL,24216648.037000027,"[-0.5, 0.2, 0.9, -0.4, 0.0, 0.9]"
CONTROL,24236726.361000024,"[-0.5, 0.2, 0.9, -0.4, 0.0, 0.9]"
CONTROL,24256812.55699999,"[-0.5, 0.2, 0.9, -0.4, 0.0, 0.9]"
CONTROL,24276891.07200001,"[-0.5, 0.2, 0.9, -0.4, 0.0, 0.9]"
CONTROL,24296973.428,"[-0.5, 0.2, 0.9, -0.4, 0.0, 0.9]"
CONTROL,24317054.53500001,"[-0.5, 0.2, 0.9, -0.4, 0.0, 0.9]"
CONTROL,24337133.978999987,"[-0.5, 0.2, 0.9, -0.4, 0.0, 0.9]"
CONTROL,24357213.197999954,"[-0.5, 0.2, 0.9, -0.4, 0.0, 0.9]"
CONTROL,24377288.833999954,"[-0.5, 0.2, 0.9, -0.4, 0.0, 0.9]"
CONTROL,24397368.981,"[-0.5, 0.2, 0.9, -0.4, 0.0, 0.9]"
CONTROL,24417447.46500001,"[-0.5, 0.2, 0.9, -0.4, 0.0, 0.9]"
CONTROL,24437526.972,"[-0.5, 0.2, 0.9, -0.4, 0.0, 0.9]"
CONTROL,24457606.57599999,"[-0.5, 0.2, 0.9, -0.4, 0.0, 0.9]"
CONTROL,24477685.28300003,"[-0.5, 0.2, 0.9, -0.4, 0.0, 0.9]"
CONTROL,24497764.055000063,"[-0.5, 0.2, 0.9, -0.4, 0.0, 0.9]"
CONTROL,24517845.19399996,"[-0.5, 0.2, 0.9, -0.4, 0.0, 0.9]"
CONTROL,24537924.15800001,"[-0.5, 0.2, 0.9, -0.4, 0.0, 0.9]"
CONTROL,24558003.18499996,"[-0.5, 0.2, 0.9, -0.4, 0.0, 0.9]"
CONTROL,24578083.429,"[-0.5, 0.2, 0.9, -0.4, 0.0, 0.9]"
CONTROL,24598162.647999972,"[-0.5, 0.2, 0.9, -0.4, 0.0, 0.9]"
CONTROL,24618241.420000006,"[-0.5, 0.2, 0.9, -0.4, 0.0, 0.9]"
CONTROL,24638320.638999972,"[-0.5, 0.2, 0.9, -0.4, 0.0, 0.9]"
CONTROL,24658398.962999966,"[-0.5, 0.2, 0.9, -0.4, 0.0, 0.9]"
CONTROL,24678476.774000045,"[-0.5, 0.2, 0.9, -0.4, 0.0, 0.9]"
CONTROL,24698552.218000032,"[-0.5, 0.2, 0.9, -0.4, 0.0, 0.9]"
CONTROL,24718631.789000027,"[-0.5, 0.200022, 0.899978, -0.399978, 0.0, 0.9]"
CONTROL,24738710.912999976,"[-0.5, 0.200089, 0.899911, -0.399911, 0.0, 0.9]"
CONTROL,24758791.15600003,"[-0.5, 0.2002, 0.8998, -0.3998, 0.0, 0.9]"
CONTROL,24778871.944000002,"[-0.5, 0.200355, 0.899645, -0.399645, 0.0, 0.9]"
CONTROL,24798952.283000063,"[-0.5, 0.200555, 0.899445, -0.399445, 0.0, 0.9]"
CONTROL,24819033.327000055,"[-0.5, 0.200799, 0.899201, -0.399201, 0.0, 0.9]"
CONTROL,24839114.881999988,"[-0.5, 0.201087, 0.898913, -0.398913, 0.0, 0.9]"
CONTROL,24859195.733999968,"[-0.5, 0.201419, 0.898581, -0.398581, 0.0, 0.9]"
CONTROL,24879276.520999953,"[-0.5, 0.201795, 0.898205, -0.398205, 0.0, 0.9]"
CONTROL,24899366.33299999,"[-0.5, 0.202215, 0.897785, -0.397785, 0.0, 0.9]"
CONTROL,24919445.265000034,"[-0.5, 0.202678, 0.897322, -0.397322, 0.0, 0.9]"
CONTROL,24939524.22799998,"[-0.5, 0.203184, 0.896816, -0.396816, 0.0, 0.9]"
CONTROL,24959605.720000014,"[-0.5, 0.203733, 0.896267, -0.396267, 0.0, 0.9]"
CONTROL,24979683.626999985,"[-0.5, 0.204325, 0.895675, -0.395675, 0.0, 0.9]"
CONTROL,24999764.574999973,"[-0.5, 0.20496, 0.89504, -0.39504, 0.0, 0.9]"
CONTROL,25019837.842000015,"[-0.5, 0.205637, 0.894363, -0.394363, 0.0, 0.9]"
CONTROL,25039916.070000004,"[-0.5, 0.206355, 0.893645, -0.393645, 0.0, 0.9]"
CONTROL,25059993.40100004,"[-0.5, 0.207116, 0.892884, -0.392884, 0.0, 0.9]"
CONTROL,25080072.812000025,"[-0.5, 0.207918, 0.892082, -0.392082, 0.0, 0.9]"
CONTROL,25100152.256,"[-0.5, 0.20876, 0.89124, -0.39124, 0.0, 0.9]"
CONTROL,25120292.94900003,"[-0.5, 0.209643, 0.890357, -0.390357, 0.0, 0.9]"
CONTROL,25140372.80900004,"[-0.5, 0.210567, 0.889433, -0.389433, 0.0, 0.9]"
CONTROL,25160454.78000001,"[-0.5, 0.21153, 0.88847, -0.38847, 0.0, 0.9]"
CONTROL,25180534.51200001,"[-0.5, 0.212532, 0.887468, -0.387468, 0.0, 0.9]"
CONTROL,25200615.04299997,"[-0.5, 0.213574, 0.886426, -0.386426, 0.0, 0.9]"
CONTROL,25220695.28700001,"[-0.5, 0.214653, 0.885347, -0.385347, 0.0, 0.9]"
CONTROL,25240774.762000002,"[-0.5, 0.215771, 0.884229, -0.384229, 0.0, 0.9]"
CONTROL,25260854.23799998,"[-0.5, 0.216926, 0.883074, -0.383074, 0.0, 0.9]"
CONTROL,25280934.161999993,"[-0.5, 0.218118, 0.881882, -0.381882, 0.0, 0.9]"
CONTROL,25301014.501000054,"[-0.5, 0.219347, 0.880653, -0.380653, 0.0, 0.9]"
CONTROL,25321094.680999976,"[-0.5, 0.220611, 0.879389, -0.379389, 0.0, 0.9]"
CONTROL,25341174.027999956,"[-0.5, 0.221911, 0.878089, -0.378089, 0.0, 0.9]"
CONTROL,25361253.886999976,"[-0.5, 0.223245, 0.876755, -0.376755, 0.0, 0.9]"
CONTROL,25381333.65099998,"[-0.5, 0.224614, 0.875386, -0.375386, 0.0, 0.9]"
CONTROL,25401409.381999996,"[-0.5, 0.226016, 0.873984, -0.373984, 0.0, 0.9]"
CONTROL,25421491.609999977,"[-0.5, 0.22745, 0.87255, -0.37255, 0.0, 0.9]"
CONTROL,25441571.468999997,"[-0.5, 0.228918, 0.871082, -0.371082, 0.0, 0.9]"
CONTROL,25461650.529000055,"[-0.5, 0.230416, 0.869584, -0.369584, 0.0, 0.9]"
CONTROL,25481731.34800004,"[-0.5, 0.231946, 0.868054, -0.368054, 0.0, 0.9]"
CONTROL,25501810.85600002,"[-0.5, 0.233506, 0.866494, -0.366494, 0.0, 0.9]"
CONTROL,25521893.43500004,"[-0.5, 0.235095, 0.864905, -0.364905, 0.0, 0.9]"
CONTROL,25541973.774999972,"[-0.5, 0.236714, 0.863286, -0.363286, 0.0, 0.9]"
CONTROL,25562053.890000015,"[-0.5, 0.23836, 0.86164, -0.36164, 0.0, 0.9]"
CONTROL,25582133.077999968,"[-0.5, 0.240034, 0.859966, -0.359966, 0.0, 0.9]"
CONTROL,25602211.56099999,"[-0.5, 0.241734, 0.858266, -0.358266, 0.0, 0.9]"
CONTROL,25622290.332000036,"[-0.5, 0.243461, 0.856539, -0.356539, 0.0, 0.9]"
CONTROL,25642370.064000033,"[-0.5, 0.245212, 0.854788, -0.354788, 0.0, 0.9]"
CONTROL,25662451.682999972,"[-0.5, 0.246988, 0.853012, -0.353012, 0.0, 0.9]"
CONTROL,25682531.927000012,"[-0.5, 0.248788, 0.851212, -0.351212, 0.0, 0.9]"
CONTROL,25702610.92199996,"[-0.5, 0.25061, 0.84939, -0.34939, 0.0, 0.9]"
CONTROL,25722691.933999956,"[-0.5, 0.252454, 0.847546, -0.347546, 0.0, 0.9]"
CONTROL,25742771.31300005,"[-0.5, 0.254319, 0.845681, -0.345681, 0.0, 0.9]"
CONTROL,25762849.82900006,"[-0.5, 0.256205, 0.843795, -0.343795, 0.0, 0.9]"
CONTROL,25782928.728,"[-0.5, 0.25811, 0.84189, -0.34189, 0.0, 0.9]"
CONTROL,25803007.212000012,"[-0.5, 0.260034, 0.839966, -0.339966, 0.0, 0.9]"
CONTROL,25823088.735000055,"[-0.5, 0.261975, 0.838025, -0.338025, 0.0, 0.9]"
CONTROL,25843168.211000033,"[-0.5, 0.263934, 0.836066, -0.336066, 0.0, 0.9]"
CONTROL,25863247.365999997,"[-0.5, 0.265908, 0.834092, -0.334092, 0.0, 0.9]"
CONTROL,25883326.13700004,"[-0.5, 0.267898, 0.832102, -0.332102, 0.0, 0.9]"
CONTROL,25903404.557000045,"[-0.5, 0.269901, 0.830099, -0.330099, 0.0, 0.9]"
CONTROL,25923499.936999973,"[-0.5, 0.271919, 0.828081, -0.328081, 0.0, 0.9]"
CONTROL,25943581.043999985,"[-0.5, 0.273948, 0.826052, -0.326052, 0.0, 0.9]"
CONTROL,25963660.679999974,"[-0.5, 0.27599, 0.82401, -0.32401, 0.0, 0.9]"
CONTROL,25983739.54700003,"[-0.5, 0.278042, 0.821958, -0.321958, 0.0, 0.9]"
CONTROL,26003820.046999976,"[-0.5, 0.280103, 0.819897, -0.319897, 0.0, 0.9]"
CONTROL,26023899.649999976,"[-0.5, 0.282174, 0.817826, -0.317826, 0.0, 0.9]"
CONTROL,26043978.261000007,"[-0.5, 0.284252, 0.815748, -0.315748, 0.0, 0.9]"
CONTROL,26064057.832999993,"[-0.5, 0.286338, 0.813662, -0.313662, 0.0, 0.9]"
CONTROL,26084137.01999996,"[-0.5, 0.288429, 0.811571, -0.311571, 0.0, 0.9]"
CONTROL,26104215.759999987,"[-0.5, 0.290526, 0.809474, -0.309474, 0.0, 0.9]"
CONTROL,26124358.788999986,"[-0.5, 0.292627, 0.807373, -0.307373, 0.0, 0.9]"
CONTROL,26144438.648999993,"[-0.5, 0.294731, 0.805269, -0.305269, 0.0, 0.9]"
CONTROL,26164517.67600006,"[-0.5, 0.296838, 0.803162, -0.303162, 0.0, 0.9]"
CONTROL,26184598.943999957,"[-0.5, 0.298946, 0.801054, -0.301054, 0.0, 0.9]"
CONTROL,26204677.106999952,"[-0.5, 0.301054, 0.798946, -0.298946, 0.0, 0.9]"
CONTROL,26224756.550000053,"[-0.5, 0.303162, 0.796838, -0.296838, 0.0, 0.9]"
CONTROL,26244835.225999963,"[-0.5, 0.305269, 0.794731, -0.294731, 0.0, 0.9]"
CONTROL,26264913.901,"[-0.5, 0.307373, 0.792627, -0.292627, 0.0, 0.9]"
CONTROL,26284994.43299995,"[-0.5, 0.309474, 0.790526, -0.290526, 0.0, 0.9]"
CONTROL,26305073.74800004,"[-0.5, 0.311571, 0.788429, -0.288429, 0.0, 0.9]"
CONTROL,26325156.296000045,"[-0.5, 0.313662, 0.786338, -0.286338, 0.0, 0.9]"
CONTROL,26345236.186999954,"[-0.5, 0.315748, 0.784252, -0.284252, 0.0, 0.9]"
CONTROL,26365315.791000057,"[-0.5, 0.317826, 0.782174, -0.282174, 0.0, 0.9]"
CONTROL,26385394.433999978,"[-0.5, 0.319897, 0.780103, -0.280103, 0.0, 0.9]"
CONTROL,26405476.437000062,"[-0.5, 0.321958, 0.778042, -0.278042, 0.0, 0.9]"
CONTROL,26425553.097000033,"[-0.5, 0.32401, 0.77599, -0.27599, 0.0, 0.9]"
CONTROL,26445631.995999973,"[-0.5, 0.326052, 0.773948, -0.273948, 0.0, 0.9]"
CONTROL,26465713.19999998,"[-0.5, 0.328081, 0.771919, -0.271919, 0.0, 0.9]"
CONTROL,26485793.475000035,"[-0.5, 0.330099, 0.769901, -0.269901, 0.0, 0.9]"
CONTROL,26505872.085999954,"[-0.5, 0.332102, 0.767898, -0.267898, 0.0, 0.9]"
CONTROL,26525950.50599996,"[-0.5, 0.334092, 0.765908, -0.265908, 0.0, 0.9]"
CONTROL,26546029.693000037,"[-0.5, 0.336066, 0.763934, -0.263934, 0.0, 0.9]"
CONTROL,26566108.49599997,"[-0.5, 0.338025, 0.761975, -0.261975, 0.0, 0.9]"
CONTROL,26586188.25999997,"[-0.5, 0.339966, 0.760034, -0.260034, 0.0, 0.9]"
CONTROL,26606268.69500004,"[-0.5, 0.34189, 0.75811, -0.25811, 0.0, 0.9]"
CONTROL,26626348.04300001,"[-0.5, 0.343795, 0.756205, -0.256205, 0.0, 0.9]"
CONTROL,26646426.846000053,"[-0.5, 0.345681, 0.754319, -0.254319, 0.0, 0.9]"
CONTROL,26666505.584999982,"[-0.5, 0.347546, 0.752454, -0.252454, 0.0, 0.9]"
CONTROL,26686583.748999964,"[-0.5, 0.34939, 0.75061, -0.25061, 0.0, 0.9]"
CONTROL,26706662.93600004,"[-0.5, 0.351212, 0.748788, -0.248788, 0.0, 0.9]"
CONTROL,26726742.188000005,"[-0.5, 0.353012, 0.746988, -0.246988, 0.0, 0.9]"
CONTROL,26746821.27899996,"[-0.5, 0.354788, 0.745212, -0.245212, 0.0, 0.9]"
CONTROL,26766899.314000055,"[-0.5, 0.356539, 0.743461, -0.243461, 0.0, 0.9]"
CONTROL,26786977.829999954,"[-0.5, 0.358266, 0.741734, -0.241734, 0.0, 0.9]"
CONTROL,26807056.37699998,"[-0.5, 0.359966, 0.740034, -0.240034, 0.0, 0.9]"
CONTROL,26827136.10899998,"[-0.5, 0.36164, 0.73836, -0.23836, 0.0, 0.9]"
CONTROL,26847214.56,"[-0.5, 0.363286, 0.736714, -0.236714, 0.0, 0.9]"
CONTROL,26867295.282999977,"[-0.5, 0.364905, 0.735095, -0.235095, 0.0, 0.9]"
CONTROL,26887372.839000024,"[-0.5, 0.366494, 0.733506, -0.233506, 0.0, 0.9]"
CONTROL,26907451.066000022,"[-0.5, 0.368054, 0.731946, -0.231946, 0.0, 0.9]"
CONTROL,26927530.701000024,"[-0.5, 0.369584, 0.730416, -0.230416, 0.0, 0.9]"
CONTROL,26947624.25700003,"[-0.5, 0.371082, 0.728918, -0.228918, 0.0, 0.9]"
CONTROL,26967707.476999976,"[-0.5, 0.37255, 0.72745, -0.22745, 0.0, 0.9]"
CONTROL,26987787.400000002,"[-0.5, 0.373984, 0.726016, -0.226016, 0.0, 0.9]"
CONTROL,27007868.091999967,"[-0.5, 0.375386, 0.724614, -0.224614, 0.0, 0.9]"
CONTROL,27027946.799000006,"[-0.5, 0.376755, 0.723245, -0.223245, 0.0, 0.9]"
CONTROL,27048026.882000044,"[-0.5, 0.378089, 0.721911, -0.221911, 0.0, 0.9]"
CONTROL,27068106.614000045,"[-0.5, 0.379389, 0.720611, -0.220611, 0.0, 0.9]"
CONTROL,27088185.89700002,"[-0.5, 0.380653, 0.719347, -0.219347, 0.0, 0.9]"
CONTROL,27108265.244999982,"[-0.5, 0.381882, 0.718118, -0.218118, 0.0, 0.9]"
CONTROL,27128406.450000055,"[-0.5, 0.383074, 0.716926, -0.216926, 0.0, 0.9]"
CONTROL,27148486.053000055,"[-0.5, 0.384229, 0.715771, -0.215771, 0.0, 0.9]"
CONTROL,27168566.521,"[-0.5, 0.385347, 0.714653, -0.214653, 0.0, 0.9]"
CONTROL,27188646.508000035,"[-0.5, 0.386426, 0.713574, -0.213574, 0.0, 0.9]"
CONTROL,27208726.558999956,"[-0.5, 0.387468, 0.712532, -0.212532, 0.0, 0.9]"
CONTROL,27228806.899000004,"[-0.5, 0.38847, 0.71153, -0.21153, 0.0, 0.9]"
CONTROL,27248886.598000012,"[-0.5, 0.389433, 0.710567, -0.210567, 0.0, 0.9]"
CONTROL,27268965.721999962,"[-0.5, 0.390357, 0.709643, -0.209643, 0.0, 0.9]"
CONTROL,27289045.292999957,"[-0.5, 0.39124, 0.70876, -0.20876, 0.0, 0.9]"
CONTROL,27309124.096000005,"[-0.5, 0.392082, 0.707918, -0.207918, 0.0, 0.9]"
CONTROL,27329203.475999974,"[-0.5, 0.392884, 0.707116, -0.207116, 0.0, 0.9]"
CONTROL,27349282.982999966,"[-0.5, 0.393645, 0.706355, -0.206355, 0.0, 0.9]"
CONTROL,27369362.267000042,"[-0.5, 0.394363, 0.705637, -0.205637, 0.0, 0.9]"
CONTROL,27389441.422000006,"[-0.5, 0.39504, 0.70496, -0.20496, 0.0, 0.9]"
CONTROL,27409519.873000022,"[-0.5, 0.395675, 0.704325, -0.204325, 0.0, 0.9]"
CONTROL,27429598.836999957,"[-0.5, 0.396267, 0.703733, -0.203733, 0.0, 0.9]"
CONTROL,27449675.272000037,"[-0.5, 0.396816, 0.703184, -0.203184, 0.0, 0.9]"
CONTROL,27469755.03500005,"[-0.5, 0.397322, 0.702678, -0.202678, 0.0, 0.9]"
CONTROL,27489833.96599999,"[-0.5, 0.397785, 0.702215, -0.202215, 0.0, 0.9]"
CONTROL,27509912.93000004,"[-0.5, 0.398205, 0.701795, -0.201795, 0.0, 0.9]"
CONTROL,27529992.85299995,"[-0.5, 0.398581, 0.701419, -0.201419, 0.0, 0.9]"
CONTROL,27550072.77699997,"[-0.5, 0.398913, 0.701087, -0.201087, 0.0, 0.9]"
CONTROL,27570151.836000036,"[-0.5, 0.399201, 0.700799, -0.200799, 0.0, 0.9]"
CONTROL,27590229.967000026,"[-0.5, 0.399445, 0.700555, -0.200555, 0.0, 0.9]"
CONTROL,27610309.347,"[-0.5, 0.399645, 0.700355, -0.200355, 0.0, 0.9]"
CONTROL,27630388.789999984,"[-0.5, 0.3998, 0.7002, -0.2002, 0.0, 0.9]"
CONTROL,27650469.86499999,"[-0.5, 0.399911, 0.700089, -0.200089, 0.0, 0.9]"
CONTROL,27670549.436999977,"[-0.5, 0.399978, 0.700022, -0.200022, 0.0, 0.9]"
CONTROL,27690629.135999985,"[-0.5, 0.4, 0.7, -0.2, 0.0, 0.9]"
CONTROL,27710708.898999996,"[-0.5, 0.4, 0.7, -0.2, 0.0, 0.9]"
CONTROL,27730787.895000048,"[-0.499938, 0.399994, 0.700006, -0.200006, 0.0, 0.9]"
CONTROL,27750866.56999997,"[-0.499751, 0.399975, 0.700025, -0.200025, 0.0, 0.9]"
CONTROL,27770945.789000053,"[-0.499439, 0.399944, 0.700056, -0.200056, 0.0, 0.9]"
CONTROL,27791024.11300005,"[-0.499003, 0.3999, 0.7001, -0.2001, 0.0, 0.9]"
CONTROL,27811103.971999954,"[-0.498443, 0.399844, 0.700156, -0.200156, 0.0, 0.9]"
CONTROL,27831183.606999956,"[-0.497759, 0.399776, 0.700224, -0.200224, 0.0, 0.9]"
CONTROL,27851263.786999993,"[-0.49695, 0.399695, 0.700305, -0.200305, 0.0, 0.9]"
CONTROL,27871344.062000047,"[-0.496018, 0.399602, 0.700398, -0.200398, 0.0, 0.9]"
CONTROL,27891422.86499998,"[-0.494962, 0.399496, 0.700504, -0.200504, 0.0, 0.9]"
CONTROL,27911502.34099996,"[-0.493782, 0.399378, 0.700622, -0.200622, 0.0, 0.9]"
CONTROL,27931581.56000004,"[-0.49248, 0.399248, 0.700752, -0.200752, 0.0, 0.9]"
CONTROL,27951660.33099997,"[-0.491055, 0.399105, 0.700895, -0.200895, 0.0, 0.9]"
CONTROL,27971762.463000003,"[-0.489507, 0.398951, 0.701049, -0.201049, 0.0, 0.9]"
CONTROL,27991845.299000032,"[-0.487838, 0.398784, 0.701216, -0.201216, 0.0, 0.9]"
CONTROL,28011926.11800002,"[-0.486046, 0.398605, 0.701395, -0.201395, 0.0, 0.9]"
CONTROL,28032007.418000035,"[-0.484134, 0.398413, 0.701587, -0.201587, 0.0, 0.9]"
CONTROL,28052087.149000045,"[-0.482101, 0.39821, 0.70179, -0.20179, 0.0, 0.9]"
CONTROL,28072167.35999998,"[-0.479948, 0.397995, 0.702005, -0.202005, 0.0, 0.9]"
CONTROL,28092246.995999973,"[-0.477675, 0.397768, 0.702232, -0.202232, 0.0, 0.9]"
CONTROL,28112326.854999993,"[-0.475284, 0.397528, 0.702472, -0.202472, 0.0, 0.9]"
CONTROL,28132494.10900005,"[-0.472774, 0.397277, 0.702723, -0.202723, 0.0, 0.9]"
CONTROL,28152569.680000056,"[-0.470146, 0.397015, 0.702985, -0.202985, 0.0, 0.9]"
CONTROL,28172644.355999976,"[-0.4674, 0.39674, 0.70326, -0.20326, 0.0, 0.9]"
CONTROL,28192722.326999955,"[-0.464539, 0.396454, 0.703546, -0.203546, 0.0, 0.9]"
CONTROL,28212797.418000035,"[-0.461561, 0.396156, 0.703844, -0.203844, 0.0, 0.9]"
CONTROL,28232872.156999975,"[-0.458469, 0.395847, 0.704153, -0.204153, 0.0, 0.9]"
CONTROL,28252949.713000022,"[-0.455262, 0.395526, 0.704474, -0.204474, 0.0, 0.9]"
CONTROL,28273024.38799995,"[-0.451942, 0.395194, 0.704806, -0.204806, 0.0, 0.9]"
CONTROL,28293099.383000027,"[-0.448509, 0.394851, 0.705149, -0.205149, 0.0, 0.9]"
CONTROL,28313162.378000017,"[-0.444964, 0.394496, 0.705504, -0.205504, 0.0, 0.9]"
CONTROL,28333234.428999957,"[-0.441309, 0.394131, 0.705869, -0.205869, 0.0, 0.9]"
CONTROL,28353309.424000032,"[-0.437544, 0.393754, 0.706246, -0.206246, 0.0, 0.9]"
CONTROL,28373382.083000023,"[-0.433669, 0.393367, 0.706633, -0.206633, 0.0, 0.9]"
CONTROL,28393457.366000008,"[-0.429686, 0.392969, 0.707031, -0.207031, 0.0, 0.9]"
CONTROL,28413531.144999977,"[-0.425597, 0.39256, 0.70744, -0.20744, 0.0, 0.9]"
CONTROL,28433603.836999964,"[-0.421401, 0.39214, 0.70786, -0.20786, 0.0, 0.9]"
CONTROL,28453677.36000003,"[-0.4171, 0.39171, 0.70829, -0.20829, 0.0, 0.9]"
CONTROL,28473751.875000063,"[-0.412695, 0.39127, 0.70873, -0.20873, 0.0, 0.9]"
CONTROL,28493825.462000016,"[-0.408188, 0.390819, 0.709181, -0.209181, 0.0, 0.9]"
CONTROL,28513899.561000016,"[-0.403579, 0.390358, 0.709642, -0.209642, 0.0, 0.9]"
CONTROL,28533972.764000054,"[-0.398869, 0.389887, 0.710113, -0.210113, 0.0, 0.9]"
CONTROL,28554046.158999994,"[-0.394059, 0.389406, 0.710594, -0.210594, 0.0, 0.9]"
CONTROL,28574124.547,"[-0.389152, 0.388915, 0.711085, -0.211085, 0.0, 0.9]"
CONTROL,28594200.66200005,"[-0.384147, 0.388415, 0.711585, -0.211585, 0.0, 0.9]"
CONTROL,28614287.33699995,"[-0.379047, 0.387905, 0.712095, -0.212095, 0.0, 0.9]"
CONTROL,28634361.91599999,"[-0.373852, 0.387385, 0.712615, -0.212615, 0.0, 0.9]"
CONTROL,28654435.40800004,"[-0.368565, 0.386856, 0.713144, -0.213144, 0.0, 0.9]"
CONTROL,28674508.450999953,"[-0.363185, 0.386318, 0.713682, -0.213682, 0.0, 0.9]"
CONTROL,28694585.14200005,"[-0.357715, 0.385771, 0.714229, -0.214229, 0.0, 0.9]"
CONTROL,28714658.729000006,"[-0.352155, 0.385216, 0.714784, -0.214784, 0.0, 0.9]"
CONTROL,28734735.836000025,"[-0.346508, 0.384651, 0.715349, -0.215349, 0.0, 0.9]"
CONTROL,28754812.911000043,"[-0.340775, 0.384077, 0.715923, -0.215923, 0.0, 0.9]"
CONTROL,28774886.338999975,"[-0.334956, 0.383496, 0.716504, -0.216504, 0.0, 0.9]"
CONTROL,28794961.43000006,"[-0.329054, 0.382905, 0.717095, -0.217095, 0.0, 0.9]"
CONTROL,28815037.384999983,"[-0.32307, 0.382307, 0.717693, -0.217693, 0.0, 0.9]"
CONTROL,28835111.291999966,"[-0.317006, 0.381701, 0.718299, -0.218299, 0.0, 0.9]"
CONTROL,28855186.19100003,"[-0.310862, 0.381086, 0.718914, -0.218914, 0.0, 0.9]"
CONTROL,28875260.705999948,"[-0.304642, 0.380464, 0.719536, -0.219536, 0.0, 0.9]"
CONTROL,28895336.150000047,"[-0.298345, 0.379834, 0.720166, -0.220166, 0.0, 0.9]"
CONTROL,28915411.113000005,"[-0.291974, 0.379197, 0.720803, -0.220803, 0.0, 0.9]"
CONTROL,28935485.01999999,"[-0.28553, 0.378553, 0.721447, -0.221447, 0.0, 0.9]"
CONTROL,28955558.894999966,"[-0.279014, 0.377901, 0.722099, -0.222099, 0.0, 0.9]"
CONTROL,28975634.17799995,"[-0.27243, 0.377243, 0.722757, -0.222757, 0.0, 0.9]"
CONTROL,28995723.25400004,"[-0.265777, 0.376578, 0.723422, -0.223422, 0.0, 0.9]"
CONTROL,29015800.52099996,"[-0.259059, 0.375906, 0.724094, -0.224094, 0.0, 0.9]"
CONTROL,29035875.067999996,"[-0.252275, 0.375228, 0.724772, -0.224772, 0.0, 0.9]"
CONTROL,29055949.58300003,"[-0.245429, 0.374543, 0.725457, -0.225457, 0.0, 0.9]"
CONTROL,29076023.297999997,"[-0.238522, 0.373852, 0.726148, -0.226148, 0.0, 0.9]"
CONTROL,29096097.10999996,"[-0.231555, 0.373155, 0.726845, -0.226845, 0.0, 0.9]"
CONTROL,29116172.169000037,"[-0.22453, 0.372453, 0.727547, -0.227547, 0.0, 0.9]"
CONTROL,29136316.830000054,"[-0.21745, 0.371745, 0.728255, -0.228255, 0.0, 0.9]"
CONTROL,29156390.961000055,"[-0.210315, 0.371032, 0.728968, -0.228968, 0.0, 0.9]"
CONTROL,29176465.731999997,"[-0.203128, 0.370313, 0.729687, -0.229687, 0.0, 0.9]"
CONTROL,29196540.66299995,"[-0.19589, 0.369589, 0.730411, -0.230411, 0.0, 0.9]"
CONTROL,29216615.01899996,"[-0.188604, 0.36886, 0.73114, -0.23114, 0.0, 0.9]"
CONTROL,29236690.014000032,"[-0.18127, 0.368127, 0.731873, -0.231873, 0.0, 0.9]"
CONTROL,29256763.34499997,"[-0.173891, 0.367389, 0.732611, -0.232611, 0.0, 0.9]"
CONTROL,29276839.300000004,"[-0.166469, 0.366647, 0.733353, -0.233353, 0.0, 0.9]"
CONTROL,29296913.68700003,"[-0.159006, 0.365901, 0.734099, -0.234099, 0.0, 0.9]"
CONTROL,29316988.010000046,"[-0.151503, 0.36515, 0.73485, -0.23485, 0.0, 0.9]"
CONTROL,29337062.81299999,"[-0.143962, 0.364396, 0.735604, -0.235604, 0.0, 0.9]"
CONTROL,29357154.96099999,"[-0.136385, 0.363638, 0.736362, -0.236362, 0.0, 0.9]"
CONTROL,29377228.452000055,"[-0.128774, 0.362877, 0.737123, -0.237123, 0.0, 0.9]"
CONTROL,29397302.583000056,"[-0.121131, 0.362113, 0.737887, -0.237887, 0.0, 0.9]"
CONTROL,29417378.986000016,"[-0.113458, 0.361346, 0.738654, -0.238654, 0.0, 0.9]"
CONTROL,29437453.724999953,"[-0.105757, 0.360576, 0.739424, -0.239424, 0.0, 0.9]"
CONTROL,29457526.960999984,"[-0.098029, 0.359803, 0.740197, -0.240197, 0.0, 0.9]"
CONTROL,29477600.51600005,"[-0.090277, 0.359028, 0.740972, -0.240972, 0.0, 0.9]"
CONTROL,29497674.90299996,"[-0.082502, 0.35825, 0.74175, -0.24175, 0.0, 0.9]"
CONTROL,29517747.178000037,"[-0.074707, 0.357471, 0.742529, -0.242529, 0.0, 0.9]"
CONTROL,29537823.613,"[-0.066893, 0.356689, 0.743311, -0.243311, 0.0, 0.9]"
CONTROL,29557898.128000032,"[-0.059063, 0.355906, 0.744094, -0.244094, 0.0, 0.9]"
CONTROL,29577973.058999985,"[-0.051217, 0.355122, 0.744878, -0.244878, 0.0, 0.9]"
CONTROL,29598047.44600001,"[-0.043359, 0.354336, 0.745664, -0.245664, 0.0, 0.9]"
CONTROL,29618122.089000054,"[-0.035491, 0.353549, 0.746451, -0.246451, 0.0, 0.9]"
CONTROL,29638196.028000038,"[-0.027613, 0.352761, 0.747239, -0.247239, 0.0, 0.9]"
CONTROL,29658270.095000036,"[-0.019728, 0.351973, 0.748027, -0.248027, 0.0, 0.9]"
CONTROL,29678346.851000015,"[-0.011839, 0.351184, 0.748816, -0.248816, 0.0, 0.9]"
CONTROL,29698422.133999996,"[-0.003947, 0.350395, 0.749605, -0.249605, 0.0, 0.9]"
CONTROL,29718495.976999976,"[0.003947, 0.349605, 0.750395, -0.250395, 0.0, 0.9]"
CONTROL,29738570.363999996,"[0.011839, 0.348816, 0.751184, -0.251184, 0.0, 0.9]"
CONTROL,29758648.52699999,"[0.019728, 0.348027, 0.751973, -0.251973, 0.0, 0.9]"
CONTROL,29778721.698000025,"[0.027613, 0.347239, 0.752761, -0.252761, 0.0, 0.9]"
CONTROL,29798796.37299996,"[0.035491, 0.346451, 0.753549, -0.253549, 0.0, 0.9]"
CONTROL,29818874.024000023,"[0.043359, 0.345664, 0.754336, -0.254336, 0.0, 0.9]"
CONTROL,29838948.156000014,"[0.051217, 0.344878, 0.755122, -0.255122, 0.0, 0.9]"
CONTROL,29859022.287000015,"[0.059063, 0.344094, 0.755906, -0.255906, 0.0, 0.9]"
CONTROL,29879097.345999982,"[0.066893, 0.343311, 0.756689, -0.256689, 0.0, 0.9]"
CONTROL,29899171.893000018,"[0.074707, 0.342529, 0.757471, -0.257471, 0.0, 0.9]"
CONTROL,29919246.631999955,"[0.082502, 0.34175, 0.75825, -0.25825, 0.0, 0.9]"
CONTROL,29939320.15500002,"[0.090277, 0.340972, 0.759028, -0.259028, 0.0, 0.9]"
CONTROL,29959396.078000054,"[0.098029, 0.340197, 0.759803, -0.259803, 0.0, 0.9]"
CONTROL,29979472.257,"[0.105757, 0.339424, 0.760576, -0.260576, 0.0, 0.9]"
CONTROL,29999547.699999996,"[0.113458, 0.338654, 0.761346, -0.261346, 0.0, 0.9]"
CONTROL,30019636.519999947,"[0.121131, 0.337887, 0.762113, -0.262113, 0.0, 0.9]"
CONTROL,30039714.267000023,"[0.128774, 0.337123, 0.762877, -0.262877, 0.0, 0.9]"
CONTROL,30059788.526000034,"[0.136385, 0.336362, 0.763638, -0.263638, 0.0, 0.9]"
CONTROL,30079864.033000037,"[0.143962, 0.335604, 0.764396, -0.264396, 0.0, 0.9]"
CONTROL,30099939.060999986,"[0.151503, 0.33485, 0.76515, -0.26515, 0.0, 0.9]"
CONTROL,30120013.416000005,"[0.159006, 0.334099, 0.765901, -0.265901, 0.0, 0.9]"
CONTROL,30140156.220999982,"[0.166469, 0.333353, 0.766647, -0.266647, 0.0, 0.9]"
CONTROL,30160231.375999957,"[0.173891, 0.332611, 0.767389, -0.267389, 0.0, 0.9]"
CONTROL,30180305.37900006,"[0.18127, 0.331873, 0.768127, -0.268127, 0.0, 0.9]"
CONTROL,30200381.045999963,"[0.188604, 0.33114, 0.76886, -0.26886, 0.0, 0.9]"
CONTROL,30220454.72900004,"[0.19589, 0.330411, 0.769589, -0.269589, 0.0, 0.9]"
CONTROL,30240529.659999993,"[0.203128, 0.329687, 0.770313, -0.270313, 0.0, 0.9]"
CONTROL,30260603.822999995,"[0.210315, 0.328968, 0.771032, -0.271032, 0.0, 0.9]"
CONTROL,30280677.825999986,"[0.21745, 0.328255, 0.771745, -0.271745, 0.0, 0.9]"
CONTROL,30300754.966,"[0.22453, 0.327547, 0.772453, -0.272453, 0.0, 0.9]"
CONTROL,30320829.417000026,"[0.231555, 0.326845, 0.773155, -0.273155, 0.0, 0.9]"
CONTROL,30340903.83600005,"[0.238522, 0.326148, 0.773852, -0.273852, 0.0, 0.9]"
CONTROL,30360977.775000036,"[0.245429, 0.325457, 0.774543, -0.274543, 0.0, 0.9]"
CONTROL,30381052.609999985,"[0.252275, 0.324772, 0.775228, -0.275228, 0.0, 0.9]"
CONTROL,30401126.67699998,"[0.259059, 0.324094, 0.775906, -0.275906, 0.0, 0.9]"
CONTROL,30421160.007000025,"[0.265777, 0.323422, 0.776578, -0.276578, 0.0, 0.9]"
CONTROL,30441233.018000048,"[0.27243, 0.322757, 0.777243, -0.277243, 0.0, 0.9]"
CONTROL,30461307.436999958,"[0.279014, 0.322099, 0.777901, -0.277901, 0.0, 0.9]"
CONTROL,30481381.887999985,"[0.28553, 0.321447, 0.778553, -0.278553, 0.0, 0.9]"
CONTROL,30501455.50700006,"[0.291974, 0.320803, 0.779197, -0.279197, 0.0, 0.9]"
CONTROL,30521526.50200003,"[0.298345, 0.320166, 0.779834, -0.279834, 0.0, 0.9]"
CONTROL,30541599.065000013,"[0.304642, 0.319536, 0.780464, -0.280464, 0.0, 0.9]"
CONTROL,30561671.40399998,"[0.310862, 0.318914, 0.781086, -0.281086, 0.0, 0.9]"
CONTROL,30581745.310999963,"[0.317006, 0.318299, 0.781701, -0.281701, 0.0, 0.9]"
CONTROL,30601819.441999964,"[0.32307, 0.317693, 0.782307, -0.282307, 0.0, 0.9]"
CONTROL,30621893.668999974,"[0.329054, 0.317095, 0.782905, -0.282905, 0.0, 0.9]"
CONTROL,30641968.24800001,"[0.334956, 0.316504, 0.783496, -0.283496, 0.0, 0.9]"
CONTROL,30662042.763000045,"[0.340775, 0.315923, 0.784077, -0.284077, 0.0, 0.9]"
CONTROL,30682116.798000038,"[0.346508, 0.315349, 0.784651, -0.284651, 0.0, 0.9]"
CONTROL,30702191.089000054,"[0.352155, 0.314784, 0.785216, -0.285216, 0.0, 0.9]"
CONTROL,30722268.676,"[0.357715, 0.314229, 0.785771, -0.285771, 0.0, 0.9]"
CONTROL,30742346.967000004,"[0.363185, 0.313682, 0.786318, -0.286318, 0.0, 0.9]"
CONTROL,30762437.482999984,"[0.368565, 0.313144, 0.786856, -0.286856, 0.0, 0.9]"
CONTROL,30782513.59800004,"[0.373852, 0.312615, 0.787385, -0.287385, 0.0, 0.9]"
CONTROL,30802587.825000048,"[0.379047, 0.312095, 0.787905, -0.287905, 0.0, 0.9]"
CONTROL,30822661.50800001,"[0.384147, 0.311585, 0.788415, -0.288415, 0.0, 0.9]"
CONTROL,30842735.318999983,"[0.389152, 0.311085, 0.788915, -0.288915, 0.0, 0.9]"
CONTROL,30862810.569999967,"[0.394059, 0.310594, 0.789406, -0.289406, 0.0, 0.9]"
CONTROL,30882886.108999968,"[0.398869, 0.310113, 0.789887, -0.289887, 0.0, 0.9]"
CONTROL,30902960.271999974,"[0.403579, 0.309642, 0.790358, -0.290358, 0.0, 0.9]"
CONTROL,30923034.787000004,"[0.408188, 0.309181, 0.790819, -0.290819, 0.0, 0.9]"
CONTROL,30943109.55800006,"[0.412695, 0.30873, 0.79127, -0.29127, 0.0, 0.9]"
CONTROL,30963184.970000044,"[0.4171, 0.30829, 0.79171, -0.29171, 0.0, 0.9]"
CONTROL,30983258.909000028,"[0.421401, 0.30786, 0.79214, -0.29214, 0.0, 0.9]"
CONTROL,31003334.480000034,"[0.425597, 0.30744, 0.79256, -0.29256, 0.0, 0.9]"
CONTROL,31023408.579000033,"[0.429686, 0.307031, 0.792969, -0.292969, 0.0, 0.9]"
CONTROL,31043493.65400003,"[0.433669, 0.306633, 0.793367, -0.293367, 0.0, 0.9]"
CONTROL,31063570.121,"[0.437544, 0.306246, 0.793754, -0.293754, 0.0, 0.9]"
CONTROL,31083645.307999972,"[0.441309, 0.305869, 0.794131, -0.294131, 0.0, 0.9]"
CONTROL,31103719.59899999,"[0.444964, 0.305504, 0.794496, -0.294496, 0.0, 0.9]"
CONTROL,31123793.313999955,"[0.448509, 0.305149, 0.794851, -0.294851, 0.0, 0.9]"
CONTROL,31143967.03199998,"[0.451942, 0.304806, 0.795194, -0.295194, 0.0, 0.9]"
CONTROL,31164041.835000034,"[0.455262, 0.304474, 0.795526, -0.295526, 0.0, 0.9]"
CONTROL,31184116.66999998,"[0.458469, 0.304153, 0.795847, -0.295847, 0.0, 0.9]"
CONTROL,31204190.736999977,"[0.461561, 0.303844, 0.796156, -0.296156, 0.0, 0.9]"
CONTROL,31224265.220000006,"[0.464539, 0.303546, 0.796454, -0.296454, 0.0, 0.9]"
CONTROL,31244339.608000018,"[0.4674, 0.30326, 0.79674, -0.29674, 0.0, 0.9]"
CONTROL,31264414.570999976,"[0.470146, 0.302985, 0.797015, -0.297015, 0.0, 0.9]"
CONTROL,31284488.50999996,"[0.472774, 0.302723, 0.797277, -0.297277, 0.0, 0.9]"
CONTROL,31304562.960999988,"[0.475284, 0.302472, 0.797528, -0.297528, 0.0, 0.9]"
CONTROL,31324636.707999956,"[0.477675, 0.302232, 0.797768, -0.297768, 0.0, 0.9]"
CONTROL,31344710.647000056,"[0.479948, 0.302005, 0.797995, -0.297995, 0.0, 0.9]"
CONTROL,31364784.841999948,"[0.482101, 0.30179, 0.79821, -0.29821, 0.0, 0.9]"
CONTROL,31384859.837000024,"[0.484134, 0.301587, 0.798413, -0.298413, 0.0, 0.9]"
CONTROL,31404936.30399999,"[0.486046, 0.301395, 0.798605, -0.298605, 0.0, 0.9]"
CONTROL,31425013.987000056,"[0.487838, 0.301216, 0.798784, -0.298784, 0.0, 0.9]"
CONTROL,31445088.40599997,"[0.489507, 0.301049, 0.798951, -0.298951, 0.0, 0.9]"
CONTROL,31465163.62500006,"[0.491055, 0.300895, 0.799105, -0.299105, 0.0, 0.9]"
CONTROL,31485236.41199995,"[0.49248, 0.300752, 0.799248, -0.299248, 0.0, 0.9]"
CONTROL,31505309.742999997,"[0.493782, 0.300622, 0.799378, -0.299378, 0.0, 0.9]"
CONTROL,31525382.498,"[0.494962, 0.300504, 0.799496, -0.299496, 0.0, 0.9]"
CONTROL,31545456.276999973,"[0.496018, 0.300398, 0.799602, -0.299602, 0.0, 0.9]"
CONTROL,31565528.584000047,"[0.49695, 0.300305, 0.799695, -0.299695, 0.0, 0.9]"
CONTROL,31585602.171000004,"[0.497759, 0.300224, 0.799776, -0.299776, 0.0, 0.9]"
CONTROL,31605675.917999975,"[0.498443, 0.300156, 0.799844, -0.299844, 0.0, 0.9]"
CONTROL,31625751.905000016,"[0.499003, 0.3001, 0.7999, -0.2999, 0.0, 0.9]"
CONTROL,31645826.100000024,"[0.499439, 0.300056, 0.799944, -0.299944, 0.0, 0.9]"
CONTROL,31665900.231000025,"[0.499751, 0.300025, 0.799975, -0.299975, 0.0, 0.9]"
CONTROL,31685974.905999955,"[0.499938, 0.300006, 0.799994, -0.299994, 0.0, 0.9]"
CONTROL,31706048.493000027,"[0.5, 0.3, 0.8, -0.3, 0.0, 0.9]"
CONTROL,31726123.80800001,"[0.5, 0.3, 0.8, -0.3, 0.0, 0.9]"
CONTROL,31746199.251000006,"[0.5, 0.3, 0.8, -0.3, 0.0, 0.9]"
CONTROL,31766272.80599996,"[0.5, 0.3, 0.8, -0.3, 0.0, 0.9]"
CONTROL,31786346.93699996,"[0.5, 0.3, 0.8, -0.3, 0.0, 0.9]"
CONTROL,31806421.483999997,"[0.5, 0.3, 0.8, -0.3, 0.0, 0.9]"
CONTROL,31826496.926999994,"[0.5, 0.3, 0.8, -0.3, 0.0, 0.9]"
CONTROL,31846571.21800001,"[0.5, 0.3, 0.8, -0.3, 0.0, 0.9]"
CONTROL,31866645.765000045,"[0.5, 0.3, 0.8, -0.3, 0.0, 0.9]"
CONTROL,31886718.87199996,"[0.5, 0.3, 0.8, -0.3, 0.0, 0.9]"
CONTROL,31906793.643000014,"[0.5, 0.3, 0.8, -0.3, 0.0, 0.9]"
CONTROL,31926869.98199997,"[0.5, 0.3, 0.8, -0.3, 0.0, 0.9]"
CONTROL,31946944.08099997,"[0.5, 0.3, 0.8, -0.3, 0.0, 0.9]"
CONTROL,31967019.907999996,"[0.5, 0.3, 0.8, -0.3, 0.0, 0.9]"
CONTROL,31987094.45500003,"[0.5, 0.3, 0.8, -0.3, 0.0, 0.9]"
CONTROL,32007169.385999985,"[0.5, 0.3, 0.8, -0.3, 0.0, 0.9]"
CONTROL,32027244.221000046,"[0.5, 0.3, 0.8, -0.3, 0.0, 0.9]"
CONTROL,32047318.54399995,"[0.5, 0.3, 0.8, -0.3, 0.0, 0.9]"
CONTROL,32067412.835000027,"[0.5, 0.3, 0.8, -0.3, 0.0, 0.9]"
CONTROL,32087488.47000004,"[0.5, 0.3, 0.8, -0.3, 0.0, 0.9]"
CONTROL,32107562.92099995,"[0.5, 0.3, 0.8, -0.3, 0.0, 0.9]"
CONTROL,32127637.467999987,"[0.5, 0.3, 0.8, -0.3, 0.0, 0.9]"
CONTROL,32147787.92200002,"[0.5, 0.3, 0.8, -0.3, 0.0, 0.9]"
CONTROL,32167869.70099997,"[0.5, 0.3, 0.8, -0.3, 0.0, 0.9]"
CONTROL,32187950.200000044,"[0.5, 0.3, 0.8, -0.3, 0.0, 0.9]"
CONTROL,32208029.771000043,"[0.5, 0.3, 0.8, -0.3, 0.0, 0.9]"
CONTROL,32228110.430000015,"[0.5, 0.3, 0.8, -0.3, 0.0, 0.9]"
CONTROL,32248188.88200002,"[0.5, 0.3, 0.8, -0.3, 0.0, 0.9]"
CONTROL,32268272.357,"[0.5, 0.3, 0.8, -0.3, 0.0, 0.9]"
CONTROL,32288352.280000027,"[0.5, 0.3, 0.8, -0.3, 0.0, 0.9]"
CONTROL,32308432.011000037,"[0.5, 0.3, 0.8, -0.3, 0.0, 0.9]"
CONTROL,32328511.67800004,"[0.5, 0.3, 0.8, -0.3, 0.0, 0.9]"
CONTROL,32348590.288999956,"[0.5, 0.3, 0.8, -0.3, 0.0, 0.9]"
CONTROL,32368669.732000057,"[0.5, 0.3, 0.8, -0.3, 0.0, 0.9]"
CONTROL,32388748.66399999,"[0.5, 0.3, 0.8, -0.3, 0.0, 0.9]"
CONTROL,32408829.38699997,"[0.5, 0.3, 0.8, -0.3, 0.0, 0.9]"
CONTROL,32428909.566000015,"[0.5, 0.3, 0.8, -0.3, 0.0, 0.9]"
CONTROL,32448991.50499998,"[0.5, 0.3, 0.8, -0.3, 0.0, 0.9]"
CONTROL,32469070.851999957,"[0.5, 0.3, 0.8, -0.3, 0.0, 0.9]"
CONTROL,32489150.390999954,"[0.5, 0.3, 0.8, -0.3, 0.0, 0.9]"
CONTROL,32509230.377999984,"[0.5, 0.3, 0.8, -0.3, 0.0, 0.9]"
CONTROL,32529309.373000048,"[0.5, 0.3, 0.8, -0.3, 0.0, 0.9]"
CONTROL,32549389.19999995,"[0.5, 0.3, 0.8, -0.3, 0.0, 0.9]"
CONTROL,32569464.03500001,"[0.5, 0.3, 0.8, -0.3, 0.0, 0.9]"
CONTROL,32589543.28699997,"[0.5, 0.3, 0.8, -0.3, 0.0, 0.9]"
CONTROL,32609633.67399995,"[0.5, 0.3, 0.8, -0.3, 0.0, 0.9]"
CONTROL,32629713.053000044,"[0.5, 0.3, 0.8, -0.3, 0.0, 0.9]"
CONTROL,32649791.631999962,"[0.5, 0.3, 0.8, -0.3, 0.0, 0.9]"
CONTROL,32669870.46700001,"[0.5, 0.3, 0.8, -0.3, 0.0, 0.9]"
CONTROL,32689948.95000003,"[0.5, 0.3, 0.8, -0.3, 0.0, 0.9]"
CONTROL,32710025.83300003,"[0.5, 0.3, 0.8, -0.3, 0.0, 0.9]"
CONTROL,32730105.18000001,"[0.5, 0.3, 0.8, -0.3, 0.0, 0.9]"
CONTROL,32750184.01500006,"[0.5, 0.3, 0.8, -0.3, 0.0, 0.9]"
CONTROL,32770261.79500001,"[0.5, 0.3, 0.8, -0.3, 0.0, 0.9]"
CONTROL,32790336.66099997,"[0.5, 0.3, 0.8, -0.3, 0.0, 0.9]"
CONTROL,32810411.240000006,"[0.5, 0.3, 0.8, -0.3, 0.0, 0.9]"
CONTROL,32830487.38700006,"[0.5, 0.3, 0.8, -0.3, 0.0, 0.9]"
CONTROL,32850561.74199997,"[0.5, 0.3, 0.8, -0.3, 0.0, 0.9]"
CONTROL,32870635.808999963,"[0.5, 0.3, 0.8, -0.3, 0.0, 0.9]"
CONTROL,32890709.97199997,"[0.5, 0.3, 0.8, -0.3, 0.0, 0.9]"
CONTROL,32910787.431000017,"[0.5, 0.3, 0.8, -0.3, 0.0, 0.9]"
CONTROL,32930862.36199997,"[0.5, 0.3, 0.8, -0.3, 0.0, 0.9]"
CONTROL,32950937.581000064,"[0.5, 0.3, 0.8, -0.3, 0.0, 0.9]"
CONTROL,32971011.903999966,"[0.5, 0.3, 0.8, -0.3, 0.0, 0.9]"
CONTROL,32991086.80300003,"[0.5, 0.3, 0.8, -0.3, 0.0, 0.9]"
CONTROL,33011189.575000003,"[0.5, 0.3, 0.8, -0.3, 0.0, 0.9]"
CONTROL,33031263.481999986,"[0.5, 0.3, 0.8, -0.3, 0.0, 0.9]"
CONTROL,33051338.349000048,"[0.5, 0.3, 0.8, -0.3, 0.0, 0.9]"
CONTROL,33071422.49599997,"[0.5, 0.3, 0.8, -0.3, 0.0, 0.9]"
CONTROL,33091536.435999956,"[0.5, 0.3, 0.8, -0.3, 0.0, 0.9]"
CONTROL,33111614.59899995,"[0.5, 0.3, 0.8, -0.3, 0.0, 0.9]"
CONTROL,33131689.08199998,"[0.5, 0.3, 0.8, -0.3, 0.0, 0.9]"
CONTROL,33151838.958999973,"[0.5, 0.3, 0.8, -0.3, 0.0, 0.9]"
CONTROL,33171913.24999999,"[0.5, 0.3, 0.8, -0.3, 0.0, 0.9]"
CONTROL,33191988.660999984,"[0.5, 0.3, 0.8, -0.3, 0.0, 0.9]"
CONTROL,33212064.039999973,"[0.5, 0.3, 0.8, -0.3, 0.0, 0.9]"
CONTROL,33232139.003000043,"[0.5, 0.3, 0.8, -0.3, 0.0, 0.9]"
CONTROL,33252213.677999977,"[0.5, 0.3, 0.8, -0.3, 0.0, 0.9]"
CONTROL,33272289.793000028,"[0.5, 0.3, 0.8, -0.3, 0.0, 0.9]"
CONTROL,33292364.148000047,"[0.5, 0.3, 0.8, -0.3, 0.0, 0.9]"
CONTROL,33312439.047,"[0.5, 0.3, 0.8, -0.3, 0.0, 0.9]"
CONTROL,33332513.626000036,"[0.5, 0.3, 0.8, -0.3, 0.0, 0.9]"
CONTROL,33352587.084999982,"[0.5, 0.3, 0.8, -0.3, 0.0, 0.9]"
CONTROL,33372661.824000034,"[0.5, 0.3, 0.8, -0.3, 0.0, 0.9]"
CONTROL,33392736.65899998,"[0.5, 0.3, 0.8, -0.3, 0.0, 0.9]"
CONTROL,33412810.629999965,"[0.5, 0.3, 0.8, -0.3, 0.0, 0.9]"
CONTROL,33432885.62500004,"[0.5, 0.3, 0.8, -0.3, 0.0, 0.9]"
CONTROL,33452961.00400003,"[0.5, 0.3, 0.8, -0.3, 0.0, 0.9]"
CONTROL,33473036.73500005,"[0.5, 0.3, 0.8, -0.3, 0.0, 0.9]"
CONTROL,33493110.70500005,"[0.5, 0.3, 0.8, -0.3, 0.0, 0.9]"
CONTROL,33513160.13200005,"[0.5, 0.3, 0.8, -0.3, 0.0, 0.9]"
CONTROL,33533234.550999966,"[0.5, 0.3, 0.8, -0.3, 0.0, 0.9]"
CONTROL,33553307.881000023,"[0.5, 0.3, 0.8, -0.3, 0.0, 0.9]"
CONTROL,33573382.20400004,"[0.5, 0.3, 0.8, -0.3, 0.0, 0.9]"
CONTROL,33593458.478999995,"[0.5, 0.3, 0.8, -0.3, 0.0, 0.9]"
CONTROL,33613533.02600003,"[0.5, 0.3, 0.8, -0.3, 0.0, 0.9]"
CONTROL,33633609.23699997,"[0.5, 0.3, 0.8, -0.3, 0.0, 0.9]"
CONTROL,33653684.967999995,"[0.5, 0.3, 0.8, -0.3, 0.0, 0.9]"
CONTROL,33673759.57900003,"[0.5, 0.3, 0.8, -0.3, 0.0, 0.9]"
CONTROL,33693835.82199998,"[0.5, 0.3, 0.8, -0.3, 0.0, 0.9]"
CONTROL,33713910.43300002,"[0.5, 0.3, 0.8, -0.3, 0.0, 0.9]"
CONTROL,33733987.09200001,"[0.5, 0.3, 0.8, -0.3, 0.0, 0.9]"
CONTROL,33754061.92699995,"[0.5, 0.3, 0.8, -0.3, 0.0, 0.9]"
CONTROL,33774137.689999975,"[0.5, 0.3, 0.8, -0.3, 0.0, 0.9]"
CONTROL,33794213.421,"[0.5, 0.3, 0.8, -0.3, 0.0, 0.9]"
CONTROL,33814288.06400004,"[0.5, 0.3, 0.8, -0.3, 0.0, 0.9]"
CONTROL,33834361.425999984,"[0.5, 0.3, 0.8, -0.3, 0.0, 0.9]"
CONTROL,33854436.35700005,"[0.5, 0.3, 0.8, -0.3, 0.0, 0.9]"
CONTROL,33874511.192,"[0.5, 0.3, 0.8, -0.3, 0.0, 0.9]"
CONTROL,33894586.21899996,"[0.5, 0.3, 0.8, -0.3, 0.0, 0.9]"
CONTROL,33914662.43000002,"[0.5, 0.3, 0.8, -0.3, 0.0, 0.9]"
CONTROL,33934737.10499995,"[0.5, 0.3, 0.8, -0.3, 0.0, 0.9]"
CONTROL,33954813.796000056,"[0.5, 0.3, 0.8, -0.3, 0.0, 0.9]"
CONTROL,33974887.415000014,"[0.5, 0.3, 0.8, -0.3, 0.0, 0.9]"
CONTROL,33994962.34599996,"[0.5, 0.3, 0.8, -0.3, 0.0, 0.9]"
CONTROL,34015038.205,"[0.5, 0.3, 0.8, -0.3, 0.0, 0.9]"
CONTROL,34035137.007999994,"[0.5, 0.3, 0.8, -0.3, 0.0, 0.9]"
CONTROL,34055212.578999996,"[0.5, 0.3, 0.8, -0.3, 0.0, 0.9]"
CONTROL,34075287.989999995,"[0.5, 0.3, 0.8, -0.3, 0.0, 0.9]"
CONTROL,34095363.68900001,"[0.5, 0.3, 0.8, -0.3, 0.0, 0.9]"
CONTROL,34115455.54899999,"[0.5, 0.3, 0.8, -0.3, 0.0, 0.9]"
CONTROL,34135532.91200003,"[0.5, 0.3, 0.8, -0.3, 0.0, 0.9]"
CONTROL,34155677.637000054,"[0.5, 0.3, 0.8, -0.3, 0.0, 0.9]"
CONTROL,34175752.792000026,"[0.5, 0.3, 0.8, -0.3, 0.0, 0.9]"
CONTROL,34195826.922000036,"[0.5, 0.3, 0.8, -0.3, 0.0, 0.9]"
CONTROL,34215902.013000004,"[0.5, 0.3, 0.8, -0.3, 0.0, 0.9]"
CONTROL,34235976.752000056,"[0.5, 0.3, 0.8, -0.3, 0.0, 0.9]"
CONTROL,34256052.35499995,"[0.5, 0.3, 0.8, -0.3, 0.0, 0.9]"
CONTROL,34276128.05399997,"[0.5, 0.3, 0.8, -0.3, 0.0, 0.9]"
CONTROL,34296203.081000045,"[0.5, 0.3, 0.8, -0.3, 0.0, 0.9]"
CONTROL,34316279.740000024,"[0.5, 0.3, 0.8, -0.3, 0.0, 0.9]"
CONTROL,34336353.29499998,"[0.5, 0.3, 0.8, -0.3, 0.0, 0.9]"
CONTROL,34356430.562000014,"[0.5, 0.3, 0.8, -0.3, 0.0, 0.9]"
CONTROL,34376504.34099998,"[0.5, 0.3, 0.8, -0.3, 0.0, 0.9]"
CONTROL,34396580.61600005,"[0.5, 0.3, 0.8, -0.3, 0.0, 0.9]"
CONTROL,34416655.54600002,"[0.5, 0.3, 0.8, -0.3, 0.0, 0.9]"
CONTROL,34436731.02100001,"[0.5, 0.3, 0.8, -0.3, 0.0, 0.9]"
CONTROL,34456804.86399999,"[0.5, 0.3, 0.8, -0.3, 0.0, 0.9]"
CONTROL,34476881.20300006,"[0.5, 0.3, 0.8, -0.3, 0.0, 0.9]"
CONTROL,34496955.20600005,"[0.5, 0.3, 0.8, -0.3, 0.0, 0.9]"
CONTROL,34517030.87299995,"[0.5, 0.3, 0.8, -0.3, 0.0, 0.9]"
CONTROL,34537104.74800005,"[0.5, 0.3, 0.8, -0.3, 0.0, 0.9]"
CONTROL,34557156.92600006,"[0.5, 0.3, 0.8, -0.3, 0.0, 0.9]"
CONTROL,34577232.30500005,"[0.5, 0.3, 0.8, -0.3, 0.0, 0.9]"
CONTROL,34597309.827999994,"[0.5, 0.3, 0.8, -0.3, 0.0, 0.9]"
CONTROL,34617383.92699999,"[0.5, 0.3, 0.8, -0.3, 0.0, 0.9]"
CONTROL,34637458.025,"[0.5, 0.3, 0.8, -0.3, 0.0, 0.9]"
CONTROL,34657534.23600006,"[0.5, 0.3, 0.8, -0.3, 0.0, 0.9]"
CONTROL,34677607.791000016,"[0.5, 0.3, 0.8, -0.3, 0.0, 0.9]"
CONTROL,34697684.00199996,"[0.5, 0.3, 0.8, -0.3, 0.0, 0.9]"
CONTROL,34717758.77300002,"[0.5, 0.3, 0.8, -0.3, 0.0, 0.9]"
CONTROL,34737833.67199997,"[0.5, 0.3, 0.8, -0.3, 0.0, 0.9]"
CONTROL,34757910.61899997,"[0.5, 0.3, 0.8, -0.3, 0.0, 0.9]"
CONTROL,34777984.46199995,"[0.5, 0.3, 0.8, -0.3, 0.0, 0.9]"
CONTROL,34798061.44099996,"[0.5, 0.3, 0.8, -0.3, 0.0, 0.9]"
CONTROL,34818136.65900006,"[0.5, 0.3, 0.8, -0.3, 0.0, 0.9]"
CONTROL,34838212.96600001,"[0.5, 0.3, 0.8, -0.3, 0.0, 0.9]"
CONTROL,34858289.14499996,"[0.5, 0.3, 0.8, -0.3, 0.0, 0.9]"
CONTROL,34878363.65999999,"[0.5, 0.3, 0.8, -0.3, 0.0, 0.9]"
CONTROL,34898438.39900004,"[0.5, 0.3, 0.8, -0.3, 0.0, 0.9]"
CONTROL,34918515.37800005,"[0.5, 0.3, 0.8, -0.3, 0.0, 0.9]"
CONTROL,34938590.69300004,"[0.5, 0.3, 0.8, -0.3, 0.0, 0.9]"
CONTROL,34958664.79200003,"[0.5, 0.3, 0.8, -0.3, 0.0, 0.9]"
CONTROL,34978741.03499998,"[0.5, 0.3, 0.8, -0.3, 0.0, 0.9]"
CONTROL,34998816.82900002,"[0.5, 0.3, 0.8, -0.3, 0.0, 0.9]"
CONTROL,35018892.015999995,"[0.5, 0.3, 0.8, -0.3, 0.0, 0.9]"
CONTROL,35038967.04299996,"[0.5, 0.3, 0.8, -0.3, 0.0, 0.9]"
CONTROL,35059041.75000001,"[0.5, 0.3, 0.8, -0.3, 0.0, 0.9]"
CONTROL,35079119.241000056,"[0.5, 0.3, 0.8, -0.3, 0.0, 0.9]"
CONTROL,35099194.811999954,"[0.5, 0.3, 0.8, -0.3, 0.0, 0.9]"
CONTROL,35119270.063000046,"[0.5, 0.3, 0.8, -0.3, 0.0, 0.9]"
CONTROL,35139357.85800004,"[0.5, 0.3, 0.8, -0.3, 0.0, 0.9]"
CONTROL,35159500.022999965,"[0.5, 0.3, 0.8, -0.3, 0.0, 0.9]"
CONTROL,35179576.93799997,"[0.5, 0.3, 0.8, -0.3, 0.0, 0.9]"
CONTROL,35199654.877000056,"[0.5, 0.3, 0.8, -0.3, 0.0, 0.9]"
CONTROL,35219729.19999996,"[0.5, 0.3, 0.8, -0.3, 0.0, 0.9]"
CONTROL,35239802.915000044,"[0.5, 0.3, 0.8, -0.3, 0.0, 0.9]"
CONTROL,35259878.26100004,"[0.5, 0.3, 0.8, -0.3, 0.0, 0.9]"
CONTROL,35279958.12000006,"[0.5, 0.3, 0.8, -0.3, 0.0, 0.9]"
CONTROL,35300031.41899999,"[0.5, 0.3, 0.8, -0.3, 0.0, 0.9]"
CONTROL,35320107.43800004,"[0.5, 0.3, 0.8, -0.3, 0.0, 0.9]"
CONTROL,35340182.785000026,"[0.5, 0.3, 0.8, -0.3, 0.0, 0.9]"
CONTROL,35360257.61999997,"[0.5, 0.3, 0.8, -0.3, 0.0, 0.9]"
CONTROL,35380331.84699998,"[0.5, 0.3, 0.8, -0.3, 0.0, 0.9]"
CONTROL,35400405.81799997,"[0.5, 0.3, 0.8, -0.3, 0.0, 0.9]"
CONTROL,35420483.05200001,"[0.5, 0.3, 0.8, -0.3, 0.0, 0.9]"
CONTROL,35440557.247000016,"[0.5, 0.3, 0.8, -0.3, 0.0, 0.9]"
CONTROL,35460632.30599998,"[0.5, 0.3, 0.8, -0.3, 0.0, 0.9]"
CONTROL,35480706.436999984,"[0.5, 0.3, 0.8, -0.3, 0.0, 0.9]"
CONTROL,35500780.375999965,"[0.5, 0.3, 0.8, -0.3, 0.0, 0.9]"
CONTROL,35520856.00999999,"[0.5, 0.3, 0.8, -0.3, 0.0, 0.9]"
CONTROL,35540931.70900001,"[0.5, 0.3, 0.8, -0.3, 0.0, 0.9]"
CONTROL,35561006.70399997,"[0.5, 0.3, 0.8, -0.3, 0.0, 0.9]"
CONTROL,35581081.53900003,"[0.5, 0.3, 0.8, -0.3, 0.0, 0.9]"
CONTROL,35601157.62199996,"[0.5, 0.3, 0.8, -0.3, 0.0, 0.9]"
CONTROL,35621231.20900003,"[0.5, 0.3, 0.8, -0.3, 0.0, 0.9]"
CONTROL,35641305.88299997,"[0.5, 0.3, 0.8, -0.3, 0.0, 0.9]"
CONTROL,35661380.109999985,"[0.5, 0.3, 0.8, -0.3, 0.0, 0.9]"
CONTROL,35681455.041000046,"[0.5, 0.3, 0.8, -0.3, 0.0, 0.9]"
CONTROL,35701530.29200003,"[0.5, 0.3, 0.8, -0.3, 0.0, 0.9]"
CONTROL,35721605.73500003,"[0.5, 0.3, 0.8, -0.3, 0.0, 0.9]"
CONTROL,35741680.15400005,"[0.5, 0.3, 0.8, -0.3, 0.0, 0.9]"
CONTROL,35761756.17199999,"[0.5, 0.299989, 0.800011, -0.300011, 0.0, 0.9]"
CONTROL,35781829.95099996,"[0.5, 0.299956, 0.800044, -0.300044, 0.0, 0.9]"
CONTROL,35801903.95399995,"[0.5, 0.2999, 0.8001, -0.3001, 0.0, 0.9]"
CONTROL,35821977.57300003,"[0.5, 0.299822, 0.800178, -0.300178, 0.0, 0.9]"
CONTROL,35842052.183999956,"[0.5, 0.299722, 0.800278, -0.300278, 0.0, 0.9]"
CONTROL,35862127.05000003,"[0.5, 0.2996, 0.8004, -0.3004, 0.0, 0.9]"
CONTROL,35882201.56500006,"[0.5, 0.299456, 0.800544, -0.300544, 0.0, 0.9]"
CONTROL,35902275.56800005,"[0.5, 0.29929, 0.80071, -0.30071, 0.0, 0.9]"
CONTROL,35922355.01100004,"[0.5, 0.299102, 0.800898, -0.300898, 0.0, 0.9]"
CONTROL,35942430.74200006,"[0.5, 0.298893, 0.801107, -0.301107, 0.0, 0.9]"
CONTROL,35962505.32099998,"[0.5, 0.298661, 0.801339, -0.301339, 0.0, 0.9]"
CONTROL,35982581.78800006,"[0.5, 0.298408, 0.801592, -0.301592, 0.0, 0.9]"
CONTROL,36002657.038000055,"[0.5, 0.298133, 0.801867, -0.301867, 0.0, 0.9]"
CONTROL,36022732.70499995,"[0.5, 0.297837, 0.802163, -0.302163, 0.0, 0.9]"
CONTROL,36042807.15599998,"[0.5, 0.29752, 0.80248, -0.30248, 0.0, 0.9]"
CONTROL,36062885.35099997,"[0.5, 0.297182, 0.802818, -0.302818, 0.0, 0.9]"
CONTROL,36082960.090000026,"[0.5, 0.296822, 0.803178, -0.303178, 0.0, 0.9]"
CONTROL,36103034.38100004,"[0.5, 0.296442, 0.803558, -0.303558, 0.0, 0.9]"
CONTROL,36123110.30399997,"[0.5, 0.296041, 0.803959, -0.303959, 0.0, 0.9]"
CONTROL,36143187.63400001,"[0.5, 0.29562, 0.80438, -0.30438, 0.0, 0.9]"
CONTROL,36163363.20799997,"[0.5, 0.295178, 0.804822, -0.304822, 0.0, 0.9]"
CONTROL,36183438.84299998,"[0.5, 0.294717, 0.805283, -0.305283, 0.0, 0.9]"
CONTROL,36203513.03799998,"[0.5, 0.294235, 0.805765, -0.305765, 0.0, 0.9]"
CONTROL,36223586.20900002,"[0.5, 0.293734, 0.806266, -0.306266, 0.0, 0.9]"
CONTROL,36243661.23599998,"[0.5, 0.293213, 0.806787, -0.306787, 0.0, 0.9]"
CONTROL,36263735.20599998,"[0.5, 0.292673, 0.807327, -0.307327, 0.0, 0.9]"
CONTROL,36283809.94500003,"[0.5, 0.292114, 0.807886, -0.307886, 0.0, 0.9]"
CONTROL,36303884.52399995,"[0.5, 0.291537, 0.808463, -0.308463, 0.0, 0.9]"
CONTROL,36323959.87100006,"[0.5, 0.290941, 0.809059, -0.309059, 0.0, 0.9]"
CONTROL,36344034.96200002,"[0.5, 0.290327, 0.809673, -0.309673, 0.0, 0.9]"
CONTROL,36364109.763999976,"[0.5, 0.289694, 0.810306, -0.310306, 0.0, 0.9]"
CONTROL,36384184.151,"[0.5, 0.289045, 0.810955, -0.310955, 0.0, 0.9]"
CONTROL,36404259.529999994,"[0.5, 0.288377, 0.811623, -0.311623, 0.0, 0.9]"
CONTROL,36424334.52499995,"[0.5, 0.287693, 0.812307, -0.312307, 0.0, 0.9]"
CONTROL,36444409.90400005,"[0.5, 0.286992, 0.813008, -0.313008, 0.0, 0.9]"
CONTROL,36464484.35399998,"[0.5, 0.286275, 0.813725, -0.313725, 0.0, 0.9]"
CONTROL,36484560.149000004,"[0.5, 0.285541, 0.814459, -0.314459, 0.0, 0.9]"
CONTROL,36504634.664000034,"[0.5, 0.284792, 0.815208, -0.315208, 0.0, 0.9]"
CONTROL,36524709.658999994,"[0.5, 0.284027, 0.815973, -0.315973, 0.0, 0.9]"
CONTROL,36544785.069,"[0.5, 0.283247, 0.816753, -0.316753, 0.0, 0.9]"
CONTROL,36564858.71999996,"[0.5, 0.282452, 0.817548, -0.317548, 0.0, 0.9]"
CONTROL,36584932.56300005,"[0.5, 0.281643, 0.818357, -0.318357, 0.0, 0.9]"
CONTROL,36605008.07000005,"[0.5, 0.28082, 0.81918, -0.31918, 0.0, 0.9]"
CONTROL,36625083.70499995,"[0.5, 0.279983, 0.820017, -0.320017, 0.0, 0.9]"
CONTROL,36645162.603000015,"[0.5, 0.279133, 0.820867, -0.320867, 0.0, 0.9]"
CONTROL,36665237.66199998,"[0.5, 0.27827, 0.82173, -0.32173, 0.0, 0.9]"
CONTROL,36685311.47299995,"[0.5, 0.277394, 0.822606, -0.322606, 0.0, 0.9]"
CONTROL,36705383.652000025,"[0.5, 0.276506, 0.823494, -0.323494, 0.0, 0.9]"
CONTROL,36725456.24600002,"[0.5, 0.275606, 0.824394, -0.324394, 0.0, 0.9]"
CONTROL,36745531.40099999,"[0.5, 0.274695, 0.825305, -0.325305, 0.0, 0.9]"
CONTROL,36765605.980000034,"[0.5, 0.273773, 0.826227, -0.326227, 0.0, 0.9]"
CONTROL,36785679.59899999,"[0.5, 0.27284, 0.82716, -0.32716, 0.0, 0.9]"
CONTROL,36805752.86500005,"[0.5, 0.271897, 0.828103, -0.328103, 0.0, 0.9]"
CONTROL,36825826.19599998,"[0.5, 0.270945, 0.829055, -0.329055, 0.0, 0.9]"
CONTROL,36845900.422999986,"[0.5, 0.269983, 0.830017, -0.330017, 0.0, 0.9]"
CONTROL,36865975.92999999,"[0.5, 0.269012, 0.830988, -0.330988, 0.0, 0.9]"
CONTROL,36886051.27699998,"[0.5, 0.268033, 0.831967, -0.331967, 0.0, 0.9]"
CONTROL,36906125.15099997,"[0.5, 0.267046, 0.832954, -0.332954, 0.0, 0.9]"
CONTROL,36926199.44199999,"[0.5, 0.266051, 0.833949, -0.333949, 0.0, 0.9]"
CONTROL,36946273.44499998,"[0.5, 0.265049, 0.834951, -0.334951, 0.0, 0.9]"
CONTROL,36966347.63999998,"[0.5, 0.264041, 0.835959, -0.335959, 0.0, 0.9]"
CONTROL,36986424.29799998,"[0.5, 0.263026, 0.836974, -0.336974, 0.0, 0.9]"
CONTROL,37006497.853000045,"[0.5, 0.262005, 0.837995, -0.337995, 0.0, 0.9]"
CONTROL,37026571.632000014,"[0.5, 0.260979, 0.839021, -0.339021, 0.0, 0.9]"
CONTROL,37046648.48300001,"[0.5, 0.259948, 0.840052, -0.340052, 0.0, 0.9]"
CONTROL,37066723.73399999,"[0.5, 0.258913, 0.841087, -0.341087, 0.0, 0.9]"
CONTROL,37086800.552,"[0.5, 0.257874, 0.842126, -0.342126, 0.0, 0.9]"
CONTROL,37106875.16300004,"[0.5, 0.256831, 0.843169, -0.343169, 0.0, 0.9]"
CONTROL,37126949.90199998,"[0.5, 0.255785, 0.844215, -0.344215, 0.0, 0.9]"
CONTROL,37147027.80899995,"[0.5, 0.254737, 0.845263, -0.345263, 0.0, 0.9]"
CONTROL,37167168.694,"[0.5, 0.253686, 0.846314, -0.346314, 0.0, 0.9]"
CONTROL,37187266.05699999,"[0.5, 0.252634, 0.847366, -0.347366, 0.0, 0.9]"
CONTROL,37207351.48400001,"[0.5, 0.251581, 0.848419, -0.348419, 0.0, 0.9]"
CONTROL,37227433.07099995,"[0.5, 0.250527, 0.849473, -0.349473, 0.0, 0.9]"
CONTROL,37247513.18599999,"[0.5, 0.249473, 0.850527, -0.350527, 0.0, 0.9]"
CONTROL,37267587.60500002,"[0.5, 0.248419, 0.851581, -0.351581, 0.0, 0.9]"
CONTROL,37287667.94399996,"[0.5, 0.247366, 0.852634, -0.352634, 0.0, 0.9]"
CONTROL,37307746.651,"[0.5, 0.246314, 0.853686, -0.353686, 0.0, 0.9]"
CONTROL,37327821.933,"[0.5, 0.245263, 0.854737, -0.354737, 0.0, 0.9]"
CONTROL,37347901.536,"[0.5, 0.244215, 0.855785, -0.355785, 0.0, 0.9]"
CONTROL,37367981.203,"[0.5, 0.243169, 0.856831, -0.356831, 0.0, 0.9]"
CONTROL,37388061.382000044,"[0.5, 0.242126, 0.857874, -0.357874, 0.0, 0.9]"
CONTROL,37408141.464999974,"[0.5, 0.241087, 0.858913, -0.358913, 0.0, 0.9]"
CONTROL,37428219.40400006,"[0.5, 0.240052, 0.859948, -0.359948, 0.0, 0.9]"
CONTROL,37448297.886999965,"[0.5, 0.239021, 0.860979, -0.360979, 0.0, 0.9]"
CONTROL,37468376.56200001,"[0.5, 0.237995, 0.862005, -0.362005, 0.0, 0.9]"
CONTROL,37488453.252,"[0.5, 0.236974, 0.863026, -0.363026, 0.0, 0.9]"
CONTROL,37508533.43100005,"[0.5, 0.235959, 0.864041, -0.364041, 0.0, 0.9]"
CONTROL,37528613.51399997,"[0.5, 0.234951, 0.865049, -0.365049, 0.0, 0.9]"
CONTROL,37548690.30099996,"[0.5, 0.233949, 0.866051, -0.366051, 0.0, 0.9]"
CONTROL,37568769.52000005,"[0.5, 0.232954, 0.867046, -0.367046, 0.0, 0.9]"
CONTROL,37588848.579,"[0.5, 0.231967, 0.868033, -0.368033, 0.0, 0.9]"
CONTROL,37608938.80599997,"[0.5, 0.230988, 0.869012, -0.369012, 0.0, 0.9]"
CONTROL,37629020.105,"[0.5, 0.230017, 0.869983, -0.369983, 0.0, 0.9]"
CONTROL,37649099.483999975,"[0.5, 0.229055, 0.870945, -0.370945, 0.0, 0.9]"
CONTROL,37669177.35799996,"[0.5, 0.228103, 0.871897, -0.371897, 0.0, 0.9]"
CONTROL,37689259.16900002,"[0.5, 0.22716, 0.87284, -0.37284, 0.0, 0.9]"
CONTROL,37709341.556000024,"[0.5, 0.226227, 0.873773, -0.373773, 0.0, 0.9]"
CONTROL,37729418.37500002,"[0.5, 0.225305, 0.874695, -0.374695, 0.0, 0.9]"
CONTROL,37749498.39400005,"[0.5, 0.224394, 0.875606, -0.375606, 0.0, 0.9]"
CONTROL,37769574.188999966,"[0.5, 0.223494, 0.876506, -0.376506, 0.0, 0.9]"
CONTROL,37789656.992000006,"[0.5, 0.222606, 0.877394, -0.377394, 0.0, 0.9]"
CONTROL,37809735.82700005,"[0.5, 0.22173, 0.87827, -0.37827, 0.0, 0.9]"
CONTROL,37829812.67699995,"[0.5, 0.220867, 0.879133, -0.379133, 0.0, 0.9]"
CONTROL,37849891.86400003,"[0.5, 0.220017, 0.879983, -0.379983, 0.0, 0.9]"
CONTROL,37869970.602999955,"[0.5, 0.21918, 0.88082, -0.38082, 0.0, 0.9]"
CONTROL,37890048.22200002,"[0.5, 0.218357, 0.881643, -0.381643, 0.0, 0.9]"
CONTROL,37910124.27299995,"[0.5, 0.217548, 0.882452, -0.382452, 0.0, 0.9]"
CONTROL,37930204.13199997,"[0.5, 0.216753, 0.883247, -0.383247, 0.0, 0.9]"
CONTROL,37950283.637999974,"[0.5, 0.215973, 0.884027, -0.384027, 0.0, 0.9]"
CONTROL,37970363.68900001,"[0.5, 0.215208, 0.884792, -0.384792, 0.0, 0.9]"
CONTROL,37990442.46000005,"[0.5, 0.214459, 0.885541, -0.385541, 0.0, 0.9]"
CONTROL,38010519.95099999,"[0.5, 0.213725, 0.886275, -0.386275, 0.0, 0.9]"
CONTROL,38030599.13799996,"[0.5, 0.213008, 0.886992, -0.386992, 0.0, 0.9]"
CONTROL,38050674.06900002,"[0.5, 0.212307, 0.887693, -0.387693, 0.0, 0.9]"
CONTROL,38070753.352,"[0.5, 0.211623, 0.888377, -0.388377, 0.0, 0.9]"
CONTROL,38090831.57800001,"[0.5, 0.210955, 0.889045, -0.389045, 0.0, 0.9]"
CONTROL,38110904.269,"[0.5, 0.210306, 0.889694, -0.389694, 0.0, 0.9]"
CONTROL,38130982.65600002,"[0.5, 0.209673, 0.890327, -0.390327, 0.0, 0.9]"
CONTROL,38151059.250999995,"[0.5, 0.209059, 0.890941, -0.390941, 0.0, 0.9]"
CONTROL,38171237.09600003,"[0.5, 0.208463, 0.891537, -0.391537, 0.0, 0.9]"
CONTROL,38191315.89899996,"[0.5, 0.207886, 0.892114, -0.392114, 0.0, 0.9]"
CONTROL,38211408.30299999,"[0.5, 0.207327, 0.892673, -0.392673, 0.0, 0.9]"
CONTROL,38231489.24899999,"[0.5, 0.206787, 0.893213, -0.393213, 0.0, 0.9]"
CONTROL,38251569.10800001,"[0.5, 0.206266, 0.893734, -0.393734, 0.0, 0.9]"
CONTROL,38271650.85499996,"[0.5, 0.205765, 0.894235, -0.394235, 0.0, 0.9]"
CONTROL,38291730.874,"[0.5, 0.205283, 0.894717, -0.394717, 0.0, 0.9]"
CONTROL,38311809.38900002,"[0.5, 0.204822, 0.895178, -0.395178, 0.0, 0.9]"
CONTROL,38331885.37600006,"[0.5, 0.20438, 0.89562, -0.39562, 0.0, 0.9]"
CONTROL,38351964.01899998,"[0.5, 0.203959, 0.896041, -0.396041, 0.0, 0.9]"
CONTROL,38372042.24499999,"[0.5, 0.203558, 0.896442, -0.396442, 0.0, 0.9]"
CONTROL,38392117.81599999,"[0.5, 0.203178, 0.896822, -0.396822, 0.0, 0.9]"
CONTROL,38412195.75499997,"[0.5, 0.202818, 0.897182, -0.397182, 0.0, 0.9]"
CONTROL,38432275.197999954,"[0.5, 0.20248, 0.89752, -0.39752, 0.0, 0.9]"
CONTROL,38452355.98500005,"[0.5, 0.202163, 0.897837, -0.397837, 0.0, 0.9]"
CONTROL,38472435.331000045,"[0.5, 0.201867, 0.898133, -0.398133, 0.0, 0.9]"
CONTROL,38492513.30200002,"[0.5, 0.201592, 0.898408, -0.398408, 0.0, 0.9]"
CONTROL,38512592.29699997,"[0.5, 0.201339, 0.898661, -0.398661, 0.0, 0.9]"
CONTROL,38532671.16400002,"[0.5, 0.201107, 0.898893, -0.398893, 0.0, 0.9]"
CONTROL,38552748.91099998,"[0.5, 0.200898, 0.899102, -0.399102, 0.0, 0.9]"
CONTROL,38572828.224999964,"[0.5, 0.20071, 0.89929, -0.39929, 0.0, 0.9]"
CONTROL,38592908.11599999,"[0.5, 0.200544, 0.899456, -0.399456, 0.0, 0.9]"
CONTROL,38612983.27099996,"[0.5, 0.2004, 0.8996, -0.3996, 0.0, 0.9]"
CONTROL,38633064.698,"[0.5, 0.200278, 0.899722, -0.399722, 0.0, 0.9]"
CONTROL,38653157.58099996,"[0.5, 0.200178, 0.899822, -0.399822, 0.0, 0.9]"
CONTROL,38673234.11200005,"[0.5, 0.2001, 0.8999, -0.3999, 0.0, 0.9]"
CONTROL,38693315.12300005,"[0.5, 0.200044, 0.899956, -0.399956, 0.0, 0.9]"
CONTROL,38713394.79000005,"[0.5, 0.200011, 0.899989, -0.399989, 0.0, 0.9]"
CONTROL,38733475.41600003,"[0.5, 0.2, 0.9, -0.4, 0.0, 0.9]"
CONTROL,38753554.53899999,"[0.5, 0.2, 0.9, -0.4, 0.0, 0.9]"
CONTROL,38773635.165999964,"[0.5, 0.2, 0.9, -0.4, 0.0, 0.9]"
CONTROL,38793712.94500004,"[0.5, 0.2, 0.9, -0.4, 0.0, 0.9]"
CONTROL,38813792.45200003,"[0.5, 0.2, 0.9, -0.4, 0.0, 0.9]"
CONTROL,38833866.74200006,"[0.5, 0.2, 0.9, -0.4, 0.0, 0.9]"
CONTROL,38853947.33700002,"[0.5, 0.2, 0.9, -0.4, 0.0, 0.9]"
CONTROL,38874024.54000005,"[0.5, 0.2, 0.9, -0.4, 0.0, 0.9]"
CONTROL,38894099.95100004,"[0.5, 0.2, 0.9, -0.4, 0.0, 0.9]"
CONTROL,38914179.17000001,"[0.5, 0.2, 0.9, -0.4, 0.0, 0.9]"
CONTROL,38934256.72399996,"[0.5, 0.2, 0.9, -0.4, 0.0, 0.9]"
CONTROL,38954334.47100004,"[0.5, 0.2, 0.9, -0.4, 0.0, 0.9]"
CONTROL,38974412.60200003,"[0.5, 0.2, 0.9, -0.4, 0.0, 0.9]"
CONTROL,38994490.57300001,"[0.5, 0.2, 0.9, -0.4, 0.0, 0.9]"
CONTROL,39014569.44000006,"[0.5, 0.2, 0.9, -0.4, 0.0, 0.9]"
CONTROL,39034649.073999956,"[0.5, 0.2, 0.9, -0.4, 0.0, 0.9]"
CONTROL,39054728.51700006,"[0.5, 0.2, 0.9, -0.4, 0.0, 0.9]"
CONTROL,39074808.375999965,"[0.5, 0.2, 0.9, -0.4, 0.0, 0.9]"
CONTROL,39094886.92299999,"[0.5, 0.2, 0.9, -0.4, 0.0, 0.9]"
CONTROL,39114962.20599997,"[0.5, 0.2, 0.9, -0.4, 0.0, 0.9]"
CONTROL,39135041.392000064,"[0.5, 0.2, 0.9, -0.4, 0.0, 0.9]"
CONTROL,39155121.02699995,"[0.5, 0.2, 0.9, -0.4, 0.0, 0.9]"
CONTROL,39175280.56800006,"[0.5, 0.2, 0.9, -0.4, 0.0, 0.9]"
CONTROL,39195356.93900002,"[0.5, 0.2, 0.9, -0.4, 0.0, 0.9]"
CONTROL,39215436.18999999,"[0.5, 0.2, 0.9, -0.4, 0.0, 0.9]"
CONTROL,39235536.33699998,"[0.5, 0.2, 0.9, -0.4, 0.0, 0.9]"
CONTROL,39255617.475999996,"[0.5, 0.2, 0.9, -0.4, 0.0, 0.9]"
CONTROL,39275692.43899995,"[0.5, 0.2, 0.9, -0.4, 0.0, 0.9]"
CONTROL,39295769.99400001,"[0.5, 0.2, 0.9, -0.4, 0.0, 0.9]"
CONTROL,39315844.92499997,"[0.5, 0.2, 0.9, -0.4, 0.0, 0.9]"
CONTROL,39335923.56700001,"[0.5, 0.2, 0.9, -0.4, 0.0, 0.9]"
CONTROL,39355998.24200006,"[0.5, 0.2, 0.9, -0.4, 0.0, 0.9]"
CONTROL,39376073.87699995,"[0.5, 0.2, 0.9, -0.4, 0.0, 0.899723]"
CONTROL,39396150.27900004,"[0.5, 0.2, 0.9, -0.4, 0.0, 0.898894]"
CONTROL,39416226.61799999,"[0.5, 0.2, 0.9, -0.4, 0.0, 0.897512]"
CONTROL,39436301.101000026,"[0.5, 0.2, 0.9, -0.4, 0.0, 0.895581]"
CONTROL,39456373.98300005,"[0.5, 0.2, 0.9, -0.4, 0.0, 0.893104]"
CONTROL,39476447.63400001,"[0.5, 0.2, 0.9, -0.4, 0.0, 0.890084]"
CONTROL,39496522.37300006,"[0.5, 0.2, 0.9, -0.4, 0.0, 0.886527]"
CONTROL,39516596.11900004,"[0.5, 0.2, 0.9, -0.4, 0.0, 0.882437]"
CONTROL,39536681.54599995,"[0.5, 0.2, 0.9, -0.4, 0.0, 0.877822]"
CONTROL,39556756.509000026,"[0.5, 0.2, 0.9, -0.4, 0.0, 0.872688]"
CONTROL,39576831.98300003,"[0.5, 0.2, 0.9, -0.4, 0.0, 0.867044]"
CONTROL,39596907.29800002,"[0.5, 0.2, 0.9, -0.4, 0.0, 0.860899]"
CONTROL,39616982.64500001,"[0.5, 0.2, 0.9, -0.4, 0.0, 0.854262]"
CONTROL,39637056.67900001,"[0.5, 0.2, 0.9, -0.4, 0.0, 0.847144]"
CONTROL,39657130.842000015,"[0.5, 0.2, 0.9, -0.4, 0.0, 0.839556]"
CONTROL,39677207.18099997,"[0.5, 0.2, 0.9, -0.4, 0.0, 0.831511]"
CONTROL,39697280.60700004,"[0.5, 0.2, 0.9, -0.4, 0.0, 0.82302]"
CONTROL,39717355.76200001,"[0.5, 0.2, 0.9, -0.4, 0.0, 0.814098]"
CONTROL,39737431.71700005,"[0.5, 0.2, 0.9, -0.4, 0.0, 0.804758]"
CONTROL,39757508.21500003,"[0.5, 0.2, 0.9, -0.4, 0.0, 0.795015]"
CONTROL,39777583.274,"[0.5, 0.2, 0.9, -0.4, 0.0, 0.784884]"
CONTROL,39797658.90900001,"[0.5, 0.2, 0.9, -0.4, 0.0, 0.774383]"
CONTROL,39817733.77499997,"[0.5, 0.2, 0.9, -0.4, 0.0, 0.763526]"
CONTROL,39837808.80200004,"[0.5, 0.2, 0.9, -0.4, 0.0, 0.752332]"
CONTROL,39857884.08500002,"[0.5, 0.2, 0.9, -0.4, 0.0, 0.740818]"
CONTROL,39877958.53500006,"[0.5, 0.2, 0.9, -0.4, 0.0, 0.729002]"
CONTROL,39898035.32200006,"[0.5, 0.2, 0.9, -0.4, 0.0, 0.716904]"
CONTROL,39918108.58899999,"[0.5, 0.2, 0.9, -0.4, 0.0, 0.704541]"
CONTROL,39938185.59900001,"[0.5, 0.2, 0.9, -0.4, 0.0, 0.691934]"
CONTROL,39958260.81799999,"[0.5, 0.2, 0.9, -0.4, 0.0, 0.679102]"
CONTROL,39978336.80500003,"[0.5, 0.2, 0.9, -0.4, 0.0, 0.666067]"
CONTROL,39998411.57499998,"[0.5, 0.2, 0.9, -0.4, 0.0, 0.652848]"
CONTROL,40018485.86599999,"[0.5, 0.2, 0.9, -0.4, 0.0, 0.639466]"
CONTROL,40038559.77299997,"[0.5, 0.2, 0.9, -0.4, 0.0, 0.625943]"
CONTROL,40058635.88700004,"[0.5, 0.2, 0.9, -0.4, 0.0, 0.612299]"
CONTROL,40078710.529999964,"[0.5, 0.2, 0.9, -0.4, 0.0, 0.598557]"
CONTROL,40098786.64500002,"[0.5, 0.2, 0.9, -0.4, 0.0, 0.584739]"
CONTROL,40118861.382999964,"[0.5, 0.2, 0.9, -0.4, 0.0, 0.570865]"
CONTROL,40138936.18600003,"[0.5, 0.2, 0.9, -0.4, 0.0, 0.556959]"
CONTROL,40159013.836999975,"[0.5, 0.2, 0.9, -0.4, 0.0, 0.543041]"
CONTROL,40179166.46599997,"[0.5, 0.2, 0.9, -0.4, 0.0, 0.529135]"
CONTROL,40199242.099999994,"[0.5, 0.2, 0.9, -0.4, 0.0, 0.515261]"
CONTROL,40219317.22299996,"[0.5, 0.2, 0.9, -0.4, 0.0, 0.501443]"
CONTROL,40239392.346000046,"[0.5, 0.2, 0.9, -0.4, 0.0, 0.487701]"
CONTROL,40259482.82900003,"[0.5, 0.2, 0.9, -0.4, 0.0, 0.474057]"
CONTROL,40279562.72000006,"[0.5, 0.2, 0.9, -0.4, 0.0, 0.460534]"
CONTROL,40299638.13000006,"[0.5, 0.2, 0.9, -0.4, 0.0, 0.447152]"
CONTROL,40319711.74900002,"[0.5, 0.2, 0.9, -0.4, 0.0, 0.433933]"
CONTROL,40339785.62300001,"[0.5, 0.2, 0.9, -0.4, 0.0, 0.420898]"
CONTROL,40359860.23400005,"[0.5, 0.2, 0.9, -0.4, 0.0, 0.408066]"
CONTROL,40379936.06099997,"[0.5, 0.2, 0.9, -0.4, 0.0, 0.395459]"
CONTROL,40400010.73500002,"[0.5, 0.2, 0.9, -0.4, 0.0, 0.383096]"
CONTROL,40420086.59400006,"[0.5, 0.2, 0.9, -0.4, 0.0, 0.370998]"
CONTROL,40440162.00500005,"[0.5, 0.2, 0.9, -0.4, 0.0, 0.359182]"
CONTROL,40460236.35899997,"[0.5, 0.2, 0.9, -0.4, 0.0, 0.347668]"
CONTROL,40480311.67399995,"[0.5, 0.2, 0.9, -0.4, 0.0, 0.336474]"
CONTROL,40500389.068,"[0.5, 0.2, 0.9, -0.4, 0.0, 0.325617]"
CONTROL,40520463.807000056,"[0.5, 0.2, 0.9, -0.4, 0.0, 0.315116]"
CONTROL,40540538.225999966,"[0.5, 0.2, 0.9, -0.4, 0.0, 0.304985]"
CONTROL,40560613.47599996,"[0.5, 0.2, 0.9, -0.4, 0.0, 0.295242]"
CONTROL,40580689.20699998,"[0.5, 0.2, 0.9, -0.4, 0.0, 0.285902]"
CONTROL,40600763.594,"[0.5, 0.2, 0.9, -0.4, 0.0, 0.27698]"
CONTROL,40620839.19600002,"[0.5, 0.2, 0.9, -0.4, 0.0, 0.268489]"
CONTROL,40640914.57500001,"[0.5, 0.2, 0.9, -0.4, 0.0, 0.260444]"
CONTROL,40660989.66499999,"[0.5, 0.2, 0.9, -0.4, 0.0, 0.252856]"
CONTROL,40681063.12400005,"[0.5, 0.2, 0.9, -0.4, 0.0, 0.245738]"
CONTROL,40701152.00700002,"[0.5, 0.2, 0.9, -0.4, 0.0, 0.239101]"
CONTROL,40721227.96200006,"[0.5, 0.2, 0.9, -0.4, 0.0, 0.232956]"
CONTROL,40741302.636,"[0.5, 0.2, 0.9, -0.4, 0.0, 0.227312]"
CONTROL,40761377.918999985,"[0.5, 0.2, 0.9, -0.4, 0.0, 0.222178]"
CONTROL,40781452.113,"[0.5, 0.2, 0.9, -0.4, 0.0, 0.217563]"
CONTROL,40801526.34000001,"[0.5, 0.2, 0.9, -0.4, 0.0, 0.213473]"
CONTROL,40821600.85500004,"[0.5, 0.2, 0.9, -0.4, 0.0, 0.209916]"
CONTROL,40841678.312999986,"[0.5, 0.2, 0.9, -0.4, 0.0, 0.206896]"
CONTROL,40861753.659999974,"[0.5, 0.2, 0.9, -0.4, 0.0, 0.204419]"
CONTROL,40881827.43900006,"[0.5, 0.2, 0.9, -0.4, 0.0, 0.202488]"
CONTROL,40901902.30500002,"[0.5, 0.2, 0.9, -0.4, 0.0, 0.201106]"
CONTROL,40921976.24400001,"[0.5, 0.2, 0.9, -0.4, 0.0, 0.200277]"
CONTROL,40942051.526,"[0.5, 0.2, 0.9, -0.4, 0.0, 0.2]"
CONTROL,40962127.16100001,"[0.5, 0.2, 0.9, -0.4, 0.0, 0.2]"
CONTROL,40982201.77200005,"[0.5, 0.2, 0.9, -0.4, 0.0, 0.2]"
CONTROL,41002275.48600003,"[0.5, 0.2, 0.9, -0.4, 0.0, 0.2]"
CONTROL,41022351.53699996,"[0.5, 0.2, 0.9, -0.4, 0.0, 0.2]"
CONTROL,41042428.57899999,"[0.5, 0.2, 0.9, -0.4, 0.0, 0.2]"
CONTROL,41062503.92599998,"[0.5, 0.2, 0.9, -0.4, 0.0, 0.2]"
CONTROL,41082580.55299996,"[0.5, 0.2, 0.9, -0.4, 0.0, 0.2]"
CONTROL,41102655.89899996,"[0.5, 0.2, 0.9, -0.4, 0.0, 0.2]"
CONTROL,41122731.05400004,"[0.5, 0.2, 0.9, -0.4, 0.0, 0.2]"
CONTROL,41142806.14500001,"[0.5, 0.2, 0.9, -0.4, 0.0, 0.2]"
CONTROL,41162879.21900005,"[0.5, 0.2, 0.9, -0.4, 0.0, 0.2]"
CONTROL,41183028.35999998,"[0.5, 0.2, 0.9, -0.4, 0.0, 0.2]"
CONTROL,41203103.035000026,"[0.5, 0.2, 0.9, -0.4, 0.0, 0.2]"
CONTROL,41223177.325000055,"[0.5, 0.2, 0.9, -0.4, 0.0, 0.2]"
CONTROL,41243252.38400002,"[0.5, 0.2, 0.9, -0.4, 0.0, 0.2]"
CONTROL,41263327.95400003,"[0.5, 0.2, 0.9, -0.4, 0.0, 0.2]"
CONTROL,41283423.782,"[0.5, 0.2, 0.9, -0.4, 0.0, 0.2]"
CONTROL,41303503.12799999,"[0.5, 0.2, 0.9, -0.4, 0.0, 0.2]"
CONTROL,41323579.179000035,"[0.5, 0.2, 0.9, -0.4, 0.0, 0.2]"
CONTROL,41343653.94999997,"[0.5, 0.2, 0.9, -0.4, 0.0, 0.2]"
CONTROL,41363728.560000025,"[0.5, 0.2, 0.9, -0.4, 0.0, 0.2]"
CONTROL,41383808.61099995,"[0.5, 0.2, 0.9, -0.4, 0.0, 0.2]"
CONTROL,41403883.86100005,"[0.5, 0.2, 0.9, -0.4, 0.0, 0.2]"
CONTROL,41423958.279999964,"[0.5, 0.2, 0.9, -0.4, 0.0, 0.2]"
CONTROL,41444032.37899996,"[0.5, 0.2, 0.9, -0.4, 0.0, 0.2]"
CONTROL,41464107.724999964,"[0.5, 0.2, 0.9, -0.4, 0.0, 0.2]"
CONTROL,41484183.00800006,"[0.5, 0.2, 0.9, -0.4, 0.0, 0.2]"
CONTROL,41504257.74600001,"[0.5, 0.2, 0.9, -0.4, 0.0, 0.2]"
CONTROL,41524332.93299998,"[0.5, 0.2, 0.9, -0.4, 0.0, 0.2]"
CONTROL,41544407.799000055,"[0.5, 0.2, 0.9, -0.4, 0.0, 0.2]"
CONTROL,41564482.12199996,"[0.5, 0.2, 0.9, -0.4, 0.0, 0.2]"
CONTROL,41584556.476999976,"[0.5, 0.200022, 0.899978, -0.399978, 0.0, 0.2]"
CONTROL,41604631.598999955,"[0.5, 0.200089, 0.899911, -0.399911, 0.0, 0.2]"
CONTROL,41624706.017999984,"[0.5, 0.2002, 0.8998, -0.3998, 0.0, 0.2]"
CONTROL,41644780.27600001,"[0.5, 0.200355, 0.899645, -0.399645, 0.0, 0.2]"
CONTROL,41664857.63900005,"[0.5, 0.200555, 0.899445, -0.399445, 0.0, 0.2]"
CONTROL,41684934.13800002,"[0.5, 0.200799, 0.899201, -0.399201, 0.0, 0.2]"
CONTROL,41705009.452000014,"[0.5, 0.201087, 0.898913, -0.398913, 0.0, 0.2]"
CONTROL,41725085.95099998,"[0.5, 0.201419, 0.898581, -0.398581, 0.0, 0.2]"
CONTROL,41745160.113,"[0.5, 0.201795, 0.898205, -0.398205, 0.0, 0.2]"
CONTROL,41765233.18800002,"[0.5, 0.202215, 0.897785, -0.397785, 0.0, 0.2]"
CONTROL,41785307.57400006,"[0.5, 0.202678, 0.897322, -0.397322, 0.0, 0.2]"
CONTROL,41805383.432999976,"[0.5, 0.203184, 0.896816, -0.396816, 0.0, 0.2]"
CONTROL,41825458.01100002,"[0.5, 0.203733, 0.896267, -0.396267, 0.0, 0.2]"
CONTROL,41845533.262,"[0.5, 0.204325, 0.895675, -0.395675, 0.0, 0.2]"
CONTROL,41865607.68100003,"[0.5, 0.20496, 0.89504, -0.39504, 0.0, 0.2]"
CONTROL,41885682.41899998,"[0.5, 0.205637, 0.894363, -0.394363, 0.0, 0.2]"
CONTROL,41905757.70199996,"[0.5, 0.206355, 0.893645, -0.393645, 0.0, 0.2]"
CONTROL,41925834.904,"[0.5, 0.207116, 0.892884, -0.392884, 0.0, 0.2]"
CONTROL,41945909.67500005,"[0.5, 0.207918, 0.892082, -0.392082, 0.0, 0.2]"
CONTROL,41965984.381999984,"[0.5, 0.20876, 0.89124, -0.39124, 0.0, 0.2]"
CONTROL,41986060.91199997,"[0.5, 0.209643, 0.890357, -0.390357, 0.0, 0.2]"
CONTROL,42006136.38699997,"[0.5, 0.210567, 0.889433, -0.389433, 0.0, 0.2]"
CONTROL,42026210.80500001,"[0.5, 0.21153, 0.88847, -0.38847, 0.0, 0.2]"
CONTROL,42046286.50400002,"[0.5, 0.212532, 0.887468, -0.387468, 0.0, 0.2]"
CONTROL,42066362.49099995,"[0.5, 0.213574, 0.886426, -0.386426, 0.0, 0.2]"
CONTROL,42086437.64500005,"[0.5, 0.214653, 0.885347, -0.385347, 0.0, 0.2]"
CONTROL,42106515.07199998,"[0.5, 0.215771, 0.884229, -0.384229, 0.0, 0.2]"
CONTROL,42126590.706,"[0.5, 0.216926, 0.883074, -0.383074, 0.0, 0.2]"
CONTROL,42146667.78100002,"[0.5, 0.218118, 0.881882, -0.381882, 0.0, 0.2]"
CONTROL,42166742.36000006,"[0.5, 0.219347, 0.880653, -0.380653, 0.0, 0.2]"
CONTROL,42186884.876000024,"[0.5, 0.220611, 0.879389, -0.379389, 0.0, 0.2]"
CONTROL,42206960.63900004,"[0.5, 0.221911, 0.878089, -0.378089, 0.0, 0.2]"
CONTROL,42227034.92899995,"[0.5, 0.223245, 0.876755, -0.376755, 0.0, 0.2]"
CONTROL,42247133.733000055,"[0.5, 0.224614, 0.875386, -0.375386, 0.0, 0.2]"
CONTROL,42267210.58299995,"[0.5, 0.226016, 0.873984, -0.373984, 0.0, 0.2]"
CONTROL,42287286.217999965,"[0.5, 0.22745, 0.87255, -0.37255, 0.0, 0.2]"
CONTROL,42307377.56500003,"[0.5, 0.228918, 0.871082, -0.371082, 0.0, 0.2]"
CONTROL,42327457.200000025,"[0.5, 0.230416, 0.869584, -0.369584, 0.0, 0.2]"
CONTROL,42347532.29000001,"[0.5, 0.231946, 0.868054, -0.368054, 0.0, 0.2]"
CONTROL,42367607.18899996,"[0.5, 0.233506, 0.866494, -0.366494, 0.0, 0.2]"
CONTROL,42387682.662999965,"[0.5, 0.235095, 0.864905, -0.364905, 0.0, 0.2]"
CONTROL,42407760.69800006,"[0.5, 0.236714, 0.863286, -0.363286, 0.0, 0.2]"
CONTROL,42427835.14799999,"[0.5, 0.23836, 0.86164, -0.36164, 0.0, 0.2]"
CONTROL,42447913.374999985,"[0.5, 0.240034, 0.859966, -0.359966, 0.0, 0.2]"
CONTROL,42467989.42500004,"[0.5, 0.241734, 0.858266, -0.358266, 0.0, 0.2]"
CONTROL,42488063.68400005,"[0.5, 0.243461, 0.856539, -0.356539, 0.0, 0.2]"
CONTROL,42508139.41499996,"[0.5, 0.245212, 0.854788, -0.354788, 0.0, 0.2]"
CONTROL,42528214.98499998,"[0.5, 0.246988, 0.853012, -0.353012, 0.0, 0.2]"
CONTROL,42548292.28400001,"[0.5, 0.248788, 0.851212, -0.351212, 0.0, 0.2]"
CONTROL,42568367.85400003,"[0.5, 0.25061, 0.84939, -0.34939, 0.0, 0.2]"
CONTROL,42588442.56099997,"[0.5, 0.252454, 0.847546, -0.347546, 0.0, 0.2]"
CONTROL,42608518.16299999,"[0.5, 0.254319, 0.845681, -0.345681, 0.0, 0.2]"
CONTROL,42628592.90200004,"[0.5, 0.256205, 0.843795, -0.343795, 0.0, 0.2]"
CONTROL,42648668.08800002,"[0.5, 0.25811, 0.84189, -0.34189, 0.0, 0.2]"
CONTROL,42668744.04300006,"[0.5, 0.260034, 0.839966, -0.339966, 0.0, 0.2]"
CONTROL,42688818.717,"[0.5, 0.261975, 0.838025, -0.338025, 0.0, 0.2]"
CONTROL,42708894.80000005,"[0.5, 0.263934, 0.836066, -0.336066, 0.0, 0.2]"
CONTROL,42728970.37100006,"[0.5, 0.265908, 0.834092, -0.334092, 0.0, 0.2]"
CONTROL,42749045.90899996,"[0.5, 0.267898, 0.832102, -0.332102, 0.0, 0.2]"
CONTROL,42769123.75200004,"[0.5, 0.269901, 0.830099, -0.330099, 0.0, 0.2]"
CONTROL,42789158.42499998,"[0.5, 0.271919, 0.828081, -0.328081, 0.0, 0.2]"
CONTROL,42809231.179999985,"[0.5, 0.273948, 0.826052, -0.326052, 0.0, 0.2]"
CONTROL,42829307.74199997,"[0.5, 0.27599, 0.82401, -0.32401, 0.0, 0.2]"
CONTROL,42849382.48100002,"[0.5, 0.278042, 0.821958, -0.321958, 0.0, 0.2]"
CONTROL,42869457.92300003,"[0.5, 0.280103, 0.819897, -0.319897, 0.0, 0.2]"
CONTROL,42889532.75799997,"[0.5, 0.282174, 0.817826, -0.317826, 0.0, 0.2]"
CONTROL,42909611.07999999,"[0.5, 0.284252, 0.815748, -0.315748, 0.0, 0.2]"
CONTROL,42929686.23499996,"[0.5, 0.286338, 0.813662, -0.313662, 0.0, 0.2]"
CONTROL,42949761.740999974,"[0.5, 0.288429, 0.811571, -0.311571, 0.0, 0.2]"
CONTROL,42969837.27999998,"[0.5, 0.290526, 0.809474, -0.309474, 0.0, 0.2]"
CONTROL,42989914.16299998,"[0.5, 0.292627, 0.807373, -0.307373, 0.0, 0.2]"
CONTROL,43009989.02900005,"[0.5, 0.294731, 0.805269, -0.305269, 0.0, 0.2]"
CONTROL,43030066.616,"[0.5, 0.296838, 0.803162, -0.303162, 0.0, 0.2]"
CONTROL,43050145.32200005,"[0.5, 0.298946, 0.801054, -0.301054, 0.0, 0.2]"
CONTROL,43070232.54099999,"[0.5, 0.301054, 0.798946, -0.298946, 0.0, 0.2]"
CONTROL,43090308.20800001,"[0.5, 0.303162, 0.796838, -0.296838, 0.0, 0.2]"
CONTROL,43110384.32199996,"[0.5, 0.305269, 0.794731, -0.294731, 0.0, 0.2]"
CONTROL,43130461.30099997,"[0.5, 0.307373, 0.792627, -0.292627, 0.0, 0.2]"
CONTROL,43150534.91900005,"[0.5, 0.309474, 0.790526, -0.290526, 0.0, 0.2]"
CONTROL,43170611.098,"[0.5, 0.311571, 0.788429, -0.288429, 0.0, 0.2]"
CONTROL,43190757.32700003,"[0.5, 0.313662, 0.786338, -0.286338, 0.0, 0.2]"
CONTROL,43210833.56899999,"[0.5, 0.315748, 0.784252, -0.284252, 0.0, 0.2]"
CONTROL,43230909.84400005,"[0.5, 0.317826, 0.782174, -0.282174, 0.0, 0.2]"
CONTROL,43250984.74200001,"[0.5, 0.319897, 0.780103, -0.280103, 0.0, 0.2]"
CONTROL,43271060.089,"[0.5, 0.321958, 0.778042, -0.278042, 0.0, 0.2]"
CONTROL,43291135.97900005,"[0.5, 0.32401, 0.77599, -0.27599, 0.0, 0.2]"
CONTROL,43311210.36599995,"[0.5, 0.326052, 0.773948, -0.273948, 0.0, 0.2]"
CONTROL,43331302.64099998,"[0.5, 0.328081, 0.771919, -0.271919, 0.0, 0.2]"
CONTROL,43351379.651999995,"[0.5, 0.330099, 0.769901, -0.269901, 0.0, 0.2]"
CONTROL,43371456.11799997,"[0.5, 0.332102, 0.767898, -0.267898, 0.0, 0.2]"
CONTROL,43391535.113000035,"[0.5, 0.334092, 0.765908, -0.265908, 0.0, 0.2]"
CONTROL,43411610.29900002,"[0.5, 0.336066, 0.763934, -0.263934, 0.0, 0.2]"
CONTROL,43431685.485999994,"[0.5, 0.338025, 0.761975, -0.261975, 0.0, 0.2]"
CONTROL,43451766.17599998,"[0.5, 0.339966, 0.760034, -0.260034, 0.0, 0.2]"
CONTROL,43471842.29100003,"[0.5, 0.34189, 0.75811, -0.25811, 0.0, 0.2]"
CONTROL,43491915.33299995,"[0.5, 0.343795, 0.756205, -0.256205, 0.0, 0.2]"
CONTROL,43511990.20000001,"[0.5, 0.345681, 0.754319, -0.254319, 0.0, 0.2]"
CONTROL,43532064.80999995,"[0.5, 0.347546, 0.752454, -0.252454, 0.0, 0.2]"
CONTROL,43552141.341000035,"[0.5, 0.34939, 0.75061, -0.25061, 0.0, 0.2]"
CONTROL,43572216.271000005,"[0.5, 0.351212, 0.748788, -0.248788, 0.0, 0.2]"
CONTROL,43592292.41800006,"[0.5, 0.353012, 0.746988, -0.246988, 0.0, 0.2]"
CONTROL,43612370.58000006,"[0.5, 0.354788, 0.745212, -0.245212, 0.0, 0.2]"
CONTROL,43632445.83100004,"[0.5, 0.356539, 0.743461, -0.243461, 0.0, 0.2]"
CONTROL,43652515.161,"[0.5, 0.358266, 0.741734, -0.241734, 0.0, 0.2]"
CONTROL,43672591.37200005,"[0.5, 0.359966, 0.740034, -0.240034, 0.0, 0.2]"
CONTROL,43692666.046,"[0.5, 0.36164, 0.73836, -0.23836, 0.0, 0.2]"
CONTROL,43712742.83299999,"[0.5, 0.363286, 0.736714, -0.236714, 0.0, 0.2]"
CONTROL,43732818.91500005,"[0.5, 0.364905, 0.735095, -0.235095, 0.0, 0.2]"
CONTROL,43752894.39000005,"[0.5, 0.366494, 0.733506, -0.233506, 0.0, 0.2]"
CONTROL,43772969.48000003,"[0.5, 0.368054, 0.731946, -0.231946, 0.0, 0.2]"
CONTROL,43793045.49899996,"[0.5, 0.369584, 0.730416, -0.230416, 0.0, 0.2]"
CONTROL,43813121.67700002,"[0.5, 0.371082, 0.728918, -0.228918, 0.0, 0.2]"
CONTROL,43833159.647,"[0.5, 0.37255, 0.72745, -0.22745, 0.0, 0.2]"
CONTROL,43853234.76899998,"[0.5, 0.373984, 0.726016, -0.226016, 0.0, 0.2]"
CONTROL,43873310.17999998,"[0.5, 0.375386, 0.724614, -0.224614, 0.0, 0.2]"
CONTROL,43893383.029999994,"[0.5, 0.376755, 0.723245, -0.223245, 0.0, 0.2]"
CONTROL,43913457.769000046,"[0.5, 0.378089, 0.721911, -0.221911, 0.0, 0.2]"
CONTROL,43933532.73100001,"[0.5, 0.379389, 0.720611, -0.220611, 0.0, 0.2]"
CONTROL,43953608.078,"[0.5, 0.380653, 0.719347, -0.219347, 0.0, 0.2]"
CONTROL,43973683.68000002,"[0.5, 0.381882, 0.718118, -0.218118, 0.0, 0.2]"
CONTROL,43993759.69899995,"[0.5, 0.383074, 0.716926, -0.216926, 0.0, 0.2]"
CONTROL,44013835.42899998,"[0.5, 0.384229, 0.715771, -0.215771, 0.0, 0.2]"
CONTROL,44033910.32800005,"[0.5, 0.385347, 0.714653, -0.214653, 0.0, 0.2]"
CONTROL,44053985.450000025,"[0.5, 0.386426, 0.713574, -0.213574, 0.0, 0.2]"
CONTROL,44074060.95700003,"[0.5, 0.387468, 0.712532, -0.212532, 0.0, 0.2]"
CONTROL,44094136.33500003,"[0.5, 0.38847, 0.71153, -0.21153, 0.0, 0.2]"
CONTROL,44114213.761999965,"[0.5, 0.389433, 0.710567, -0.210567, 0.0, 0.2]"
CONTROL,44134288.724000044,"[0.5, 0.390357, 0.709643, -0.209643, 0.0, 0.2]"
CONTROL,44154363.78300001,"[0.5, 0.39124, 0.70876, -0.20876, 0.0, 0.2]"
CONTROL,44174439.76900006,"[0.5, 0.392082, 0.707918, -0.207918, 0.0, 0.2]"
CONTROL,44194584.42999996,"[0.5, 0.392884, 0.707116, -0.207116, 0.0, 0.2]"
CONTROL,44214659.77599996,"[0.5, 0.393645, 0.706355, -0.206355, 0.0, 0.2]"
CONTROL,44234735.05900006,"[0.5, 0.394363, 0.705637, -0.205637, 0.0, 0.2]"
CONTROL,44254813.093000054,"[0.5, 0.39504, 0.70496, -0.20496, 0.0, 0.2]"
CONTROL,44274887.992000006,"[0.5, 0.395675, 0.704325, -0.204325, 0.0, 0.2]"
CONTROL,44294962.05800001,"[0.5, 0.396267, 0.703733, -0.203733, 0.0, 0.2]"
CONTROL,44315036.50900004,"[0.5, 0.396816, 0.703184, -0.203184, 0.0, 0.2]"
CONTROL,44335110.86299995,"[0.5, 0.397322, 0.702678, -0.202678, 0.0, 0.2]"
CONTROL,44355215.011000045,"[0.5, 0.397785, 0.702215, -0.202215, 0.0, 0.2]"
CONTROL,44375293.013000034,"[0.5, 0.398205, 0.701795, -0.201795, 0.0, 0.2]"
CONTROL,44395372.80800005,"[0.5, 0.398581, 0.701419, -0.201419, 0.0, 0.2]"
CONTROL,44415450.105999984,"[0.5, 0.398913, 0.701087, -0.201087, 0.0, 0.2]"
CONTROL,44435534.28500002,"[0.5, 0.399201, 0.700799, -0.200799, 0.0, 0.2]"
CONTROL,44455613.279999964,"[0.5, 0.399445, 0.700555, -0.200555, 0.0, 0.2]"
CONTROL,44475691.31399996,"[0.5, 0.399645, 0.700355, -0.200355, 0.0, 0.2]"
CONTROL,44495766.62900006,"[0.5, 0.3998, 0.7002, -0.2002, 0.0, 0.2]"
CONTROL,44515842.03899995,"[0.5, 0.399911, 0.700089, -0.200089, 0.0, 0.2]"
CONTROL,44535916.74500001,"[0.5, 0.399978, 0.700022, -0.200022, 0.0, 0.2]"
CONTROL,44555994.71599998,"[0.5, 0.4, 0.7, -0.2, 0.0, 0.2]"
CONTROL,44576069.03800002,"[0.5, 0.4, 0.7, -0.2, 0.0, 0.2]"
CONTROL,44596143.649000056,"[0.499938, 0.4, 0.7, -0.2, 0.0, 0.2]"
CONTROL,44616218.13099998,"[0.499751, 0.4, 0.7, -0.2, 0.0, 0.2]"
CONTROL,44636293.66999999,"[0.499439, 0.4, 0.7, -0.2, 0.0, 0.2]"
CONTROL,44656369.624000035,"[0.499003, 0.4, 0.7, -0.2, 0.0, 0.2]"
CONTROL,44676445.67499997,"[0.498443, 0.4, 0.7, -0.2, 0.0, 0.2]"
CONTROL,44696522.30099996,"[0.497759, 0.4, 0.7, -0.2, 0.0, 0.2]"
CONTROL,44716598.256,"[0.49695, 0.4, 0.7, -0.2, 0.0, 0.2]"
CONTROL,44736674.56199996,"[0.496018, 0.4, 0.7, -0.2, 0.0, 0.2]"
CONTROL,44756748.34100005,"[0.494962, 0.4, 0.7, -0.2, 0.0, 0.2]"
CONTROL,44776823.87900006,"[0.493782, 0.4, 0.7, -0.2, 0.0, 0.2]"
CONTROL,44796900.25000002,"[0.49248, 0.4, 0.7, -0.2, 0.0, 0.2]"
CONTROL,44816976.13999995,"[0.491055, 0.4, 0.7, -0.2, 0.0, 0.2]"
CONTROL,44837051.35900004,"[0.489507, 0.4, 0.7, -0.2, 0.0, 0.2]"
CONTROL,44857125.361000046,"[0.487838, 0.4, 0.7, -0.2, 0.0, 0.2]"
CONTROL,44877158.27399995,"[0.486046, 0.4, 0.7, -0.2, 0.0, 0.2]"
CONTROL,44897232.05300004,"[0.484134, 0.4, 0.7, -0.2, 0.0, 0.2]"
CONTROL,44917305.478999995,"[0.482101, 0.4, 0.7, -0.2, 0.0, 0.2]"
CONTROL,44937378.48900002,"[0.479948, 0.4, 0.7, -0.2, 0.0, 0.2]"
CONTROL,44957452.94000005,"[0.477675, 0.4, 0.7, -0.2, 0.0, 0.2]"
CONTROL,44977527.261999965,"[0.475284, 0.4, 0.7, -0.2, 0.0, 0.2]"
CONTROL,44997600.84900004,"[0.472774, 0.4, 0.7, -0.2, 0.0, 0.2]"
CONTROL,45017676.16300003,"[0.470146, 0.4, 0.7, -0.2, 0.0, 0.2]"
CONTROL,45037750.23000003,"[0.4674, 0.4, 0.7, -0.2, 0.0, 0.2]"
CONTROL,45057824.96799998,"[0.464539, 0.4, 0.7, -0.2, 0.0, 0.2]"
CONTROL,45077898.234000035,"[0.461561, 0.4, 0.7, -0.2, 0.0, 0.2]"
CONTROL,45097973.00499997,"[0.458469, 0.4, 0.7, -0.2, 0.0, 0.2]"
CONTROL,45118048.927000016,"[0.455262, 0.4, 0.7, -0.2, 0.0, 0.2]"
CONTROL,45138122.130000055,"[0.451942, 0.4, 0.7, -0.2, 0.0, 0.2]"
CONTROL,45158196.51599997,"[0.448509, 0.4, 0.7, -0.2, 0.0, 0.2]"
CONTROL,45178273.27099997,"[0.444964, 0.4, 0.7, -0.2, 0.0, 0.2]"
CONTROL,45198419.403000005,"[0.441309, 0.4, 0.7, -0.2, 0.0, 0.2]"
CONTROL,45218494.52599997,"[0.437544, 0.4, 0.7, -0.2, 0.0, 0.2]"
CONTROL,45238568.112000056,"[0.433669, 0.4, 0.7, -0.2, 0.0, 0.2]"
CONTROL,45258642.75499998,"[0.429686, 0.4, 0.7, -0.2, 0.0, 0.2]"
CONTROL,45278717.36500003,"[0.425597, 0.4, 0.7, -0.2, 0.0, 0.2]"
CONTROL,45298792.038999975,"[0.421401, 0.4, 0.7, -0.2, 0.0, 0.2]"
CONTROL,45318869.242000006,"[0.4171, 0.4, 0.7, -0.2, 0.0, 0.2]"
CONTROL,45338943.66000004,"[0.412695, 0.4, 0.7, -0.2, 0.0, 0.2]"
CONTROL,45359018.49499999,"[0.408188, 0.4, 0.7, -0.2, 0.0, 0.2]"
CONTROL,45379113.65000002,"[0.403579, 0.4, 0.7, -0.2, 0.0, 0.2]"
CONTROL,45399188.86800001,"[0.398869, 0.4, 0.7, -0.2, 0.0, 0.2]"
CONTROL,45419264.66300003,"[0.394059, 0.4, 0.7, -0.2, 0.0, 0.2]"
CONTROL,45439340.073000036,"[0.389152, 0.4, 0.7, -0.2, 0.0, 0.2]"
CONTROL,45459415.19600001,"[0.384147, 0.4, 0.7, -0.2, 0.0, 0.2]"
CONTROL,45479491.086000055,"[0.379047, 0.4, 0.7, -0.2, 0.0, 0.2]"
CONTROL,45499566.81599997,"[0.373852, 0.4, 0.7, -0.2, 0.0, 0.2]"
CONTROL,45519643.091000035,"[0.368565, 0.4, 0.7, -0.2, 0.0, 0.2]"
CONTROL,45539718.66100005,"[0.363185, 0.4, 0.7, -0.2, 0.0, 0.2]"
CONTROL,45559793.17599997,"[0.357715, 0.4, 0.7, -0.2, 0.0, 0.2]"
CONTROL,45579869.19400003,"[0.352155, 0.4, 0.7, -0.2, 0.0, 0.2]"
CONTROL,45599943.67700005,"[0.346508, 0.4, 0.7, -0.2, 0.0, 0.2]"
CONTROL,45620019.342999965,"[0.340775, 0.4, 0.7, -0.2, 0.0, 0.2]"
CONTROL,45640097.53699997,"[0.334956, 0.4, 0.7, -0.2, 0.0, 0.2]"
CONTROL,45660174.99600002,"[0.329054, 0.4, 0.7, -0.2, 0.0, 0.2]"
CONTROL,45680249.733999975,"[0.32307, 0.4, 0.7, -0.2, 0.0, 0.2]"
CONTROL,45700336.72900002,"[0.317006, 0.4, 0.7, -0.2, 0.0, 0.2]"
CONTROL,45720415.65999996,"[0.310862, 0.4, 0.7, -0.2, 0.0, 0.2]"
CONTROL,45740490.78200005,"[0.304642, 0.4, 0.7, -0.2, 0.0, 0.2]"
CONTROL,45760569.64899999,"[0.298345, 0.4, 0.7, -0.2, 0.0, 0.2]"
CONTROL,45780648.22700003,"[0.291974, 0.4, 0.7, -0.2, 0.0, 0.2]"
CONTROL,45800724.149999954,"[0.28553, 0.4, 0.7, -0.2, 0.0, 0.2]"
CONTROL,45820802.08800005,"[0.279014, 0.4, 0.7, -0.2, 0.0, 0.2]"
CONTROL,45840882.651000015,"[0.27243, 0.4, 0.7, -0.2, 0.0, 0.2]"
CONTROL,45860962.701000065,"[0.265777, 0.4, 0.7, -0.2, 0.0, 0.2]"
CONTROL,45881041.02399996,"[0.259059, 0.4, 0.7, -0.2, 0.0, 0.2]"
CONTROL,45901119.986000024,"[0.252275, 0.4, 0.7, -0.2, 0.0, 0.2]"
CONTROL,45921199.909000054,"[0.245429, 0.4, 0.7, -0.2, 0.0, 0.2]"
CONTROL,45941279.54299995,"[0.238522, 0.4, 0.7, -0.2, 0.0, 0.2]"
CONTROL,45961353.066000015,"[0.231555, 0.4, 0.7, -0.2, 0.0, 0.2]"
CONTROL,45981433.020000055,"[0.22453, 0.4, 0.7, -0.2, 0.0, 0.2]"
CONTROL,46001512.91099996,"[0.21745, 0.4, 0.7, -0.2, 0.0, 0.2]"
CONTROL,46021588.51299998,"[0.210315, 0.4, 0.7, -0.2, 0.0, 0.2]"
CONTROL,46041669.52399999,"[0.203128, 0.4, 0.7, -0.2, 0.0, 0.2]"
CONTROL,46061747.17400006,"[0.19589, 0.4, 0.7, -0.2, 0.0, 0.2]"
CONTROL,46081823.641000025,"[0.188604, 0.4, 0.7, -0.2, 0.0, 0.2]"
CONTROL,46101902.442999974,"[0.18127, 0.4, 0.7, -0.2, 0.0, 0.2]"
CONTROL,46121981.054000005,"[0.173891, 0.4, 0.7, -0.2, 0.0, 0.2]"
CONTROL,46142059.60000004,"[0.166469, 0.4, 0.7, -0.2, 0.0, 0.2]"
CONTROL,46162139.075000025,"[0.159006, 0.4, 0.7, -0.2, 0.0, 0.2]"
CONTROL,46182218.293000005,"[0.151503, 0.4, 0.7, -0.2, 0.0, 0.2]"
CONTROL,46202365.57800001,"[0.143962, 0.4, 0.7, -0.2, 0.0, 0.2]"
CONTROL,46222443.86900002,"[0.136385, 0.4, 0.7, -0.2, 0.0, 0.2]"
CONTROL,46242517.23099997,"[0.128774, 0.4, 0.7, -0.2, 0.0, 0.2]"
CONTROL,46262595.96900002,"[0.121131, 0.4, 0.7, -0.2, 0.0, 0.2]"
CONTROL,46282674.70800006,"[0.113458, 0.4, 0.7, -0.2, 0.0, 0.2]"
CONTROL,46302750.34199997,"[0.105757, 0.4, 0.7, -0.2, 0.0, 0.2]"
CONTROL,46322828.82499999,"[0.098029, 0.4, 0.7, -0.2, 0.0, 0.2]"
CONTROL,46342908.93900004,"[0.090277, 0.4, 0.7, -0.2, 0.0, 0.2]"
CONTROL,46362986.686,"[0.082502, 0.4, 0.7, -0.2, 0.0, 0.2]"
CONTROL,46383066.64000004,"[0.074707, 0.4, 0.7, -0.2, 0.0, 0.2]"
CONTROL,46403174.88400001,"[0.066893, 0.4, 0.7, -0.2, 0.0, 0.2]"
CONTROL,46423253.52600005,"[0.059063, 0.4, 0.7, -0.2, 0.0, 0.2]"
CONTROL,46443337.065000035,"[0.051217, 0.4, 0.7, -0.2, 0.0, 0.2]"
CONTROL,46463414.811000004,"[0.043359, 0.4, 0.7, -0.2, 0.0, 0.2]"
CONTROL,46483492.71799998,"[0.035491, 0.4, 0.7, -0.2, 0.0, 0.2]"
CONTROL,46503571.488000035,"[0.027613, 0.4, 0.7, -0.2, 0.0, 0.2]"
CONTROL,46523657.010999955,"[0.019728, 0.4, 0.7, -0.2, 0.0, 0.2]"
CONTROL,46543738.566,"[0.011839, 0.4, 0.7, -0.2, 0.0, 0.2]"
CONTROL,46563818.87199996,"[0.003947, 0.4, 0.7, -0.2, 0.0, 0.2]"
CONTROL,46583899.91499996,"[-0.003947, 0.4, 0.7, -0.2, 0.0, 0.2]"
CONTROL,46603979.10100005,"[-0.011839, 0.4, 0.7, -0.2, 0.0, 0.2]"
CONTROL,46624059.72800002,"[-0.019728, 0.4, 0.7, -0.2, 0.0, 0.2]"
CONTROL,46644140.257999994,"[-0.027613, 0.4, 0.7, -0.2, 0.0, 0.2]"
CONTROL,46664219.25300006,"[-0.035491, 0.4, 0.7, -0.2, 0.0, 0.2]"
CONTROL,46684299.27099998,"[-0.043359, 0.4, 0.7, -0.2, 0.0, 0.2]"
CONTROL,46704378.71399997,"[-0.051217, 0.4, 0.7, -0.2, 0.0, 0.2]"
CONTROL,46724458.79600002,"[-0.059063, 0.4, 0.7, -0.2, 0.0, 0.2]"
CONTROL,46744539.67900001,"[-0.066893, 0.4, 0.7, -0.2, 0.0, 0.2]"
CONTROL,46764619.40900003,"[-0.074707, 0.4, 0.7, -0.2, 0.0, 0.2]"
CONTROL,46784699.74799998,"[-0.082502, 0.4, 0.7, -0.2, 0.0, 0.2]"
CONTROL,46804779.31799999,"[-0.090277, 0.4, 0.7, -0.2, 0.0, 0.2]"
CONTROL,46824858.31300005,"[-0.098029, 0.4, 0.7, -0.2, 0.0, 0.2]"
CONTROL,46844937.97899995,"[-0.105757, 0.4, 0.7, -0.2, 0.0, 0.2]"
CONTROL,46865021.70999995,"[-0.113458, 0.4, 0.7, -0.2, 0.0, 0.2]"
CONTROL,46885100.99300004,"[-0.121131, 0.4, 0.7, -0.2, 0.0, 0.2]"
CONTROL,46905178.73900001,"[-0.128774, 0.4, 0.7, -0.2, 0.0, 0.2]"
CONTROL,46925259.014000066,"[-0.136385, 0.4, 0.7, -0.2, 0.0, 0.2]"
CONTROL,46945339.03199999,"[-0.143962, 0.4, 0.7, -0.2, 0.0, 0.2]"
CONTROL,46965419.94699999,"[-0.151503, 0.4, 0.7, -0.2, 0.0, 0.2]"
CONTROL,46985499.90100002,"[-0.159006, 0.4, 0.7, -0.2, 0.0, 0.2]"
CONTROL,47005580.528,"[-0.166469, 0.4, 0.7, -0.2, 0.0, 0.2]"
CONTROL,47025660.45000003,"[-0.173891, 0.4, 0.7, -0.2, 0.0, 0.2]"
CONTROL,47045739.98900002,"[-0.18127, 0.4, 0.7, -0.2, 0.0, 0.2]"
CONTROL,47065820.23099998,"[-0.188604, 0.4, 0.7, -0.2, 0.0, 0.2]"
CONTROL,47085899.09800003,"[-0.19589, 0.4, 0.7, -0.2, 0.0, 0.2]"
CONTROL,47105978.86000005,"[-0.203128, 0.4, 0.7, -0.2, 0.0, 0.2]"
CONTROL,47126057.951000005,"[-0.210315, 0.4, 0.7, -0.2, 0.0, 0.2]"
CONTROL,47146138.769,"[-0.21745, 0.4, 0.7, -0.2, 0.0, 0.2]"
CONTROL,47166219.29999997,"[-0.22453, 0.4, 0.7, -0.2, 0.0, 0.2]"
CONTROL,47186298.90199997,"[-0.231555, 0.4, 0.7, -0.2, 0.0, 0.2]"
CONTROL,47206445.38700003,"[-0.238522, 0.4, 0.7, -0.2, 0.0, 0.2]"
CONTROL,47226525.37299996,"[-0.245429, 0.4, 0.7, -0.2, 0.0, 0.2]"
CONTROL,47246604.848000064,"[-0.252275, 0.4, 0.7, -0.2, 0.0, 0.2]"
CONTROL,47266684.162000045,"[-0.259059, 0.4, 0.7, -0.2, 0.0, 0.2]"
CONTROL,47286764.05299996,"[-0.265777, 0.4, 0.7, -0.2, 0.0, 0.2]"
CONTROL,47306843.33500005,"[-0.27243, 0.4, 0.7, -0.2, 0.0, 0.2]"
CONTROL,47326925.27400002,"[-0.279014, 0.4, 0.7, -0.2, 0.0, 0.2]"
CONTROL,47347004.84400003,"[-0.28553, 0.4, 0.7, -0.2, 0.0, 0.2]"
CONTROL,47367085.47099999,"[-0.291974, 0.4, 0.7, -0.2, 0.0, 0.2]"
CONTROL,47387165.904999964,"[-0.298345, 0.4, 0.7, -0.2, 0.0, 0.2]"
CONTROL,47407245.82799999,"[-0.304642, 0.4, 0.7, -0.2, 0.0, 0.2]"
CONTROL,47427345.111000024,"[-0.310862, 0.4, 0.7, -0.2, 0.0, 0.2]"
CONTROL,47447421.06499996,"[-0.317006, 0.4, 0.7, -0.2, 0.0, 0.2]"
CONTROL,47467501.91600006,"[-0.32307, 0.4, 0.7, -0.2, 0.0, 0.2]"
CONTROL,47487581.102000035,"[-0.329054, 0.4, 0.7, -0.2, 0.0, 0.2]"
CONTROL,47507661.50499999,"[-0.334956, 0.4, 0.7, -0.2, 0.0, 0.2]"
CONTROL,47527742.09899996,"[-0.340775, 0.4, 0.7, -0.2, 0.0, 0.2]"
CONTROL,47547823.237999976,"[-0.346508, 0.4, 0.7, -0.2, 0.0, 0.2]"
CONTROL,47567904.279999994,"[-0.352155, 0.4, 0.7, -0.2, 0.0, 0.2]"
CONTROL,47587983.33900006,"[-0.357715, 0.4, 0.7, -0.2, 0.0, 0.2]"
CONTROL,47608063.06899997,"[-0.363185, 0.4, 0.7, -0.2, 0.0, 0.2]"
CONTROL,47628143.72800005,"[-0.368565, 0.4, 0.7, -0.2, 0.0, 0.2]"
CONTROL,47648223.39399996,"[-0.373852, 0.4, 0.7, -0.2, 0.0, 0.2]"
CONTROL,47668302.229,"[-0.379047, 0.4, 0.7, -0.2, 0.0, 0.2]"
CONTROL,47688381.54299999,"[-0.384147, 0.4, 0.7, -0.2, 0.0, 0.2]"
CONTROL,47708460.76199996,"[-0.389152, 0.4, 0.7, -0.2, 0.0, 0.2]"
CONTROL,47728539.01999997,"[-0.394059, 0.4, 0.7, -0.2, 0.0, 0.2]"
CONTROL,47748618.84699999,"[-0.398869, 0.4, 0.7, -0.2, 0.0, 0.2]"
CONTROL,47768698.929000035,"[-0.403579, 0.4, 0.7, -0.2, 0.0, 0.2]"
CONTROL,47788778.30800002,"[-0.408188, 0.4, 0.7, -0.2, 0.0, 0.2]"
CONTROL,47808859.797999956,"[-0.412695, 0.4, 0.7, -0.2, 0.0, 0.2]"
CONTROL,47828938.72900002,"[-0.4171, 0.4, 0.7, -0.2, 0.0, 0.2]"
CONTROL,47849019.83500004,"[-0.421401, 0.4, 0.7, -0.2, 0.0, 0.2]"
CONTROL,47869101.00600005,"[-0.425597, 0.4, 0.7, -0.2, 0.0, 0.2]"
CONTROL,47889180.06400002,"[-0.429686, 0.4, 0.7, -0.2, 0.0, 0.2]"
CONTROL,47909257.23400005,"[-0.433669, 0.4, 0.7, -0.2, 0.0, 0.2]"
CONTROL,47929333.79700003,"[-0.437544, 0.4, 0.7, -0.2, 0.0, 0.2]"
CONTROL,47949418.230999984,"[-0.441309, 0.4, 0.7, -0.2, 0.0, 0.2]"
CONTROL,47969499.17799998,"[-0.444964, 0.4, 0.7, -0.2, 0.0, 0.2]"
CONTROL,47989577.467999995,"[-0.448509, 0.4, 0.7, -0.2, 0.0, 0.2]"
CONTROL,48009657.903000064,"[-0.451942, 0.4, 0.7, -0.2, 0.0, 0.2]"
CONTROL,48029737.56899996,"[-0.455262, 0.4, 0.7, -0.2, 0.0, 0.2]"
CONTROL,48049816.66000003,"[-0.458469, 0.4, 0.7, -0.2, 0.0, 0.2]"
CONTROL,48069897.22200001,"[-0.461561, 0.4, 0.7, -0.2, 0.0, 0.2]"
CONTROL,48089977.91299999,"[-0.464539, 0.4, 0.7, -0.2, 0.0, 0.2]"
CONTROL,48110058.05900004,"[-0.4674, 0.4, 0.7, -0.2, 0.0, 0.2]"
CONTROL,48130140.25400002,"[-0.470146, 0.4, 0.7, -0.2, 0.0, 0.2]"
CONTROL,48150220.39999997,"[-0.472774, 0.4, 0.7, -0.2, 0.0, 0.2]"
CONTROL,48170300.451000005,"[-0.475284, 0.4, 0.7, -0.2, 0.0, 0.2]"
CONTROL,48190380.46900005,"[-0.477675, 0.4, 0.7, -0.2, 0.0, 0.2]"
CONTROL,48210529.96200001,"[-0.479948, 0.4, 0.7, -0.2, 0.0, 0.2]"
CONTROL,48230609.500000015,"[-0.482101, 0.4, 0.7, -0.2, 0.0, 0.2]"
CONTROL,48250689.80699996,"[-0.484134, 0.4, 0.7, -0.2, 0.0, 0.2]"
CONTROL,48270772.83300003,"[-0.486046, 0.4, 0.7, -0.2, 0.0, 0.2]"
CONTROL,48290857.972000025,"[-0.487838, 0.4, 0.7, -0.2, 0.0, 0.2]"
CONTROL,48310937.63900003,"[-0.489507, 0.4, 0.7, -0.2, 0.0, 0.2]"
CONTROL,48331017.209000036,"[-0.491055, 0.4, 0.7, -0.2, 0.0, 0.2]"
CONTROL,48351096.428,"[-0.49248, 0.4, 0.7, -0.2, 0.0, 0.2]"
CONTROL,48371177.82200005,"[-0.493782, 0.4, 0.7, -0.2, 0.0, 0.2]"
CONTROL,48391257.328000054,"[-0.494962, 0.4, 0.7, -0.2, 0.0, 0.2]"
CONTROL,48411335.97099997,"[-0.496018, 0.4, 0.7, -0.2, 0.0, 0.2]"
CONTROL,48431414.90100004,"[-0.49695, 0.4, 0.7, -0.2, 0.0, 0.2]"
CONTROL,48451511.52799997,"[-0.497759, 0.4, 0.7, -0.2, 0.0, 0.2]"
CONTROL,48471591.67500001,"[-0.498443, 0.4, 0.7, -0.2, 0.0, 0.2]"
CONTROL,48491672.52500001,"[-0.499003, 0.4, 0.7, -0.2, 0.0, 0.2]"
CONTROL,48511752.67200006,"[-0.499439, 0.4, 0.7, -0.2, 0.0, 0.2]"
CONTROL,48531832.72199999,"[-0.499751, 0.4, 0.7, -0.2, 0.0, 0.2]"
CONTROL,48551912.22799999,"[-0.499938, 0.4, 0.7, -0.2, 0.0, 0.2]"
CONTROL,48571992.471000046,"[-0.5, 0.4, 0.7, -0.2, 0.0, 0.2]"
CONTROL,48592071.945000045,"[-0.5, 0.4, 0.7, -0.2, 0.0, 0.2]"
CONTROL,48612152.700000025,"[-0.5, 0.399978, 0.700022, -0.200022, 0.0, 0.2]"
CONTROL,48632231.69399998,"[-0.5, 0.399911, 0.700089, -0.200089, 0.0, 0.2]"
CONTROL,48652310.944999956,"[-0.5, 0.3998, 0.7002, -0.2002, 0.0, 0.2]"
CONTROL,48672392.082999974,"[-0.5, 0.399645, 0.700355, -0.200355, 0.0, 0.2]"
CONTROL,48692471.30200006,"[-0.5, 0.399445, 0.700555, -0.200555, 0.0, 0.2]"
CONTROL,48712552.47199997,"[-0.5, 0.399201, 0.700799, -0.200799, 0.0, 0.2]"
CONTROL,48732631.753999956,"[-0.5, 0.398913, 0.701087, -0.201087, 0.0, 0.2]"
CONTROL,48752711.548999965,"[-0.5, 0.398581, 0.701419, -0.201419, 0.0, 0.2]"
CONTROL,48772790.76700006,"[-0.5, 0.398205, 0.701795, -0.201795, 0.0, 0.2]"
CONTROL,48792870.88199999,"[-0.5, 0.397785, 0.702215, -0.202215, 0.0, 0.2]"
CONTROL,48812950.93200003,"[-0.5, 0.397322, 0.702678, -0.202678, 0.0, 0.2]"
CONTROL,48833029.79899997,"[-0.5, 0.396816, 0.703184, -0.203184, 0.0, 0.2]"
CONTROL,48853109.30499998,"[-0.5, 0.396267, 0.703733, -0.203733, 0.0, 0.2]"
CONTROL,48873188.90799998,"[-0.5, 0.395675, 0.704325, -0.204325, 0.0, 0.2]"
CONTROL,48893269.406000055,"[-0.5, 0.39504, 0.70496, -0.20496, 0.0, 0.2]"
CONTROL,48913348.464000024,"[-0.5, 0.394363, 0.705637, -0.205637, 0.0, 0.2]"
CONTROL,48933429.09099999,"[-0.5, 0.393645, 0.706355, -0.206355, 0.0, 0.2]"
CONTROL,48953505.01300004,"[-0.5, 0.392884, 0.707116, -0.207116, 0.0, 0.2]"
CONTROL,48973583.65599996,"[-0.5, 0.392082, 0.707918, -0.207918, 0.0, 0.2]"
CONTROL,48993664.40999995,"[-0.5, 0.39124, 0.70876, -0.20876, 0.0, 0.2]"
CONTROL,49013742.70099995,"[-0.5, 0.390357, 0.709643, -0.209643, 0.0, 0.2]"
CONTROL,49033821.375,"[-0.5, 0.389433, 0.710567, -0.210567, 0.0, 0.2]"
CONTROL,49053900.08100005,"[-0.5, 0.38847, 0.71153, -0.21153, 0.0, 0.2]"
CONTROL,49073978.116000034,"[-0.5, 0.387468, 0.712532, -0.212532, 0.0, 0.2]"
CONTROL,49094058.83800002,"[-0.5, 0.386426, 0.713574, -0.213574, 0.0, 0.2]"
CONTROL,49114138.185,"[-0.5, 0.385347, 0.714653, -0.214653, 0.0, 0.2]"
CONTROL,49134216.63500003,"[-0.5, 0.384229, 0.715771, -0.215771, 0.0, 0.2]"
CONTROL,49154296.14100003,"[-0.5, 0.383074, 0.716926, -0.216926, 0.0, 0.2]"
CONTROL,49174375.392000005,"[-0.5, 0.381882, 0.718118, -0.218118, 0.0, 0.2]"
CONTROL,49194455.282000035,"[-0.5, 0.380653, 0.719347, -0.219347, 0.0, 0.2]"
CONTROL,49214602.63100005,"[-0.5, 0.379389, 0.720611, -0.220611, 0.0, 0.2]"
CONTROL,49234680.92099995,"[-0.5, 0.378089, 0.721911, -0.221911, 0.0, 0.2]"
CONTROL,49254759.14800006,"[-0.5, 0.376755, 0.723245, -0.223245, 0.0, 0.2]"
CONTROL,49274838.52600005,"[-0.5, 0.375386, 0.724614, -0.224614, 0.0, 0.2]"
CONTROL,49294917.231999986,"[-0.5, 0.373984, 0.726016, -0.226016, 0.0, 0.2]"
CONTROL,49314999.298999965,"[-0.5, 0.37255, 0.72745, -0.22745, 0.0, 0.2]"
CONTROL,49335078.48500005,"[-0.5, 0.371082, 0.728918, -0.228918, 0.0, 0.2]"
CONTROL,49355157.70400002,"[-0.5, 0.369584, 0.730416, -0.230416, 0.0, 0.2]"
CONTROL,49375236.02600004,"[-0.5, 0.368054, 0.731946, -0.231946, 0.0, 0.2]"
CONTROL,49395314.15600004,"[-0.5, 0.366494, 0.733506, -0.233506, 0.0, 0.2]"
CONTROL,49415392.67099995,"[-0.5, 0.364905, 0.735095, -0.235095, 0.0, 0.2]"
CONTROL,49435472.08100006,"[-0.5, 0.363286, 0.736714, -0.236714, 0.0, 0.2]"
CONTROL,49455551.77999995,"[-0.5, 0.36164, 0.73836, -0.23836, 0.0, 0.2]"
CONTROL,49475645.558,"[-0.5, 0.359966, 0.740034, -0.240034, 0.0, 0.2]"
CONTROL,49495728.77699995,"[-0.5, 0.358266, 0.741734, -0.241734, 0.0, 0.2]"
CONTROL,49515808.25099995,"[-0.5, 0.356539, 0.743461, -0.243461, 0.0, 0.2]"
CONTROL,49535890.22200003,"[-0.5, 0.354788, 0.745212, -0.245212, 0.0, 0.2]"
CONTROL,49555970.399999976,"[-0.5, 0.353012, 0.746988, -0.246988, 0.0, 0.2]"
CONTROL,49576050.99500006,"[-0.5, 0.351212, 0.748788, -0.248788, 0.0, 0.2]"
CONTROL,49596131.525000036,"[-0.5, 0.34939, 0.75061, -0.25061, 0.0, 0.2]"
CONTROL,49616211.41600005,"[-0.5, 0.347546, 0.752454, -0.252454, 0.0, 0.2]"
CONTROL,49636290.37800001,"[-0.5, 0.345681, 0.754319, -0.254319, 0.0, 0.2]"
CONTROL,49656372.476,"[-0.5, 0.343795, 0.756205, -0.256205, 0.0, 0.2]"
CONTROL,49676451.69499997,"[-0.5, 0.34189, 0.75811, -0.25811, 0.0, 0.2]"
CONTROL,49696523.10499998,"[-0.5, 0.339966, 0.760034, -0.260034, 0.0, 0.2]"
CONTROL,49716597.363000005,"[-0.5, 0.338025, 0.761975, -0.261975, 0.0, 0.2]"
CONTROL,49736675.78200002,"[-0.5, 0.336066, 0.763934, -0.263934, 0.0, 0.2]"
CONTROL,49756755.032,"[-0.5, 0.334092, 0.765908, -0.265908, 0.0, 0.2]"
CONTROL,49776831.33799996,"[-0.5, 0.332102, 0.767898, -0.267898, 0.0, 0.2]"
CONTROL,49796913.21300004,"[-0.5, 0.330099, 0.769901, -0.269901, 0.0, 0.2]"
CONTROL,49816994.574999966,"[-0.5, 0.328081, 0.771919, -0.271919, 0.0, 0.2]"
CONTROL,49837074.88200002,"[-0.5, 0.326052, 0.773948, -0.273948, 0.0, 0.2]"
CONTROL,49857154.32400002,"[-0.5, 0.32401, 0.77599, -0.27599, 0.0, 0.2]"
CONTROL,49877233.31799998,"[-0.5, 0.321958, 0.778042, -0.278042, 0.0, 0.2]"
CONTROL,49897311.833000004,"[-0.5, 0.319897, 0.780103, -0.280103, 0.0, 0.2]"
CONTROL,49917391.40300001,"[-0.5, 0.317826, 0.782174, -0.282174, 0.0, 0.2]"
CONTROL,49937467.548999965,"[-0.5, 0.315748, 0.784252, -0.284252, 0.0, 0.2]"
CONTROL,49957549.68000006,"[-0.5, 0.313662, 0.786338, -0.286338, 0.0, 0.2]"
CONTROL,49977627.65000004,"[-0.5, 0.311571, 0.788429, -0.288429, 0.0, 0.2]"
CONTROL,49997701.46000003,"[-0.5, 0.309474, 0.790526, -0.290526, 0.0, 0.2]"
CONTROL,50017782.40700003,"[-0.5, 0.307373, 0.792627, -0.292627, 0.0, 0.2]"
CONTROL,50037861.144999966,"[-0.5, 0.305269, 0.794731, -0.294731, 0.0, 0.2]"
CONTROL,50057939.02000005,"[-0.5, 0.303162, 0.796838, -0.296838, 0.0, 0.2]"
CONTROL,50078018.49400005,"[-0.5, 0.301054, 0.798946, -0.298946, 0.0, 0.2]"
CONTROL,50098099.08800003,"[-0.5, 0.298946, 0.801054, -0.301054, 0.0, 0.2]"
CONTROL,50118179.13899995,"[-0.5, 0.296838, 0.803162, -0.303162, 0.0, 0.2]"
CONTROL,50138258.964999974,"[-0.5, 0.294731, 0.805269, -0.305269, 0.0, 0.2]"
CONTROL,50158338.631999984,"[-0.5, 0.292627, 0.807373, -0.307373, 0.0, 0.2]"
CONTROL,50178418.61800002,"[-0.5, 0.290526, 0.809474, -0.309474, 0.0, 0.2]"
CONTROL,50198496.55600001,"[-0.5, 0.288429, 0.811571, -0.311571, 0.0, 0.2]"
CONTROL,50218639.80900002,"[-0.5, 0.286338, 0.813662, -0.313662, 0.0, 0.2]"
CONTROL,50238719.986999966,"[-0.5, 0.284252, 0.815748, -0.315748, 0.0, 0.2]"
CONTROL,50258799.74999998,"[-0.5, 0.282174, 0.817826, -0.317826, 0.0, 0.2]"
CONTROL,50278876.34399997,"[-0.5, 0.280103, 0.819897, -0.319897, 0.0, 0.2]"
CONTROL,50298956.29800001,"[-0.5, 0.278042, 0.821958, -0.321958, 0.0, 0.2]"
CONTROL,50319035.676999986,"[-0.5, 0.27599, 0.82401, -0.32401, 0.0, 0.2]"
CONTROL,50339115.150999986,"[-0.5, 0.273948, 0.826052, -0.326052, 0.0, 0.2]"
CONTROL,50359194.59299999,"[-0.5, 0.271919, 0.828081, -0.328081, 0.0, 0.2]"
CONTROL,50379274.09999997,"[-0.5, 0.269901, 0.830099, -0.330099, 0.0, 0.2]"
CONTROL,50399353.285999954,"[-0.5, 0.267898, 0.832102, -0.332102, 0.0, 0.2]"
CONTROL,50419437.689,"[-0.5, 0.265908, 0.834092, -0.334092, 0.0, 0.2]"
CONTROL,50439516.42700006,"[-0.5, 0.263934, 0.836066, -0.336066, 0.0, 0.2]"
CONTROL,50459594.94099998,"[-0.5, 0.261975, 0.838025, -0.338025, 0.0, 0.2]"
CONTROL,50479674.57599998,"[-0.5, 0.260034, 0.839966, -0.339966, 0.0, 0.2]"
CONTROL,50499769.82700002,"[-0.5, 0.25811, 0.84189, -0.34189, 0.0, 0.2]"
CONTROL,50519848.27700005,"[-0.5, 0.256205, 0.843795, -0.343795, 0.0, 0.2]"
CONTROL,50539930.24700003,"[-0.5, 0.254319, 0.845681, -0.345681, 0.0, 0.2]"
CONTROL,50560007.25800004,"[-0.5, 0.252454, 0.847546, -0.347546, 0.0, 0.2]"
CONTROL,50580088.23600005,"[-0.5, 0.25061, 0.84939, -0.34939, 0.0, 0.2]"
CONTROL,50600169.661999986,"[-0.5, 0.248788, 0.851212, -0.351212, 0.0, 0.2]"
CONTROL,50620250.22499995,"[-0.5, 0.246988, 0.853012, -0.353012, 0.0, 0.2]"
CONTROL,50640330.85100004,"[-0.5, 0.245212, 0.854788, -0.354788, 0.0, 0.2]"
CONTROL,50660414.29400002,"[-0.5, 0.243461, 0.856539, -0.356539, 0.0, 0.2]"
CONTROL,50680494.18400005,"[-0.5, 0.241734, 0.858266, -0.358266, 0.0, 0.2]"
CONTROL,50700572.953999996,"[-0.5, 0.240034, 0.859966, -0.359966, 0.0, 0.2]"
CONTROL,50720652.492999986,"[-0.5, 0.23836, 0.86164, -0.36164, 0.0, 0.2]"
CONTROL,50740731.550999954,"[-0.5, 0.236714, 0.863286, -0.363286, 0.0, 0.2]"
CONTROL,50760811.24899997,"[-0.5, 0.235095, 0.864905, -0.364905, 0.0, 0.2]"
CONTROL,50780892.13199996,"[-0.5, 0.233506, 0.866494, -0.366494, 0.0, 0.2]"
CONTROL,50800971.86199998,"[-0.5, 0.231946, 0.868054, -0.368054, 0.0, 0.2]"
CONTROL,50821051.88100002,"[-0.5, 0.230416, 0.869584, -0.369584, 0.0, 0.2]"
CONTROL,50841132.41099999,"[-0.5, 0.228918, 0.871082, -0.371082, 0.0, 0.2]"
CONTROL,50861211.53299996,"[-0.5, 0.22745, 0.87255, -0.37255, 0.0, 0.2]"
CONTROL,50881291.35999998,"[-0.5, 0.226016, 0.873984, -0.373984, 0.0, 0.2]"
CONTROL,50901370.76999997,"[-0.5, 0.224614, 0.875386, -0.375386, 0.0, 0.2]"
CONTROL,50921448.35600004,"[-0.5, 0.223245, 0.876755, -0.376755, 0.0, 0.2]"
CONTROL,50941530.29500001,"[-0.5, 0.221911, 0.878089, -0.378089, 0.0, 0.2]"
CONTROL,50961611.145,"[-0.5, 0.220611, 0.879389, -0.379389, 0.0, 0.2]"
CONTROL,50981690.90800002,"[-0.5, 0.219347, 0.880653, -0.380653, 0.0, 0.2]"
CONTROL,51001767.374,"[-0.5, 0.218118, 0.881882, -0.381882, 0.0, 0.2]"
CONTROL,51021852.03199997,"[-0.5, 0.216926, 0.883074, -0.383074, 0.0, 0.2]"
CONTROL,51041929.235,"[-0.5, 0.215771, 0.884229, -0.384229, 0.0, 0.2]"
CONTROL,51062009.732999966,"[-0.5, 0.214653, 0.885347, -0.385347, 0.0, 0.2]"
CONTROL,51082089.623,"[-0.5, 0.213574, 0.886426, -0.386426, 0.0, 0.2]"
CONTROL,51102168.13800003,"[-0.5, 0.212532, 0.887468, -0.387468, 0.0, 0.2]"
CONTROL,51122247.42000001,"[-0.5, 0.21153, 0.88847, -0.38847, 0.0, 0.2]"
CONTROL,51142328.623000026,"[-0.5, 0.210567, 0.889433, -0.389433, 0.0, 0.2]"
CONTROL,51162407.745,"[-0.5, 0.209643, 0.890357, -0.390357, 0.0, 0.2]"
CONTROL,51182487.37900001,"[-0.5, 0.20876, 0.89124, -0.39124, 0.0, 0.2]"
CONTROL,51202567.11000002,"[-0.5, 0.207918, 0.892082, -0.392082, 0.0, 0.2]"
CONTROL,51222718.71400005,"[-0.5, 0.207116, 0.892884, -0.392884, 0.0, 0.2]"
CONTROL,51242800.621000014,"[-0.5, 0.206355, 0.893645, -0.393645, 0.0, 0.2]"
CONTROL,51262880.38300004,"[-0.5, 0.205637, 0.894363, -0.394363, 0.0, 0.2]"
CONTROL,51282959.02499997,"[-0.5, 0.20496, 0.89504, -0.39504, 0.0, 0.2]"
CONTROL,51303039.14000001,"[-0.5, 0.204325, 0.895675, -0.395675, 0.0, 0.2]"
CONTROL,51323118.32599998,"[-0.5, 0.203733, 0.896267, -0.396267, 0.0, 0.2]"
CONTROL,51343198.37600003,"[-0.5, 0.203184, 0.896816, -0.396816, 0.0, 0.2]"
CONTROL,51363277.210999966,"[-0.5, 0.202678, 0.897322, -0.397322, 0.0, 0.2]"
CONTROL,51383355.21299996,"[-0.5, 0.202215, 0.897785, -0.397785, 0.0, 0.2]"
CONTROL,51403439.42300001,"[-0.5, 0.201795, 0.898205, -0.398205, 0.0, 0.2]"
CONTROL,51423522.80199998,"[-0.5, 0.201419, 0.898581, -0.398581, 0.0, 0.2]"
CONTROL,51443601.38000002,"[-0.5, 0.201087, 0.898913, -0.398913, 0.0, 0.2]"
CONTROL,51463683.062999964,"[-0.5, 0.200799, 0.899201, -0.399201, 0.0, 0.2]"
CONTROL,51483761.961000025,"[-0.5, 0.200555, 0.899445, -0.399445, 0.0, 0.2]"
CONTROL,51503841.62700004,"[-0.5, 0.200355, 0.899645, -0.399645, 0.0, 0.2]"
CONTROL,51523945.26199999,"[-0.5, 0.2002, 0.8998, -0.3998, 0.0, 0.2]"
CONTROL,51544027.137000054,"[-0.5, 0.200089, 0.899911, -0.399911, 0.0, 0.2]"
CONTROL,51564107.02699998,"[-0.5, 0.200022, 0.899978, -0.399978, 0.0, 0.2]"
CONTROL,51584187.940999985,"[-0.5, 0.2, 0.9, -0.4, 0.0, 0.2]"
CONTROL,51604266.84000003,"[-0.5, 0.2, 0.9, -0.4, 0.0, 0.2]"
CONTROL,51624346.76199996,"[-0.5, 0.2, 0.9, -0.4, 0.0, 0.2]"
CONTROL,51644427.73999997,"[-0.5, 0.2, 0.9, -0.4, 0.0, 0.2]"
CONTROL,51664507.502999984,"[-0.5, 0.2, 0.9, -0.4, 0.0, 0.2]"
CONTROL,51684587.649000034,"[-0.5, 0.2, 0.9, -0.4, 0.0, 0.2]"
CONTROL,51704671.41200004,"[-0.5, 0.2, 0.9, -0.4, 0.0, 0.2]"
CONTROL,51724751.52599998,"[-0.5, 0.2, 0.9, -0.4, 0.0, 0.2]"
CONTROL,51744830.83999997,"[-0.5, 0.2, 0.9, -0.4, 0.0, 0.2]"
CONTROL,51764910.53899997,"[-0.5, 0.2, 0.9, -0.4, 0.0, 0.2]"
CONTROL,51784989.852999955,"[-0.5, 0.2, 0.9, -0.4, 0.0, 0.2]"
CONTROL,51805069.29499995,"[-0.5, 0.2, 0.9, -0.4, 0.0, 0.2]"
CONTROL,51825148.64200004,"[-0.5, 0.2, 0.9, -0.4, 0.0, 0.2]"
CONTROL,51845230.388000004,"[-0.5, 0.2, 0.9, -0.4, 0.0, 0.2]"
CONTROL,51865313.637999974,"[-0.5, 0.2, 0.9, -0.4, 0.0, 0.2]"
CONTROL,51885393.68900001,"[-0.5, 0.2, 0.9, -0.4, 0.0, 0.2]"
CONTROL,51905473.67500006,"[-0.5, 0.2, 0.9, -0.4, 0.0, 0.2]"
CONTROL,51925553.853,"[-0.5, 0.2, 0.9, -0.4, 0.0, 0.2]"
CONTROL,51945633.80800003,"[-0.5, 0.2, 0.9, -0.4, 0.0, 0.2]"
CONTROL,51965713.634000055,"[-0.5, 0.2, 0.9, -0.4, 0.0, 0.2]"
CONTROL,51985791.98799996,"[-0.5, 0.2, 0.9, -0.4, 0.0, 0.2]"
CONTROL,52005870.53499999,"[-0.5, 0.2, 0.9, -0.4, 0.0, 0.2]"
CONTROL,52025949.91299998,"[-0.5, 0.2, 0.9, -0.4, 0.0, 0.2]"
CONTROL,52046029.06699995,"[-0.5, 0.2, 0.9, -0.4, 0.0, 0.2]"
CONTROL,52066110.942000024,"[-0.5, 0.2, 0.9, -0.4, 0.0, 0.2]"
CONTROL,52086190.320000015,"[-0.5, 0.2, 0.9, -0.4, 0.0, 0.2]"
CONTROL,52106270.210000046,"[-0.5, 0.2, 0.9, -0.4, 0.0, 0.2]"
CONTROL,52126349.42900001,"[-0.5, 0.2, 0.9, -0.4, 0.0, 0.2]"
CONTROL,52146428.35899997,"[-0.5, 0.2, 0.9, -0.4, 0.0, 0.2]"
CONTROL,52166506.58499998,"[-0.5, 0.2, 0.9, -0.4, 0.0, 0.2]"
CONTROL,52186585.83599995,"[-0.5, 0.2, 0.9, -0.4, 0.0, 0.2]"
CONTROL,52206665.37399995,"[-0.5, 0.2, 0.9, -0.4, 0.0, 0.2]"
CONTROL,52226812.49799996,"[-0.5, 0.2, 0.9, -0.4, 0.0, 0.200277]"
CONTROL,52246893.15700004,"[-0.5, 0.2, 0.9, -0.4, 0.0, 0.201106]"
CONTROL,52266973.68700002,"[-0.5, 0.2, 0.9, -0.4, 0.0, 0.202488]"
CONTROL,52287052.84099999,"[-0.5, 0.2, 0.9, -0.4, 0.0, 0.204419]"
CONTROL,52307132.732000016,"[-0.5, 0.2, 0.9, -0.4, 0.0, 0.206896]"
CONTROL,52327212.11000001,"[-0.5, 0.2, 0.9, -0.4, 0.0, 0.209916]"
CONTROL,52347293.69599995,"[-0.5, 0.2, 0.9, -0.4, 0.0, 0.213473]"
CONTROL,52367373.36299995,"[-0.5, 0.2, 0.9, -0.4, 0.0, 0.217563]"
CONTROL,52387452.74100006,"[-0.5, 0.2, 0.9, -0.4, 0.0, 0.222178]"
CONTROL,52407532.438999966,"[-0.5, 0.2, 0.9, -0.4, 0.0, 0.227312]"
CONTROL,52427611.88099996,"[-0.5, 0.2, 0.9, -0.4, 0.0, 0.232956]"
CONTROL,52447692.89199996,"[-0.5, 0.2, 0.9, -0.4, 0.0, 0.239101]"
CONTROL,52467771.69400002,"[-0.5, 0.2, 0.9, -0.4, 0.0, 0.245738]"
CONTROL,52487851.16800002,"[-0.5, 0.2, 0.9, -0.4, 0.0, 0.252856]"
CONTROL,52507931.60299998,"[-0.5, 0.2, 0.9, -0.4, 0.0, 0.260444]"
CONTROL,52528012.00500005,"[-0.5, 0.2, 0.9, -0.4, 0.0, 0.268489]"
CONTROL,52548106.680000044,"[-0.5, 0.2, 0.9, -0.4, 0.0, 0.27698]"
CONTROL,52568190.76199997,"[-0.5, 0.2, 0.9, -0.4, 0.0, 0.285902]"
CONTROL,52588271.96499999,"[-0.5, 0.2, 0.9, -0.4, 0.0, 0.295242]"
CONTROL,52608352.17500005,"[-0.5, 0.2, 0.9, -0.4, 0.0, 0.304985]"
CONTROL,52628432.12899998,"[-0.5, 0.2, 0.9, -0.4, 0.0, 0.315116]"
CONTROL,52648513.588000014,"[-0.5, 0.2, 0.9, -0.4, 0.0, 0.325617]"
CONTROL,52668593.89399997,"[-0.5, 0.2, 0.9, -0.4, 0.0, 0.336474]"
CONTROL,52688673.88000001,"[-0.5, 0.2, 0.9, -0.4, 0.0, 0.347668]"
CONTROL,52708753.802000046,"[-0.5, 0.2, 0.9, -0.4, 0.0, 0.359182]"
CONTROL,52728831.997000046,"[-0.5, 0.2, 0.9, -0.4, 0.0, 0.370998]"
CONTROL,52748912.302999996,"[-0.5, 0.2, 0.9, -0.4, 0.0, 0.383096]"
CONTROL,52768992.41700005,"[-0.5, 0.2, 0.9, -0.4, 0.0, 0.395459]"
CONTROL,52789072.02000005,"[-0.5, 0.2, 0.9, -0.4, 0.0, 0.408066]"
CONTROL,52809151.334000036,"[-0.5, 0.2, 0.9, -0.4, 0.0, 0.420898]"
CONTROL,52829231.31999996,"[-0.5, 0.2, 0.9, -0.4, 0.0, 0.433933]"
CONTROL,52849312.36299997,"[-0.5, 0.2, 0.9, -0.4, 0.0, 0.447152]"
CONTROL,52869393.30899998,"[-0.5, 0.2, 0.9, -0.4, 0.0, 0.460534]"
CONTROL,52889473.42300003,"[-0.5, 0.2, 0.9, -0.4, 0.0, 0.474057]"
CONTROL,52909552.96100003,"[-0.5, 0.2, 0.9, -0.4, 0.0, 0.487701]"
CONTROL,52929632.78800005,"[-0.5, 0.2, 0.9, -0.4, 0.0, 0.501443]"
CONTROL,52949712.07000003,"[-0.5, 0.2, 0.9, -0.4, 0.0, 0.515261]"
CONTROL,52969790.45600005,"[-0.5, 0.2, 0.9, -0.4, 0.0, 0.529135]"
CONTROL,52989869.57900001,"[-0.5, 0.2, 0.9, -0.4, 0.0, 0.543041]"
CONTROL,53009949.14900002,"[-0.5, 0.2, 0.9, -0.4, 0.0, 0.556959]"
CONTROL,53030027.79099995,"[-0.5, 0.2, 0.9, -0.4, 0.0, 0.570865]"
CONTROL,53050105.18500001,"[-0.5, 0.2, 0.9, -0.4, 0.0, 0.584739]"
CONTROL,53070183.38,"[-0.5, 0.2, 0.9, -0.4, 0.0, 0.598557]"
CONTROL,53090262.46999997,"[-0.5, 0.2, 0.9, -0.4, 0.0, 0.612299]"
CONTROL,53110342.58400002,"[-0.5, 0.2, 0.9, -0.4, 0.0, 0.625943]"
CONTROL,53130421.54699997,"[-0.5, 0.2, 0.9, -0.4, 0.0, 0.639466]"
CONTROL,53150500.029,"[-0.5, 0.2, 0.9, -0.4, 0.0, 0.652848]"
CONTROL,53170580.49499997,"[-0.5, 0.2, 0.9, -0.4, 0.0, 0.666067]"
CONTROL,53190660.385,"[-0.5, 0.2, 0.9, -0.4, 0.0, 0.679102]"
CONTROL,53210740.62800005,"[-0.5, 0.2, 0.9, -0.4, 0.0, 0.691934]"
CONTROL,53230888.13599998,"[-0.5, 0.2, 0.9, -0.4, 0.0, 0.704541]"
CONTROL,53250966.810000025,"[-0.5, 0.2, 0.9, -0.4, 0.0, 0.716904]"
CONTROL,53271046.86100006,"[-0.5, 0.2, 0.9, -0.4, 0.0, 0.729002]"
CONTROL,53291125.599,"[-0.5, 0.2, 0.9, -0.4, 0.0, 0.740818]"
CONTROL,53311204.08100003,"[-0.5, 0.2, 0.9, -0.4, 0.0, 0.752332]"
CONTROL,53331284.19499996,"[-0.5, 0.2, 0.9, -0.4, 0.0, 0.763526]"
CONTROL,53351363.73399996,"[-0.5, 0.2, 0.9, -0.4, 0.0, 0.774383]"
CONTROL,53371442.82400004,"[-0.5, 0.2, 0.9, -0.4, 0.0, 0.784884]"
CONTROL,53391522.07400002,"[-0.5, 0.2, 0.9, -0.4, 0.0, 0.795015]"
CONTROL,53411599.81999999,"[-0.5, 0.2, 0.9, -0.4, 0.0, 0.804758]"
CONTROL,53431679.10299996,"[-0.5, 0.2, 0.9, -0.4, 0.0, 0.814098]"
CONTROL,53451758.41699995,"[-0.5, 0.2, 0.9, -0.4, 0.0, 0.82302]"
CONTROL,53471838.62700001,"[-0.5, 0.2, 0.9, -0.4, 0.0, 0.831511]"
CONTROL,53491918.19700002,"[-0.5, 0.2, 0.9, -0.4, 0.0, 0.839556]"
CONTROL,53511997.511999995,"[-0.5, 0.2, 0.9, -0.4, 0.0, 0.847144]"
CONTROL,53532076.18600004,"[-0.5, 0.2, 0.9, -0.4, 0.0, 0.854262]"
CONTROL,53552168.492999956,"[-0.5, 0.2, 0.9, -0.4, 0.0, 0.860899]"
CONTROL,53572264.47899996,"[-0.5, 0.2, 0.9, -0.4, 0.0, 0.867044]"
CONTROL,53592342.578000054,"[-0.5, 0.2, 0.9, -0.4, 0.0, 0.872688]"
CONTROL,53612422.53199998,"[-0.5, 0.2, 0.9, -0.4, 0.0, 0.877822]"
CONTROL,53632503.47799999,"[-0.5, 0.2, 0.9, -0.4, 0.0, 0.882437]"
CONTROL,53652582.695999965,"[-0.5, 0.2, 0.9, -0.4, 0.0, 0.886527]"
CONTROL,53672661.49900001,"[-0.5, 0.2, 0.9, -0.4, 0.0, 0.890084]"
CONTROL,53692741.48500006,"[-0.5, 0.2, 0.9, -0.4, 0.0, 0.893104]"
CONTROL,53712821.727000006,"[-0.5, 0.2, 0.9, -0.4, 0.0, 0.895581]"
CONTROL,53732902.12899997,"[-0.5, 0.2, 0.9, -0.4, 0.0, 0.897512]"
CONTROL,53752982.34000002,"[-0.5, 0.2, 0.9, -0.4, 0.0, 0.898894]"
CONTROL,53773061.52599999,"[-0.5, 0.2, 0.9, -0.4, 0.0, 0.899723]"
CONTROL,53793152.553000025,"[-0.5, 0.2, 0.9, -0.4, 0.0, 0.9]"
CONTROL,53813231.194999956,"[-0.5, 0.2, 0.9, -0.4, 0.0, 0.9]"
CONTROL,53833311.181,"[-0.5, 0.2, 0.9, -0.4, 0.0, 0.9]"
CONTROL,53853390.622999996,"[-0.5, 0.2, 0.9, -0.4, 0.0, 0.9]"
CONTROL,53873470.16199999,"[-0.5, 0.2, 0.9, -0.4, 0.0, 0.9]"
CONTROL,53893548.19599998,"[-0.5, 0.2, 0.9, -0.4, 0.0, 0.9]"
CONTROL,53913626.64600001,"[-0.5, 0.2, 0.9, -0.4, 0.0, 0.9]"
CONTROL,53933705.73599998,"[-0.5, 0.2, 0.9, -0.4, 0.0, 0.9]"
CONTROL,53953786.55499996,"[-0.5, 0.2, 0.9, -0.4, 0.0, 0.9]"
CONTROL,53973864.58899996,"[-0.5, 0.2, 0.9, -0.4, 0.0, 0.9]"
CONTROL,53993944.79900002,"[-0.5, 0.2, 0.9, -0.4, 0.0, 0.9]"
CONTROL,54014025.55300001,"[-0.5, 0.2, 0.9, -0.4, 0.0, 0.9]"
CONTROL,54034104.611999966,"[-0.5, 0.2, 0.9, -0.4, 0.0, 0.9]"
CONTROL,54054182.869999975,"[-0.5, 0.2, 0.9, -0.4, 0.0, 0.9]"
CONTROL,54074259.88,"[-0.5, 0.2, 0.9, -0.4, 0.0, 0.9]"
CONTROL,54094339.45000001,"[-0.5, 0.2, 0.9, -0.4, 0.0, 0.9]"
CONTROL,54114418.22100005,"[-0.5, 0.2, 0.9, -0.4, 0.0, 0.9]"
CONTROL,54134496.79899997,"[-0.5, 0.2, 0.9, -0.4, 0.0, 0.9]"
CONTROL,54154576.46499999,"[-0.5, 0.2, 0.9, -0.4, 0.0, 0.9]"
CONTROL,54174656.16300001,"[-0.5, 0.2, 0.9, -0.4, 0.0, 0.9]"
CONTROL,54194735.67,"[-0.5, 0.2, 0.9, -0.4, 0.0, 0.9]"
CONTROL,54214816.263999976,"[-0.5, 0.2, 0.9, -0.4, 0.0, 0.9]"
CONTROL,54234968.124000035,"[-0.5, 0.2, 0.9, -0.4, 0.0, 0.9]"
CONTROL,54255047.95100005,"[-0.5, 0.2, 0.9, -0.4, 0.0, 0.9]"
CONTROL,54275144.06499995,"[-0.5, 0.2, 0.9, -0.4, 0.0, 0.9]"
CONTROL,54295222.867000006,"[-0.5, 0.2, 0.9, -0.4, 0.0, 0.9]"
CONTROL,54315301.76600006,"[-0.5, 0.2, 0.9, -0.4, 0.0, 0.9]"
CONTROL,54335380.215999976,"[-0.5, 0.2, 0.9, -0.4, 0.0, 0.9]"
CONTROL,54355459.17800005,"[-0.5, 0.2, 0.9, -0.4, 0.0, 0.9]"
CONTROL,54375538.78000005,"[-0.5, 0.2, 0.9, -0.4, 0.0, 0.9]"
CONTROL,54395617.64699999,"[-0.5, 0.2, 0.9, -0.4, 0.0, 0.9]"
CONTROL,54415697.34500001,"[-0.5, 0.2, 0.9, -0.4, 0.0, 0.9]"
CONTROL,54435776.94700002,"[-0.5, 0.200022, 0.899978, -0.399978, 0.0, 0.9]"
CONTROL,54455858.14900005,"[-0.5, 0.200089, 0.899911, -0.399911, 0.0, 0.9]"
CONTROL,54475938.23199998,"[-0.5, 0.2002, 0.8998, -0.3998, 0.0, 0.9]"
CONTROL,54496019.14599998,"[-0.5, 0.200355, 0.899645, -0.399645, 0.0, 0.9]"
CONTROL,54516098.71599999,"[-0.5, 0.200555, 0.899445, -0.399445, 0.0, 0.9]"
CONTROL,54536177.10200001,"[-0.5, 0.200799, 0.899201, -0.399201, 0.0, 0.9]"
CONTROL,54556257.40899996,"[-0.5, 0.201087, 0.898913, -0.398913, 0.0, 0.9]"
CONTROL,54576337.138999976,"[-0.5, 0.201419, 0.898581, -0.398581, 0.0, 0.9]"
CONTROL,54596436.67800003,"[-0.5, 0.201795, 0.898205, -0.398205, 0.0, 0.9]"
CONTROL,54616516.88799998,"[-0.5, 0.202215, 0.897785, -0.397785, 0.0, 0.9]"
CONTROL,54636601.64199996,"[-0.5, 0.202678, 0.897322, -0.397322, 0.0, 0.9]"
CONTROL,54656681.72400001,"[-0.5, 0.203184, 0.896816, -0.396816, 0.0, 0.9]"
CONTROL,54676762.03099995,"[-0.5, 0.203733, 0.896267, -0.396267, 0.0, 0.9]"
CONTROL,54696847.617000006,"[-0.5, 0.204325, 0.895675, -0.395675, 0.0, 0.9]"
CONTROL,54716927.15500001,"[-0.5, 0.20496, 0.89504, -0.39504, 0.0, 0.9]"
CONTROL,54737008.64600005,"[-0.5, 0.205637, 0.894363, -0.394363, 0.0, 0.9]"
CONTROL,54757088.727999985,"[-0.5, 0.206355, 0.893645, -0.393645, 0.0, 0.9]"
CONTROL,54777169.06600006,"[-0.5, 0.207116, 0.892884, -0.392884, 0.0, 0.9]"
CONTROL,54797252.06,"[-0.5, 0.207918, 0.892082, -0.392082, 0.0, 0.9]"
CONTROL,54817328.943,"[-0.5, 0.20876, 0.89124, -0.39124, 0.0, 0.9]"
CONTROL,54837409.697,"[-0.5, 0.209643, 0.890357, -0.390357, 0.0, 0.9]"
CONTROL,54857489.33100001,"[-0.5, 0.210567, 0.889433, -0.389433, 0.0, 0.9]"
CONTROL,54877568.19699996,"[-0.5, 0.21153, 0.88847, -0.38847, 0.0, 0.9]"
CONTROL,54897649.33599997,"[-0.5, 0.212532, 0.887468, -0.387468, 0.0, 0.9]"
CONTROL,54917730.89000003,"[-0.5, 0.213574, 0.886426, -0.386426, 0.0, 0.9]"
CONTROL,54937811.03599997,"[-0.5, 0.214653, 0.885347, -0.385347, 0.0, 0.9]"
CONTROL,54957891.917999975,"[-0.5, 0.215771, 0.884229, -0.384229, 0.0, 0.9]"
CONTROL,54977971.041000046,"[-0.5, 0.216926, 0.883074, -0.383074, 0.0, 0.9]"
CONTROL,54998049.81099999,"[-0.5, 0.218118, 0.881882, -0.381882, 0.0, 0.9]"
CONTROL,55018129.669000015,"[-0.5, 0.219347, 0.880653, -0.380653, 0.0, 0.9]"
CONTROL,55038210.295,"[-0.5, 0.220611, 0.879389, -0.379389, 0.0, 0.9]"
CONTROL,55058291.242,"[-0.5, 0.221911, 0.878089, -0.378089, 0.0, 0.9]"
CONTROL,55078370.81200001,"[-0.5, 0.223245, 0.876755, -0.376755, 0.0, 0.9]"
CONTROL,55098446.79800005,"[-0.5, 0.224614, 0.875386, -0.375386, 0.0, 0.9]"
CONTROL,55118526.01600003,"[-0.5, 0.226016, 0.873984, -0.373984, 0.0, 0.9]"
CONTROL,55138607.697999984,"[-0.5, 0.22745, 0.87255, -0.37255, 0.0, 0.9]"
CONTROL,55158687.39699999,"[-0.5, 0.228918, 0.871082, -0.371082, 0.0, 0.9]"
CONTROL,55178765.591,"[-0.5, 0.230416, 0.869584, -0.369584, 0.0, 0.9]"
CONTROL,55198843.88100002,"[-0.5, 0.231946, 0.868054, -0.368054, 0.0, 0.9]"
CONTROL,55218922.491000056,"[-0.5, 0.233506, 0.866494, -0.366494, 0.0, 0.9]"
CONTROL,55239073.07100001,"[-0.5, 0.235095, 0.864905, -0.364905, 0.0, 0.9]"
CONTROL,55259150.21000003,"[-0.5, 0.236714, 0.863286, -0.363286, 0.0, 0.9]"
CONTROL,55279230.131999955,"[-0.5, 0.23836, 0.86164, -0.36164, 0.0, 0.9]"
CONTROL,55299308.806,"[-0.5, 0.240034, 0.859966, -0.359966, 0.0, 0.9]"
CONTROL,55319386.74399999,"[-0.5, 0.241734, 0.858266, -0.358266, 0.0, 0.9]"
CONTROL,55339464.96999999,"[-0.5, 0.243461, 0.856539, -0.356539, 0.0, 0.9]"
CONTROL,55359544.31699997,"[-0.5, 0.245212, 0.854788, -0.354788, 0.0, 0.9]"
CONTROL,55379624.30300001,"[-0.5, 0.246988, 0.853012, -0.353012, 0.0, 0.9]"
CONTROL,55399702.62500003,"[-0.5, 0.248788, 0.851212, -0.351212, 0.0, 0.9]"
CONTROL,55419782.25900004,"[-0.5, 0.25061, 0.84939, -0.34939, 0.0, 0.9]"
CONTROL,55439862.94900003,"[-0.5, 0.252454, 0.847546, -0.347546, 0.0, 0.9]"
CONTROL,55459942.45600002,"[-0.5, 0.254319, 0.845681, -0.345681, 0.0, 0.9]"
CONTROL,55480021.706,"[-0.5, 0.256205, 0.843795, -0.343795, 0.0, 0.9]"
CONTROL,55500101.88400006,"[-0.5, 0.25811, 0.84189, -0.34189, 0.0, 0.9]"
CONTROL,55520183.85400004,"[-0.5, 0.260034, 0.839966, -0.339966, 0.0, 0.9]"
CONTROL,55540263.200000025,"[-0.5, 0.261975, 0.838025, -0.338025, 0.0, 0.9]"
CONTROL,55560344.051000014,"[-0.5, 0.263934, 0.836066, -0.336066, 0.0, 0.9]"
CONTROL,55580423.14099998,"[-0.5, 0.265908, 0.834092, -0.334092, 0.0, 0.9]"
CONTROL,55600502.007000044,"[-0.5, 0.267898, 0.832102, -0.332102, 0.0, 0.9]"
CONTROL,55620590.12099996,"[-0.5, 0.269901, 0.830099, -0.330099, 0.0, 0.9]"
CONTROL,55640666.68400005,"[-0.5, 0.271919, 0.828081, -0.328081, 0.0, 0.9]"
CONTROL,55660746.60599998,"[-0.5, 0.273948, 0.826052, -0.326052, 0.0, 0.9]"
CONTROL,55680827.93600001,"[-0.5, 0.27599, 0.82401, -0.32401, 0.0, 0.9]"
CONTROL,55700908.04999995,"[-0.5, 0.278042, 0.821958, -0.321958, 0.0, 0.9]"
CONTROL,55720987.14000003,"[-0.5, 0.280103, 0.819897, -0.319897, 0.0, 0.9]"
CONTROL,55741067.41499998,"[-0.5, 0.282174, 0.817826, -0.317826, 0.0, 0.9]"
CONTROL,55761147.657000035,"[-0.5, 0.284252, 0.815748, -0.315748, 0.0, 0.9]"
CONTROL,55781228.73100006,"[-0.5, 0.286338, 0.813662, -0.313662, 0.0, 0.9]"
CONTROL,55801308.33299995,"[-0.5, 0.288429, 0.811571, -0.311571, 0.0, 0.9]"
CONTROL,55821387.96699996,"[-0.5, 0.290526, 0.809474, -0.309474, 0.0, 0.9]"
CONTROL,55841467.66599997,"[-0.5, 0.292627, 0.807373, -0.307373, 0.0, 0.9]"
CONTROL,55861549.38000004,"[-0.5, 0.294731, 0.805269, -0.305269, 0.0, 0.9]"
CONTROL,55881630.294000044,"[-0.5, 0.296838, 0.803162, -0.303162, 0.0, 0.9]"
CONTROL,55901710.920000024,"[-0.5, 0.298946, 0.801054, -0.301054, 0.0, 0.9]"
CONTROL,55921791.77100002,"[-0.5, 0.301054, 0.798946, -0.298946, 0.0, 0.9]"
CONTROL,55941871.50100004,"[-0.5, 0.303162, 0.796838, -0.296838, 0.0, 0.9]"
CONTROL,55961952.28700003,"[-0.5, 0.305269, 0.794731, -0.294731, 0.0, 0.9]"
CONTROL,55982034.096999995,"[-0.5, 0.307373, 0.792627, -0.292627, 0.0, 0.9]"
CONTROL,56002113.02699995,"[-0.5, 0.309474, 0.790526, -0.290526, 0.0, 0.9]"
CONTROL,56022192.534000054,"[-0.5, 0.311571, 0.788429, -0.288429, 0.0, 0.9]"
CONTROL,56042273.76799997,"[-0.5, 0.313662, 0.786338, -0.286338, 0.0, 0.9]"
CONTROL,56062353.04999996,"[-0.5, 0.315748, 0.784252, -0.284252, 0.0, 0.9]"
CONTROL,56082433.93199996,"[-0.5, 0.317826, 0.782174, -0.282174, 0.0, 0.9]"
CONTROL,56102513.15100004,"[-0.5, 0.319897, 0.780103, -0.280103, 0.0, 0.9]"
CONTROL,56122590.35299996,"[-0.5, 0.321958, 0.778042, -0.278042, 0.0, 0.9]"
CONTROL,56142671.939000025,"[-0.5, 0.32401, 0.77599, -0.27599, 0.0, 0.9]"
CONTROL,56162752.66100001,"[-0.5, 0.326052, 0.773948, -0.273948, 0.0, 0.9]"
CONTROL,56182833.511000015,"[-0.5, 0.328081, 0.771919, -0.271919, 0.0, 0.9]"
CONTROL,56202914.33,"[-0.5, 0.330099, 0.769901, -0.269901, 0.0, 0.9]"
CONTROL,56222997.036000036,"[-0.5, 0.332102, 0.767898, -0.267898, 0.0, 0.9]"
CONTROL,56243146.62400002,"[-0.5, 0.334092, 0.765908, -0.265908, 0.0, 0.9]"
CONTROL,56263221.48999998,"[-0.5, 0.336066, 0.763934, -0.263934, 0.0, 0.9]"
CONTROL,56283303.555999964,"[-0.5, 0.338025, 0.761975, -0.261975, 0.0, 0.9]"
CONTROL,56303383.543,"[-0.5, 0.339966, 0.760034, -0.260034, 0.0, 0.9]"
CONTROL,56323462.85699998,"[-0.5, 0.34189, 0.75811, -0.25811, 0.0, 0.9]"
CONTROL,56343542.71500001,"[-0.5, 0.343795, 0.756205, -0.256205, 0.0, 0.9]"
CONTROL,56363621.996999994,"[-0.5, 0.345681, 0.754319, -0.254319, 0.0, 0.9]"
CONTROL,56383701.503,"[-0.5, 0.347546, 0.752454, -0.252454, 0.0, 0.9]"
CONTROL,56403780.177000046,"[-0.5, 0.34939, 0.75061, -0.25061, 0.0, 0.9]"
CONTROL,56423862.08400001,"[-0.5, 0.351212, 0.748788, -0.248788, 0.0, 0.9]"
CONTROL,56443946.10200004,"[-0.5, 0.353012, 0.746988, -0.246988, 0.0, 0.9]"
CONTROL,56464024.04000003,"[-0.5, 0.354788, 0.745212, -0.245212, 0.0, 0.9]"
CONTROL,56484101.88200001,"[-0.5, 0.356539, 0.743461, -0.243461, 0.0, 0.9]"
CONTROL,56504181.58000002,"[-0.5, 0.358266, 0.741734, -0.241734, 0.0, 0.9]"
CONTROL,56524261.08700001,"[-0.5, 0.359966, 0.740034, -0.240034, 0.0, 0.9]"
CONTROL,56544341.20099995,"[-0.5, 0.36164, 0.73836, -0.23836, 0.0, 0.9]"
CONTROL,56564420.77099996,"[-0.5, 0.363286, 0.736714, -0.236714, 0.0, 0.9]"
CONTROL,56584504.43699996,"[-0.5, 0.364905, 0.735095, -0.235095, 0.0, 0.9]"
CONTROL,56604584.58300002,"[-0.5, 0.366494, 0.733506, -0.233506, 0.0, 0.9]"
CONTROL,56624668.250000015,"[-0.5, 0.368054, 0.731946, -0.231946, 0.0, 0.9]"
CONTROL,56644749.80399996,"[-0.5, 0.369584, 0.730416, -0.230416, 0.0, 0.9]"
CONTROL,56664829.854,"[-0.5, 0.371082, 0.728918, -0.228918, 0.0, 0.9]"
CONTROL,56684910.06399995,"[-0.5, 0.37255, 0.72745, -0.22745, 0.0, 0.9]"
CONTROL,56704990.69000004,"[-0.5, 0.373984, 0.726016, -0.226016, 0.0, 0.9]"
CONTROL,56725071.092999995,"[-0.5, 0.375386, 0.724614, -0.224614, 0.0, 0.9]"
CONTROL,56745153.190999985,"[-0.5, 0.376755, 0.723245, -0.223245, 0.0, 0.9]"
CONTROL,56765232.18500006,"[-0.5, 0.378089, 0.721911, -0.221911, 0.0, 0.9]"
CONTROL,56785312.298999995,"[-0.5, 0.379389, 0.720611, -0.220611, 0.0, 0.9]"
CONTROL,56805397.341000006,"[-0.5, 0.380653, 0.719347, -0.219347, 0.0, 0.9]"
CONTROL,56825476.463999964,"[-0.5, 0.381882, 0.718118, -0.218118, 0.0, 0.9]"
CONTROL,56845556.25799999,"[-0.5, 0.383074, 0.716926, -0.216926, 0.0, 0.9]"
CONTROL,56865635.475999966,"[-0.5, 0.384229, 0.715771, -0.215771, 0.0, 0.9]"
CONTROL,56885714.34200003,"[-0.5, 0.385347, 0.714653, -0.214653, 0.0, 0.9]"
CONTROL,56905793.271999985,"[-0.5, 0.386426, 0.713574, -0.213574, 0.0, 0.9]"
CONTROL,56925876.93899998,"[-0.5, 0.387468, 0.712532, -0.212532, 0.0, 0.9]"
CONTROL,56945957.948999986,"[-0.5, 0.38847, 0.71153, -0.21153, 0.0, 0.9]"
CONTROL,56966037.45499999,"[-0.5, 0.389433, 0.710567, -0.210567, 0.0, 0.9]"
CONTROL,56986116.86499999,"[-0.5, 0.390357, 0.709643, -0.209643, 0.0, 0.9]"
CONTROL,57006197.39499996,"[-0.5, 0.39124, 0.70876, -0.20876, 0.0, 0.9]"
CONTROL,57026276.90099996,"[-0.5, 0.392082, 0.707918, -0.207918, 0.0, 0.9]"
CONTROL,57046355.286999986,"[-0.5, 0.392884, 0.707116, -0.207116, 0.0, 0.9]"
CONTROL,57066438.18600003,"[-0.5, 0.393645, 0.706355, -0.206355, 0.0, 0.9]"
CONTROL,57086518.331999965,"[-0.5, 0.394363, 0.705637, -0.205637, 0.0, 0.9]"
CONTROL,57106597.83799997,"[-0.5, 0.39504, 0.70496, -0.20496, 0.0, 0.9]"
CONTROL,57126676.70400003,"[-0.5, 0.395675, 0.704325, -0.204325, 0.0, 0.9]"
CONTROL,57146770.70699997,"[-0.5, 0.396267, 0.703733, -0.203733, 0.0, 0.9]"
CONTROL,57166849.413000025,"[-0.5, 0.396816, 0.703184, -0.203184, 0.0, 0.9]"
CONTROL,57186928.98300003,"[-0.5, 0.397322, 0.702678, -0.202678, 0.0, 0.9]"
CONTROL,57207009.64100001,"[-0.5, 0.397785, 0.702215, -0.202215, 0.0, 0.9]"
CONTROL,57227090.01099997,"[-0.5, 0.398205, 0.701795, -0.201795, 0.0, 0.9]"
CONTROL,57247236.33600002,"[-0.5, 0.398581, 0.701419, -0.201419, 0.0, 0.9]"
CONTROL,57267316.06600004,"[-0.5, 0.398913, 0.701087, -0.201087, 0.0, 0.9]"
CONTROL,57287394.96399999,"[-0.5, 0.399201, 0.700799, -0.200799, 0.0, 0.9]"
CONTROL,57307473.95800006,"[-0.5, 0.399445, 0.700555, -0.200555, 0.0, 0.9]"
CONTROL,57327552.31199997,"[-0.5, 0.399645, 0.700355, -0.200355, 0.0, 0.9]"
CONTROL,57347630.53799997,"[-0.5, 0.3998, 0.7002, -0.2002, 0.0, 0.9]"
CONTROL,57367710.36400001,"[-0.5, 0.399911, 0.700089, -0.200089, 0.0, 0.9]"
CONTROL,57387789.23100006,"[-0.5, 0.399978, 0.700022, -0.200022, 0.0, 0.9]"
CONTROL,57407867.20100004,"[-0.5, 0.4, 0.7, -0.2, 0.0, 0.9]"
CONTROL,57427945.84299997,"[-0.5, 0.4, 0.7, -0.2, 0.0, 0.9]"
CONTROL,57448025.47699999,"[-0.499938, 0.399994, 0.700006, -0.200006, 0.0, 0.9]"
CONTROL,57468106.29499999,"[-0.499751, 0.399975, 0.700025, -0.200025, 0.0, 0.9]"
CONTROL,57488187.11299998,"[-0.499439, 0.399944, 0.700056, -0.200056, 0.0, 0.9]"
CONTROL,57508267.70699996,"[-0.499003, 0.3999, 0.7001, -0.2001, 0.0, 0.9]"
CONTROL,57528346.79700004,"[-0.498443, 0.399844, 0.700156, -0.200156, 0.0, 0.9]"
CONTROL,57548427.00799998,"[-0.497759, 0.399776, 0.700224, -0.200224, 0.0, 0.9]"
CONTROL,57568511.218000025,"[-0.49695, 0.399695, 0.700305, -0.200305, 0.0, 0.9]"
CONTROL,57588590.660000026,"[-0.496018, 0.399602, 0.700398, -0.200398, 0.0, 0.9]"
CONTROL,57608669.52599997,"[-0.494962, 0.399496, 0.700504, -0.200504, 0.0, 0.9]"
CONTROL,57628748.99999997,"[-0.493782, 0.399378, 0.700622, -0.200622, 0.0, 0.9]"
CONTROL,57648828.24999995,"[-0.49248, 0.399248, 0.700752, -0.200752, 0.0, 0.9]"
CONTROL,57668911.501000024,"[-0.491055, 0.399105, 0.700895, -0.200895, 0.0, 0.9]"
CONTROL,57688991.45499995,"[-0.489507, 0.398951, 0.701049, -0.201049, 0.0, 0.9]"
CONTROL,57709071.024999954,"[-0.487838, 0.398784, 0.701216, -0.201216, 0.0, 0.9]"
CONTROL,57729149.76300001,"[-0.486046, 0.398605, 0.701395, -0.201395, 0.0, 0.9]"
CONTROL,57749228.980999984,"[-0.484134, 0.398413, 0.701587, -0.201587, 0.0, 0.9]"
CONTROL,57769308.71100001,"[-0.482101, 0.39821, 0.70179, -0.20179, 0.0, 0.9]"
CONTROL,57789388.21700001,"[-0.479948, 0.397995, 0.702005, -0.202005, 0.0, 0.9]"
CONTROL,57809466.69900004,"[-0.477675, 0.397768, 0.702232, -0.202232, 0.0, 0.9]"
CONTROL,57829547.58200003,"[-0.475284, 0.397528, 0.702472, -0.202472, 0.0, 0.9]"
CONTROL,57849627.855999984,"[-0.472774, 0.397277, 0.702723, -0.202723, 0.0, 0.9]"
CONTROL,57869707.07399996,"[-0.470146, 0.397015, 0.702985, -0.202985, 0.0, 0.9]"
CONTROL,57889787.859999955,"[-0.4674, 0.39674, 0.70326, -0.20326, 0.0, 0.9]"
CONTROL,57909867.174000055,"[-0.464539, 0.396454, 0.703546, -0.203546, 0.0, 0.9]"
CONTROL,57929947.32,"[-0.461561, 0.396156, 0.703844, -0.203844, 0.0, 0.9]"
CONTROL,57950027.913999975,"[-0.458469, 0.395847, 0.704153, -0.204153, 0.0, 0.9]"
CONTROL,57970106.26899999,"[-0.455262, 0.395526, 0.704474, -0.204474, 0.0, 0.9]"
CONTROL,57990188.49499998,"[-0.451942, 0.395194, 0.704806, -0.204806, 0.0, 0.9]"
CONTROL,58010267.137000024,"[-0.448509, 0.394851, 0.705149, -0.205149, 0.0, 0.9]"
CONTROL,58030346.258999996,"[-0.444964, 0.394496, 0.705504, -0.205504, 0.0, 0.9]"
CONTROL,58050424.581000015,"[-0.441309, 0.394131, 0.705869, -0.205869, 0.0, 0.9]"
CONTROL,58070502.74300002,"[-0.437544, 0.393754, 0.706246, -0.206246, 0.0, 0.9]"
CONTROL,58090582.377000034,"[-0.433669, 0.393367, 0.706633, -0.206633, 0.0, 0.9]"
CONTROL,58110660.98699996,"[-0.429686, 0.392969, 0.707031, -0.207031, 0.0, 0.9]"
CONTROL,58130739.469999984,"[-0.425597, 0.39256, 0.70744, -0.20744, 0.0, 0.9]"
CONTROL,58150814.207000054,"[-0.421401, 0.39214, 0.70786, -0.20786, 0.0, 0.9]"
CONTROL,58170890.67400002,"[-0.4171, 0.39171, 0.70829, -0.20829, 0.0, 0.9]"
CONTROL,58190971.62000003,"[-0.412695, 0.39127, 0.70873, -0.20873, 0.0, 0.9]"
CONTROL,58211055.25400003,"[-0.408188, 0.390819, 0.709181, -0.209181, 0.0, 0.9]"
CONTROL,58231133.863999955,"[-0.403579, 0.390358, 0.709642, -0.209642, 0.0, 0.9]"
CONTROL,58251277.21199999,"[-0.398869, 0.389887, 0.710113, -0.210113, 0.0, 0.9]"
CONTROL,58271356.52599998,"[-0.394059, 0.389406, 0.710594, -0.210594, 0.0, 0.9]"
CONTROL,58291435.96799997,"[-0.389152, 0.388915, 0.711085, -0.211085, 0.0, 0.9]"
CONTROL,58311516.14600003,"[-0.384147, 0.388415, 0.711585, -0.211585, 0.0, 0.9]"
CONTROL,58331595.49300001,"[-0.379047, 0.387905, 0.712095, -0.212095, 0.0, 0.9]"
CONTROL,58351674.007000044,"[-0.373852, 0.387385, 0.712615, -0.212615, 0.0, 0.9]"
CONTROL,58371753.960999966,"[-0.368565, 0.386856, 0.713144, -0.213144, 0.0, 0.9]"
CONTROL,58391834.523000054,"[-0.363185, 0.386318, 0.713682, -0.213682, 0.0, 0.9]"
CONTROL,58411919.501000054,"[-0.357715, 0.385771, 0.714229, -0.214229, 0.0, 0.9]"
CONTROL,58431998.335,"[-0.352155, 0.385216, 0.714784, -0.214784, 0.0, 0.9]"
CONTROL,58452077.360999964,"[-0.346508, 0.384651, 0.715349, -0.215349, 0.0, 0.9]"
CONTROL,58472156.70699995,"[-0.340775, 0.384077, 0.715923, -0.215923, 0.0, 0.9]"
CONTROL,58492236.18099995,"[-0.334956, 0.383496, 0.716504, -0.216504, 0.0, 0.9]"
CONTROL,58512316.071999975,"[-0.329054, 0.382905, 0.717095, -0.217095, 0.0, 0.9]"
CONTROL,58532395.48199997,"[-0.32307, 0.382307, 0.717693, -0.217693, 0.0, 0.9]"
CONTROL,58552475.756000035,"[-0.317006, 0.381701, 0.718299, -0.218299, 0.0, 0.9]"
CONTROL,58572555.19800003,"[-0.310862, 0.381086, 0.718914, -0.218914, 0.0, 0.9]"
CONTROL,58592634.48000001,"[-0.304642, 0.380464, 0.719536, -0.219536, 0.0, 0.9]"
CONTROL,58612713.249999955,"[-0.298345, 0.379834, 0.720166, -0.220166, 0.0, 0.9]"
CONTROL,58632792.883999966,"[-0.291974, 0.379197, 0.720803, -0.220803, 0.0, 0.9]"
CONTROL,58652872.83800001,"[-0.28553, 0.378553, 0.721447, -0.221447, 0.0, 0.9]"
CONTROL,58672953.17599996,"[-0.279014, 0.377901, 0.722099, -0.222099, 0.0, 0.9]"
CONTROL,58693034.82700002,"[-0.27243, 0.377243, 0.722757, -0.222757, 0.0, 0.9]"
CONTROL,58713115.10099997,"[-0.265777, 0.376578, 0.723422, -0.223422, 0.0, 0.9]"
CONTROL,58733194.44699996,"[-0.259059, 0.375906, 0.724094, -0.224094, 0.0, 0.9]"
CONTROL,58753273.76100006,"[-0.252275, 0.375228, 0.724772, -0.224772, 0.0, 0.9]"
CONTROL,58773353.68299998,"[-0.245429, 0.374543, 0.725457, -0.225457, 0.0, 0.9]"
CONTROL,58793433.60500002,"[-0.238522, 0.373852, 0.726148, -0.226148, 0.0, 0.9]"
CONTROL,58813512.24700006,"[-0.231555, 0.373155, 0.726845, -0.226845, 0.0, 0.9]"
CONTROL,58833591.97699997,"[-0.22453, 0.372453, 0.727547, -0.227547, 0.0, 0.9]"
CONTROL,58853671.163000055,"[-0.21745, 0.371745, 0.728255, -0.228255, 0.0, 0.9]"
CONTROL,58873750.92499997,"[-0.210315, 0.371032, 0.728968, -0.228968, 0.0, 0.9]"
CONTROL,58893830.65599998,"[-0.203128, 0.370313, 0.729687, -0.229687, 0.0, 0.9]"
CONTROL,58913907.02600006,"[-0.19589, 0.369589, 0.730411, -0.230411, 0.0, 0.9]"
CONTROL,58933989.475999966,"[-0.188604, 0.36886, 0.73114, -0.23114, 0.0, 0.9]"
CONTROL,58954069.43000001,"[-0.18127, 0.368127, 0.731873, -0.231873, 0.0, 0.9]"
CONTROL,58974148.008000046,"[-0.173891, 0.367389, 0.732611, -0.232611, 0.0, 0.9]"
CONTROL,58994227.54600005,"[-0.166469, 0.366647, 0.733353, -0.233353, 0.0, 0.9]"
CONTROL,59014307.24399995,"[-0.159006, 0.365901, 0.734099, -0.234099, 0.0, 0.9]"
CONTROL,59034386.07800001,"[-0.151503, 0.36515, 0.73485, -0.23485, 0.0, 0.9]"
CONTROL,59054470.06400004,"[-0.143962, 0.364396, 0.735604, -0.235604, 0.0, 0.9]"
CONTROL,59074550.14699997,"[-0.136385, 0.363638, 0.736362, -0.236362, 0.0, 0.9]"
CONTROL,59094628.24499997,"[-0.128774, 0.362877, 0.737123, -0.237123, 0.0, 0.9]"
CONTROL,59114707.814999975,"[-0.121131, 0.362113, 0.737887, -0.237887, 0.0, 0.9]"
CONTROL,59134786.93700006,"[-0.113458, 0.361346, 0.738654, -0.238654, 0.0, 0.9]"
CONTROL,59154867.339000024,"[-0.105757, 0.360576, 0.739424, -0.239424, 0.0, 0.9]"
CONTROL,59174945.69300004,"[-0.098029, 0.359803, 0.740197, -0.240197, 0.0, 0.9]"
CONTROL,59195021.999000005,"[-0.090277, 0.359028, 0.740972, -0.240972, 0.0, 0.9]"
CONTROL,59215100.19300001,"[-0.082502, 0.35825, 0.74175, -0.24175, 0.0, 0.9]"
CONTROL,59235182.611000024,"[-0.074707, 0.357471, 0.742529, -0.242529, 0.0, 0.9]"
CONTROL,59255330.34299997,"[-0.066893, 0.356689, 0.743311, -0.243311, 0.0, 0.9]"
CONTROL,59275409.78499997,"[-0.059063, 0.355906, 0.744094, -0.244094, 0.0, 0.9]"
CONTROL,59295488.13899998,"[-0.051217, 0.355122, 0.744878, -0.244878, 0.0, 0.9]"
CONTROL,59315568.12600002,"[-0.043359, 0.354336, 0.745664, -0.245664, 0.0, 0.9]"
CONTROL,59335649.360000044,"[-0.035491, 0.353549, 0.746451, -0.246451, 0.0, 0.9]"
CONTROL,59355729.89000002,"[-0.027613, 0.352761, 0.747239, -0.247239, 0.0, 0.9]"
CONTROL,59375813.01199998,"[-0.019728, 0.351973, 0.748027, -0.248027, 0.0, 0.9]"
CONTROL,59395891.59000002,"[-0.011839, 0.351184, 0.748816, -0.248816, 0.0, 0.9]"
CONTROL,59415971.35200004,"[-0.003947, 0.350395, 0.749605, -0.249605, 0.0, 0.9]"
CONTROL,59436050.410000004,"[0.003947, 0.349605, 0.750395, -0.250395, 0.0, 0.9]"
CONTROL,59456128.636000015,"[0.011839, 0.348816, 0.751184, -0.251184, 0.0, 0.9]"
CONTROL,59476208.110000014,"[0.019728, 0.348027, 0.751973, -0.251973, 0.0, 0.9]"
CONTROL,59496287.29599999,"[0.027613, 0.347239, 0.752761, -0.252761, 0.0, 0.9]"
CONTROL,59516366.03400005,"[0.035491, 0.346451, 0.753549, -0.253549, 0.0, 0.9]"
CONTROL,59536445.79599995,"[0.043359, 0.345664, 0.754336, -0.254336, 0.0, 0.9]"
CONTROL,59556526.230000034,"[0.051217, 0.344878, 0.755122, -0.255122, 0.0, 0.9]"
CONTROL,59576606.02500004,"[0.059063, 0.344094, 0.755906, -0.255906, 0.0, 0.9]"
CONTROL,59596684.50699996,"[0.066893, 0.343311, 0.756689, -0.256689, 0.0, 0.9]"
CONTROL,59616763.34100002,"[0.074707, 0.342529, 0.757471, -0.257471, 0.0, 0.9]"
CONTROL,59636845.246999994,"[0.082502, 0.34175, 0.75825, -0.25825, 0.0, 0.9]"
CONTROL,59656925.71299996,"[0.090277, 0.340972, 0.759028, -0.259028, 0.0, 0.9]"
CONTROL,59677009.923000015,"[0.098029, 0.340197, 0.759803, -0.259803, 0.0, 0.9]"
CONTROL,59697090.10099996,"[0.105757, 0.339424, 0.760576, -0.260576, 0.0, 0.9]"
CONTROL,59717169.766999975,"[0.113458, 0.338654, 0.761346, -0.261346, 0.0, 0.9]"
CONTROL,59737251.96099997,"[0.121131, 0.337887, 0.762113, -0.262113, 0.0, 0.9]"
CONTROL,59757331.62699998,"[0.128774, 0.337123, 0.762877, -0.262877, 0.0, 0.9]"
CONTROL,59777409.820999995,"[0.136385, 0.336362, 0.763638, -0.263638, 0.0, 0.9]"
CONTROL,59797488.878999956,"[0.143962, 0.335604, 0.764396, -0.264396, 0.0, 0.9]"
CONTROL,59817571.58599999,"[0.151503, 0.33485, 0.76515, -0.26515, 0.0, 0.9]"
CONTROL,59837649.523999974,"[0.159006, 0.334099, 0.765901, -0.265901, 0.0, 0.9]"
CONTROL,59857733.22199998,"[0.166469, 0.333353, 0.766647, -0.266647, 0.0, 0.9]"
CONTROL,59877814.00799997,"[0.173891, 0.332611, 0.767389, -0.267389, 0.0, 0.9]"
CONTROL,59897894.66599996,"[0.18127, 0.331873, 0.768127, -0.268127, 0.0, 0.9]"
CONTROL,59917972.44400004,"[0.188604, 0.33114, 0.76886, -0.26886, 0.0, 0.9]"
CONTROL,59938050.38200003,"[0.19589, 0.330411, 0.769589, -0.269589, 0.0, 0.9]"
CONTROL,59958130.687999986,"[0.203128, 0.329687, 0.770313, -0.270313, 0.0, 0.9]"
CONTROL,59978210.03399997,"[0.210315, 0.328968, 0.771032, -0.271032, 0.0, 0.9]"
CONTROL,59998290.052000016,"[0.21745, 0.328255, 0.771745, -0.271745, 0.0, 0.9]"
CONTROL,60018369.55800002,"[0.22453, 0.327547, 0.772453, -0.272453, 0.0, 0.9]"
CONTROL,60038447.33599999,"[0.231555, 0.326845, 0.773155, -0.273155, 0.0, 0.9]"
CONTROL,60058526.80999999,"[0.238522, 0.326148, 0.773852, -0.273852, 0.0, 0.9]"
CONTROL,60078606.15699997,"[0.245429, 0.325457, 0.774543, -0.274543, 0.0, 0.9]"
CONTROL,60098685.27900005,"[0.252275, 0.324772, 0.775228, -0.275228, 0.0, 0.9]"
CONTROL,60118765.777000025,"[0.259059, 0.324094, 0.775906, -0.275906, 0.0, 0.9]"
CONTROL,60138844.54699996,"[0.265777, 0.323422, 0.776578, -0.276578, 0.0, 0.9]"
CONTROL,60158922.80499998,"[0.27243, 0.322757, 0.777243, -0.277243, 0.0, 0.9]"
CONTROL,60179002.08699996,"[0.279014, 0.322099, 0.777901, -0.277901, 0.0, 0.9]"
CONTROL,60199080.21699996,"[0.28553, 0.321447, 0.778553, -0.278553, 0.0, 0.9]"
CONTROL,60219156.36300003,"[0.291974, 0.320803, 0.779197, -0.279197, 0.0, 0.9]"
CONTROL,60239234.62100004,"[0.298345, 0.320166, 0.779834, -0.279834, 0.0, 0.9]"
CONTROL,60259379.47299997,"[0.304642, 0.319536, 0.780464, -0.280464, 0.0, 0.9]"
CONTROL,60279459.555000015,"[0.310862, 0.318914, 0.781086, -0.281086, 0.0, 0.9]"
CONTROL,60299538.676999986,"[0.317006, 0.318299, 0.781701, -0.281701, 0.0, 0.9]"
CONTROL,60319617.734999955,"[0.32307, 0.317693, 0.782307, -0.282307, 0.0, 0.9]"
CONTROL,60339699.83300006,"[0.329054, 0.317095, 0.782905, -0.282905, 0.0, 0.9]"
CONTROL,60359777.77100004,"[0.334956, 0.316504, 0.783496, -0.283496, 0.0, 0.9]"
CONTROL,60379857.50100006,"[0.340775, 0.315923, 0.784077, -0.284077, 0.0, 0.9]"
CONTROL,60399936.59100003,"[0.346508, 0.315349, 0.784651, -0.284651, 0.0, 0.9]"
CONTROL,60420017.76100005,"[0.352155, 0.314784, 0.785216, -0.285216, 0.0, 0.9]"
CONTROL,60440097.13900004,"[0.357715, 0.314229, 0.785771, -0.285771, 0.0, 0.9]"
CONTROL,60460176.741000056,"[0.363185, 0.313682, 0.786318, -0.286318, 0.0, 0.9]"
CONTROL,60480256.69499998,"[0.368565, 0.313144, 0.786856, -0.286856, 0.0, 0.9]"
CONTROL,60500335.65700005,"[0.373852, 0.312615, 0.787385, -0.287385, 0.0, 0.9]"
CONTROL,60520414.93900003,"[0.379047, 0.312095, 0.787905, -0.287905, 0.0, 0.9]"
CONTROL,60540494.541000046,"[0.384147, 0.311585, 0.788415, -0.288415, 0.0, 0.9]"
CONTROL,60560575.52000004,"[0.389152, 0.311085, 0.788915, -0.288915, 0.0, 0.9]"
CONTROL,60580655.345999956,"[0.394059, 0.310594, 0.789406, -0.289406, 0.0, 0.9]"
CONTROL,60600734.88399996,"[0.398869, 0.310113, 0.789887, -0.289887, 0.0, 0.9]"
CONTROL,60620813.91000004,"[0.403579, 0.309642, 0.790358, -0.290358, 0.0, 0.9]"
CONTROL,60640893.57600005,"[0.408188, 0.309181, 0.790819, -0.290819, 0.0, 0.9]"
CONTROL,60660972.986000046,"[0.412695, 0.30873, 0.79127, -0.29127, 0.0, 0.9]"
CONTROL,60681052.10800002,"[0.4171, 0.30829, 0.79171, -0.29171, 0.0, 0.9]"
CONTROL,60701130.68600006,"[0.421401, 0.30786, 0.79214, -0.29214, 0.0, 0.9]"
CONTROL,60721209.61600001,"[0.425597, 0.30744, 0.79256, -0.29256, 0.0, 0.9]"
CONTROL,60741312.001999974,"[0.429686, 0.307031, 0.792969, -0.292969, 0.0, 0.9]"
CONTROL,60761392.78899995,"[0.433669, 0.306633, 0.793367, -0.293367, 0.0, 0.9]"
CONTROL,60781472.32699996,"[0.437544, 0.306246, 0.793754, -0.293754, 0.0, 0.9]"
CONTROL,60801552.15299999,"[0.441309, 0.305869, 0.794131, -0.294131, 0.0, 0.9]"
CONTROL,60821632.36300005,"[0.444964, 0.305504, 0.794496, -0.294496, 0.0, 0.9]"
CONTROL,60841712.34899998,"[0.448509, 0.305149, 0.794851, -0.294851, 0.0, 0.9]"
CONTROL,60861792.143,"[0.451942, 0.304806, 0.795194, -0.295194, 0.0, 0.9]"
CONTROL,60881872.864999995,"[0.455262, 0.304474, 0.795526, -0.295526, 0.0, 0.9]"
CONTROL,60901953.55499998,"[0.458469, 0.304153, 0.795847, -0.295847, 0.0, 0.9]"
CONTROL,60922032.67700006,"[0.461561, 0.303844, 0.796156, -0.296156, 0.0, 0.9]"
CONTROL,60942111.79900003,"[0.464539, 0.303546, 0.796454, -0.296454, 0.0, 0.9]"
CONTROL,60962191.24100003,"[0.4674, 0.30326, 0.79674, -0.29674, 0.0, 0.9]"
CONTROL,60982270.45900001,"[0.470146, 0.302985, 0.797015, -0.297015, 0.0, 0.9]"
CONTROL,61002349.51699997,"[0.472774, 0.302723, 0.797277, -0.297277, 0.0, 0.9]"
CONTROL,61022429.919000044,"[0.475284, 0.302472, 0.797528, -0.297528, 0.0, 0.9]"
CONTROL,61042510.12899999,"[0.477675, 0.302232, 0.797768, -0.297768, 0.0, 0.9]"
CONTROL,61062593.763,"[0.479948, 0.302005, 0.797995, -0.297995, 0.0, 0.9]"
CONTROL,61082673.42900001,"[0.482101, 0.30179, 0.79821, -0.29821, 0.0, 0.9]"
CONTROL,61102753.958999984,"[0.484134, 0.301587, 0.798413, -0.298413, 0.0, 0.9]"
CONTROL,61122836.95400003,"[0.486046, 0.301395, 0.798605, -0.298605, 0.0, 0.9]"
CONTROL,61142916.52400004,"[0.487838, 0.301216, 0.798784, -0.298784, 0.0, 0.9]"
CONTROL,61162997.37400004,"[0.489507, 0.301049, 0.798951, -0.298951, 0.0, 0.9]"
CONTROL,61183077.551999986,"[0.491055, 0.300895, 0.799105, -0.299105, 0.0, 0.9]"
CONTROL,61203158.20999997,"[0.49248, 0.300752, 0.799248, -0.299248, 0.0, 0.9]"
CONTROL,61223237.971999995,"[0.493782, 0.300622, 0.799378, -0.299378, 0.0, 0.9]"
CONTROL,61243316.83800005,"[0.494962, 0.300504, 0.799496, -0.299496, 0.0, 0.9]"
CONTROL,61263464.50599999,"[0.496018, 0.300398, 0.799602, -0.299602, 0.0, 0.9]"
CONTROL,61283545.70800002,"[0.49695, 0.300305, 0.799695, -0.299695, 0.0, 0.9]"
CONTROL,61303625.47000004,"[0.497759, 0.300224, 0.799776, -0.299776, 0.0, 0.9]"
CONTROL,61323705.93600001,"[0.498443, 0.300156, 0.799844, -0.299844, 0.0, 0.9]"
CONTROL,61343786.49799999,"[0.499003, 0.3001, 0.7999, -0.2999, 0.0, 0.9]"
CONTROL,61363866.196,"[0.499439, 0.300056, 0.799944, -0.299944, 0.0, 0.9]"
CONTROL,61383945.09399995,"[0.499751, 0.300025, 0.799975, -0.299975, 0.0, 0.9]"
CONTROL,61404024.47200006,"[0.499938, 0.300006, 0.799994, -0.299994, 0.0, 0.9]"
CONTROL,61424104.23399997,"[0.5, 0.3, 0.8, -0.3, 0.0, 0.9]"
CONTROL,61444183.068000026,"[0.5, 0.3, 0.8, -0.3, 0.0, 0.9]"
CONTROL,61464262.382000014,"[0.5, 0.3, 0.8, -0.3, 0.0, 0.9]"
CONTROL,61484341.82400001,"[0.5, 0.3, 0.8, -0.3, 0.0, 0.9]"
CONTROL,61504422.546000004,"[0.5, 0.3, 0.8, -0.3, 0.0, 0.9]"
CONTROL,61524502.50000004,"[0.5, 0.3, 0.8, -0.3, 0.0, 0.9]"
CONTROL,61544582.902,"[0.5, 0.3, 0.8, -0.3, 0.0, 0.9]"
CONTROL,61564662.023999974,"[0.5, 0.3, 0.8, -0.3, 0.0, 0.9]"
CONTROL,61584741.75399999,"[0.5, 0.3, 0.8, -0.3, 0.0, 0.9]"
CONTROL,61604820.90799996,"[0.5, 0.3, 0.8, -0.3, 0.0, 0.9]"
CONTROL,61625657.269000046,"[0.5, 0.3, 0.8, -0.3, 0.0, 0.9]"
CONTROL,61645741.47899998,"[0.5, 0.3, 0.8, -0.3, 0.0, 0.9]"
CONTROL,61665822.42499999,"[0.5, 0.3, 0.8, -0.3, 0.0, 0.9]"
CONTROL,61685904.394999966,"[0.5, 0.3, 0.8, -0.3, 0.0, 0.9]"
CONTROL,61705984.50900002,"[0.5, 0.3, 0.8, -0.3, 0.0, 0.9]"
CONTROL,61726070.671000004,"[0.5, 0.3, 0.8, -0.3, 0.0, 0.9]"
CONTROL,61746150.465000026,"[0.5, 0.3, 0.8, -0.3, 0.0, 0.9]"
CONTROL,61766251.09200006,"[0.5, 0.3, 0.8, -0.3, 0.0, 0.9]"
CONTROL,61786333.062000036,"[0.5, 0.3, 0.8, -0.3, 0.0, 0.9]"
CONTROL,61806415.60799995,"[0.5, 0.3, 0.8, -0.3, 0.0, 0.9]"
CONTROL,61826496.07400003,"[0.5, 0.3, 0.8, -0.3, 0.0, 0.9]"
CONTROL,61846576.828000024,"[0.5, 0.3, 0.8, -0.3, 0.0, 0.9]"
CONTROL,61866656.27000002,"[0.5, 0.3, 0.8, -0.3, 0.0, 0.9]"
CONTROL,61886737.24800003,"[0.5, 0.3, 0.8, -0.3, 0.0, 0.9]"
CONTROL,61906818.96199999,"[0.5, 0.3, 0.8, -0.3, 0.0, 0.9]"
CONTROL,61926901.98800006,"[0.5, 0.3, 0.8, -0.3, 0.0, 0.9]"
CONTROL,61946983.06199996,"[0.5, 0.3, 0.8, -0.3, 0.0, 0.9]"
CONTROL,61967064.52000001,"[0.5, 0.3, 0.8, -0.3, 0.0, 0.9]"
CONTROL,61987144.57000005,"[0.5, 0.3, 0.8, -0.3, 0.0, 0.9]"
CONTROL,62007240.14100001,"[0.5, 0.3, 0.8, -0.3, 0.0, 0.9]"
CONTROL,62027321.47100005,"[0.5, 0.3, 0.8, -0.3, 0.0, 0.9]"
CONTROL,62047402.48099995,"[0.5, 0.3, 0.8, -0.3, 0.0, 0.9]"
CONTROL,62067481.79500005,"[0.5, 0.3, 0.8, -0.3, 0.0, 0.9]"
CONTROL,62087561.588999964,"[0.5, 0.3, 0.8, -0.3, 0.0, 0.9]"
CONTROL,62107641.79900002,"[0.5, 0.3, 0.8, -0.3, 0.0, 0.9]"
CONTROL,62127722.04099997,"[0.5, 0.3, 0.8, -0.3, 0.0, 0.9]"
CONTROL,62147803.91500005,"[0.5, 0.3, 0.8, -0.3, 0.0, 0.9]"
CONTROL,62167882.52499998,"[0.5, 0.3, 0.8, -0.3, 0.0, 0.9]"
CONTROL,62187964.87899999,"[0.5, 0.3, 0.8, -0.3, 0.0, 0.9]"
CONTROL,62208044.673000015,"[0.5, 0.3, 0.8, -0.3, 0.0, 0.9]"
CONTROL,62228123.987,"[0.5, 0.3, 0.8, -0.3, 0.0, 0.9]"
CONTROL,62248202.852999955,"[0.5, 0.3, 0.8, -0.3, 0.0, 0.9]"
CONTROL,62268368.21799998,"[0.5, 0.3, 0.8, -0.3, 0.0, 0.9]"
CONTROL,62288446.636,"[0.5, 0.3, 0.8, -0.3, 0.0, 0.9]"
CONTROL,62308525.02200003,"[0.5, 0.3, 0.8, -0.3, 0.0, 0.9]"
CONTROL,62328605.776000015,"[0.5, 0.3, 0.8, -0.3, 0.0, 0.9]"
CONTROL,62348685.15400001,"[0.5, 0.3, 0.8, -0.3, 0.0, 0.9]"
CONTROL,62368766.06800001,"[0.5, 0.3, 0.8, -0.3, 0.0, 0.9]"
CONTROL,62388846.02200005,"[0.5, 0.3, 0.8, -0.3, 0.0, 0.9]"
CONTROL,62408927.03199995,"[0.5, 0.3, 0.8, -0.3, 0.0, 0.9]"
CONTROL,62429006.15400004,"[0.5, 0.3, 0.8, -0.3, 0.0, 0.9]"
CONTROL,62449084.922999986,"[0.5, 0.3, 0.8, -0.3, 0.0, 0.9]"
CONTROL,62469165.997999996,"[0.5, 0.3, 0.8, -0.3, 0.0, 0.9]"
CONTROL,62489245.022999965,"[0.5, 0.3, 0.8, -0.3, 0.0, 0.9]"
CONTROL,62509323.569000006,"[0.5, 0.3, 0.8, -0.3, 0.0, 0.9]"
CONTROL,62529402.722999975,"[0.5, 0.3, 0.8, -0.3, 0.0, 0.9]"
CONTROL,62549482.196999975,"[0.5, 0.3, 0.8, -0.3, 0.0, 0.9]"
CONTROL,62569562.63100006,"[0.5, 0.3, 0.8, -0.3, 0.0, 0.9]"
CONTROL,62589640.79300006,"[0.5, 0.3, 0.8, -0.3, 0.0, 0.9]"
CONTROL,62609719.91500003,"[0.5, 0.3, 0.8, -0.3, 0.0, 0.9]"
CONTROL,62629801.34099996,"[0.5, 0.3, 0.8, -0.3, 0.0, 0.9]"
CONTROL,62649881.07099998,"[0.5, 0.3, 0.8, -0.3, 0.0, 0.9]"
CONTROL,62669960.801,"[0.5, 0.3, 0.8, -0.3, 0.0, 0.9]"
CONTROL,62690042.86699999,"[0.5, 0.3, 0.8, -0.3, 0.0, 0.9]"
CONTROL,62710121.89299995,"[0.5, 0.3, 0.8, -0.3, 0.0, 0.9]"
CONTROL,62730201.17500005,"[0.5, 0.3, 0.8, -0.3, 0.0, 0.9]"
CONTROL,62750281.60900001,"[0.5, 0.3, 0.8, -0.3, 0.0, 0.9]"
CONTROL,62770361.69100006,"[0.5, 0.3, 0.8, -0.3, 0.0, 0.9]"
CONTROL,62790462.22199997,"[0.5, 0.3, 0.8, -0.3, 0.0, 0.9]"
CONTROL,62810542.62400005,"[0.5, 0.3, 0.8, -0.3, 0.0, 0.9]"
CONTROL,62830621.522,"[0.5, 0.3, 0.8, -0.3, 0.0, 0.9]"
CONTROL,62850700.932,"[0.5, 0.3, 0.8, -0.3, 0.0, 0.9]"
CONTROL,62870780.21399998,"[0.5, 0.3, 0.8, -0.3, 0.0, 0.9]"
CONTROL,62890860.775999956,"[0.5, 0.3, 0.8, -0.3, 0.0, 0.9]"
CONTROL,62910939.866000034,"[0.5, 0.3, 0.8, -0.3, 0.0, 0.9]"
CONTROL,62931019.75599995,"[0.5, 0.3, 0.8, -0.3, 0.0, 0.9]"
CONTROL,62951100.31800004,"[0.5, 0.3, 0.8, -0.3, 0.0, 0.9]"
CONTROL,62971180.39999998,"[0.5, 0.3, 0.8, -0.3, 0.0, 0.9]"
CONTROL,62991260.06599999,"[0.5, 0.3, 0.8, -0.3, 0.0, 0.9]"
CONTROL,63011343.443999976,"[0.5, 0.3, 0.8, -0.3, 0.0, 0.9]"
CONTROL,63031424.67800001,"[0.5, 0.3, 0.8, -0.3, 0.0, 0.9]"
CONTROL,63051508.44000002,"[0.5, 0.3, 0.8, -0.3, 0.0, 0.9]"
CONTROL,63071586.794000044,"[0.5, 0.3, 0.8, -0.3, 0.0, 0.9]"
CONTROL,63091665.852000006,"[0.5, 0.3, 0.8, -0.3, 0.0, 0.9]"
CONTROL,63111749.87000004,"[0.5, 0.3, 0.8, -0.3, 0.0, 0.9]"
CONTROL,63131831.93600003,"[0.5, 0.3, 0.8, -0.3, 0.0, 0.9]"
CONTROL,63151911.44200003,"[0.5, 0.3, 0.8, -0.3, 0.0, 0.9]"
CONTROL,63171991.52399997,"[0.5, 0.3, 0.8, -0.3, 0.0, 0.9]"
CONTROL,63192070.39000002,"[0.5, 0.3, 0.8, -0.3, 0.0, 0.9]"
CONTROL,63212152.135999985,"[0.5, 0.3, 0.8, -0.3, 0.0, 0.9]"
CONTROL,63232230.97000004,"[0.5, 0.3, 0.8, -0.3, 0.0, 0.9]"
CONTROL,63252310.95599997,"[0.5, 0.3, 0.8, -0.3, 0.0, 0.9]"
CONTROL,63272505.984999955,"[0.5, 0.3, 0.8, -0.3, 0.0, 0.9]"
CONTROL,63292582.003000006,"[0.5, 0.3, 0.8, -0.3, 0.0, 0.9]"
CONTROL,63312662.53299998,"[0.5, 0.3, 0.8, -0.3, 0.0, 0.9]"
CONTROL,63332741.43100005,"[0.5, 0.3, 0.8, -0.3, 0.0, 0.9]"
CONTROL,63352819.97699997,"[0.5, 0.3, 0.8, -0.3, 0.0, 0.9]"
CONTROL,63372898.459,"[0.5, 0.3, 0.8, -0.3, 0.0, 0.9]"
CONTROL,63392976.973000035,"[0.5, 0.3, 0.8, -0.3, 0.0, 0.9]"
CONTROL,63413056.54300004,"[0.5, 0.3, 0.8, -0.3, 0.0, 0.9]"
CONTROL,63433151.952999994,"[0.5, 0.3, 0.8, -0.3, 0.0, 0.9]"
CONTROL,63453230.75500005,"[0.5, 0.3, 0.8, -0.3, 0.0, 0.9]"
CONTROL,63473309.94100002,"[0.5, 0.3, 0.8, -0.3, 0.0, 0.9]"
CONTROL,63493389.35100002,"[0.5, 0.3, 0.8, -0.3, 0.0, 0.9]"
CONTROL,63513471.73700003,"[0.5, 0.3, 0.8, -0.3, 0.0, 0.9]"
CONTROL,63533551.115000024,"[0.5, 0.3, 0.8, -0.3, 0.0, 0.9]"
CONTROL,63553641.78900004,"[0.5, 0.3, 0.8, -0.3, 0.0, 0.9]"
CONTROL,63573720.494999975,"[0.5, 0.3, 0.8, -0.3, 0.0, 0.9]"
CONTROL,63593799.489000045,"[0.5, 0.3, 0.8, -0.3, 0.0, 0.9]"
CONTROL,63613879.31499996,"[0.5, 0.3, 0.8, -0.3, 0.0, 0.9]"
CONTROL,63633958.21300003,"[0.5, 0.3, 0.8, -0.3, 0.0, 0.9]"
CONTROL,63654040.82300006,"[0.5, 0.3, 0.8, -0.3, 0.0, 0.9]"
CONTROL,63674121.35300003,"[0.5, 0.3, 0.8, -0.3, 0.0, 0.9]"
CONTROL,63694204.85900003,"[0.5, 0.3, 0.8, -0.3, 0.0, 0.9]"
CONTROL,63714280.78099996,"[0.5, 0.3, 0.8, -0.3, 0.0, 0.9]"
CONTROL,63734359.58300001,"[0.5, 0.3, 0.8, -0.3, 0.0, 0.9]"
CONTROL,63754439.72899996,"[0.5, 0.3, 0.8, -0.3, 0.0, 0.9]"
CONTROL,63774521.66700005,"[0.5, 0.3, 0.8, -0.3, 0.0, 0.9]"
CONTROL,63794600.30899998,"[0.5, 0.3, 0.8, -0.3, 0.0, 0.9]"
CONTROL,63814700.03900006,"[0.5, 0.3, 0.8, -0.3, 0.0, 0.9]"
CONTROL,63834780.217,"[0.5, 0.3, 0.8, -0.3, 0.0, 0.9]"
CONTROL,63854861.77100006,"[0.5, 0.3, 0.8, -0.3, 0.0, 0.9]"
CONTROL,63874943.03699998,"[0.5, 0.3, 0.8, -0.3, 0.0, 0.9]"
CONTROL,63895023.439000055,"[0.5, 0.3, 0.8, -0.3, 0.0, 0.9]"
CONTROL,63915102.43300001,"[0.5, 0.3, 0.8, -0.3, 0.0, 0.9]"
CONTROL,63935182.06700003,"[0.5, 0.3, 0.8, -0.3, 0.0, 0.9]"
CONTROL,63955262.14899997,"[0.5, 0.3, 0.8, -0.3, 0.0, 0.9]"
CONTROL,63975340.88700002,"[0.5, 0.3, 0.8, -0.3, 0.0, 0.9]"
CONTROL,63995420.040999986,"[0.5, 0.3, 0.8, -0.3, 0.0, 0.9]"
CONTROL,64015501.69100005,"[0.5, 0.3, 0.8, -0.3, 0.0, 0.9]"
CONTROL,64035584.332999974,"[0.5, 0.3, 0.8, -0.3, 0.0, 0.9]"
CONTROL,64055665.02299996,"[0.5, 0.3, 0.8, -0.3, 0.0, 0.9]"
CONTROL,64075745.93699996,"[0.5, 0.3, 0.8, -0.3, 0.0, 0.9]"
CONTROL,64095825.63499998,"[0.5, 0.3, 0.8, -0.3, 0.0, 0.9]"
CONTROL,64115905.172999986,"[0.5, 0.3, 0.8, -0.3, 0.0, 0.9]"
CONTROL,64135984.230999954,"[0.5, 0.3, 0.8, -0.3, 0.0, 0.9]"
CONTROL,64156064.18499999,"[0.5, 0.3, 0.8, -0.3, 0.0, 0.9]"
CONTROL,64176143.43499997,"[0.5, 0.3, 0.8, -0.3, 0.0, 0.9]"
CONTROL,64196227.74100003,"[0.5, 0.3, 0.8, -0.3, 0.0, 0.9]"
CONTROL,64216306.22300006,"[0.5, 0.3, 0.8, -0.3, 0.0, 0.9]"
CONTROL,64236385.21600003,"[0.5, 0.3, 0.8, -0.3, 0.0, 0.9]"
CONTROL,64256464.97800005,"[0.5, 0.3, 0.8, -0.3, 0.0, 0.9]"
CONTROL,64276624.29500003,"[0.5, 0.3, 0.8, -0.3, 0.0, 0.9]"
CONTROL,64296702.29700002,"[0.5, 0.3, 0.8, -0.3, 0.0, 0.9]"
CONTROL,64316781.35499999,"[0.5, 0.3, 0.8, -0.3, 0.0, 0.9]"
CONTROL,64336863.901000015,"[0.5, 0.3, 0.8, -0.3, 0.0, 0.9]"
CONTROL,64356942.92699998,"[0.5, 0.3, 0.8, -0.3, 0.0, 0.9]"
CONTROL,64377025.505,"[0.5, 0.3, 0.8, -0.3, 0.0, 0.9]"
CONTROL,64397104.65799999,"[0.5, 0.3, 0.8, -0.3, 0.0, 0.9]"
CONTROL,64417185.091999955,"[0.5, 0.3, 0.8, -0.3, 0.0, 0.9]"
CONTROL,64437264.406000055,"[0.5, 0.3, 0.8, -0.3, 0.0, 0.9]"
CONTROL,64457343.07999998,"[0.5, 0.3, 0.8, -0.3, 0.0, 0.9]"
CONTROL,64477423.00200003,"[0.5, 0.3, 0.8, -0.3, 0.0, 0.9]"
CONTROL,64497503.307999976,"[0.5, 0.3, 0.8, -0.3, 0.0, 0.9]"
CONTROL,64517581.75800001,"[0.5, 0.3, 0.8, -0.3, 0.0, 0.9]"
CONTROL,64537661.00799999,"[0.5, 0.3, 0.8, -0.3, 0.0, 0.9]"
CONTROL,64557740.19399996,"[0.5, 0.3, 0.8, -0.3, 0.0, 0.9]"
CONTROL,64577818.67599999,"[0.5, 0.3, 0.8, -0.3, 0.0, 0.9]"
CONTROL,64597900.74199998,"[0.5, 0.3, 0.8, -0.3, 0.0, 0.9]"
CONTROL,64617982.360000044,"[0.5, 0.3, 0.8, -0.3, 0.0, 0.9]"
CONTROL,64638061.93000005,"[0.5, 0.3, 0.8, -0.3, 0.0, 0.9]"
CONTROL,64658140.250999965,"[0.5, 0.3, 0.8, -0.3, 0.0, 0.9]"
CONTROL,64678220.55700003,"[0.5, 0.3, 0.8, -0.3, 0.0, 0.9]"
CONTROL,64698299.871000014,"[0.5, 0.3, 0.8, -0.3, 0.0, 0.9]"
CONTROL,64718380.75300002,"[0.5, 0.3, 0.8, -0.3, 0.0, 0.9]"
CONTROL,64738462.27499996,"[0.5, 0.3, 0.8, -0.3, 0.0, 0.9]"
CONTROL,64758541.30100004,"[0.5, 0.3, 0.8, -0.3, 0.0, 0.9]"
CONTROL,64778621.446999975,"[0.5, 0.3, 0.8, -0.3, 0.0, 0.9]"
CONTROL,64798700.56900006,"[0.5, 0.3, 0.8, -0.3, 0.0, 0.9]"
CONTROL,64818779.43500001,"[0.5, 0.3, 0.8, -0.3, 0.0, 0.9]"
CONTROL,64838876.82900001,"[0.5, 0.3, 0.8, -0.3, 0.0, 0.9]"
CONTROL,64858957.647000015,"[0.5, 0.3, 0.8, -0.3, 0.0, 0.9]"
CONTROL,64879038.08099998,"[0.5, 0.3, 0.8, -0.3, 0.0, 0.9]"
CONTROL,64899117.843,"[0.5, 0.3, 0.8, -0.3, 0.0, 0.9]"
CONTROL,64919197.124999985,"[0.5, 0.3, 0.8, -0.3, 0.0, 0.9]"
CONTROL,64939276.855000004,"[0.5, 0.3, 0.8, -0.3, 0.0, 0.9]"
CONTROL,64959355.88099997,"[0.5, 0.3, 0.8, -0.3, 0.0, 0.9]"
CONTROL,64979436.858999975,"[0.5, 0.3, 0.8, -0.3, 0.0, 0.9]"
CONTROL,64999515.53300002,"[0.5, 0.3, 0.8, -0.3, 0.0, 0.9]"
CONTROL,65019595.58299995,"[0.5, 0.3, 0.8, -0.3, 0.0, 0.9]"
CONTROL,65039676.62499997,"[0.5, 0.3, 0.8, -0.3, 0.0, 0.9]"
CONTROL,65059755.17000002,"[0.5, 0.3, 0.8, -0.3, 0.0, 0.9]"
CONTROL,65079835.764,"[0.5, 0.3, 0.8, -0.3, 0.0, 0.9]"
CONTROL,65099914.630000055,"[0.5, 0.3, 0.8, -0.3, 0.0, 0.9]"
CONTROL,65119993.592000015,"[0.5, 0.3, 0.8, -0.3, 0.0, 0.9]"
CONTROL,65140073.61000006,"[0.5, 0.3, 0.8, -0.3, 0.0, 0.9]"
CONTROL,65160152.540000014,"[0.5, 0.3, 0.8, -0.3, 0.0, 0.9]"
CONTROL,65180232.39800005,"[0.5, 0.3, 0.8, -0.3, 0.0, 0.9]"
CONTROL,65200310.656000055,"[0.5, 0.3, 0.8, -0.3, 0.0, 0.9]"
CONTROL,65220390.545999974,"[0.5, 0.3, 0.8, -0.3, 0.0, 0.9]"
CONTROL,65240472.16400004,"[0.5, 0.3, 0.8, -0.3, 0.0, 0.9]"
CONTROL,65260557.366000056,"[0.5, 0.3, 0.8, -0.3, 0.0, 0.9]"
CONTROL,65280714.63399999,"[0.5, 0.3, 0.8, -0.3, 0.0, 0.9]"
CONTROL,65300794.620000035,"[0.5, 0.3, 0.8, -0.3, 0.0, 0.9]"
CONTROL,65320874.19000004,"[0.5, 0.3, 0.8, -0.3, 0.0, 0.9]"
CONTROL,65340950.30399999,"[0.5, 0.3, 0.8, -0.3, 0.0, 0.9]"
CONTROL,65361030.19400002,"[0.5, 0.3, 0.8, -0.3, 0.0, 0.9]"
CONTROL,65381109.731000036,"[0.5, 0.3, 0.8, -0.3, 0.0, 0.9]"
CONTROL,65401193.36500004,"[0.5, 0.3, 0.8, -0.3, 0.0, 0.9]"
CONTROL,65421273.28699996,"[0.5, 0.3, 0.8, -0.3, 0.0, 0.9]"
CONTROL,65441352.824999966,"[0.5, 0.3, 0.8, -0.3, 0.0, 0.9]"
CONTROL,65461431.723000035,"[0.5, 0.3, 0.8, -0.3, 0.0, 0.9]"
CONTROL,65481510.33299996,"[0.5, 0.299989, 0.800011, -0.300011, 0.0, 0.9]"
CONTROL,65501589.103000015,"[0.5, 0.299956, 0.800044, -0.300044, 0.0, 0.9]"
CONTROL,65521668.577000014,"[0.5, 0.2999, 0.8001, -0.3001, 0.0, 0.9]"
CONTROL,65541748.14700002,"[0.5, 0.299822, 0.800178, -0.300178, 0.0, 0.9]"
CONTROL,65561825.98800001,"[0.5, 0.299722, 0.800278, -0.300278, 0.0, 0.9]"
CONTROL,65581909.20599998,"[0.5, 0.2996, 0.8004, -0.3004, 0.0, 0.9]"
CONTROL,65601988.519999966,"[0.5, 0.299456, 0.800544, -0.300544, 0.0, 0.9]"
CONTROL,65622070.55400006,"[0.5, 0.29929, 0.80071, -0.30071, 0.0, 0.9]"
CONTROL,65642149.83600005,"[0.5, 0.299102, 0.800898, -0.300898, 0.0, 0.9]"
CONTROL,65662228.66999999,"[0.5, 0.298893, 0.801107, -0.301107, 0.0, 0.9]"
CONTROL,65682313.04000005,"[0.5, 0.298661, 0.801339, -0.301339, 0.0, 0.9]"
CONTROL,65702392.226000026,"[0.5, 0.298408, 0.801592, -0.301592, 0.0, 0.9]"
CONTROL,65722471.41200001,"[0.5, 0.298133, 0.801867, -0.301867, 0.0, 0.9]"
CONTROL,65742551.43000005,"[0.5, 0.297837, 0.802163, -0.302163, 0.0, 0.9]"
CONTROL,65762631.287999965,"[0.5, 0.29752, 0.80248, -0.30248, 0.0, 0.9]"
CONTROL,65782712.233999975,"[0.5, 0.297182, 0.802818, -0.302818, 0.0, 0.9]"
CONTROL,65802793.339999996,"[0.5, 0.296822, 0.803178, -0.303178, 0.0, 0.9]"
CONTROL,65822873.676999964,"[0.5, 0.296442, 0.803558, -0.303558, 0.0, 0.9]"
CONTROL,65842952.895000055,"[0.5, 0.296041, 0.803959, -0.303959, 0.0, 0.9]"
CONTROL,65863048.01799997,"[0.5, 0.29562, 0.80438, -0.30438, 0.0, 0.9]"
CONTROL,65883129.57200003,"[0.5, 0.295178, 0.804822, -0.304822, 0.0, 0.9]"
CONTROL,65903209.43000006,"[0.5, 0.294717, 0.805283, -0.305283, 0.0, 0.9]"
CONTROL,65923288.32700002,"[0.5, 0.294235, 0.805765, -0.305765, 0.0, 0.9]"
CONTROL,65943367.89700003,"[0.5, 0.293734, 0.806266, -0.306266, 0.0, 0.9]"
CONTROL,65963449.067000054,"[0.5, 0.293213, 0.806787, -0.306787, 0.0, 0.9]"
CONTROL,65983529.46900002,"[0.5, 0.292673, 0.807327, -0.307327, 0.0, 0.9]"
CONTROL,66003608.751,"[0.5, 0.292114, 0.807886, -0.307886, 0.0, 0.9]"
CONTROL,66023688.545000024,"[0.5, 0.291537, 0.808463, -0.308463, 0.0, 0.9]"
CONTROL,66043770.00299996,"[0.5, 0.290941, 0.809059, -0.309059, 0.0, 0.9]"
CONTROL,66063849.63699997,"[0.5, 0.290327, 0.809673, -0.309673, 0.0, 0.9]"
CONTROL,66083930.48699997,"[0.5, 0.289694, 0.810306, -0.310306, 0.0, 0.9]"
CONTROL,66104010.120999984,"[0.5, 0.289045, 0.810955, -0.310955, 0.0, 0.9]"
CONTROL,66124088.50600002,"[0.5, 0.288377, 0.811623, -0.311623, 0.0, 0.9]"
CONTROL,66144169.54800004,"[0.5, 0.287693, 0.812307, -0.312307, 0.0, 0.9]"
CONTROL,66164249.88599999,"[0.5, 0.286992, 0.813008, -0.313008, 0.0, 0.9]"
CONTROL,66184328.752000056,"[0.5, 0.286275, 0.813725, -0.313725, 0.0, 0.9]"
CONTROL,66204408.19400005,"[0.5, 0.285541, 0.814459, -0.314459, 0.0, 0.9]"
CONTROL,66224486.643999964,"[0.5, 0.284792, 0.815208, -0.315208, 0.0, 0.9]"
CONTROL,66244564.39000005,"[0.5, 0.284027, 0.815973, -0.315973, 0.0, 0.9]"
CONTROL,66264643.768000044,"[0.5, 0.283247, 0.816753, -0.316753, 0.0, 0.9]"
CONTROL,66284799.59599997,"[0.5, 0.282452, 0.817548, -0.317548, 0.0, 0.9]"
CONTROL,66304879.422,"[0.5, 0.281643, 0.818357, -0.318357, 0.0, 0.9]"
CONTROL,66324957.67900002,"[0.5, 0.28082, 0.81918, -0.31918, 0.0, 0.9]"
CONTROL,66345036.06500004,"[0.5, 0.279983, 0.820017, -0.320017, 0.0, 0.9]"
CONTROL,66365114.995,"[0.5, 0.279133, 0.820867, -0.320867, 0.0, 0.9]"
CONTROL,66385194.78900003,"[0.5, 0.27827, 0.82173, -0.32173, 0.0, 0.9]"
CONTROL,66405275.351,"[0.5, 0.277394, 0.822606, -0.322606, 0.0, 0.9]"
CONTROL,66425357.577,"[0.5, 0.276506, 0.823494, -0.323494, 0.0, 0.9]"
CONTROL,66445436.69899997,"[0.5, 0.275606, 0.824394, -0.324394, 0.0, 0.9]"
CONTROL,66465515.91700006,"[0.5, 0.274695, 0.825305, -0.325305, 0.0, 0.9]"
CONTROL,66485594.97400004,"[0.5, 0.273773, 0.826227, -0.326227, 0.0, 0.9]"
CONTROL,66505675.56800002,"[0.5, 0.27284, 0.82716, -0.32716, 0.0, 0.9]"
CONTROL,66525754.21000006,"[0.5, 0.271897, 0.828103, -0.328103, 0.0, 0.9]"
CONTROL,66545835.06000006,"[0.5, 0.270945, 0.829055, -0.329055, 0.0, 0.9]"
CONTROL,66565914.59799995,"[0.5, 0.269983, 0.830017, -0.330017, 0.0, 0.9]"
CONTROL,66585995.57599996,"[0.5, 0.269012, 0.830988, -0.330988, 0.0, 0.9]"
CONTROL,66606075.43399999,"[0.5, 0.268033, 0.831967, -0.331967, 0.0, 0.9]"
CONTROL,66626155.548000045,"[0.5, 0.267046, 0.832954, -0.332954, 0.0, 0.9]"
CONTROL,66646237.357000016,"[0.5, 0.266051, 0.833949, -0.333949, 0.0, 0.9]"
CONTROL,66666315.999000065,"[0.5, 0.265049, 0.834951, -0.334951, 0.0, 0.9]"
CONTROL,66686395.44100006,"[0.5, 0.264041, 0.835959, -0.335959, 0.0, 0.9]"
CONTROL,66706474.33900001,"[0.5, 0.263026, 0.836974, -0.336974, 0.0, 0.9]"
CONTROL,66726556.21299998,"[0.5, 0.262005, 0.837995, -0.337995, 0.0, 0.9]"
CONTROL,66746637.03099998,"[0.5, 0.260979, 0.839021, -0.339021, 0.0, 0.9]"
CONTROL,66766716.66499999,"[0.5, 0.259948, 0.840052, -0.340052, 0.0, 0.9]"
CONTROL,66786796.74700004,"[0.5, 0.258913, 0.841087, -0.341087, 0.0, 0.9]"
CONTROL,66806875.772000015,"[0.5, 0.257874, 0.842126, -0.342126, 0.0, 0.9]"
CONTROL,66826954.669999965,"[0.5, 0.256831, 0.843169, -0.343169, 0.0, 0.9]"
CONTROL,66847034.559999995,"[0.5, 0.255785, 0.844215, -0.344215, 0.0, 0.9]"
CONTROL,66867113.84199998,"[0.5, 0.254737, 0.845263, -0.345263, 0.0, 0.9]"
CONTROL,66887213.57199995,"[0.5, 0.253686, 0.846314, -0.346314, 0.0, 0.9]"
CONTROL,66907294.45399995,"[0.5, 0.252634, 0.847366, -0.347366, 0.0, 0.9]"
CONTROL,66927376.99999998,"[0.5, 0.251581, 0.848419, -0.348419, 0.0, 0.9]"
CONTROL,66947458.106,"[0.5, 0.250527, 0.849473, -0.349473, 0.0, 0.9]"
CONTROL,66967537.41999999,"[0.5, 0.249473, 0.850527, -0.350527, 0.0, 0.9]"
CONTROL,66987621.24600001,"[0.5, 0.248419, 0.851581, -0.351581, 0.0, 0.9]"
CONTROL,67007701.328000054,"[0.5, 0.247366, 0.852634, -0.352634, 0.0, 0.9]"
CONTROL,67027781.92200003,"[0.5, 0.246314, 0.853686, -0.353686, 0.0, 0.9]"
CONTROL,67047861.30000002,"[0.5, 0.245263, 0.854737, -0.354737, 0.0, 0.9]"
CONTROL,67067942.08600002,"[0.5, 0.244215, 0.855785, -0.355785, 0.0, 0.9]"
CONTROL,67088021.43100002,"[0.5, 0.243169, 0.856831, -0.356831, 0.0, 0.9]"
CONTROL,67108100.26499996,"[0.5, 0.242126, 0.857874, -0.357874, 0.0, 0.9]"
CONTROL,67128180.82700005,"[0.5, 0.241087, 0.858913, -0.358913, 0.0, 0.9]"
CONTROL,67148262.413,"[0.5, 0.240052, 0.859948, -0.359948, 0.0, 0.9]"
CONTROL,67168342.23900002,"[0.5, 0.239021, 0.860979, -0.360979, 0.0, 0.9]"
CONTROL,67188422.35299997,"[0.5, 0.237995, 0.862005, -0.362005, 0.0, 0.9]"
CONTROL,67208504.64299996,"[0.5, 0.236974, 0.863026, -0.363026, 0.0, 0.9]"
CONTROL,67228584.40499999,"[0.5, 0.235959, 0.864041, -0.364041, 0.0, 0.9]"
CONTROL,67248664.71100006,"[0.5, 0.234951, 0.865049, -0.365049, 0.0, 0.9]"
CONTROL,67268743.89600004,"[0.5, 0.233949, 0.866051, -0.366051, 0.0, 0.9]"
CONTROL,67288894.25199997,"[0.5, 0.232954, 0.867046, -0.367046, 0.0, 0.9]"
CONTROL,67308978.68600005,"[0.5, 0.231967, 0.868033, -0.368033, 0.0, 0.9]"
CONTROL,67329061.96800002,"[0.5, 0.230988, 0.869012, -0.369012, 0.0, 0.9]"
CONTROL,67349157.73099999,"[0.5, 0.230017, 0.869983, -0.369983, 0.0, 0.9]"
CONTROL,67369236.30800004,"[0.5, 0.229055, 0.870945, -0.370945, 0.0, 0.9]"
CONTROL,67389314.63000005,"[0.5, 0.228103, 0.871897, -0.371897, 0.0, 0.9]"
CONTROL,67409393.97600004,"[0.5, 0.22716, 0.87284, -0.37284, 0.0, 0.9]"
CONTROL,67429476.10600004,"[0.5, 0.226227, 0.873773, -0.373773, 0.0, 0.9]"
CONTROL,67449554.17200004,"[0.5, 0.225305, 0.874695, -0.374695, 0.0, 0.9]"
CONTROL,67469633.39000002,"[0.5, 0.224394, 0.875606, -0.375606, 0.0, 0.9]"
CONTROL,67489709.24699995,"[0.5, 0.223494, 0.876506, -0.376506, 0.0, 0.9]"
CONTROL,67509788.14500001,"[0.5, 0.222606, 0.877394, -0.377394, 0.0, 0.9]"
CONTROL,67529867.61900002,"[0.5, 0.22173, 0.87827, -0.37827, 0.0, 0.9]"
CONTROL,67549947.57300006,"[0.5, 0.220867, 0.879133, -0.379133, 0.0, 0.9]"
CONTROL,67570026.05499998,"[0.5, 0.220017, 0.879983, -0.379983, 0.0, 0.9]"
CONTROL,67590105.11200006,"[0.5, 0.21918, 0.88082, -0.38082, 0.0, 0.9]"
CONTROL,67610184.96999998,"[0.5, 0.218357, 0.881643, -0.381643, 0.0, 0.9]"
CONTROL,67630263.54800002,"[0.5, 0.217548, 0.882452, -0.382452, 0.0, 0.9]"
CONTROL,67650344.71800004,"[0.5, 0.216753, 0.883247, -0.383247, 0.0, 0.9]"
CONTROL,67670425.02399999,"[0.5, 0.215973, 0.884027, -0.384027, 0.0, 0.9]"
CONTROL,67690504.626,"[0.5, 0.215208, 0.884792, -0.384792, 0.0, 0.9]"
CONTROL,67710583.971,"[0.5, 0.214459, 0.885541, -0.385541, 0.0, 0.9]"
CONTROL,67730663.95700005,"[0.5, 0.213725, 0.886275, -0.386275, 0.0, 0.9]"
CONTROL,67750744.51900002,"[0.5, 0.213008, 0.886992, -0.386992, 0.0, 0.9]"
CONTROL,67770820.82499999,"[0.5, 0.212307, 0.887693, -0.387693, 0.0, 0.9]"
CONTROL,67790901.00300005,"[0.5, 0.211623, 0.888377, -0.388377, 0.0, 0.9]"
CONTROL,67810979.19700006,"[0.5, 0.210955, 0.889045, -0.389045, 0.0, 0.9]"
CONTROL,67831058.60600005,"[0.5, 0.210306, 0.889694, -0.389694, 0.0, 0.9]"
CONTROL,67851151.04099998,"[0.5, 0.209673, 0.890327, -0.390327, 0.0, 0.9]"
CONTROL,67871229.266,"[0.5, 0.209059, 0.890941, -0.390941, 0.0, 0.9]"
CONTROL,67891312.70799999,"[0.5, 0.208463, 0.891537, -0.391537, 0.0, 0.9]"
CONTROL,67911414.455,"[0.5, 0.207886, 0.892114, -0.392114, 0.0, 0.9]"
CONTROL,67931493.25700006,"[0.5, 0.207327, 0.892673, -0.392673, 0.0, 0.9]"
CONTROL,67951573.59500001,"[0.5, 0.206787, 0.893213, -0.393213, 0.0, 0.9]"
CONTROL,67971653.03600001,"[0.5, 0.206266, 0.893734, -0.393734, 0.0, 0.9]"
CONTROL,67991728.73400004,"[0.5, 0.205765, 0.894235, -0.394235, 0.0, 0.9]"
CONTROL,68011808.59199996,"[0.5, 0.205283, 0.894717, -0.394717, 0.0, 0.9]"
CONTROL,68031886.97799999,"[0.5, 0.204822, 0.895178, -0.395178, 0.0, 0.9]"
CONTROL,68051968.084,"[0.5, 0.20438, 0.89562, -0.39562, 0.0, 0.9]"
CONTROL,68072046.66100006,"[0.5, 0.203959, 0.896041, -0.396041, 0.0, 0.9]"
CONTROL,68092128.56700003,"[0.5, 0.203558, 0.896442, -0.396442, 0.0, 0.9]"
CONTROL,68112207.27299997,"[0.5, 0.203178, 0.896822, -0.396822, 0.0, 0.9]"
CONTROL,68132287.45100002,"[0.5, 0.202818, 0.897182, -0.397182, 0.0, 0.9]"
CONTROL,68152367.21300004,"[0.5, 0.20248, 0.89752, -0.39752, 0.0, 0.9]"
CONTROL,68172447.71100003,"[0.5, 0.202163, 0.897837, -0.397837, 0.0, 0.9]"
CONTROL,68192527.15200002,"[0.5, 0.201867, 0.898133, -0.398133, 0.0, 0.9]"
CONTROL,68212602.178,"[0.5, 0.201592, 0.898408, -0.398408, 0.0, 0.9]"
CONTROL,68232682.86799999,"[0.5, 0.201339, 0.898661, -0.398661, 0.0, 0.9]"
CONTROL,68252762.27799998,"[0.5, 0.201107, 0.898893, -0.398893, 0.0, 0.9]"
CONTROL,68272838.45600004,"[0.5, 0.200898, 0.899102, -0.399102, 0.0, 0.9]"
CONTROL,68292991.08400005,"[0.5, 0.20071, 0.89929, -0.39929, 0.0, 0.9]"
CONTROL,68313068.76500003,"[0.5, 0.200544, 0.899456, -0.399456, 0.0, 0.9]"
CONTROL,68333148.55900005,"[0.5, 0.2004, 0.8996, -0.3996, 0.0, 0.9]"
CONTROL,68353228.44899997,"[0.5, 0.200278, 0.899722, -0.399722, 0.0, 0.9]"
CONTROL,68373306.54699998,"[0.5, 0.200178, 0.899822, -0.399822, 0.0, 0.9]"
CONTROL,68393386.18099998,"[0.5, 0.2001, 0.8999, -0.3999, 0.0, 0.9]"
CONTROL,68413465.23799996,"[0.5, 0.200044, 0.899956, -0.399956, 0.0, 0.9]"
CONTROL,68433540.83999997,"[0.5, 0.200011, 0.899989, -0.399989, 0.0, 0.9]"
CONTROL,68453619.77000004,"[0.5, 0.2, 0.9, -0.4, 0.0, 0.9]"
CONTROL,68473699.97999999,"[0.5, 0.2, 0.9, -0.4, 0.0, 0.9]"
CONTROL,68493776.60499999,"[0.5, 0.2, 0.9, -0.4, 0.0, 0.9]"
CONTROL,68513856.49500003,"[0.5, 0.2, 0.9, -0.4, 0.0, 0.9]"
CONTROL,68533936.70499997,"[0.5, 0.2, 0.9, -0.4, 0.0, 0.9]"
CONTROL,68554012.85100004,"[0.5, 0.2, 0.9, -0.4, 0.0, 0.9]"
CONTROL,68574091.877,"[0.5, 0.2, 0.9, -0.4, 0.0, 0.9]"
CONTROL,68594171.094,"[0.5, 0.2, 0.9, -0.4, 0.0, 0.9]"
CONTROL,68614250.11999995,"[0.5, 0.2, 0.9, -0.4, 0.0, 0.9]"
CONTROL,68634330.17,"[0.5, 0.2, 0.9, -0.4, 0.0, 0.9]"
CONTROL,68654408.90800005,"[0.5, 0.2, 0.9, -0.4, 0.0, 0.9]"
CONTROL,68674489.214,"[0.5, 0.2, 0.9, -0.4, 0.0, 0.9]"
CONTROL,68694567.43900003,"[0.5, 0.2, 0.9, -0.4, 0.0, 0.9]"
CONTROL,68714642.30499998,"[0.5, 0.2, 0.9, -0.4, 0.0, 0.9]"
CONTROL,68734725.10700004,"[0.5, 0.2, 0.9, -0.4, 0.0, 0.9]"
CONTROL,68754803.17300002,"[0.5, 0.2, 0.9, -0.4, 0.0, 0.9]"
CONTROL,68774880.50199997,"[0.5, 0.2, 0.9, -0.4, 0.0, 0.9]"
CONTROL,68794960.264,"[0.5, 0.2, 0.9, -0.4, 0.0, 0.9]"
CONTROL,68815040.50600006,"[0.5, 0.2, 0.9, -0.4, 0.0, 0.9]"
CONTROL,68835119.43600002,"[0.5, 0.2, 0.9, -0.4, 0.0, 0.9]"
CONTROL,68855198.11000006,"[0.5, 0.2, 0.9, -0.4, 0.0, 0.9]"
CONTROL,68875276.68699999,"[0.5, 0.2, 0.9, -0.4, 0.0, 0.9]"
CONTROL,68895359.80899996,"[0.5, 0.2, 0.9, -0.4, 0.0, 0.9]"
CONTROL,68915438.57900001,"[0.5, 0.2, 0.9, -0.4, 0.0, 0.9]"
CONTROL,68935520.86900002,"[0.5, 0.2, 0.9, -0.4, 0.0, 0.9]"
CONTROL,68955603.15900002,"[0.5, 0.2, 0.9, -0.4, 0.0, 0.9]"
CONTROL,68975683.59299998,"[0.5, 0.2, 0.9, -0.4, 0.0, 0.9]"
CONTROL,68995771.45099999,"[0.5, 0.2, 0.9, -0.4, 0.0, 0.9]"
CONTROL,69015850.09300004,"[0.5, 0.2, 0.9, -0.4, 0.0, 0.9]"
CONTROL,69035931.71,"[0.5, 0.2, 0.9, -0.4, 0.0, 0.9]"
CONTROL,69056015.56800002,"[0.5, 0.2, 0.9, -0.4, 0.0, 0.9]"
CONTROL,69076094.818,"[0.5, 0.2, 0.9, -0.4, 0.0, 0.9]"
CONTROL,69096174.356,"[0.5, 0.2, 0.9, -0.4, 0.0, 0.899723]"
CONTROL,69116254.47000006,"[0.5, 0.2, 0.9, -0.4, 0.0, 0.898894]"
CONTROL,69136334.03999995,"[0.5, 0.2, 0.9, -0.4, 0.0, 0.897512]"
CONTROL,69156414.24900003,"[0.5, 0.2, 0.9, -0.4, 0.0, 0.895581]"
CONTROL,69176494.01100005,"[0.5, 0.2, 0.9, -0.4, 0.0, 0.893104]"
CONTROL,69196572.58899997,"[0.5, 0.2, 0.9, -0.4, 0.0, 0.890084]"
CONTROL,69216651.51900004,"[0.5, 0.2, 0.9, -0.4, 0.0, 0.886527]"
CONTROL,69236732.75299996,"[0.5, 0.2, 0.9, -0.4, 0.0, 0.882437]"
CONTROL,69256815.26699997,"[0.5, 0.2, 0.9, -0.4, 0.0, 0.877822]"
CONTROL,69276896.05199999,"[0.5, 0.2, 0.9, -0.4, 0.0, 0.872688]"
CONTROL,69297052.51999997,"[0.5, 0.2, 0.9, -0.4, 0.0, 0.867044]"
CONTROL,69317131.29000002,"[0.5, 0.2, 0.9, -0.4, 0.0, 0.860899]"
CONTROL,69337203.98000003,"[0.5, 0.2, 0.9, -0.4, 0.0, 0.854262]"
CONTROL,69357282.23800004,"[0.5, 0.2, 0.9, -0.4, 0.0, 0.847144]"
CONTROL,69377361.199,"[0.5, 0.2, 0.9, -0.4, 0.0, 0.839556]"
CONTROL,69397438.81699997,"[0.5, 0.2, 0.9, -0.4, 0.0, 0.831511]"
CONTROL,69417521.07499997,"[0.5, 0.2, 0.9, -0.4, 0.0, 0.82302]"
CONTROL,69437599.30099998,"[0.5, 0.2, 0.9, -0.4, 0.0, 0.814098]"
CONTROL,69457678.838,"[0.5, 0.2, 0.9, -0.4, 0.0, 0.804758]"
CONTROL,69477758.08799997,"[0.5, 0.2, 0.9, -0.4, 0.0, 0.795015]"
CONTROL,69497837.754,"[0.5, 0.2, 0.9, -0.4, 0.0, 0.784884]"
CONTROL,69517915.43599996,"[0.5, 0.2, 0.9, -0.4, 0.0, 0.774383]"
CONTROL,69537995.454,"[0.5, 0.2, 0.9, -0.4, 0.0, 0.763526]"
CONTROL,69558078.47899996,"[0.5, 0.2, 0.9, -0.4, 0.0, 0.752332]"
CONTROL,69578157.82500006,"[0.5, 0.2, 0.9, -0.4, 0.0, 0.740818]"
CONTROL,69598238.61100006,"[0.5, 0.2, 0.9, -0.4, 0.0, 0.729002]"
CONTROL,69618320.32500002,"[0.5, 0.2, 0.9, -0.4, 0.0, 0.716904]"
CONTROL,69638399.41499998,"[0.5, 0.2, 0.9, -0.4, 0.0, 0.704541]"
CONTROL,69658479.016,"[0.5, 0.2, 0.9, -0.4, 0.0, 0.691934]"
CONTROL,69678561.04999998,"[0.5, 0.2, 0.9, -0.4, 0.0, 0.679102]"
CONTROL,69698645.03600001,"[0.5, 0.2, 0.9, -0.4, 0.0, 0.666067]"
CONTROL,69718724.15799999,"[0.5, 0.2, 0.9, -0.4, 0.0, 0.652848]"
CONTROL,69738804.33600004,"[0.5, 0.2, 0.9, -0.4, 0.0, 0.639466]"
CONTROL,69758884.738,"[0.5, 0.2, 0.9, -0.4, 0.0, 0.625943]"
CONTROL,69778968.65900004,"[0.5, 0.2, 0.9, -0.4, 0.0, 0.612299]"
CONTROL,69799049.18900001,"[0.5, 0.2, 0.9, -0.4, 0.0, 0.598557]"
CONTROL,69819128.98300004,"[0.5, 0.2, 0.9, -0.4, 0.0, 0.584739]"
CONTROL,69839209.92900005,"[0.5, 0.2, 0.9, -0.4, 0.0, 0.570865]"
CONTROL,69859292.53899996,"[0.5, 0.2, 0.9, -0.4, 0.0, 0.556959]"
CONTROL,69879373.22899996,"[0.5, 0.2, 0.9, -0.4, 0.0, 0.543041]"
CONTROL,69899454.558,"[0.5, 0.2, 0.9, -0.4, 0.0, 0.529135]"
CONTROL,69919533.968,"[0.5, 0.2, 0.9, -0.4, 0.0, 0.515261]"
CONTROL,69939612.45000003,"[0.5, 0.2, 0.9, -0.4, 0.0, 0.501443]"
CONTROL,69959688.62799998,"[0.5, 0.2, 0.9, -0.4, 0.0, 0.487701]"
CONTROL,69979774.02200001,"[0.5, 0.2, 0.9, -0.4, 0.0, 0.474057]"
CONTROL,69999853.55900003,"[0.5, 0.2, 0.9, -0.4, 0.0, 0.460534]"
CONTROL,70019934.089,"[0.5, 0.2, 0.9, -0.4, 0.0, 0.447152]"
CONTROL,70040015.13100001,"[0.5, 0.2, 0.9, -0.4, 0.0, 0.433933]"
CONTROL,70060093.86899996,"[0.5, 0.2, 0.9, -0.4, 0.0, 0.420898]"
CONTROL,70080174.04700002,"[0.5, 0.2, 0.9, -0.4, 0.0, 0.408066]"
CONTROL,70100255.37599996,"[0.5, 0.2, 0.9, -0.4, 0.0, 0.395459]"
CONTROL,70120337.28200004,"[0.5, 0.2, 0.9, -0.4, 0.0, 0.383096]"
CONTROL,70140417.52399999,"[0.5, 0.2, 0.9, -0.4, 0.0, 0.370998]"
CONTROL,70160496.64599995,"[0.5, 0.2, 0.9, -0.4, 0.0, 0.359182]"
CONTROL,70180575.48000002,"[0.5, 0.2, 0.9, -0.4, 0.0, 0.347668]"
CONTROL,70200654.92100002,"[0.5, 0.2, 0.9, -0.4, 0.0, 0.336474]"
CONTROL,70220733.30700004,"[0.5, 0.2, 0.9, -0.4, 0.0, 0.325617]"
CONTROL,70240812.10899998,"[0.5, 0.2, 0.9, -0.4, 0.0, 0.315116]"
CONTROL,70260894.30299999,"[0.5, 0.2, 0.9, -0.4, 0.0, 0.304985]"
CONTROL,70280973.84,"[0.5, 0.2, 0.9, -0.4, 0.0, 0.295242]"
CONTROL,70301113.89199999,"[0.5, 0.2, 0.9, -0.4, 0.0, 0.285902]"
CONTROL,70321194.00600004,"[0.5, 0.2, 0.9, -0.4, 0.0, 0.27698]"
CONTROL,70341282.21599996,"[0.5, 0.2, 0.9, -0.4, 0.0, 0.268489]"
CONTROL,70361354.80899997,"[0.5, 0.2, 0.9, -0.4, 0.0, 0.260444]"
CONTROL,70381434.69900002,"[0.5, 0.2, 0.9, -0.4, 0.0, 0.252856]"
CONTROL,70401517.34100005,"[0.5, 0.2, 0.9, -0.4, 0.0, 0.245738]"
CONTROL,70421597.16699997,"[0.5, 0.2, 0.9, -0.4, 0.0, 0.239101]"
CONTROL,70441677.53700003,"[0.5, 0.2, 0.9, -0.4, 0.0, 0.232956]"
CONTROL,70461761.97,"[0.5, 0.2, 0.9, -0.4, 0.0, 0.227312]"
CONTROL,70481842.43599996,"[0.5, 0.2, 0.9, -0.4, 0.0, 0.222178]"
CONTROL,70501922.00599997,"[0.5, 0.2, 0.9, -0.4, 0.0, 0.217563]"
CONTROL,70522001.89600001,"[0.5, 0.2, 0.9, -0.4, 0.0, 0.213473]"
CONTROL,70542081.24100001,"[0.5, 0.2, 0.9, -0.4, 0.0, 0.209916]"
CONTROL,70562161.83499998,"[0.5, 0.2, 0.9, -0.4, 0.0, 0.206896]"
CONTROL,70582241.27699998,"[0.5, 0.2, 0.9, -0.4, 0.0, 0.204419]"
CONTROL,70602323.695,"[0.5, 0.2, 0.9, -0.4, 0.0, 0.202488]"
CONTROL,70622404.57699999,"[0.5, 0.2, 0.9, -0.4, 0.0, 0.201106]"
CONTROL,70642485.87400004,"[0.5, 0.2, 0.9, -0.4, 0.0, 0.200277]"
CONTROL,70662565.44400005,"[0.5, 0.2, 0.9, -0.4, 0.0, 0.2]"
CONTROL,70682648.21399999,"[0.5, 0.2, 0.9, -0.4, 0.0, 0.2]"
CONTROL,70702728.64800006,"[0.5, 0.2, 0.9, -0.4, 0.0, 0.2]"
CONTROL,70722809.62599996,"[0.5, 0.2, 0.9, -0.4, 0.0, 0.2]"
CONTROL,70742889.57900001,"[0.5, 0.2, 0.9, -0.4, 0.0, 0.2]"
CONTROL,70762970.62100002,"[0.5, 0.2, 0.9, -0.4, 0.0, 0.2]"
CONTROL,70783052.527,"[0.5, 0.2, 0.9, -0.4, 0.0, 0.2]"
CONTROL,70803131.45699994,"[0.5, 0.2, 0.9, -0.4, 0.0, 0.2]"
CONTROL,70823212.24300006,"[0.5, 0.2, 0.9, -0.4, 0.0, 0.2]"
CONTROL,70843292.64400002,"[0.5, 0.2, 0.9, -0.4, 0.0, 0.2]"
CONTROL,70863374.93400003,"[0.5, 0.2, 0.9, -0.4, 0.0, 0.2]"
CONTROL,70883453.83199999,"[0.5, 0.2, 0.9, -0.4, 0.0, 0.2]"
CONTROL,70903535.73799996,"[0.5, 0.2, 0.9, -0.4, 0.0, 0.2]"
CONTROL,70923615.81900002,"[0.5, 0.2, 0.9, -0.4, 0.0, 0.2]"
CONTROL,70943694.81299998,"[0.5, 0.2, 0.9, -0.4, 0.0, 0.2]"
CONTROL,70963775.02300005,"[0.5, 0.2, 0.9, -0.4, 0.0, 0.2]"
CONTROL,70983851.42500001,"[0.5, 0.2, 0.9, -0.4, 0.0, 0.2]"
CONTROL,71003932.082,"[0.5, 0.2, 0.9, -0.4, 0.0, 0.2]"
CONTROL,71024016.29200006,"[0.5, 0.2, 0.9, -0.4, 0.0, 0.2]"
CONTROL,71044095.83000006,"[0.5, 0.2, 0.9, -0.4, 0.0, 0.2]"
CONTROL,71064173.03199999,"[0.5, 0.2, 0.9, -0.4, 0.0, 0.2]"
CONTROL,71084253.62599996,"[0.5, 0.2, 0.9, -0.4, 0.0, 0.2]"
CONTROL,71104335.56299995,"[0.5, 0.2, 0.9, -0.4, 0.0, 0.2]"
CONTROL,71124415.549,"[0.5, 0.2, 0.9, -0.4, 0.0, 0.2]"
CONTROL,71144494.70299996,"[0.5, 0.2, 0.9, -0.4, 0.0, 0.2]"
CONTROL,71164574.84900002,"[0.5, 0.2, 0.9, -0.4, 0.0, 0.2]"
CONTROL,71184654.64200005,"[0.5, 0.2, 0.9, -0.4, 0.0, 0.2]"
CONTROL,71204735.01200001,"[0.5, 0.2, 0.9, -0.4, 0.0, 0.2]"
CONTROL,71224815.03000006,"[0.5, 0.2, 0.9, -0.4, 0.0, 0.2]"
CONTROL,71244895.11199999,"[0.5, 0.2, 0.9, -0.4, 0.0, 0.2]"
CONTROL,71264977.97800004,"[0.5, 0.2, 0.9, -0.4, 0.0, 0.2]"
CONTROL,71285057.83499998,"[0.5, 0.2, 0.9, -0.4, 0.0, 0.2]"
CONTROL,71305211.51899995,"[0.5, 0.200022, 0.899978, -0.399978, 0.0, 0.2]"
CONTROL,71325291.95300004,"[0.5, 0.200089, 0.899911, -0.399911, 0.0, 0.2]"
CONTROL,71345372.48300001,"[0.5, 0.2002, 0.8998, -0.3998, 0.0, 0.2]"
CONTROL,71365452.30900003,"[0.5, 0.200355, 0.899645, -0.399645, 0.0, 0.2]"
CONTROL,71385526.31000005,"[0.5, 0.200555, 0.899445, -0.399445, 0.0, 0.2]"
CONTROL,71405605.78400004,"[0.5, 0.200799, 0.899201, -0.399201, 0.0, 0.2]"
CONTROL,71425686.63400005,"[0.5, 0.201087, 0.898913, -0.398913, 0.0, 0.2]"
CONTROL,71445765.62700002,"[0.5, 0.201419, 0.898581, -0.398581, 0.0, 0.2]"
CONTROL,71465844.36499995,"[0.5, 0.201795, 0.898205, -0.398205, 0.0, 0.2]"
CONTROL,71485923.67900005,"[0.5, 0.202215, 0.897785, -0.397785, 0.0, 0.2]"
CONTROL,71506003.24900006,"[0.5, 0.202678, 0.897322, -0.397322, 0.0, 0.2]"
CONTROL,71526083.16999999,"[0.5, 0.203184, 0.896816, -0.396816, 0.0, 0.2]"
CONTROL,71546163.50799996,"[0.5, 0.203733, 0.896267, -0.396267, 0.0, 0.2]"
CONTROL,71566243.17399997,"[0.5, 0.204325, 0.895675, -0.395675, 0.0, 0.2]"
CONTROL,71586325.848,"[0.5, 0.20496, 0.89504, -0.39504, 0.0, 0.2]"
CONTROL,71606417.738,"[0.5, 0.205637, 0.894363, -0.394363, 0.0, 0.2]"
CONTROL,71626497.40300003,"[0.5, 0.206355, 0.893645, -0.393645, 0.0, 0.2]"
CONTROL,71646577.869,"[0.5, 0.207116, 0.892884, -0.392884, 0.0, 0.2]"
CONTROL,71666656.31900002,"[0.5, 0.207918, 0.892082, -0.392082, 0.0, 0.2]"
CONTROL,71686735.08899997,"[0.5, 0.20876, 0.89124, -0.39124, 0.0, 0.2]"
CONTROL,71706813.21799998,"[0.5, 0.209643, 0.890357, -0.390357, 0.0, 0.2]"
CONTROL,71726892.82,"[0.5, 0.210567, 0.889433, -0.389433, 0.0, 0.2]"
CONTROL,71746972.80600002,"[0.5, 0.21153, 0.88847, -0.38847, 0.0, 0.2]"
CONTROL,71767051.831,"[0.5, 0.212532, 0.887468, -0.387468, 0.0, 0.2]"
CONTROL,71787131.46500002,"[0.5, 0.213574, 0.886426, -0.386426, 0.0, 0.2]"
CONTROL,71807212.21900001,"[0.5, 0.214653, 0.885347, -0.385347, 0.0, 0.2]"
CONTROL,71827295.05300006,"[0.5, 0.215771, 0.884229, -0.384229, 0.0, 0.2]"
CONTROL,71847374.30200005,"[0.5, 0.216926, 0.883074, -0.383074, 0.0, 0.2]"
CONTROL,71867454.83200002,"[0.5, 0.218118, 0.881882, -0.381882, 0.0, 0.2]"
CONTROL,71887532.48199998,"[0.5, 0.219347, 0.880653, -0.380653, 0.0, 0.2]"
CONTROL,71907612.53200004,"[0.5, 0.220611, 0.879389, -0.379389, 0.0, 0.2]"
CONTROL,71927691.525,"[0.5, 0.221911, 0.878089, -0.378089, 0.0, 0.2]"
CONTROL,71947773.30299996,"[0.5, 0.223245, 0.876755, -0.376755, 0.0, 0.2]"
CONTROL,71967852.77699997,"[0.5, 0.224614, 0.875386, -0.375386, 0.0, 0.2]"
CONTROL,71987930.011,"[0.5, 0.226016, 0.873984, -0.373984, 0.0, 0.2]"
CONTROL,72008010.02800006,"[0.5, 0.22745, 0.87255, -0.37255, 0.0, 0.2]"
CONTROL,72028090.11,"[0.5, 0.228918, 0.871082, -0.371082, 0.0, 0.2]"
CONTROL,72048170.44799995,"[0.5, 0.230416, 0.869584, -0.369584, 0.0, 0.2]"
CONTROL,72068255.77799998,"[0.5, 0.231946, 0.868054, -0.368054, 0.0, 0.2]"
CONTROL,72088334.45100003,"[0.5, 0.233506, 0.866494, -0.366494, 0.0, 0.2]"
CONTROL,72108413.57300001,"[0.5, 0.235095, 0.864905, -0.364905, 0.0, 0.2]"
CONTROL,72128491.76700002,"[0.5, 0.236714, 0.863286, -0.363286, 0.0, 0.2]"
CONTROL,72148570.85599999,"[0.5, 0.23836, 0.86164, -0.36164, 0.0, 0.2]"
CONTROL,72168648.92199999,"[0.5, 0.240034, 0.859966, -0.359966, 0.0, 0.2]"
CONTROL,72188727.116,"[0.5, 0.241734, 0.858266, -0.358266, 0.0, 0.2]"
CONTROL,72208806.87800002,"[0.5, 0.243461, 0.856539, -0.356539, 0.0, 0.2]"
CONTROL,72228885.67899998,"[0.5, 0.245212, 0.854788, -0.354788, 0.0, 0.2]"
CONTROL,72248968.19299999,"[0.5, 0.246988, 0.853012, -0.353012, 0.0, 0.2]"
CONTROL,72269047.85900001,"[0.5, 0.248788, 0.851212, -0.351212, 0.0, 0.2]"
CONTROL,72289126.18100002,"[0.5, 0.25061, 0.84939, -0.34939, 0.0, 0.2]"
CONTROL,72309255.73599996,"[0.5, 0.252454, 0.847546, -0.347546, 0.0, 0.2]"
CONTROL,72329334.60100003,"[0.5, 0.254319, 0.845681, -0.345681, 0.0, 0.2]"
CONTROL,72349414.77899997,"[0.5, 0.256205, 0.843795, -0.343795, 0.0, 0.2]"
CONTROL,72369493.93300006,"[0.5, 0.25811, 0.84189, -0.34189, 0.0, 0.2]"
CONTROL,72389572.51099998,"[0.5, 0.260034, 0.839966, -0.339966, 0.0, 0.2]"
CONTROL,72409653.23199998,"[0.5, 0.261975, 0.838025, -0.338025, 0.0, 0.2]"
CONTROL,72429731.87400003,"[0.5, 0.263934, 0.836066, -0.336066, 0.0, 0.2]"
CONTROL,72449811.41200003,"[0.5, 0.265908, 0.834092, -0.334092, 0.0, 0.2]"
CONTROL,72469889.66900006,"[0.5, 0.267898, 0.832102, -0.332102, 0.0, 0.2]"
CONTROL,72489971.67100003,"[0.5, 0.269901, 0.830099, -0.330099, 0.0, 0.2]"
CONTROL,72510051.97699998,"[0.5, 0.271919, 0.828081, -0.328081, 0.0, 0.2]"
CONTROL,72530131.54699999,"[0.5, 0.273948, 0.826052, -0.326052, 0.0, 0.2]"
CONTROL,72550210.66799998,"[0.5, 0.27599, 0.82401, -0.32401, 0.0, 0.2]"
CONTROL,72570290.68600002,"[0.5, 0.278042, 0.821958, -0.321958, 0.0, 0.2]"
CONTROL,72590370.95999998,"[0.5, 0.280103, 0.819897, -0.319897, 0.0, 0.2]"
CONTROL,72610457.95400003,"[0.5, 0.282174, 0.817826, -0.317826, 0.0, 0.2]"
CONTROL,72630540.49900006,"[0.5, 0.284252, 0.815748, -0.315748, 0.0, 0.2]"
CONTROL,72650622.11700001,"[0.5, 0.286338, 0.813662, -0.313662, 0.0, 0.2]"
CONTROL,72670702.935,"[0.5, 0.288429, 0.811571, -0.311571, 0.0, 0.2]"
CONTROL,72690785.16100001,"[0.5, 0.290526, 0.809474, -0.309474, 0.0, 0.2]"
CONTROL,72710862.33000006,"[0.5, 0.292627, 0.807373, -0.307373, 0.0, 0.2]"
CONTROL,72730941.03599998,"[0.5, 0.294731, 0.805269, -0.305269, 0.0, 0.2]"
CONTROL,72751020.79800001,"[0.5, 0.296838, 0.803162, -0.303162, 0.0, 0.2]"
CONTROL,72771102.79900001,"[0.5, 0.298946, 0.801054, -0.301054, 0.0, 0.2]"
CONTROL,72791183.489,"[0.5, 0.301054, 0.798946, -0.298946, 0.0, 0.2]"
CONTROL,72811263.31500001,"[0.5, 0.303162, 0.796838, -0.296838, 0.0, 0.2]"
CONTROL,72831344.10100001,"[0.5, 0.305269, 0.794731, -0.294731, 0.0, 0.2]"
CONTROL,72851423.51000002,"[0.5, 0.307373, 0.792627, -0.292627, 0.0, 0.2]"
CONTROL,72871504.104,"[0.5, 0.309474, 0.790526, -0.290526, 0.0, 0.2]"
CONTROL,72891584.954,"[0.5, 0.311571, 0.788429, -0.288429, 0.0, 0.2]"
CONTROL,72911669.67599997,"[0.5, 0.313662, 0.786338, -0.286338, 0.0, 0.2]"
CONTROL,72931751.10100003,"[0.5, 0.315748, 0.784252, -0.284252, 0.0, 0.2]"
CONTROL,72951833.71099995,"[0.5, 0.317826, 0.782174, -0.282174, 0.0, 0.2]"
CONTROL,72971912.96100004,"[0.5, 0.319897, 0.780103, -0.280103, 0.0, 0.2]"
CONTROL,72991995.05900003,"[0.5, 0.321958, 0.778042, -0.278042, 0.0, 0.2]"
CONTROL,73012075.524,"[0.5, 0.32401, 0.77599, -0.27599, 0.0, 0.2]"
CONTROL,73032156.75800005,"[0.5, 0.326052, 0.773948, -0.273948, 0.0, 0.2]"
CONTROL,73052236.83999997,"[0.5, 0.328081, 0.771919, -0.271919, 0.0, 0.2]"
CONTROL,73072316.538,"[0.5, 0.330099, 0.769901, -0.269901, 0.0, 0.2]"
CONTROL,73092397.13099998,"[0.5, 0.332102, 0.767898, -0.267898, 0.0, 0.2]"
CONTROL,73112477.62899995,"[0.5, 0.334092, 0.765908, -0.265908, 0.0, 0.2]"
CONTROL,73132557.26299997,"[0.5, 0.336066, 0.763934, -0.263934, 0.0, 0.2]"
CONTROL,73152640.19300002,"[0.5, 0.338025, 0.761975, -0.261975, 0.0, 0.2]"
CONTROL,73172719.73000003,"[0.5, 0.339966, 0.760034, -0.260034, 0.0, 0.2]"
CONTROL,73192799.30000004,"[0.5, 0.34189, 0.75811, -0.25811, 0.0, 0.2]"
CONTROL,73212878.93400006,"[0.5, 0.343795, 0.756205, -0.256205, 0.0, 0.2]"
CONTROL,73232958.21500005,"[0.5, 0.345681, 0.754319, -0.254319, 0.0, 0.2]"
CONTROL,73253038.457,"[0.5, 0.347546, 0.752454, -0.252454, 0.0, 0.2]"
CONTROL,73273118.73099996,"[0.5, 0.34939, 0.75061, -0.25061, 0.0, 0.2]"
CONTROL,73293198.97300002,"[0.5, 0.351212, 0.748788, -0.248788, 0.0, 0.2]"
CONTROL,73313352.27199997,"[0.5, 0.353012, 0.746988, -0.246988, 0.0, 0.2]"
CONTROL,73333440.67400002,"[0.5, 0.354788, 0.745212, -0.245212, 0.0, 0.2]"
CONTROL,73353519.82800001,"[0.5, 0.356539, 0.743461, -0.243461, 0.0, 0.2]"
CONTROL,73373599.71800004,"[0.5, 0.358266, 0.741734, -0.241734, 0.0, 0.2]"
CONTROL,73393679.79899998,"[0.5, 0.359966, 0.740034, -0.240034, 0.0, 0.2]"
CONTROL,73413759.433,"[0.5, 0.36164, 0.73836, -0.23836, 0.0, 0.2]"
CONTROL,73433839.67500006,"[0.5, 0.363286, 0.736714, -0.236714, 0.0, 0.2]"
CONTROL,73453920.71699996,"[0.5, 0.364905, 0.735095, -0.235095, 0.0, 0.2]"
CONTROL,73473999.39000002,"[0.5, 0.366494, 0.733506, -0.233506, 0.0, 0.2]"
CONTROL,73494078.38399997,"[0.5, 0.368054, 0.731946, -0.231946, 0.0, 0.2]"
CONTROL,73514163.618,"[0.5, 0.369584, 0.730416, -0.230416, 0.0, 0.2]"
CONTROL,73534246.93199997,"[0.5, 0.371082, 0.728918, -0.228918, 0.0, 0.2]"
CONTROL,73554326.40499999,"[0.5, 0.37255, 0.72745, -0.22745, 0.0, 0.2]"
CONTROL,73574407.12699997,"[0.5, 0.373984, 0.726016, -0.226016, 0.0, 0.2]"
CONTROL,73594486.76099998,"[0.5, 0.375386, 0.724614, -0.224614, 0.0, 0.2]"
CONTROL,73614566.55400002,"[0.5, 0.376755, 0.723245, -0.223245, 0.0, 0.2]"
CONTROL,73634647.212,"[0.5, 0.378089, 0.721911, -0.221911, 0.0, 0.2]"
CONTROL,73654726.558,"[0.5, 0.379389, 0.720611, -0.220611, 0.0, 0.2]"
CONTROL,73674806.15900001,"[0.5, 0.380653, 0.719347, -0.219347, 0.0, 0.2]"
CONTROL,73694885.441,"[0.5, 0.381882, 0.718118, -0.218118, 0.0, 0.2]"
CONTROL,73714964.21100006,"[0.5, 0.383074, 0.716926, -0.216926, 0.0, 0.2]"
CONTROL,73735043.10800001,"[0.5, 0.384229, 0.715771, -0.215771, 0.0, 0.2]"
CONTROL,73755123.38199997,"[0.5, 0.385347, 0.714653, -0.214653, 0.0, 0.2]"
CONTROL,73775204.48799999,"[0.5, 0.386426, 0.713574, -0.213574, 0.0, 0.2]"
CONTROL,73795286.36099997,"[0.5, 0.387468, 0.712532, -0.212532, 0.0, 0.2]"
CONTROL,73815366.05899999,"[0.5, 0.38847, 0.71153, -0.21153, 0.0, 0.2]"
CONTROL,73835445.27699997,"[0.5, 0.389433, 0.710567, -0.210567, 0.0, 0.2]"
CONTROL,73855523.82200001,"[0.5, 0.390357, 0.709643, -0.209643, 0.0, 0.2]"
CONTROL,73875602.62399995,"[0.5, 0.39124, 0.70876, -0.20876, 0.0, 0.2]"
CONTROL,73895681.13799998,"[0.5, 0.392082, 0.707918, -0.207918, 0.0, 0.2]"
CONTROL,73915760.64299999,"[0.5, 0.392884, 0.707116, -0.207116, 0.0, 0.2]"
CONTROL,73935841.01299995,"[0.5, 0.393645, 0.706355, -0.206355, 0.0, 0.2]"
CONTROL,73955921.06300001,"[0.5, 0.394363, 0.705637, -0.205637, 0.0, 0.2]"
CONTROL,73975998.71199998,"[0.5, 0.39504, 0.70496, -0.20496, 0.0, 0.2]"
CONTROL,73996081.89800006,"[0.5, 0.395675, 0.704325, -0.204325, 0.0, 0.2]"
CONTROL,74016165.05200002,"[0.5, 0.396267, 0.703733, -0.203733, 0.0, 0.2]"
CONTROL,74036243.59800005,"[0.5, 0.396816, 0.703184, -0.203184, 0.0, 0.2]"
CONTROL,74056325.31100002,"[0.5, 0.397322, 0.702678, -0.202678, 0.0, 0.2]"
CONTROL,74076405.32899995,"[0.5, 0.397785, 0.702215, -0.202215, 0.0, 0.2]"
CONTROL,74096484.64300005,"[0.5, 0.398205, 0.701795, -0.201795, 0.0, 0.2]"
CONTROL,74116563.316,"[0.5, 0.398581, 0.701419, -0.201419, 0.0, 0.2]"
CONTROL,74136641.73400003,"[0.5, 0.398913, 0.701087, -0.201087, 0.0, 0.2]"
CONTROL,74156721.016,"[0.5, 0.399201, 0.700799, -0.200799, 0.0, 0.2]"
CONTROL,74176798.95300001,"[0.5, 0.399445, 0.700555, -0.200555, 0.0, 0.2]"
CONTROL,74196878.77900003,"[0.5, 0.399645, 0.700355, -0.200355, 0.0, 0.2]"
CONTROL,74216957.99700001,"[0.5, 0.3998, 0.7002, -0.2002, 0.0, 0.2]"
CONTROL,74237037.182,"[0.5, 0.399911, 0.700089, -0.200089, 0.0, 0.2]"
CONTROL,74257116.04800005,"[0.5, 0.399978, 0.700022, -0.200022, 0.0, 0.2]"
CONTROL,74277196.54600003,"[0.5, 0.4, 0.7, -0.2, 0.0, 0.2]"
CONTROL,74297275.18699996,"[0.5, 0.4, 0.7, -0.2, 0.0, 0.2]"
CONTROL,74317418.31099999,"[0.499938, 0.4, 0.7, -0.2, 0.0, 0.2]"
CONTROL,74337499.00099997,"[0.499751, 0.4, 0.7, -0.2, 0.0, 0.2]"
CONTROL,74357578.15399995,"[0.499439, 0.4, 0.7, -0.2, 0.0, 0.2]"
CONTROL,74377658.14,"[0.499003, 0.4, 0.7, -0.2, 0.0, 0.2]"
CONTROL,74397737.742,"[0.498443, 0.4, 0.7, -0.2, 0.0, 0.2]"
CONTROL,74417815.83900002,"[0.497759, 0.4, 0.7, -0.2, 0.0, 0.2]"
CONTROL,74437895.02499999,"[0.49695, 0.4, 0.7, -0.2, 0.0, 0.2]"
CONTROL,74457971.97000001,"[0.496018, 0.4, 0.7, -0.2, 0.0, 0.2]"
CONTROL,74478051.44400002,"[0.494962, 0.4, 0.7, -0.2, 0.0, 0.2]"
CONTROL,74498134.15000005,"[0.493782, 0.4, 0.7, -0.2, 0.0, 0.2]"
CONTROL,74518214.61600003,"[0.49248, 0.4, 0.7, -0.2, 0.0, 0.2]"
CONTROL,74538293.12899995,"[0.491055, 0.4, 0.7, -0.2, 0.0, 0.2]"
CONTROL,74558376.89099997,"[0.489507, 0.4, 0.7, -0.2, 0.0, 0.2]"
CONTROL,74578455.24499999,"[0.487838, 0.4, 0.7, -0.2, 0.0, 0.2]"
CONTROL,74598535.23000003,"[0.486046, 0.4, 0.7, -0.2, 0.0, 0.2]"
CONTROL,74618622.70400001,"[0.484134, 0.4, 0.7, -0.2, 0.0, 0.2]"
CONTROL,74638701.28200005,"[0.482101, 0.4, 0.7, -0.2, 0.0, 0.2]"
CONTROL,74658786.932,"[0.479948, 0.4, 0.7, -0.2, 0.0, 0.2]"
CONTROL,74678868.70899998,"[0.477675, 0.4, 0.7, -0.2, 0.0, 0.2]"
CONTROL,74698948.79100002,"[0.475284, 0.4, 0.7, -0.2, 0.0, 0.2]"
CONTROL,74719025.03299998,"[0.472774, 0.4, 0.7, -0.2, 0.0, 0.2]"
CONTROL,74739104.12199996,"[0.470146, 0.4, 0.7, -0.2, 0.0, 0.2]"
CONTROL,74759185.45199999,"[0.4674, 0.4, 0.7, -0.2, 0.0, 0.2]"
CONTROL,74779267.13399996,"[0.464539, 0.4, 0.7, -0.2, 0.0, 0.2]"
CONTROL,74799346.92699999,"[0.461561, 0.4, 0.7, -0.2, 0.0, 0.2]"
CONTROL,74819427.16900004,"[0.458469, 0.4, 0.7, -0.2, 0.0, 0.2]"
CONTROL,74839508.30699997,"[0.455262, 0.4, 0.7, -0.2, 0.0, 0.2]"
CONTROL,74859589.44399999,"[0.451942, 0.4, 0.7, -0.2, 0.0, 0.2]"
CONTROL,74879669.20600002,"[0.448509, 0.4, 0.7, -0.2, 0.0, 0.2]"
CONTROL,74899751.304,"[0.444964, 0.4, 0.7, -0.2, 0.0, 0.2]"
CONTROL,74919830.96900003,"[0.441309, 0.4, 0.7, -0.2, 0.0, 0.2]"
CONTROL,74939910.60300004,"[0.437544, 0.4, 0.7, -0.2, 0.0, 0.2]"
CONTROL,74959990.65299998,"[0.433669, 0.4, 0.7, -0.2, 0.0, 0.2]"
CONTROL,74980070.15799999,"[0.429686, 0.4, 0.7, -0.2, 0.0, 0.2]"
CONTROL,75000149.12000006,"[0.425597, 0.4, 0.7, -0.2, 0.0, 0.2]"
CONTROL,75020229.90600005,"[0.421401, 0.4, 0.7, -0.2, 0.0, 0.2]"
CONTROL,75040310.27500002,"[0.4171, 0.4, 0.7, -0.2, 0.0, 0.2]"
CONTROL,75060390.45299996,"[0.412695, 0.4, 0.7, -0.2, 0.0, 0.2]"
CONTROL,75080471.20699996,"[0.408188, 0.4, 0.7, -0.2, 0.0, 0.2]"
CONTROL,75100549.78400001,"[0.403579, 0.4, 0.7, -0.2, 0.0, 0.2]"
CONTROL,75120629.034,"[0.398869, 0.4, 0.7, -0.2, 0.0, 0.2]"
CONTROL,75140711.64400002,"[0.394059, 0.4, 0.7, -0.2, 0.0, 0.2]"
CONTROL,75160790.38099997,"[0.389152, 0.4, 0.7, -0.2, 0.0, 0.2]"
CONTROL,75180869.15100002,"[0.384147, 0.4, 0.7, -0.2, 0.0, 0.2]"
CONTROL,75200948.91300005,"[0.379047, 0.4, 0.7, -0.2, 0.0, 0.2]"
CONTROL,75221028.03400002,"[0.373852, 0.4, 0.7, -0.2, 0.0, 0.2]"
CONTROL,75241107.31600001,"[0.368565, 0.4, 0.7, -0.2, 0.0, 0.2]"
CONTROL,75261186.63,"[0.363185, 0.4, 0.7, -0.2, 0.0, 0.2]"
CONTROL,75281266.67900005,"[0.357715, 0.4, 0.7, -0.2, 0.0, 0.2]"
CONTROL,75301347.68899995,"[0.352155, 0.4, 0.7, -0.2, 0.0, 0.2]"
CONTROL,75321487.29200003,"[0.346508, 0.4, 0.7, -0.2, 0.0, 0.2]"
CONTROL,75341570.31799997,"[0.340775, 0.4, 0.7, -0.2, 0.0, 0.2]"
CONTROL,75361650.17600001,"[0.334956, 0.4, 0.7, -0.2, 0.0, 0.2]"
CONTROL,75381731.15300003,"[0.329054, 0.4, 0.7, -0.2, 0.0, 0.2]"
CONTROL,75401812.41899996,"[0.32307, 0.4, 0.7, -0.2, 0.0, 0.2]"
CONTROL,75421891.253,"[0.317006, 0.4, 0.7, -0.2, 0.0, 0.2]"
CONTROL,75441971.01400004,"[0.310862, 0.4, 0.7, -0.2, 0.0, 0.2]"
CONTROL,75462051.80000004,"[0.304642, 0.4, 0.7, -0.2, 0.0, 0.2]"
CONTROL,75482131.94599998,"[0.298345, 0.4, 0.7, -0.2, 0.0, 0.2]"
CONTROL,75502211.77100003,"[0.291974, 0.4, 0.7, -0.2, 0.0, 0.2]"
CONTROL,75522290.989,"[0.28553, 0.4, 0.7, -0.2, 0.0, 0.2]"
CONTROL,75542370.14299998,"[0.279014, 0.4, 0.7, -0.2, 0.0, 0.2]"
CONTROL,75562449.808,"[0.27243, 0.4, 0.7, -0.2, 0.0, 0.2]"
CONTROL,75582530.52999999,"[0.265777, 0.4, 0.7, -0.2, 0.0, 0.2]"
CONTROL,75602609.17100003,"[0.259059, 0.4, 0.7, -0.2, 0.0, 0.2]"
CONTROL,75622689.18899997,"[0.252275, 0.4, 0.7, -0.2, 0.0, 0.2]"
CONTROL,75642768.40700006,"[0.245429, 0.4, 0.7, -0.2, 0.0, 0.2]"
CONTROL,75662847.78399995,"[0.238522, 0.4, 0.7, -0.2, 0.0, 0.2]"
CONTROL,75682928.37800004,"[0.231555, 0.4, 0.7, -0.2, 0.0, 0.2]"
CONTROL,75703009.13200003,"[0.22453, 0.4, 0.7, -0.2, 0.0, 0.2]"
CONTROL,75723088.22100002,"[0.21745, 0.4, 0.7, -0.2, 0.0, 0.2]"
CONTROL,75743168.81499998,"[0.210315, 0.4, 0.7, -0.2, 0.0, 0.2]"
CONTROL,75763247.48900004,"[0.203128, 0.4, 0.7, -0.2, 0.0, 0.2]"
CONTROL,75783326.38599999,"[0.19589, 0.4, 0.7, -0.2, 0.0, 0.2]"
CONTROL,75803405.25200006,"[0.188604, 0.4, 0.7, -0.2, 0.0, 0.2]"
CONTROL,75823484.43700005,"[0.18127, 0.4, 0.7, -0.2, 0.0, 0.2]"
CONTROL,75843562.72700006,"[0.173891, 0.4, 0.7, -0.2, 0.0, 0.2]"
CONTROL,75863641.81700003,"[0.166469, 0.4, 0.7, -0.2, 0.0, 0.2]"
CONTROL,75883720.97000001,"[0.159006, 0.4, 0.7, -0.2, 0.0, 0.2]"
CONTROL,75903803.19600001,"[0.151503, 0.4, 0.7, -0.2, 0.0, 0.2]"
CONTROL,75923882.702,"[0.143962, 0.4, 0.7, -0.2, 0.0, 0.2]"
CONTROL,75943961.951,"[0.136385, 0.4, 0.7, -0.2, 0.0, 0.2]"
CONTROL,75964042.92900002,"[0.128774, 0.4, 0.7, -0.2, 0.0, 0.2]"
CONTROL,75984122.33800001,"[0.121131, 0.4, 0.7, -0.2, 0.0, 0.2]"
CONTROL,76004200.97999994,"[0.113458, 0.4, 0.7, -0.2, 0.0, 0.2]"
CONTROL,76024279.782,"[0.105757, 0.4, 0.7, -0.2, 0.0, 0.2]"
CONTROL,76044359.22300002,"[0.098029, 0.4, 0.7, -0.2, 0.0, 0.2]"
CONTROL,76064438.441,"[0.090277, 0.4, 0.7, -0.2, 0.0, 0.2]"
CONTROL,76084516.85900001,"[0.082502, 0.4, 0.7, -0.2, 0.0, 0.2]"
CONTROL,76104596.55600005,"[0.074707, 0.4, 0.7, -0.2, 0.0, 0.2]"
CONTROL,76124675.55000001,"[0.066893, 0.4, 0.7, -0.2, 0.0, 0.2]"
CONTROL,76144754.15900005,"[0.059063, 0.4, 0.7, -0.2, 0.0, 0.2]"
CONTROL,76164832.51299997,"[0.051217, 0.4, 0.7, -0.2, 0.0, 0.2]"
CONTROL,76184911.66700006,"[0.043359, 0.4, 0.7, -0.2, 0.0, 0.2]"
CONTROL,76204990.46800001,"[0.035491, 0.4, 0.7, -0.2, 0.0, 0.2]"
CONTROL,76225069.814,"[0.027613, 0.4, 0.7, -0.2, 0.0, 0.2]"
CONTROL,76245150.40699998,"[0.019728, 0.4, 0.7, -0.2, 0.0, 0.2]"
CONTROL,76265230.90499996,"[0.011839, 0.4, 0.7, -0.2, 0.0, 0.2]"
CONTROL,76285311.75499995,"[0.003947, 0.4, 0.7, -0.2, 0.0, 0.2]"
CONTROL,76305391.09999995,"[-0.003947, 0.4, 0.7, -0.2, 0.0, 0.2]"
CONTROL,76325525.93599996,"[-0.011839, 0.4, 0.7, -0.2, 0.0, 0.2]"
CONTROL,76345605.95300002,"[-0.019728, 0.4, 0.7, -0.2, 0.0, 0.2]"
CONTROL,76365685.01099998,"[-0.027613, 0.4, 0.7, -0.2, 0.0, 0.2]"
CONTROL,76385765.70099998,"[-0.035491, 0.4, 0.7, -0.2, 0.0, 0.2]"
CONTROL,76405847.03000002,"[-0.043359, 0.4, 0.7, -0.2, 0.0, 0.2]"
CONTROL,76425925.76799996,"[-0.051217, 0.4, 0.7, -0.2, 0.0, 0.2]"
CONTROL,76446005.753,"[-0.059063, 0.4, 0.7, -0.2, 0.0, 0.2]"
CONTROL,76466084.84299998,"[-0.066893, 0.4, 0.7, -0.2, 0.0, 0.2]"
CONTROL,76486163.77300005,"[-0.074707, 0.4, 0.7, -0.2, 0.0, 0.2]"
CONTROL,76506239.21400006,"[-0.082502, 0.4, 0.7, -0.2, 0.0, 0.2]"
CONTROL,76526318.81599995,"[-0.090277, 0.4, 0.7, -0.2, 0.0, 0.2]"
CONTROL,76546395.76099999,"[-0.098029, 0.4, 0.7, -0.2, 0.0, 0.2]"
CONTROL,76566474.24300002,"[-0.105757, 0.4, 0.7, -0.2, 0.0, 0.2]"
CONTROL,76586551.89199999,"[-0.113458, 0.4, 0.7, -0.2, 0.0, 0.2]"
CONTROL,76606630.53400004,"[-0.121131, 0.4, 0.7, -0.2, 0.0, 0.2]"
CONTROL,76626709.65500002,"[-0.128774, 0.4, 0.7, -0.2, 0.0, 0.2]"
CONTROL,76646788.71299998,"[-0.136385, 0.4, 0.7, -0.2, 0.0, 0.2]"
CONTROL,76666867.067,"[-0.143962, 0.4, 0.7, -0.2, 0.0, 0.2]"
CONTROL,76686947.53199998,"[-0.151503, 0.4, 0.7, -0.2, 0.0, 0.2]"
CONTROL,76707022.52600005,"[-0.159006, 0.4, 0.7, -0.2, 0.0, 0.2]"
CONTROL,76727102.28699999,"[-0.166469, 0.4, 0.7, -0.2, 0.0, 0.2]"
CONTROL,76747183.52100001,"[-0.173891, 0.4, 0.7, -0.2, 0.0, 0.2]"
CONTROL,76767262.32299995,"[-0.18127, 0.4, 0.7, -0.2, 0.0, 0.2]"
CONTROL,76787340.35599996,"[-0.188604, 0.4, 0.7, -0.2, 0.0, 0.2]"
CONTROL,76807418.45399995,"[-0.19589, 0.4, 0.7, -0.2, 0.0, 0.2]"
CONTROL,76827497.54300004,"[-0.203128, 0.4, 0.7, -0.2, 0.0, 0.2]"
CONTROL,76847577.52899998,"[-0.210315, 0.4, 0.7, -0.2, 0.0, 0.2]"
CONTROL,76867657.45100002,"[-0.21745, 0.4, 0.7, -0.2, 0.0, 0.2]"
CONTROL,76887737.72399998,"[-0.22453, 0.4, 0.7, -0.2, 0.0, 0.2]"
CONTROL,76907817.42199999,"[-0.231555, 0.4, 0.7, -0.2, 0.0, 0.2]"
CONTROL,76927895.93500003,"[-0.238522, 0.4, 0.7, -0.2, 0.0, 0.2]"
CONTROL,76947974.19300005,"[-0.245429, 0.4, 0.7, -0.2, 0.0, 0.2]"
CONTROL,76968056.38700005,"[-0.252275, 0.4, 0.7, -0.2, 0.0, 0.2]"
CONTROL,76988135.092,"[-0.259059, 0.4, 0.7, -0.2, 0.0, 0.2]"
CONTROL,77008213.47800002,"[-0.265777, 0.4, 0.7, -0.2, 0.0, 0.2]"
CONTROL,77028294.93499996,"[-0.27243, 0.4, 0.7, -0.2, 0.0, 0.2]"
CONTROL,77048373.513,"[-0.279014, 0.4, 0.7, -0.2, 0.0, 0.2]"
CONTROL,77068452.60299997,"[-0.28553, 0.4, 0.7, -0.2, 0.0, 0.2]"
CONTROL,77088531.56400006,"[-0.291974, 0.4, 0.7, -0.2, 0.0, 0.2]"
CONTROL,77108610.87800004,"[-0.298345, 0.4, 0.7, -0.2, 0.0, 0.2]"
CONTROL,77128690.28700005,"[-0.304642, 0.4, 0.7, -0.2, 0.0, 0.2]"
CONTROL,77148769.345,"[-0.310862, 0.4, 0.7, -0.2, 0.0, 0.2]"
CONTROL,77168847.92300004,"[-0.317006, 0.4, 0.7, -0.2, 0.0, 0.2]"
CONTROL,77188926.82000001,"[-0.32307, 0.4, 0.7, -0.2, 0.0, 0.2]"
CONTROL,77209004.21400006,"[-0.329054, 0.4, 0.7, -0.2, 0.0, 0.2]"
CONTROL,77229085.09499995,"[-0.334956, 0.4, 0.7, -0.2, 0.0, 0.2]"
CONTROL,77249164.08900003,"[-0.340775, 0.4, 0.7, -0.2, 0.0, 0.2]"
CONTROL,77269242.66599996,"[-0.346508, 0.4, 0.7, -0.2, 0.0, 0.2]"
CONTROL,77289322.55600001,"[-0.352155, 0.4, 0.7, -0.2, 0.0, 0.2]"
CONTROL,77309408.58999997,"[-0.357715, 0.4, 0.7, -0.2, 0.0, 0.2]"
CONTROL,77329545.69699995,"[-0.363185, 0.4, 0.7, -0.2, 0.0, 0.2]"
CONTROL,77349625.811,"[-0.368565, 0.4, 0.7, -0.2, 0.0, 0.2]"
CONTROL,77369705.25200002,"[-0.373852, 0.4, 0.7, -0.2, 0.0, 0.2]"
CONTROL,77389785.62199998,"[-0.379047, 0.4, 0.7, -0.2, 0.0, 0.2]"
CONTROL,77409864.99999997,"[-0.384147, 0.4, 0.7, -0.2, 0.0, 0.2]"
CONTROL,77429944.34499997,"[-0.389152, 0.4, 0.7, -0.2, 0.0, 0.2]"
CONTROL,77450023.37100004,"[-0.394059, 0.4, 0.7, -0.2, 0.0, 0.2]"
CONTROL,77470104.956,"[-0.398869, 0.4, 0.7, -0.2, 0.0, 0.2]"
CONTROL,77490183.94999996,"[-0.403579, 0.4, 0.7, -0.2, 0.0, 0.2]"
CONTROL,77510266.97600003,"[-0.408188, 0.4, 0.7, -0.2, 0.0, 0.2]"
CONTROL,77530346.28900002,"[-0.412695, 0.4, 0.7, -0.2, 0.0, 0.2]"
CONTROL,77550427.29900004,"[-0.4171, 0.4, 0.7, -0.2, 0.0, 0.2]"
CONTROL,77570507.34799998,"[-0.421401, 0.4, 0.7, -0.2, 0.0, 0.2]"
CONTROL,77590588.358,"[-0.425597, 0.4, 0.7, -0.2, 0.0, 0.2]"
CONTROL,77610673.432,"[-0.429686, 0.4, 0.7, -0.2, 0.0, 0.2]"
CONTROL,77630752.39299996,"[-0.433669, 0.4, 0.7, -0.2, 0.0, 0.2]"
CONTROL,77650831.93099996,"[-0.437544, 0.4, 0.7, -0.2, 0.0, 0.2]"
CONTROL,77670911.53299998,"[-0.441309, 0.4, 0.7, -0.2, 0.0, 0.2]"
CONTROL,77690989.63,"[-0.444964, 0.4, 0.7, -0.2, 0.0, 0.2]"
CONTROL,77711069.77600004,"[-0.448509, 0.4, 0.7, -0.2, 0.0, 0.2]"
CONTROL,77731154.049,"[-0.451942, 0.4, 0.7, -0.2, 0.0, 0.2]"
CONTROL,77751237.13899995,"[-0.455262, 0.4, 0.7, -0.2, 0.0, 0.2]"
CONTROL,77771316.96499999,"[-0.458469, 0.4, 0.7, -0.2, 0.0, 0.2]"
CONTROL,77791396.14999996,"[-0.461561, 0.4, 0.7, -0.2, 0.0, 0.2]"
CONTROL,77811477.76800004,"[-0.464539, 0.4, 0.7, -0.2, 0.0, 0.2]"
CONTROL,77831558.201,"[-0.4674, 0.4, 0.7, -0.2, 0.0, 0.2]"
CONTROL,77851637.80300002,"[-0.470146, 0.4, 0.7, -0.2, 0.0, 0.2]"
CONTROL,77871718.58900002,"[-0.472774, 0.4, 0.7, -0.2, 0.0, 0.2]"
CONTROL,77891797.26199995,"[-0.475284, 0.4, 0.7, -0.2, 0.0, 0.2]"
CONTROL,77911877.44000001,"[-0.477675, 0.4, 0.7, -0.2, 0.0, 0.2]"
CONTROL,77931959.409,"[-0.479948, 0.4, 0.7, -0.2, 0.0, 0.2]"
CONTROL,77952040.09899999,"[-0.482101, 0.4, 0.7, -0.2, 0.0, 0.2]"
CONTROL,77972119.98900002,"[-0.484134, 0.4, 0.7, -0.2, 0.0, 0.2]"
CONTROL,77992198.43800005,"[-0.486046, 0.4, 0.7, -0.2, 0.0, 0.2]"
CONTROL,78012278.87200002,"[-0.487838, 0.4, 0.7, -0.2, 0.0, 0.2]"
CONTROL,78032360.48999998,"[-0.489507, 0.4, 0.7, -0.2, 0.0, 0.2]"
CONTROL,78052443.16300002,"[-0.491055, 0.4, 0.7, -0.2, 0.0, 0.2]"
CONTROL,78072522.82900004,"[-0.49248, 0.4, 0.7, -0.2, 0.0, 0.2]"
CONTROL,78092603.23,"[-0.493782, 0.4, 0.7, -0.2, 0.0, 0.2]"
CONTROL,78112683.53599997,"[-0.494962, 0.4, 0.7, -0.2, 0.0, 0.2]"
CONTROL,78132763.93800004,"[-0.496018, 0.4, 0.7, -0.2, 0.0, 0.2]"
CONTROL,78152844.75500004,"[-0.49695, 0.4, 0.7, -0.2, 0.0, 0.2]"
CONTROL,78172925.89299996,"[-0.497759, 0.4, 0.7, -0.2, 0.0, 0.2]"
CONTROL,78193004.91800004,"[-0.498443, 0.4, 0.7, -0.2, 0.0, 0.2]"
CONTROL,78213086.92000002,"[-0.499003, 0.4, 0.7, -0.2, 0.0, 0.2]"
CONTROL,78233166.52200003,"[-0.499439, 0.4, 0.7, -0.2, 0.0, 0.2]"
CONTROL,78253248.39500001,"[-0.499751, 0.4, 0.7, -0.2, 0.0, 0.2]"
CONTROL,78273330.525,"[-0.499938, 0.4, 0.7, -0.2, 0.0, 0.2]"
CONTROL,78293410.76699996,"[-0.5, 0.4, 0.7, -0.2, 0.0, 0.2]"
CONTROL,78313491.58399996,"[-0.5, 0.4, 0.7, -0.2, 0.0, 0.2]"
CONTROL,78333628.85099995,"[-0.5, 0.399978, 0.700022, -0.200022, 0.0, 0.2]"
CONTROL,78353707.493,"[-0.5, 0.399911, 0.700089, -0.200089, 0.0, 0.2]"
CONTROL,78373787.28700003,"[-0.5, 0.3998, 0.7002, -0.2002, 0.0, 0.2]"
CONTROL,78393867.20799996,"[-0.5, 0.399645, 0.700355, -0.200355, 0.0, 0.2]"
CONTROL,78413946.84199998,"[-0.5, 0.399445, 0.700555, -0.200555, 0.0, 0.2]"
CONTROL,78434026.05899996,"[-0.5, 0.399201, 0.700799, -0.200799, 0.0, 0.2]"
CONTROL,78454105.46899995,"[-0.5, 0.398913, 0.701087, -0.201087, 0.0, 0.2]"
CONTROL,78474185.19799998,"[-0.5, 0.398581, 0.701419, -0.201419, 0.0, 0.2]"
CONTROL,78494265.95199998,"[-0.5, 0.398205, 0.701795, -0.201795, 0.0, 0.2]"
CONTROL,78514344.33700001,"[-0.5, 0.397785, 0.702215, -0.202215, 0.0, 0.2]"
CONTROL,78534422.78700005,"[-0.5, 0.397322, 0.702678, -0.202678, 0.0, 0.2]"
CONTROL,78554501.845,"[-0.5, 0.396816, 0.703184, -0.203184, 0.0, 0.2]"
CONTROL,78574583.07800004,"[-0.5, 0.396267, 0.703733, -0.203733, 0.0, 0.2]"
CONTROL,78594664.47199997,"[-0.5, 0.395675, 0.704325, -0.204325, 0.0, 0.2]"
CONTROL,78614743.68899997,"[-0.5, 0.39504, 0.70496, -0.20496, 0.0, 0.2]"
CONTROL,78634823.579,"[-0.5, 0.394363, 0.705637, -0.205637, 0.0, 0.2]"
CONTROL,78654903.81999996,"[-0.5, 0.393645, 0.706355, -0.206355, 0.0, 0.2]"
CONTROL,78674982.01399997,"[-0.5, 0.392884, 0.707116, -0.207116, 0.0, 0.2]"
CONTROL,78695062.54400006,"[-0.5, 0.392082, 0.707918, -0.207918, 0.0, 0.2]"
CONTROL,78715142.08099996,"[-0.5, 0.39124, 0.70876, -0.20876, 0.0, 0.2]"
CONTROL,78735222.131,"[-0.5, 0.390357, 0.709643, -0.209643, 0.0, 0.2]"
CONTROL,78755305.476,"[-0.5, 0.389433, 0.710567, -0.210567, 0.0, 0.2]"
CONTROL,78775388.94999997,"[-0.5, 0.38847, 0.71153, -0.21153, 0.0, 0.2]"
CONTROL,78795469.03200004,"[-0.5, 0.387468, 0.712532, -0.212532, 0.0, 0.2]"
CONTROL,78815550.16900006,"[-0.5, 0.386426, 0.713574, -0.213574, 0.0, 0.2]"
CONTROL,78835629.83499996,"[-0.5, 0.385347, 0.714653, -0.214653, 0.0, 0.2]"
CONTROL,78855709.37199998,"[-0.5, 0.384229, 0.715771, -0.215771, 0.0, 0.2]"
CONTROL,78875791.15000005,"[-0.5, 0.383074, 0.716926, -0.216926, 0.0, 0.2]"
CONTROL,78895869.82399999,"[-0.5, 0.381882, 0.718118, -0.218118, 0.0, 0.2]"
CONTROL,78915949.64900003,"[-0.5, 0.380653, 0.719347, -0.219347, 0.0, 0.2]"
CONTROL,78936029.53900006,"[-0.5, 0.379389, 0.720611, -0.220611, 0.0, 0.2]"
CONTROL,78956110.13200004,"[-0.5, 0.378089, 0.721911, -0.221911, 0.0, 0.2]"
CONTROL,78976188.39000006,"[-0.5, 0.376755, 0.723245, -0.223245, 0.0, 0.2]"
CONTROL,78996267.99099997,"[-0.5, 0.375386, 0.724614, -0.224614, 0.0, 0.2]"
CONTROL,79016347.27299996,"[-0.5, 0.373984, 0.726016, -0.226016, 0.0, 0.2]"
CONTROL,79036425.85,"[-0.5, 0.37255, 0.72745, -0.22745, 0.0, 0.2]"
CONTROL,79056504.42800003,"[-0.5, 0.371082, 0.728918, -0.228918, 0.0, 0.2]"
CONTROL,79076587.74200001,"[-0.5, 0.369584, 0.730416, -0.230416, 0.0, 0.2]"
CONTROL,79096667.66300006,"[-0.5, 0.368054, 0.731946, -0.231946, 0.0, 0.2]"
CONTROL,79116746.401,"[-0.5, 0.366494, 0.733506, -0.233506, 0.0, 0.2]"
CONTROL,79136825.61799999,"[-0.5, 0.364905, 0.735095, -0.235095, 0.0, 0.2]"
CONTROL,79156907.58799997,"[-0.5, 0.363286, 0.736714, -0.236714, 0.0, 0.2]"
CONTROL,79176990.35800001,"[-0.5, 0.36164, 0.73836, -0.23836, 0.0, 0.2]"
CONTROL,79197070.37499996,"[-0.5, 0.359966, 0.740034, -0.240034, 0.0, 0.2]"
CONTROL,79217150.13699998,"[-0.5, 0.358266, 0.741734, -0.241734, 0.0, 0.2]"
CONTROL,79237228.49000001,"[-0.5, 0.356539, 0.743461, -0.243461, 0.0, 0.2]"
CONTROL,79257307.35599996,"[-0.5, 0.354788, 0.745212, -0.245212, 0.0, 0.2]"
CONTROL,79277385.51699997,"[-0.5, 0.353012, 0.746988, -0.246988, 0.0, 0.2]"
CONTROL,79297467.90299998,"[-0.5, 0.351212, 0.748788, -0.248788, 0.0, 0.2]"
CONTROL,79317546.16000001,"[-0.5, 0.34939, 0.75061, -0.25061, 0.0, 0.2]"
CONTROL,79337683.55600001,"[-0.5, 0.347546, 0.752454, -0.252454, 0.0, 0.2]"
CONTROL,79357761.90900004,"[-0.5, 0.345681, 0.754319, -0.254319, 0.0, 0.2]"
CONTROL,79377838.40700002,"[-0.5, 0.343795, 0.756205, -0.256205, 0.0, 0.2]"
CONTROL,79397917.592,"[-0.5, 0.34189, 0.75811, -0.25811, 0.0, 0.2]"
CONTROL,79417997.35400002,"[-0.5, 0.339966, 0.760034, -0.260034, 0.0, 0.2]"
CONTROL,79438080.18699996,"[-0.5, 0.338025, 0.761975, -0.261975, 0.0, 0.2]"
CONTROL,79458158.89300002,"[-0.5, 0.336066, 0.763934, -0.263934, 0.0, 0.2]"
CONTROL,79478237.94999999,"[-0.5, 0.334092, 0.765908, -0.265908, 0.0, 0.2]"
CONTROL,79498320.72000004,"[-0.5, 0.332102, 0.767898, -0.267898, 0.0, 0.2]"
CONTROL,79518400.89799999,"[-0.5, 0.330099, 0.769901, -0.269901, 0.0, 0.2]"
CONTROL,79538480.33899999,"[-0.5, 0.328081, 0.771919, -0.271919, 0.0, 0.2]"
CONTROL,79558559.26900005,"[-0.5, 0.326052, 0.773948, -0.273948, 0.0, 0.2]"
CONTROL,79578640.79,"[-0.5, 0.32401, 0.77599, -0.27599, 0.0, 0.2]"
CONTROL,79598719.87999998,"[-0.5, 0.321958, 0.778042, -0.278042, 0.0, 0.2]"
CONTROL,79618800.31299995,"[-0.5, 0.319897, 0.780103, -0.280103, 0.0, 0.2]"
CONTROL,79638878.12300004,"[-0.5, 0.317826, 0.782174, -0.282174, 0.0, 0.2]"
CONTROL,79658957.21200001,"[-0.5, 0.315748, 0.784252, -0.284252, 0.0, 0.2]"
CONTROL,79679037.26199995,"[-0.5, 0.313662, 0.786338, -0.286338, 0.0, 0.2]"
CONTROL,79699115.45499997,"[-0.5, 0.311571, 0.788429, -0.288429, 0.0, 0.2]"
CONTROL,79719195.69700003,"[-0.5, 0.309474, 0.790526, -0.290526, 0.0, 0.2]"
CONTROL,79739275.80999999,"[-0.5, 0.307373, 0.792627, -0.292627, 0.0, 0.2]"
CONTROL,79759356.53199998,"[-0.5, 0.305269, 0.794731, -0.294731, 0.0, 0.2]"
CONTROL,79779439.04599999,"[-0.5, 0.303162, 0.796838, -0.296838, 0.0, 0.2]"
CONTROL,79799519.63899998,"[-0.5, 0.301054, 0.798946, -0.298946, 0.0, 0.2]"
CONTROL,79819600.841,"[-0.5, 0.298946, 0.801054, -0.301054, 0.0, 0.2]"
CONTROL,79839683.76999997,"[-0.5, 0.296838, 0.803162, -0.303162, 0.0, 0.2]"
CONTROL,79859764.39600006,"[-0.5, 0.294731, 0.805269, -0.305269, 0.0, 0.2]"
CONTROL,79879844.478,"[-0.5, 0.292627, 0.807373, -0.307373, 0.0, 0.2]"
CONTROL,79899927.56699996,"[-0.5, 0.290526, 0.809474, -0.309474, 0.0, 0.2]"
CONTROL,79920006.27300002,"[-0.5, 0.288429, 0.811571, -0.311571, 0.0, 0.2]"
CONTROL,79940086.96200001,"[-0.5, 0.286338, 0.813662, -0.313662, 0.0, 0.2]"
CONTROL,79960168.10000004,"[-0.5, 0.284252, 0.815748, -0.315748, 0.0, 0.2]"
CONTROL,79980248.78900003,"[-0.5, 0.282174, 0.817826, -0.317826, 0.0, 0.2]"
CONTROL,80000329.415,"[-0.5, 0.280103, 0.819897, -0.319897, 0.0, 0.2]"
CONTROL,80020409.20900004,"[-0.5, 0.278042, 0.821958, -0.321958, 0.0, 0.2]"
CONTROL,80040488.74600005,"[-0.5, 0.27599, 0.82401, -0.32401, 0.0, 0.2]"
CONTROL,80060571.13199995,"[-0.5, 0.273948, 0.826052, -0.326052, 0.0, 0.2]"
CONTROL,80080651.59700005,"[-0.5, 0.271919, 0.828081, -0.328081, 0.0, 0.2]"
CONTROL,80100731.51899996,"[-0.5, 0.269901, 0.830099, -0.330099, 0.0, 0.2]"
CONTROL,80120811.53600001,"[-0.5, 0.267898, 0.832102, -0.332102, 0.0, 0.2]"
CONTROL,80140892.00199999,"[-0.5, 0.265908, 0.834092, -0.334092, 0.0, 0.2]"
CONTROL,80160972.05100004,"[-0.5, 0.263934, 0.836066, -0.336066, 0.0, 0.2]"
CONTROL,80181051.97299996,"[-0.5, 0.261975, 0.838025, -0.338025, 0.0, 0.2]"
CONTROL,80201132.53500006,"[-0.5, 0.260034, 0.839966, -0.339966, 0.0, 0.2]"
CONTROL,80221213.41599995,"[-0.5, 0.25811, 0.84189, -0.34189, 0.0, 0.2]"
CONTROL,80241292.12200001,"[-0.5, 0.256205, 0.843795, -0.343795, 0.0, 0.2]"
CONTROL,80261372.55499998,"[-0.5, 0.254319, 0.845681, -0.345681, 0.0, 0.2]"
CONTROL,80281453.661,"[-0.5, 0.252454, 0.847546, -0.347546, 0.0, 0.2]"
CONTROL,80301533.83799995,"[-0.5, 0.25061, 0.84939, -0.34939, 0.0, 0.2]"
CONTROL,80321617.59999996,"[-0.5, 0.248788, 0.851212, -0.351212, 0.0, 0.2]"
CONTROL,80341757.39500006,"[-0.5, 0.246988, 0.853012, -0.353012, 0.0, 0.2]"
CONTROL,80361838.37299995,"[-0.5, 0.245212, 0.854788, -0.354788, 0.0, 0.2]"
CONTROL,80381919.766,"[-0.5, 0.243461, 0.856539, -0.356539, 0.0, 0.2]"
CONTROL,80402000.424,"[-0.5, 0.241734, 0.858266, -0.358266, 0.0, 0.2]"
CONTROL,80422080.82599996,"[-0.5, 0.240034, 0.859966, -0.359966, 0.0, 0.2]"
CONTROL,80442161.09900004,"[-0.5, 0.23836, 0.86164, -0.36164, 0.0, 0.2]"
CONTROL,80462241.37299998,"[-0.5, 0.236714, 0.863286, -0.363286, 0.0, 0.2]"
CONTROL,80482322.51000002,"[-0.5, 0.235095, 0.864905, -0.364905, 0.0, 0.2]"
CONTROL,80502403.68000004,"[-0.5, 0.233506, 0.866494, -0.366494, 0.0, 0.2]"
CONTROL,80522483.12100005,"[-0.5, 0.231946, 0.868054, -0.368054, 0.0, 0.2]"
CONTROL,80542563.23499998,"[-0.5, 0.230416, 0.869584, -0.369584, 0.0, 0.2]"
CONTROL,80562641.90800005,"[-0.5, 0.228918, 0.871082, -0.371082, 0.0, 0.2]"
CONTROL,80582723.36599998,"[-0.5, 0.22745, 0.87255, -0.37255, 0.0, 0.2]"
CONTROL,80602803.41500004,"[-0.5, 0.226016, 0.873984, -0.373984, 0.0, 0.2]"
CONTROL,80622883.36899996,"[-0.5, 0.224614, 0.875386, -0.375386, 0.0, 0.2]"
CONTROL,80642962.58599995,"[-0.5, 0.223245, 0.876755, -0.376755, 0.0, 0.2]"
CONTROL,80663042.34799998,"[-0.5, 0.221911, 0.878089, -0.378089, 0.0, 0.2]"
CONTROL,80683121.82099998,"[-0.5, 0.220611, 0.879389, -0.379389, 0.0, 0.2]"
CONTROL,80703199.40700005,"[-0.5, 0.219347, 0.880653, -0.380653, 0.0, 0.2]"
CONTROL,80723284.48099995,"[-0.5, 0.218118, 0.881882, -0.381882, 0.0, 0.2]"
CONTROL,80743364.59400001,"[-0.5, 0.216926, 0.883074, -0.383074, 0.0, 0.2]"
CONTROL,80763443.55599996,"[-0.5, 0.215771, 0.884229, -0.384229, 0.0, 0.2]"
CONTROL,80783522.74099995,"[-0.5, 0.214653, 0.885347, -0.385347, 0.0, 0.2]"
CONTROL,80803602.40699998,"[-0.5, 0.213574, 0.886426, -0.386426, 0.0, 0.2]"
CONTROL,80823682.45600003,"[-0.5, 0.212532, 0.887468, -0.387468, 0.0, 0.2]"
CONTROL,80843761.44999999,"[-0.5, 0.21153, 0.88847, -0.38847, 0.0, 0.2]"
CONTROL,80863840.66699998,"[-0.5, 0.210567, 0.889433, -0.389433, 0.0, 0.2]"
CONTROL,80883921.35699996,"[-0.5, 0.209643, 0.890357, -0.390357, 0.0, 0.2]"
CONTROL,80904002.75000001,"[-0.5, 0.20876, 0.89124, -0.39124, 0.0, 0.2]"
CONTROL,80924082.48000003,"[-0.5, 0.207918, 0.892082, -0.392082, 0.0, 0.2]"
CONTROL,80944165.69700001,"[-0.5, 0.207116, 0.892884, -0.392884, 0.0, 0.2]"
CONTROL,80964246.61100002,"[-0.5, 0.206355, 0.893645, -0.393645, 0.0, 0.2]"
CONTROL,80984325.796,"[-0.5, 0.205637, 0.894363, -0.394363, 0.0, 0.2]"
CONTROL,81004404.82199997,"[-0.5, 0.20496, 0.89504, -0.39504, 0.0, 0.2]"
CONTROL,81024485.38400006,"[-0.5, 0.204325, 0.895675, -0.395675, 0.0, 0.2]"
CONTROL,81044566.16899996,"[-0.5, 0.203733, 0.896267, -0.396267, 0.0, 0.2]"
CONTROL,81064647.17899996,"[-0.5, 0.203184, 0.896816, -0.396816, 0.0, 0.2]"
CONTROL,81084728.63600002,"[-0.5, 0.202678, 0.897322, -0.397322, 0.0, 0.2]"
CONTROL,81104808.11000003,"[-0.5, 0.202215, 0.897785, -0.397785, 0.0, 0.2]"
CONTROL,81124888.575,"[-0.5, 0.201795, 0.898205, -0.398205, 0.0, 0.2]"
CONTROL,81144970.32099997,"[-0.5, 0.201419, 0.898581, -0.398581, 0.0, 0.2]"
CONTROL,81165049.95399998,"[-0.5, 0.201087, 0.898913, -0.398913, 0.0, 0.2]"
CONTROL,81185130.57999997,"[-0.5, 0.200799, 0.899201, -0.399201, 0.0, 0.2]"
CONTROL,81205211.46099998,"[-0.5, 0.200555, 0.899445, -0.399445, 0.0, 0.2]"
CONTROL,81225294.007,"[-0.5, 0.200355, 0.899645, -0.399645, 0.0, 0.2]"
CONTROL,81245373.86500004,"[-0.5, 0.2002, 0.8998, -0.3998, 0.0, 0.2]"
CONTROL,81265454.90600006,"[-0.5, 0.200089, 0.899911, -0.399911, 0.0, 0.2]"
CONTROL,81285536.396,"[-0.5, 0.200022, 0.899978, -0.399978, 0.0, 0.2]"
CONTROL,81305616.92499998,"[-0.5, 0.2, 0.9, -0.4, 0.0, 0.2]"
CONTROL,81325699.11899997,"[-0.5, 0.2, 0.9, -0.4, 0.0, 0.2]"
CONTROL,81345836.61,"[-0.5, 0.2, 0.9, -0.4, 0.0, 0.2]"
CONTROL,81365919.41200005,"[-0.5, 0.2, 0.9, -0.4, 0.0, 0.2]"
CONTROL,81386001.029,"[-0.5, 0.2, 0.9, -0.4, 0.0, 0.2]"
CONTROL,81406081.07900004,"[-0.5, 0.2, 0.9, -0.4, 0.0, 0.2]"
CONTROL,81426160.93599997,"[-0.5, 0.2, 0.9, -0.4, 0.0, 0.2]"
CONTROL,81446243.00199996,"[-0.5, 0.2, 0.9, -0.4, 0.0, 0.2]"
CONTROL,81466324.171,"[-0.5, 0.2, 0.9, -0.4, 0.0, 0.2]"
CONTROL,81486403.58099999,"[-0.5, 0.2, 0.9, -0.4, 0.0, 0.2]"
CONTROL,81506484.55800001,"[-0.5, 0.2, 0.9, -0.4, 0.0, 0.2]"
CONTROL,81526564.35200004,"[-0.5, 0.2, 0.9, -0.4, 0.0, 0.2]"
CONTROL,81546645.42499995,"[-0.5, 0.2, 0.9, -0.4, 0.0, 0.2]"
CONTROL,81566725.44299999,"[-0.5, 0.2, 0.9, -0.4, 0.0, 0.2]"
CONTROL,81586806.80400005,"[-0.5, 0.2, 0.9, -0.4, 0.0, 0.2]"
CONTROL,81606887.078,"[-0.5, 0.2, 0.9, -0.4, 0.0, 0.2]"
CONTROL,81626962.80700004,"[-0.5, 0.2, 0.9, -0.4, 0.0, 0.2]"
CONTROL,81647040.71300003,"[-0.5, 0.2, 0.9, -0.4, 0.0, 0.2]"
CONTROL,81667124.12200002,"[-0.5, 0.2, 0.9, -0.4, 0.0, 0.2]"
CONTROL,81687203.17999998,"[-0.5, 0.2, 0.9, -0.4, 0.0, 0.2]"
CONTROL,81707281.437,"[-0.5, 0.2, 0.9, -0.4, 0.0, 0.2]"
CONTROL,81727360.847,"[-0.5, 0.2, 0.9, -0.4, 0.0, 0.2]"
CONTROL,81747439.80799997,"[-0.5, 0.2, 0.9, -0.4, 0.0, 0.2]"
CONTROL,81767518.258,"[-0.5, 0.2, 0.9, -0.4, 0.0, 0.2]"
CONTROL,81787598.30700006,"[-0.5, 0.2, 0.9, -0.4, 0.0, 0.2]"
CONTROL,81807677.55700004,"[-0.5, 0.2, 0.9, -0.4, 0.0, 0.2]"
CONTROL,81827758.91799997,"[-0.5, 0.2, 0.9, -0.4, 0.0, 0.2]"
CONTROL,81847838.616,"[-0.5, 0.2, 0.9, -0.4, 0.0, 0.2]"
CONTROL,81867918.53700003,"[-0.5, 0.2, 0.9, -0.4, 0.0, 0.2]"
CONTROL,81887997.531,"[-0.5, 0.2, 0.9, -0.4, 0.0, 0.2]"
CONTROL,81908076.14000005,"[-0.5, 0.2, 0.9, -0.4, 0.0, 0.2]"
CONTROL,81928156.57400002,"[-0.5, 0.2, 0.9, -0.4, 0.0, 0.2]"
CONTROL,81948237.55100003,"[-0.5, 0.2, 0.9, -0.4, 0.0, 0.200277]"
CONTROL,81968320.86500001,"[-0.5, 0.2, 0.9, -0.4, 0.0, 0.201106]"
CONTROL,81988399.85799998,"[-0.5, 0.2, 0.9, -0.4, 0.0, 0.202488]"
CONTROL,82008483.87600002,"[-0.5, 0.2, 0.9, -0.4, 0.0, 0.204419]"
CONTROL,82028564.05299997,"[-0.5, 0.2, 0.9, -0.4, 0.0, 0.206896]"
CONTROL,82048643.07900004,"[-0.5, 0.2, 0.9, -0.4, 0.0, 0.209916]"
CONTROL,82068722.99999997,"[-0.5, 0.2, 0.9, -0.4, 0.0, 0.213473]"
CONTROL,82088802.698,"[-0.5, 0.2, 0.9, -0.4, 0.0, 0.217563]"
CONTROL,82108885.40400003,"[-0.5, 0.2, 0.9, -0.4, 0.0, 0.222178]"
CONTROL,82128963.69300006,"[-0.5, 0.2, 0.9, -0.4, 0.0, 0.227312]"
CONTROL,82149043.51799999,"[-0.5, 0.2, 0.9, -0.4, 0.0, 0.232956]"
CONTROL,82169123.24800001,"[-0.5, 0.2, 0.9, -0.4, 0.0, 0.239101]"
CONTROL,82189202.20899998,"[-0.5, 0.2, 0.9, -0.4, 0.0, 0.245738]"
CONTROL,82209281.49099995,"[-0.5, 0.2, 0.9, -0.4, 0.0, 0.252856]"
CONTROL,82229362.11600006,"[-0.5, 0.2, 0.9, -0.4, 0.0, 0.260444]"
CONTROL,82249442.03799999,"[-0.5, 0.2, 0.9, -0.4, 0.0, 0.268489]"
CONTROL,82269521.89500003,"[-0.5, 0.2, 0.9, -0.4, 0.0, 0.27698]"
CONTROL,82289601.43300003,"[-0.5, 0.2, 0.9, -0.4, 0.0, 0.285902]"
CONTROL,82309679.84999995,"[-0.5, 0.2, 0.9, -0.4, 0.0, 0.295242]"
CONTROL,82329759.45199996,"[-0.5, 0.2, 0.9, -0.4, 0.0, 0.304985]"
CONTROL,82349897.58300003,"[-0.5, 0.2, 0.9, -0.4, 0.0, 0.315116]"
CONTROL,82369978.59300004,"[-0.5, 0.2, 0.9, -0.4, 0.0, 0.325617]"
CONTROL,82390059.18600003,"[-0.5, 0.2, 0.9, -0.4, 0.0, 0.336474]"
CONTROL,82410139.26799996,"[-0.5, 0.2, 0.9, -0.4, 0.0, 0.347668]"
CONTROL,82430222.16500004,"[-0.5, 0.2, 0.9, -0.4, 0.0, 0.359182]"
CONTROL,82450301.09499998,"[-0.5, 0.2, 0.9, -0.4, 0.0, 0.370998]"
CONTROL,82470382.58400005,"[-0.5, 0.2, 0.9, -0.4, 0.0, 0.383096]"
CONTROL,82490461.57800001,"[-0.5, 0.2, 0.9, -0.4, 0.0, 0.395459]"
CONTROL,82510541.08300002,"[-0.5, 0.2, 0.9, -0.4, 0.0, 0.408066]"
CONTROL,82530621.42099997,"[-0.5, 0.2, 0.9, -0.4, 0.0, 0.420898]"
CONTROL,82550700.31800005,"[-0.5, 0.2, 0.9, -0.4, 0.0, 0.433933]"
CONTROL,82570779.91899996,"[-0.5, 0.2, 0.9, -0.4, 0.0, 0.447152]"
CONTROL,82590859.39299996,"[-0.5, 0.2, 0.9, -0.4, 0.0, 0.460534]"
CONTROL,82610940.04999995,"[-0.5, 0.2, 0.9, -0.4, 0.0, 0.474057]"
CONTROL,82631019.04400003,"[-0.5, 0.2, 0.9, -0.4, 0.0, 0.487701]"
CONTROL,82651099.66900001,"[-0.5, 0.2, 0.9, -0.4, 0.0, 0.501443]"
CONTROL,82671180.00699997,"[-0.5, 0.2, 0.9, -0.4, 0.0, 0.515261]"
CONTROL,82691260.75999998,"[-0.5, 0.2, 0.9, -0.4, 0.0, 0.529135]"
CONTROL,82711339.146,"[-0.5, 0.2, 0.9, -0.4, 0.0, 0.543041]"
CONTROL,82731419.771,"[-0.5, 0.2, 0.9, -0.4, 0.0, 0.556959]"
CONTROL,82751500.749,"[-0.5, 0.2, 0.9, -0.4, 0.0, 0.570865]"
CONTROL,82771580.76600006,"[-0.5, 0.2, 0.9, -0.4, 0.0, 0.584739]"
CONTROL,82791660.49599996,"[-0.5, 0.2, 0.9, -0.4, 0.0, 0.598557]"
CONTROL,82811739.42500004,"[-0.5, 0.2, 0.9, -0.4, 0.0, 0.612299]"
CONTROL,82831821.20300001,"[-0.5, 0.2, 0.9, -0.4, 0.0, 0.625943]"
CONTROL,82851901.25200006,"[-0.5, 0.2, 0.9, -0.4, 0.0, 0.639466]"
CONTROL,82871981.55800001,"[-0.5, 0.2, 0.9, -0.4, 0.0, 0.652848]"
CONTROL,82892060.93500002,"[-0.5, 0.2, 0.9, -0.4, 0.0, 0.666067]"
CONTROL,82912139.16100003,"[-0.5, 0.2, 0.9, -0.4, 0.0, 0.679102]"
CONTROL,82932220.07400005,"[-0.5, 0.2, 0.9, -0.4, 0.0, 0.691934]"
CONTROL,82952299.80399995,"[-0.5, 0.2, 0.9, -0.4, 0.0, 0.704541]"
CONTROL,82972379.40499997,"[-0.5, 0.2, 0.9, -0.4, 0.0, 0.716904]"
CONTROL,82992458.27100003,"[-0.5, 0.2, 0.9, -0.4, 0.0, 0.729002]"
CONTROL,83012536.56000006,"[-0.5, 0.2, 0.9, -0.4, 0.0, 0.740818]"
CONTROL,83032617.15400003,"[-0.5, 0.2, 0.9, -0.4, 0.0, 0.752332]"
CONTROL,83052696.21100001,"[-0.5, 0.2, 0.9, -0.4, 0.0, 0.763526]"
CONTROL,83072776.19599995,"[-0.5, 0.2, 0.9, -0.4, 0.0, 0.774383]"
CONTROL,83092854.32599995,"[-0.5, 0.2, 0.9, -0.4, 0.0, 0.784884]"
CONTROL,83112933.54300006,"[-0.5, 0.2, 0.9, -0.4, 0.0, 0.795015]"
CONTROL,83133012.441,"[-0.5, 0.2, 0.9, -0.4, 0.0, 0.804758]"
CONTROL,83153090.82600003,"[-0.5, 0.2, 0.9, -0.4, 0.0, 0.814098]"
CONTROL,83173170.07600002,"[-0.5, 0.2, 0.9, -0.4, 0.0, 0.82302]"
CONTROL,83193249.00499998,"[-0.5, 0.2, 0.9, -0.4, 0.0, 0.831511]"
CONTROL,83213328.51099999,"[-0.5, 0.2, 0.9, -0.4, 0.0, 0.839556]"
CONTROL,83233409.29599999,"[-0.5, 0.2, 0.9, -0.4, 0.0, 0.847144]"
CONTROL,83253489.18600002,"[-0.5, 0.2, 0.9, -0.4, 0.0, 0.854262]"
CONTROL,83273569.20299996,"[-0.5, 0.2, 0.9, -0.4, 0.0, 0.860899]"
CONTROL,83293649.06099999,"[-0.5, 0.2, 0.9, -0.4, 0.0, 0.867044]"
CONTROL,83313728.14999998,"[-0.5, 0.2, 0.9, -0.4, 0.0, 0.872688]"
CONTROL,83333808.10400002,"[-0.5, 0.2, 0.9, -0.4, 0.0, 0.877822]"
CONTROL,83353946.45899999,"[-0.5, 0.2, 0.9, -0.4, 0.0, 0.882437]"
CONTROL,83374025.89999999,"[-0.5, 0.2, 0.9, -0.4, 0.0, 0.886527]"
CONTROL,83394105.98200004,"[-0.5, 0.2, 0.9, -0.4, 0.0, 0.890084]"
CONTROL,83414185.13500002,"[-0.5, 0.2, 0.9, -0.4, 0.0, 0.893104]"
CONTROL,83434265.15299995,"[-0.5, 0.2, 0.9, -0.4, 0.0, 0.895581]"
CONTROL,83454345.26600002,"[-0.5, 0.2, 0.9, -0.4, 0.0, 0.897512]"
CONTROL,83474423.93899997,"[-0.5, 0.2, 0.9, -0.4, 0.0, 0.898894]"
CONTROL,83494504.46900004,"[-0.5, 0.2, 0.9, -0.4, 0.0, 0.899723]"
CONTROL,83514583.36600001,"[-0.5, 0.2, 0.9, -0.4, 0.0, 0.9]"
CONTROL,83534662.13599995,"[-0.5, 0.2, 0.9, -0.4, 0.0, 0.9]"
CONTROL,83554744.36099996,"[-0.5, 0.2, 0.9, -0.4, 0.0, 0.9]"
CONTROL,83574822.13900004,"[-0.5, 0.2, 0.9, -0.4, 0.0, 0.9]"
CONTROL,83594903.30799997,"[-0.5, 0.2, 0.9, -0.4, 0.0, 0.9]"
CONTROL,83614984.89400004,"[-0.5, 0.2, 0.9, -0.4, 0.0, 0.9]"
CONTROL,83635064.49500005,"[-0.5, 0.2, 0.9, -0.4, 0.0, 0.9]"
CONTROL,83655143.84100004,"[-0.5, 0.2, 0.9, -0.4, 0.0, 0.9]"
CONTROL,83675222.19399996,"[-0.5, 0.2, 0.9, -0.4, 0.0, 0.9]"
CONTROL,83695300.41899997,"[-0.5, 0.2, 0.9, -0.4, 0.0, 0.9]"
CONTROL,83715379.06100002,"[-0.5, 0.2, 0.9, -0.4, 0.0, 0.9]"
CONTROL,83735457.89399998,"[-0.5, 0.2, 0.9, -0.4, 0.0, 0.9]"
CONTROL,83755537.72000001,"[-0.5, 0.2, 0.9, -0.4, 0.0, 0.9]"
CONTROL,83775619.20899996,"[-0.5, 0.2, 0.9, -0.4, 0.0, 0.9]"
CONTROL,83795700.635,"[-0.5, 0.2, 0.9, -0.4, 0.0, 0.9]"
CONTROL,83815780.17200002,"[-0.5, 0.2, 0.9, -0.4, 0.0, 0.9]"
CONTROL,83835861.78999996,"[-0.5, 0.2, 0.9, -0.4, 0.0, 0.9]"
CONTROL,83855939.91899998,"[-0.5, 0.2, 0.9, -0.4, 0.0, 0.9]"
CONTROL,83876019.649,"[-0.5, 0.2, 0.9, -0.4, 0.0, 0.9]"
CONTROL,83896098.54599996,"[-0.5, 0.2, 0.9, -0.4, 0.0, 0.9]"
CONTROL,83916180.38700005,"[-0.5, 0.2, 0.9, -0.4, 0.0, 0.9]"
CONTROL,83936259.86100005,"[-0.5, 0.2, 0.9, -0.4, 0.0, 0.9]"
CONTROL,83956338.566,"[-0.5, 0.2, 0.9, -0.4, 0.0, 0.9]"
CONTROL,83976419.76800002,"[-0.5, 0.2, 0.9, -0.4, 0.0, 0.9]"
CONTROL,83996498.40899996,"[-0.5, 0.2, 0.9, -0.4, 0.0, 0.9]"
CONTROL,84016576.66699998,"[-0.5, 0.2, 0.9, -0.4, 0.0, 0.9]"
CONTROL,84036654.92400001,"[-0.5, 0.2, 0.9, -0.4, 0.0, 0.9]"
CONTROL,84056735.00600006,"[-0.5, 0.2, 0.9, -0.4, 0.0, 0.9]"
CONTROL,84076814.76699997,"[-0.5, 0.2, 0.9, -0.4, 0.0, 0.9]"
CONTROL,84096894.30399999,"[-0.5, 0.2, 0.9, -0.4, 0.0, 0.9]"
CONTROL,84116976.11399995,"[-0.5, 0.2, 0.9, -0.4, 0.0, 0.9]"
CONTROL,84137055.939,"[-0.5, 0.2, 0.9, -0.4, 0.0, 0.9]"
CONTROL,84157149.97300006,"[-0.5, 0.200022, 0.899978, -0.399978, 0.0, 0.9]"
CONTROL,84177229.70299996,"[-0.5, 0.200089, 0.899911, -0.399911, 0.0, 0.9]"
CONTROL,84197305.68800002,"[-0.5, 0.2002, 0.8998, -0.3998, 0.0, 0.9]"
CONTROL,84217384.52199997,"[-0.5, 0.200355, 0.899645, -0.399645, 0.0, 0.9]"
CONTROL,84237464.41100001,"[-0.5, 0.200555, 0.899445, -0.399445, 0.0, 0.9]"
CONTROL,84257544.10800004,"[-0.5, 0.200799, 0.899201, -0.399201, 0.0, 0.9]"
CONTROL,84277624.86200003,"[-0.5, 0.201087, 0.898913, -0.398913, 0.0, 0.9]"
CONTROL,84297705.55100003,"[-0.5, 0.201419, 0.898581, -0.398581, 0.0, 0.9]"
CONTROL,84317786.14500001,"[-0.5, 0.201795, 0.898205, -0.398205, 0.0, 0.9]"
CONTROL,84337866.00200005,"[-0.5, 0.202215, 0.897785, -0.397785, 0.0, 0.9]"
CONTROL,84358009.47799999,"[-0.5, 0.202678, 0.897322, -0.397322, 0.0, 0.9]"
CONTROL,84378089.17500001,"[-0.5, 0.203184, 0.896816, -0.396816, 0.0, 0.9]"
CONTROL,84398167.46400005,"[-0.5, 0.203733, 0.896267, -0.396267, 0.0, 0.9]"
CONTROL,84418247.41799997,"[-0.5, 0.204325, 0.895675, -0.395675, 0.0, 0.9]"
CONTROL,84438326.31500004,"[-0.5, 0.20496, 0.89504, -0.39504, 0.0, 0.9]"
CONTROL,84458407.22900005,"[-0.5, 0.205637, 0.894363, -0.394363, 0.0, 0.9]"
CONTROL,84478487.56600001,"[-0.5, 0.206355, 0.893645, -0.393645, 0.0, 0.9]"
CONTROL,84498566.944,"[-0.5, 0.207116, 0.892884, -0.392884, 0.0, 0.9]"
CONTROL,84518647.761,"[-0.5, 0.207918, 0.892082, -0.392082, 0.0, 0.9]"
CONTROL,84538726.27500005,"[-0.5, 0.20876, 0.89124, -0.39124, 0.0, 0.9]"
CONTROL,84558806.58000001,"[-0.5, 0.209643, 0.890357, -0.390357, 0.0, 0.9]"
CONTROL,84578886.24500003,"[-0.5, 0.210567, 0.889433, -0.389433, 0.0, 0.9]"
CONTROL,84598966.80700001,"[-0.5, 0.21153, 0.88847, -0.38847, 0.0, 0.9]"
CONTROL,84619047.432,"[-0.5, 0.212532, 0.887468, -0.387468, 0.0, 0.9]"
CONTROL,84639126.778,"[-0.5, 0.213574, 0.886426, -0.386426, 0.0, 0.9]"
CONTROL,84659206.41100001,"[-0.5, 0.214653, 0.885347, -0.385347, 0.0, 0.9]"
CONTROL,84679285.82100001,"[-0.5, 0.215771, 0.884229, -0.384229, 0.0, 0.9]"
CONTROL,84699364.01400003,"[-0.5, 0.216926, 0.883074, -0.383074, 0.0, 0.9]"
CONTROL,84719442.68699996,"[-0.5, 0.218118, 0.881882, -0.381882, 0.0, 0.9]"
CONTROL,84739520.52900006,"[-0.5, 0.219347, 0.880653, -0.380653, 0.0, 0.9]"
CONTROL,84759600.25799997,"[-0.5, 0.220611, 0.879389, -0.379389, 0.0, 0.9]"
CONTROL,84779678.90000002,"[-0.5, 0.221911, 0.878089, -0.378089, 0.0, 0.9]"
CONTROL,84799760.35699996,"[-0.5, 0.223245, 0.876755, -0.376755, 0.0, 0.9]"
CONTROL,84819839.38300005,"[-0.5, 0.224614, 0.875386, -0.375386, 0.0, 0.9]"
CONTROL,84839920.04000004,"[-0.5, 0.226016, 0.873984, -0.373984, 0.0, 0.9]"
CONTROL,84859999.89699997,"[-0.5, 0.22745, 0.87255, -0.37255, 0.0, 0.9]"
CONTROL,84880079.17899995,"[-0.5, 0.228918, 0.871082, -0.371082, 0.0, 0.9]"
CONTROL,84900158.49200006,"[-0.5, 0.230416, 0.869584, -0.369584, 0.0, 0.9]"
CONTROL,84920236.94199997,"[-0.5, 0.231946, 0.868054, -0.368054, 0.0, 0.9]"
CONTROL,84940316.38299999,"[-0.5, 0.233506, 0.866494, -0.366494, 0.0, 0.9]"
CONTROL,84960396.14500001,"[-0.5, 0.235095, 0.864905, -0.364905, 0.0, 0.9]"
CONTROL,84980476.03400005,"[-0.5, 0.236714, 0.863286, -0.363286, 0.0, 0.9]"
CONTROL,85000555.09100002,"[-0.5, 0.23836, 0.86164, -0.36164, 0.0, 0.9]"
CONTROL,85020636.45299995,"[-0.5, 0.240034, 0.859966, -0.359966, 0.0, 0.9]"
CONTROL,85040716.98200005,"[-0.5, 0.241734, 0.858266, -0.358266, 0.0, 0.9]"
CONTROL,85060795.04800005,"[-0.5, 0.243461, 0.856539, -0.356539, 0.0, 0.9]"
CONTROL,85080874.20100003,"[-0.5, 0.245212, 0.854788, -0.354788, 0.0, 0.9]"
CONTROL,85100953.09899998,"[-0.5, 0.246988, 0.853012, -0.353012, 0.0, 0.9]"
CONTROL,85121034.012,"[-0.5, 0.248788, 0.851212, -0.351212, 0.0, 0.9]"
CONTROL,85141112.78100006,"[-0.5, 0.25061, 0.84939, -0.34939, 0.0, 0.9]"
CONTROL,85161191.00699995,"[-0.5, 0.252454, 0.847546, -0.347546, 0.0, 0.9]"
CONTROL,85181270.67199998,"[-0.5, 0.254319, 0.845681, -0.345681, 0.0, 0.9]"
CONTROL,85201349.09,"[-0.5, 0.256205, 0.843795, -0.343795, 0.0, 0.9]"
CONTROL,85221427.89099996,"[-0.5, 0.25811, 0.84189, -0.34189, 0.0, 0.9]"
CONTROL,85241505.57200006,"[-0.5, 0.260034, 0.839966, -0.339966, 0.0, 0.9]"
CONTROL,85261582.86999999,"[-0.5, 0.261975, 0.838025, -0.338025, 0.0, 0.9]"
CONTROL,85281660.83899999,"[-0.5, 0.263934, 0.836066, -0.336066, 0.0, 0.9]"
CONTROL,85301740.409,"[-0.5, 0.265908, 0.834092, -0.334092, 0.0, 0.9]"
CONTROL,85321822.12199996,"[-0.5, 0.267898, 0.832102, -0.332102, 0.0, 0.9]"
CONTROL,85341901.11500004,"[-0.5, 0.269901, 0.830099, -0.330099, 0.0, 0.9]"
CONTROL,85362038.063,"[-0.5, 0.271919, 0.828081, -0.328081, 0.0, 0.9]"
CONTROL,85382119.52000006,"[-0.5, 0.273948, 0.826052, -0.326052, 0.0, 0.9]"
CONTROL,85402200.94500001,"[-0.5, 0.27599, 0.82401, -0.32401, 0.0, 0.9]"
CONTROL,85422279.33100003,"[-0.5, 0.278042, 0.821958, -0.321958, 0.0, 0.9]"
CONTROL,85442358.74000002,"[-0.5, 0.280103, 0.819897, -0.319897, 0.0, 0.9]"
CONTROL,85462440.13399996,"[-0.5, 0.282174, 0.817826, -0.317826, 0.0, 0.9]"
CONTROL,85482520.31100003,"[-0.5, 0.284252, 0.815748, -0.315748, 0.0, 0.9]"
CONTROL,85502599.561,"[-0.5, 0.286338, 0.813662, -0.313662, 0.0, 0.9]"
CONTROL,85522680.154,"[-0.5, 0.288429, 0.811571, -0.311571, 0.0, 0.9]"
CONTROL,85542760.45899996,"[-0.5, 0.290526, 0.809474, -0.309474, 0.0, 0.9]"
CONTROL,85562840.70100003,"[-0.5, 0.292627, 0.807373, -0.307373, 0.0, 0.9]"
CONTROL,85582919.69399999,"[-0.5, 0.294731, 0.805269, -0.305269, 0.0, 0.9]"
CONTROL,85602999.87200005,"[-0.5, 0.296838, 0.803162, -0.303162, 0.0, 0.9]"
CONTROL,85623079.921,"[-0.5, 0.298946, 0.801054, -0.301054, 0.0, 0.9]"
CONTROL,85643159.55400002,"[-0.5, 0.301054, 0.798946, -0.298946, 0.0, 0.9]"
CONTROL,85663238.676,"[-0.5, 0.303162, 0.796838, -0.296838, 0.0, 0.9]"
CONTROL,85683318.50100003,"[-0.5, 0.305269, 0.794731, -0.294731, 0.0, 0.9]"
CONTROL,85703397.783,"[-0.5, 0.307373, 0.792627, -0.292627, 0.0, 0.9]"
CONTROL,85723477.86399996,"[-0.5, 0.309474, 0.790526, -0.290526, 0.0, 0.9]"
CONTROL,85743559.70600004,"[-0.5, 0.311571, 0.788429, -0.288429, 0.0, 0.9]"
CONTROL,85763639.05100004,"[-0.5, 0.313662, 0.786338, -0.286338, 0.0, 0.9]"
CONTROL,85783718.97199997,"[-0.5, 0.315748, 0.784252, -0.284252, 0.0, 0.9]"
CONTROL,85803801.19799997,"[-0.5, 0.317826, 0.782174, -0.282174, 0.0, 0.9]"
CONTROL,85823880.28699996,"[-0.5, 0.319897, 0.780103, -0.280103, 0.0, 0.9]"
CONTROL,85843959.85699996,"[-0.5, 0.321958, 0.778042, -0.278042, 0.0, 0.9]"
CONTROL,85864038.69000003,"[-0.5, 0.32401, 0.77599, -0.27599, 0.0, 0.9]"
CONTROL,85884117.811,"[-0.5, 0.326052, 0.773948, -0.273948, 0.0, 0.9]"
CONTROL,85904197.50900003,"[-0.5, 0.328081, 0.771919, -0.271919, 0.0, 0.9]"
CONTROL,85924276.75800002,"[-0.5, 0.330099, 0.769901, -0.269901, 0.0, 0.9]"
CONTROL,85944356.26400003,"[-0.5, 0.332102, 0.767898, -0.267898, 0.0, 0.9]"
CONTROL,85964435.80100003,"[-0.5, 0.334092, 0.765908, -0.265908, 0.0, 0.9]"
CONTROL,85984513.54600002,"[-0.5, 0.336066, 0.763934, -0.263934, 0.0, 0.9]"
CONTROL,86004591.67600001,"[-0.5, 0.338025, 0.761975, -0.261975, 0.0, 0.9]"
CONTROL,86024670.66899998,"[-0.5, 0.339966, 0.760034, -0.260034, 0.0, 0.9]"
CONTROL,86044749.21500002,"[-0.5, 0.34189, 0.75811, -0.25811, 0.0, 0.9]"
CONTROL,86064828.07999998,"[-0.5, 0.343795, 0.756205, -0.256205, 0.0, 0.9]"
CONTROL,86084907.36099997,"[-0.5, 0.345681, 0.754319, -0.254319, 0.0, 0.9]"
CONTROL,86104986.70699997,"[-0.5, 0.347546, 0.752454, -0.252454, 0.0, 0.9]"
CONTROL,86125065.47600003,"[-0.5, 0.34939, 0.75061, -0.25061, 0.0, 0.9]"
CONTROL,86145149.11000003,"[-0.5, 0.351212, 0.748788, -0.248788, 0.0, 0.9]"
CONTROL,86165228.19900002,"[-0.5, 0.353012, 0.746988, -0.246988, 0.0, 0.9]"
CONTROL,86185308.82499999,"[-0.5, 0.354788, 0.745212, -0.245212, 0.0, 0.9]"
CONTROL,86205388.58600003,"[-0.5, 0.356539, 0.743461, -0.243461, 0.0, 0.9]"
CONTROL,86225466.84300005,"[-0.5, 0.358266, 0.741734, -0.241734, 0.0, 0.9]"
CONTROL,86245545.03700006,"[-0.5, 0.359966, 0.740034, -0.240034, 0.0, 0.9]"
CONTROL,86265625.63000004,"[-0.5, 0.36164, 0.73836, -0.23836, 0.0, 0.9]"
CONTROL,86285706.64000006,"[-0.5, 0.363286, 0.736714, -0.236714, 0.0, 0.9]"
CONTROL,86305788.19300002,"[-0.5, 0.364905, 0.735095, -0.235095, 0.0, 0.9]"
CONTROL,86325869.52300005,"[-0.5, 0.366494, 0.733506, -0.233506, 0.0, 0.9]"
CONTROL,86345948.90000005,"[-0.5, 0.368054, 0.731946, -0.231946, 0.0, 0.9]"
CONTROL,86366085.36699998,"[-0.5, 0.369584, 0.730416, -0.230416, 0.0, 0.9]"
CONTROL,86386165.44800004,"[-0.5, 0.371082, 0.728918, -0.228918, 0.0, 0.9]"
CONTROL,86406246.52200006,"[-0.5, 0.37255, 0.72745, -0.22745, 0.0, 0.9]"
CONTROL,86426325.89900006,"[-0.5, 0.373984, 0.726016, -0.226016, 0.0, 0.9]"
CONTROL,86446404.41299999,"[-0.5, 0.375386, 0.724614, -0.224614, 0.0, 0.9]"
CONTROL,86466484.014,"[-0.5, 0.376755, 0.723245, -0.223245, 0.0, 0.9]"
CONTROL,86486563.74300003,"[-0.5, 0.378089, 0.721911, -0.221911, 0.0, 0.9]"
CONTROL,86506642.09700005,"[-0.5, 0.379389, 0.720611, -0.220611, 0.0, 0.9]"
CONTROL,86526720.28999996,"[-0.5, 0.380653, 0.719347, -0.219347, 0.0, 0.9]"
CONTROL,86546799.28300004,"[-0.5, 0.381882, 0.718118, -0.218118, 0.0, 0.9]"
CONTROL,86566878.50100002,"[-0.5, 0.383074, 0.716926, -0.216926, 0.0, 0.9]"
CONTROL,86586957.33399998,"[-0.5, 0.384229, 0.715771, -0.215771, 0.0, 0.9]"
CONTROL,86607037.80000006,"[-0.5, 0.385347, 0.714653, -0.214653, 0.0, 0.9]"
CONTROL,86627117.43299997,"[-0.5, 0.386426, 0.713574, -0.213574, 0.0, 0.9]"
CONTROL,86647200.07400002,"[-0.5, 0.387468, 0.712532, -0.212532, 0.0, 0.9]"
CONTROL,86667278.68400006,"[-0.5, 0.38847, 0.71153, -0.21153, 0.0, 0.9]"
CONTROL,86687357.10099998,"[-0.5, 0.389433, 0.710567, -0.210567, 0.0, 0.9]"
CONTROL,86707435.32599999,"[-0.5, 0.390357, 0.709643, -0.209643, 0.0, 0.9]"
CONTROL,86727513.64800002,"[-0.5, 0.39124, 0.70876, -0.20876, 0.0, 0.9]"
CONTROL,86747590.113,"[-0.5, 0.392082, 0.707918, -0.207918, 0.0, 0.9]"
CONTROL,86767669.394,"[-0.5, 0.392884, 0.707116, -0.207116, 0.0, 0.9]"
CONTROL,86787747.46,"[-0.5, 0.393645, 0.706355, -0.206355, 0.0, 0.9]"
CONTROL,86807826.38899995,"[-0.5, 0.394363, 0.705637, -0.205637, 0.0, 0.9]"
CONTROL,86827904.80699998,"[-0.5, 0.39504, 0.70496, -0.20496, 0.0, 0.9]"
CONTROL,86847984.76000004,"[-0.5, 0.395675, 0.704325, -0.204325, 0.0, 0.9]"
CONTROL,86868063.24099995,"[-0.5, 0.396267, 0.703733, -0.203733, 0.0, 0.9]"
CONTROL,86888144.09099996,"[-0.5, 0.396816, 0.703184, -0.203184, 0.0, 0.9]"
CONTROL,86908222.476,"[-0.5, 0.397322, 0.702678, -0.202678, 0.0, 0.9]"
CONTROL,86928303.518,"[-0.5, 0.397785, 0.702215, -0.202215, 0.0, 0.9]"
CONTROL,86948382.51099998,"[-0.5, 0.398205, 0.701795, -0.201795, 0.0, 0.9]"
CONTROL,86968460.832,"[-0.5, 0.398581, 0.701419, -0.201419, 0.0, 0.9]"
CONTROL,86988539.53800005,"[-0.5, 0.398913, 0.701087, -0.201087, 0.0, 0.9]"
CONTROL,87008617.79499996,"[-0.5, 0.399201, 0.700799, -0.200799, 0.0, 0.9]"
CONTROL,87028695.28400004,"[-0.5, 0.399445, 0.700555, -0.200555, 0.0, 0.9]"
CONTROL,87048772.51799996,"[-0.5, 0.399645, 0.700355, -0.200355, 0.0, 0.9]"
CONTROL,87068851.09500001,"[-0.5, 0.3998, 0.7002, -0.2002, 0.0, 0.9]"
CONTROL,87088929.76799996,"[-0.5, 0.399911, 0.700089, -0.200089, 0.0, 0.9]"
CONTROL,87109009.97800002,"[-0.5, 0.399978, 0.700022, -0.200022, 0.0, 0.9]"
CONTROL,87129088.29900004,"[-0.5, 0.4, 0.7, -0.2, 0.0, 0.9]"
CONTROL,87149167.51600003,"[-0.5, 0.4, 0.7, -0.2, 0.0, 0.9]"
CONTROL,87169246.99000004,"[-0.499938, 0.399994, 0.700006, -0.200006, 0.0, 0.9]"
CONTROL,87189325.69499998,"[-0.499751, 0.399975, 0.700025, -0.200025, 0.0, 0.9]"
CONTROL,87209404.94499996,"[-0.499439, 0.399944, 0.700056, -0.200056, 0.0, 0.9]"
CONTROL,87229483.554,"[-0.499003, 0.3999, 0.7001, -0.2001, 0.0, 0.9]"
CONTROL,87249563.85899998,"[-0.498443, 0.399844, 0.700156, -0.200156, 0.0, 0.9]"
CONTROL,87269642.40500002,"[-0.497759, 0.399776, 0.700224, -0.200224, 0.0, 0.9]"
CONTROL,87289720.95000006,"[-0.49695, 0.399695, 0.700305, -0.200305, 0.0, 0.9]"
CONTROL,87309800.19900005,"[-0.496018, 0.399602, 0.700398, -0.200398, 0.0, 0.9]"
CONTROL,87329878.84099998,"[-0.494962, 0.399496, 0.700504, -0.200504, 0.0, 0.9]"
CONTROL,87349957.35400003,"[-0.493782, 0.399378, 0.700622, -0.200622, 0.0, 0.9]"
CONTROL,87370097.72500005,"[-0.49248, 0.399248, 0.700752, -0.200752, 0.0, 0.9]"
CONTROL,87390179.343,"[-0.491055, 0.399105, 0.700895, -0.200895, 0.0, 0.9]"
CONTROL,87410260.224,"[-0.489507, 0.398951, 0.701049, -0.201049, 0.0, 0.9]"
CONTROL,87430338.86499995,"[-0.487838, 0.398784, 0.701216, -0.201216, 0.0, 0.9]"
CONTROL,87450420.89900005,"[-0.486046, 0.398605, 0.701395, -0.201395, 0.0, 0.9]"
CONTROL,87470499.86000001,"[-0.484134, 0.398413, 0.701587, -0.201587, 0.0, 0.9]"
CONTROL,87490580.55,"[-0.482101, 0.39821, 0.70179, -0.20179, 0.0, 0.9]"
CONTROL,87510659.89500001,"[-0.479948, 0.397995, 0.702005, -0.202005, 0.0, 0.9]"
CONTROL,87530737.832,"[-0.477675, 0.397768, 0.702232, -0.202232, 0.0, 0.9]"
CONTROL,87550818.01000005,"[-0.475284, 0.397528, 0.702472, -0.202472, 0.0, 0.9]"
CONTROL,87570896.90700002,"[-0.472774, 0.397277, 0.702723, -0.202723, 0.0, 0.9]"
CONTROL,87590975.57999997,"[-0.470146, 0.397015, 0.702985, -0.202985, 0.0, 0.9]"
CONTROL,87611056.974,"[-0.4674, 0.39674, 0.70326, -0.20326, 0.0, 0.9]"
CONTROL,87631136.73500004,"[-0.464539, 0.396454, 0.703546, -0.203546, 0.0, 0.9]"
CONTROL,87651217.45700003,"[-0.461561, 0.396156, 0.703844, -0.203844, 0.0, 0.9]"
CONTROL,87671296.38599999,"[-0.458469, 0.395847, 0.704153, -0.204153, 0.0, 0.9]"
CONTROL,87691373.61900005,"[-0.455262, 0.395526, 0.704474, -0.204474, 0.0, 0.9]"
CONTROL,87711452.10099997,"[-0.451942, 0.395194, 0.704806, -0.204806, 0.0, 0.9]"
CONTROL,87731531.63799998,"[-0.448509, 0.394851, 0.705149, -0.205149, 0.0, 0.9]"
CONTROL,87751611.04699998,"[-0.444964, 0.394496, 0.705504, -0.205504, 0.0, 0.9]"
CONTROL,87771691.09700003,"[-0.441309, 0.394131, 0.705869, -0.205869, 0.0, 0.9]"
CONTROL,87791770.21800001,"[-0.437544, 0.393754, 0.706246, -0.206246, 0.0, 0.9]"
CONTROL,87811849.403,"[-0.433669, 0.393367, 0.706633, -0.206633, 0.0, 0.9]"
CONTROL,87831928.07700004,"[-0.429686, 0.392969, 0.707031, -0.207031, 0.0, 0.9]"
CONTROL,87852007.86999996,"[-0.425597, 0.39256, 0.70744, -0.20744, 0.0, 0.9]"
CONTROL,87872087.34399997,"[-0.421401, 0.39214, 0.70786, -0.20786, 0.0, 0.9]"
CONTROL,87892166.40100005,"[-0.4171, 0.39171, 0.70829, -0.20829, 0.0, 0.9]"
CONTROL,87912244.84999998,"[-0.412695, 0.39127, 0.70873, -0.20873, 0.0, 0.9]"
CONTROL,87932328.41999997,"[-0.408188, 0.390819, 0.709181, -0.209181, 0.0, 0.9]"
CONTROL,87952409.23699999,"[-0.403579, 0.390358, 0.709642, -0.209642, 0.0, 0.9]"
CONTROL,87972495.78299999,"[-0.398869, 0.389887, 0.710113, -0.210113, 0.0, 0.9]"
CONTROL,87992577.62399998,"[-0.394059, 0.389406, 0.710594, -0.210594, 0.0, 0.9]"
CONTROL,88012657.80100004,"[-0.389152, 0.388915, 0.711085, -0.211085, 0.0, 0.9]"
CONTROL,88032737.43500006,"[-0.384147, 0.388415, 0.711585, -0.211585, 0.0, 0.9]"
CONTROL,88052817.32399999,"[-0.379047, 0.387905, 0.712095, -0.212095, 0.0, 0.9]"
CONTROL,88072897.022,"[-0.373852, 0.387385, 0.712615, -0.212615, 0.0, 0.9]"
CONTROL,88092991.95100005,"[-0.368565, 0.386856, 0.713144, -0.213144, 0.0, 0.9]"
CONTROL,88113071.45700005,"[-0.363185, 0.386318, 0.713682, -0.213682, 0.0, 0.9]"
CONTROL,88133152.21000005,"[-0.357715, 0.385771, 0.714229, -0.214229, 0.0, 0.9]"
CONTROL,88153229.92400001,"[-0.352155, 0.385216, 0.714784, -0.214784, 0.0, 0.9]"
CONTROL,88173309.109,"[-0.346508, 0.384651, 0.715349, -0.215349, 0.0, 0.9]"
CONTROL,88193391.46200003,"[-0.340775, 0.384077, 0.715923, -0.215923, 0.0, 0.9]"
CONTROL,88213470.93600002,"[-0.334956, 0.383496, 0.716504, -0.216504, 0.0, 0.9]"
CONTROL,88233550.63300005,"[-0.329054, 0.382905, 0.717095, -0.217095, 0.0, 0.9]"
CONTROL,88253630.07400006,"[-0.32307, 0.382307, 0.717693, -0.217693, 0.0, 0.9]"
CONTROL,88273709.86799997,"[-0.317006, 0.381701, 0.718299, -0.218299, 0.0, 0.9]"
CONTROL,88293789.88500002,"[-0.310862, 0.381086, 0.718914, -0.218914, 0.0, 0.9]"
CONTROL,88313869.103,"[-0.304642, 0.380464, 0.719536, -0.219536, 0.0, 0.9]"
CONTROL,88333949.05600005,"[-0.298345, 0.379834, 0.720166, -0.220166, 0.0, 0.9]"
CONTROL,88354028.97699998,"[-0.291974, 0.379197, 0.720803, -0.220803, 0.0, 0.9]"
CONTROL,88374168.26000004,"[-0.28553, 0.378553, 0.721447, -0.221447, 0.0, 0.9]"
CONTROL,88394252.46999997,"[-0.279014, 0.377901, 0.722099, -0.222099, 0.0, 0.9]"
CONTROL,88414334.11900005,"[-0.27243, 0.377243, 0.722757, -0.222757, 0.0, 0.9]"
CONTROL,88434413.46500003,"[-0.265777, 0.376578, 0.723422, -0.223422, 0.0, 0.9]"
CONTROL,88454492.20199998,"[-0.259059, 0.375906, 0.724094, -0.224094, 0.0, 0.9]"
CONTROL,88474575.19500005,"[-0.252275, 0.375228, 0.724772, -0.224772, 0.0, 0.9]"
CONTROL,88494656.10900006,"[-0.245429, 0.374543, 0.725457, -0.225457, 0.0, 0.9]"
CONTROL,88514735.19800004,"[-0.238522, 0.373852, 0.726148, -0.226148, 0.0, 0.9]"
CONTROL,88534815.21499997,"[-0.231555, 0.373155, 0.726845, -0.226845, 0.0, 0.9]"
CONTROL,88554895.39300004,"[-0.22453, 0.372453, 0.727547, -0.227547, 0.0, 0.9]"
CONTROL,88574975.76200001,"[-0.21745, 0.371745, 0.728255, -0.228255, 0.0, 0.9]"
CONTROL,88595055.74800006,"[-0.210315, 0.371032, 0.728968, -0.228968, 0.0, 0.9]"
CONTROL,88615139.15700005,"[-0.203128, 0.370313, 0.729687, -0.229687, 0.0, 0.9]"
CONTROL,88635219.27,"[-0.19589, 0.369589, 0.730411, -0.230411, 0.0, 0.9]"
CONTROL,88655299.86399998,"[-0.188604, 0.36886, 0.73114, -0.23114, 0.0, 0.9]"
CONTROL,88675378.185,"[-0.18127, 0.368127, 0.731873, -0.231873, 0.0, 0.9]"
CONTROL,88695457.658,"[-0.173891, 0.367389, 0.732611, -0.232611, 0.0, 0.9]"
CONTROL,88715538.284,"[-0.166469, 0.366647, 0.733353, -0.233353, 0.0, 0.9]"
CONTROL,88735618.23700003,"[-0.159006, 0.365901, 0.734099, -0.234099, 0.0, 0.9]"
CONTROL,88755697.134,"[-0.151503, 0.36515, 0.73485, -0.23485, 0.0, 0.9]"
CONTROL,88775777.56799997,"[-0.143962, 0.364396, 0.735604, -0.235604, 0.0, 0.9]"
CONTROL,88795858.673,"[-0.136385, 0.363638, 0.736362, -0.236362, 0.0, 0.9]"
CONTROL,88815938.019,"[-0.128774, 0.362877, 0.737123, -0.237123, 0.0, 0.9]"
CONTROL,88836020.37200001,"[-0.121131, 0.362113, 0.737887, -0.237887, 0.0, 0.9]"
CONTROL,88856099.62099999,"[-0.113458, 0.361346, 0.738654, -0.238654, 0.0, 0.9]"
CONTROL,88876178.29500005,"[-0.105757, 0.360576, 0.739424, -0.239424, 0.0, 0.9]"
CONTROL,88896259.04800005,"[-0.098029, 0.359803, 0.740197, -0.240197, 0.0, 0.9]"
CONTROL,88916339.92900006,"[-0.090277, 0.359028, 0.740972, -0.240972, 0.0, 0.9]"
CONTROL,88936419.56299996,"[-0.082502, 0.35825, 0.74175, -0.24175, 0.0, 0.9]"
CONTROL,88956499.452,"[-0.074707, 0.357471, 0.742529, -0.242529, 0.0, 0.9]"
CONTROL,88976578.862,"[-0.066893, 0.356689, 0.743311, -0.243311, 0.0, 0.9]"
CONTROL,88996664.22300003,"[-0.059063, 0.355906, 0.744094, -0.244094, 0.0, 0.9]"
CONTROL,89016748.49699998,"[-0.051217, 0.355122, 0.744878, -0.244878, 0.0, 0.9]"
CONTROL,89036829.442,"[-0.043359, 0.354336, 0.745664, -0.245664, 0.0, 0.9]"
CONTROL,89056912.78699999,"[-0.035491, 0.353549, 0.746451, -0.246451, 0.0, 0.9]"
CONTROL,89076992.58100002,"[-0.027613, 0.352761, 0.747239, -0.247239, 0.0, 0.9]"
CONTROL,89097074.454,"[-0.019728, 0.351973, 0.748027, -0.248027, 0.0, 0.9]"
CONTROL,89117161.89599997,"[-0.011839, 0.351184, 0.748816, -0.248816, 0.0, 0.9]"
CONTROL,89137242.16900004,"[-0.003947, 0.350395, 0.749605, -0.249605, 0.0, 0.9]"
CONTROL,89157321.96199997,"[0.003947, 0.349605, 0.750395, -0.250395, 0.0, 0.9]"
CONTROL,89177405.49999997,"[0.011839, 0.348816, 0.751184, -0.251184, 0.0, 0.9]"
CONTROL,89197485.80500004,"[0.019728, 0.348027, 0.751973, -0.251973, 0.0, 0.9]"
CONTROL,89217567.39099999,"[0.027613, 0.347239, 0.752761, -0.252761, 0.0, 0.9]"
CONTROL,89237651.47200003,"[0.035491, 0.346451, 0.753549, -0.253549, 0.0, 0.9]"
CONTROL,89257732.99399997,"[0.043359, 0.345664, 0.754336, -0.254336, 0.0, 0.9]"
CONTROL,89277818.54700004,"[0.051217, 0.344878, 0.755122, -0.255122, 0.0, 0.9]"
CONTROL,89297896.89999996,"[0.059063, 0.344094, 0.755906, -0.255906, 0.0, 0.9]"
CONTROL,89317980.91799998,"[0.066893, 0.343311, 0.756689, -0.256689, 0.0, 0.9]"
CONTROL,89338061.15899995,"[0.074707, 0.342529, 0.757471, -0.257471, 0.0, 0.9]"
CONTROL,89358141.04899998,"[0.082502, 0.34175, 0.75825, -0.25825, 0.0, 0.9]"
CONTROL,89378283.65999997,"[0.090277, 0.340972, 0.759028, -0.259028, 0.0, 0.9]"
CONTROL,89398365.72499996,"[0.098029, 0.340197, 0.759803, -0.259803, 0.0, 0.9]"
CONTROL,89418448.04699998,"[0.105757, 0.339424, 0.760576, -0.260576, 0.0, 0.9]"
CONTROL,89438528.03200002,"[0.113458, 0.338654, 0.761346, -0.261346, 0.0, 0.9]"
CONTROL,89458607.153,"[0.121131, 0.337887, 0.762113, -0.262113, 0.0, 0.9]"
CONTROL,89478688.83499996,"[0.128774, 0.337123, 0.762877, -0.262877, 0.0, 0.9]"
CONTROL,89498771.18799998,"[0.136385, 0.336362, 0.763638, -0.263638, 0.0, 0.9]"
CONTROL,89518852.54900002,"[0.143962, 0.335604, 0.764396, -0.264396, 0.0, 0.9]"
CONTROL,89538931.86300002,"[0.151503, 0.33485, 0.76515, -0.26515, 0.0, 0.9]"
CONTROL,89559013.86400001,"[0.159006, 0.334099, 0.765901, -0.265901, 0.0, 0.9]"
CONTROL,89579093.24100001,"[0.166469, 0.333353, 0.766647, -0.266647, 0.0, 0.9]"
CONTROL,89599173.19500005,"[0.173891, 0.332611, 0.767389, -0.267389, 0.0, 0.9]"
CONTROL,89619254.49199998,"[0.18127, 0.331873, 0.768127, -0.268127, 0.0, 0.9]"
CONTROL,89639334.02999999,"[0.188604, 0.33114, 0.76886, -0.26886, 0.0, 0.9]"
CONTROL,89659413.18299997,"[0.19589, 0.330411, 0.769589, -0.269589, 0.0, 0.9]"
CONTROL,89679493.26400003,"[0.203128, 0.329687, 0.770313, -0.270313, 0.0, 0.9]"
CONTROL,89699576.35399999,"[0.210315, 0.328968, 0.771032, -0.271032, 0.0, 0.9]"
CONTROL,89719656.91499998,"[0.21745, 0.328255, 0.771745, -0.271745, 0.0, 0.9]"
CONTROL,89739735.62000003,"[0.22453, 0.327547, 0.772453, -0.272453, 0.0, 0.9]"
CONTROL,89759815.31800005,"[0.231555, 0.326845, 0.773155, -0.273155, 0.0, 0.9]"
CONTROL,89779894.24700001,"[0.238522, 0.326148, 0.773852, -0.273852, 0.0, 0.9]"
CONTROL,89799974.32799996,"[0.245429, 0.325457, 0.774543, -0.274543, 0.0, 0.9]"
CONTROL,89820055.658,"[0.252275, 0.324772, 0.775228, -0.275228, 0.0, 0.9]"
CONTROL,89840139.86700006,"[0.259059, 0.324094, 0.775906, -0.275906, 0.0, 0.9]"
CONTROL,89860220.04400001,"[0.265777, 0.323422, 0.776578, -0.276578, 0.0, 0.9]"
CONTROL,89880300.83000001,"[0.27243, 0.322757, 0.777243, -0.277243, 0.0, 0.9]"
CONTROL,89900383.91899998,"[0.279014, 0.322099, 0.777901, -0.277901, 0.0, 0.9]"
CONTROL,89920465.40900002,"[0.28553, 0.321447, 0.778553, -0.278553, 0.0, 0.9]"
CONTROL,89940545.90600002,"[0.291974, 0.320803, 0.779197, -0.279197, 0.0, 0.9]"
CONTROL,89960625.53900003,"[0.298345, 0.320166, 0.779834, -0.279834, 0.0, 0.9]"
CONTROL,89980705.26900005,"[0.304642, 0.319536, 0.780464, -0.280464, 0.0, 0.9]"
CONTROL,90000783.81399998,"[0.310862, 0.318914, 0.781086, -0.281086, 0.0, 0.9]"
CONTROL,90020862.48700005,"[0.317006, 0.318299, 0.781701, -0.281701, 0.0, 0.9]"
CONTROL,90040942.31299996,"[0.32307, 0.317693, 0.782307, -0.282307, 0.0, 0.9]"
CONTROL,90061021.56199995,"[0.329054, 0.317095, 0.782905, -0.282905, 0.0, 0.9]"
CONTROL,90081100.58700004,"[0.334956, 0.316504, 0.783496, -0.283496, 0.0, 0.9]"
CONTROL,90101179.35699998,"[0.340775, 0.315923, 0.784077, -0.284077, 0.0, 0.9]"
CONTROL,90121265.32599996,"[0.346508, 0.315349, 0.784651, -0.284651, 0.0, 0.9]"
CONTROL,90141345.59900004,"[0.352155, 0.314784, 0.785216, -0.285216, 0.0, 0.9]"
CONTROL,90161425.00900003,"[0.357715, 0.314229, 0.785771, -0.285771, 0.0, 0.9]"
CONTROL,90181506.65799999,"[0.363185, 0.313682, 0.786318, -0.286318, 0.0, 0.9]"
CONTROL,90201587.09099996,"[0.368565, 0.313144, 0.786856, -0.286856, 0.0, 0.9]"
CONTROL,90221666.56499997,"[0.373852, 0.312615, 0.787385, -0.287385, 0.0, 0.9]"
CONTROL,90241746.48600002,"[0.379047, 0.312095, 0.787905, -0.287905, 0.0, 0.9]"
CONTROL,90261826.59899996,"[0.384147, 0.311585, 0.788415, -0.288415, 0.0, 0.9]"
CONTROL,90281906.521,"[0.389152, 0.311085, 0.788915, -0.288915, 0.0, 0.9]"
CONTROL,90301986.92199998,"[0.394059, 0.310594, 0.789406, -0.289406, 0.0, 0.9]"
CONTROL,90322068.41200002,"[0.398869, 0.310113, 0.789887, -0.289887, 0.0, 0.9]"
CONTROL,90342151.46899998,"[0.403579, 0.309642, 0.790358, -0.290358, 0.0, 0.9]"
CONTROL,90362229.91800003,"[0.408188, 0.309181, 0.790819, -0.290819, 0.0, 0.9]"
CONTROL,90382373.841,"[0.412695, 0.30873, 0.79127, -0.29127, 0.0, 0.9]"
CONTROL,90402456.54700004,"[0.4171, 0.30829, 0.79171, -0.29171, 0.0, 0.9]"
CONTROL,90422537.39600006,"[0.421401, 0.30786, 0.79214, -0.29214, 0.0, 0.9]"
CONTROL,90442617.638,"[0.425597, 0.30744, 0.79256, -0.29256, 0.0, 0.9]"
CONTROL,90462698.58300002,"[0.429686, 0.307031, 0.792969, -0.292969, 0.0, 0.9]"
CONTROL,90482780.07199997,"[0.433669, 0.306633, 0.793367, -0.293367, 0.0, 0.9]"
CONTROL,90502861.17799999,"[0.437544, 0.306246, 0.793754, -0.293754, 0.0, 0.9]"
CONTROL,90522942.34700003,"[0.441309, 0.305869, 0.794131, -0.294131, 0.0, 0.9]"
CONTROL,90543024.60400003,"[0.444964, 0.305504, 0.794496, -0.294496, 0.0, 0.9]"
CONTROL,90563104.74999999,"[0.448509, 0.305149, 0.794851, -0.294851, 0.0, 0.9]"
CONTROL,90583184.54300001,"[0.451942, 0.304806, 0.795194, -0.295194, 0.0, 0.9]"
CONTROL,90603266.99200004,"[0.455262, 0.304474, 0.795526, -0.295526, 0.0, 0.9]"
CONTROL,90623347.71400003,"[0.458469, 0.304153, 0.795847, -0.295847, 0.0, 0.9]"
CONTROL,90643426.99500002,"[0.461561, 0.303844, 0.796156, -0.296156, 0.0, 0.9]"
CONTROL,90663506.14800002,"[0.464539, 0.303546, 0.796454, -0.296454, 0.0, 0.9]"
CONTROL,90683589.59,"[0.4674, 0.30326, 0.79674, -0.29674, 0.0, 0.9]"
CONTROL,90703668.51899996,"[0.470146, 0.302985, 0.797015, -0.297015, 0.0, 0.9]"
CONTROL,90723747.032,"[0.472774, 0.302723, 0.797277, -0.297277, 0.0, 0.9]"
CONTROL,90743827.914,"[0.475284, 0.302472, 0.797528, -0.297528, 0.0, 0.9]"
CONTROL,90763911.38700001,"[0.477675, 0.302232, 0.797768, -0.297768, 0.0, 0.9]"
CONTROL,90783989.48400001,"[0.479948, 0.302005, 0.797995, -0.297995, 0.0, 0.9]"
CONTROL,90804068.66999999,"[0.482101, 0.30179, 0.79821, -0.29821, 0.0, 0.9]"
CONTROL,90824148.143,"[0.484134, 0.301587, 0.798413, -0.298413, 0.0, 0.9]"
CONTROL,90844228.57599998,"[0.486046, 0.301395, 0.798605, -0.298605, 0.0, 0.9]"
CONTROL,90864308.466,"[0.487838, 0.301216, 0.798784, -0.298784, 0.0, 0.9]"
CONTROL,90884387.55499999,"[0.489507, 0.301049, 0.798951, -0.298951, 0.0, 0.9]"
CONTROL,90904466.45199995,"[0.491055, 0.300895, 0.799105, -0.299105, 0.0, 0.9]"
CONTROL,90924546.05399996,"[0.49248, 0.300752, 0.799248, -0.299248, 0.0, 0.9]"
CONTROL,90944625.71899998,"[0.493782, 0.300622, 0.799378, -0.299378, 0.0, 0.9]"
CONTROL,90964704.77599996,"[0.494962, 0.300504, 0.799496, -0.299496, 0.0, 0.9]"
CONTROL,90984787.35399999,"[0.496018, 0.300398, 0.799602, -0.299602, 0.0, 0.9]"
CONTROL,91004867.30700004,"[0.49695, 0.300305, 0.799695, -0.299695, 0.0, 0.9]"
CONTROL,91024946.81200005,"[0.497759, 0.300224, 0.799776, -0.299776, 0.0, 0.9]"
CONTROL,91045027.82199995,"[0.498443, 0.300156, 0.799844, -0.299844, 0.0, 0.9]"
CONTROL,91065107.29499996,"[0.499003, 0.3001, 0.7999, -0.2999, 0.0, 0.9]"
CONTROL,91085186.19200003,"[0.499439, 0.300056, 0.799944, -0.299944, 0.0, 0.9]"
CONTROL,91105265.185,"[0.499751, 0.300025, 0.799975, -0.299975, 0.0, 0.9]"
CONTROL,91125342.35500005,"[0.499938, 0.300006, 0.799994, -0.299994, 0.0, 0.9]"
CONTROL,91145422.82000002,"[0.5, 0.3, 0.8, -0.3, 0.0, 0.9]"
CONTROL,91165503.57300003,"[0.5, 0.3, 0.8, -0.3, 0.0, 0.9]"
CONTROL,91185584.61500004,"[0.499969, 0.299981, 0.799981, -0.299981, 0.0, 0.899975]"
CONTROL,91205664.888,"[0.499875, 0.299925, 0.799925, -0.299925, 0.0, 0.8999]"
CONTROL,91225745.06499995,"[0.49972, 0.299832, 0.799832, -0.299832, 0.0, 0.899776]"
CONTROL,91245824.79499997,"[0.499502, 0.299701, 0.799701, -0.299701, 0.0, 0.899601]"
CONTROL,91265904.428,"[0.499222, 0.299533, 0.799533, -0.299533, 0.0, 0.899377]"
CONTROL,91285983.70899999,"[0.498879, 0.299328, 0.799328, -0.299328, 0.0, 0.899103]"
CONTROL,91306062.95899998,"[0.498475, 0.299085, 0.799085, -0.299085, 0.0, 0.89878]"
CONTROL,91326142.46399999,"[0.498009, 0.298805, 0.798805, -0.298805, 0.0, 0.898407]"
CONTROL,91346224.08100006,"[0.497481, 0.298488, 0.798488, -0.298488, 0.0, 0.897985]"
CONTROL,91366305.731,"[0.496891, 0.298135, 0.798135, -0.298135, 0.0, 0.897513]"
CONTROL,91386456.50199999,"[0.49624, 0.297744, 0.797744, -0.297744, 0.0, 0.896992]"
CONTROL,91406537.89500004,"[0.495527, 0.297316, 0.797316, -0.297316, 0.0, 0.896422]"
CONTROL,91426617.36900005,"[0.494754, 0.296852, 0.796852, -0.296852, 0.0, 0.895803]"
CONTROL,91446695.78599997,"[0.493919, 0.296351, 0.796351, -0.296351, 0.0, 0.895135]"
CONTROL,91466776.50699997,"[0.493023, 0.295814, 0.795814, -0.295814, 0.0, 0.894419]"
CONTROL,91486859.62900004,"[0.492067, 0.29524, 0.79524, -0.29524, 0.0, 0.893654]"
CONTROL,91506939.70999998,"[0.491051, 0.29463, 0.79463, -0.29463, 0.0, 0.89284]"
CONTROL,91527020.559,"[0.489974, 0.293984, 0.793984, -0.293984, 0.0, 0.891979]"
CONTROL,91547104.35300002,"[0.488838, 0.293303, 0.793303, -0.293303, 0.0, 0.89107]"
CONTROL,91567183.21799996,"[0.487642, 0.292585, 0.792585, -0.292585, 0.0, 0.890113]"
CONTROL,91587264.06699997,"[0.486387, 0.291832, 0.791832, -0.291832, 0.0, 0.889109]"
CONTROL,91607343.57299998,"[0.485073, 0.291044, 0.791044, -0.291044, 0.0, 0.888058]"
CONTROL,91627425.34999995,"[0.4837, 0.29022, 0.79022, -0.29022, 0.0, 0.88696]"
CONTROL,91647505.33500001,"[0.482269, 0.289362, 0.789362, -0.289362, 0.0, 0.885815]"
CONTROL,91667584.96800002,"[0.480781, 0.288468, 0.788468, -0.288468, 0.0, 0.884625]"
CONTROL,91687663.38600005,"[0.479234, 0.287541, 0.787541, -0.287541, 0.0, 0.883388]"
CONTROL,91707743.33899999,"[0.477631, 0.286579, 0.786579, -0.286579, 0.0, 0.882105]"
CONTROL,91727823.57999995,"[0.475971, 0.285583, 0.785583, -0.285583, 0.0, 0.880777]"
CONTROL,91747902.57400002,"[0.474255, 0.284553, 0.784553, -0.284553, 0.0, 0.879404]"
CONTROL,91767983.039,"[0.472482, 0.283489, 0.783489, -0.283489, 0.0, 0.877986]"
CONTROL,91788062.51200001,"[0.470654, 0.282393, 0.782393, -0.282393, 0.0, 0.876524]"
CONTROL,91808143.45800002,"[0.468772, 0.281263, 0.781263, -0.281263, 0.0, 0.875017]"
CONTROL,91828223.76299998,"[0.466834, 0.280101, 0.780101, -0.280101, 0.0, 0.873468]"
CONTROL,91848303.65200002,"[0.464843, 0.278906, 0.778906, -0.278906, 0.0, 0.871875]"
CONTROL,91868384.21300001,"[0.462798, 0.277679, 0.777679, -0.277679, 0.0, 0.870239]"
CONTROL,91888463.65500002,"[0.4607, 0.27642, 0.77642, -0.27642, 0.0, 0.86856]"
CONTROL,91908544.248,"[0.45855, 0.27513, 0.77513, -0.27513, 0.0, 0.86684]"
CONTROL,91928624.23300005,"[0.456348, 0.273809, 0.773809, -0.273809, 0.0, 0.865078]"
CONTROL,91948702.45900007,"[0.454094, 0.272456, 0.772456, -0.272456, 0.0, 0.863275]"
CONTROL,91968781.164,"[0.451789, 0.271074, 0.771074, -0.271074, 0.0, 0.861431]"
CONTROL,91988861.05300005,"[0.449434, 0.269661, 0.769661, -0.269661, 0.0, 0.859547]"
CONTROL,92008940.52700005,"[0.44703, 0.268218, 0.768218, -0.268218, 0.0, 0.857624]"
CONTROL,92029018.84799996,"[0.444576, 0.266746, 0.766746, -0.266746, 0.0, 0.855661]"
CONTROL,92049098.48099999,"[0.442074, 0.265244, 0.765244, -0.265244, 0.0, 0.853659]"
CONTROL,92069180.89800002,"[0.439524, 0.263714, 0.763714, -0.263714, 0.0, 0.851619]"
CONTROL,92089262.41999996,"[0.436926, 0.262156, 0.762156, -0.262156, 0.0, 0.849541]"
CONTROL,92109342.405,"[0.434282, 0.260569, 0.760569, -0.260569, 0.0, 0.847426]"
CONTROL,92129422.45399995,"[0.431592, 0.258955, 0.758955, -0.258955, 0.0, 0.845274]"
CONTROL,92149502.72800002,"[0.428857, 0.257314, 0.757314, -0.257314, 0.0, 0.843086]"
CONTROL,92169588.56899999,"[0.426078, 0.255647, 0.755647, -0.255647, 0.0, 0.840862]"
CONTROL,92189668.39400002,"[0.423254, 0.253952, 0.753952, -0.253952, 0.0, 0.838603]"
CONTROL,92209749.72400007,"[0.420387, 0.252232, 0.752232, -0.252232, 0.0, 0.83631]"
CONTROL,92229830.41300006,"[0.417478, 0.250487, 0.750487, -0.250487, 0.0, 0.833982]"
CONTROL,92249911.54999998,"[0.414527, 0.248716, 0.748716, -0.248716, 0.0, 0.831622]"
CONTROL,92269993.10400003,"[0.411535, 0.246921, 0.746921, -0.246921, 0.0, 0.829228]"
CONTROL,92290072.22500002,"[0.408503, 0.245102, 0.745102, -0.245102, 0.0, 0.826802]"
CONTROL,92310152.59399998,"[0.405431, 0.243259, 0.743259, -0.243259, 0.0, 0.824345]"
CONTROL,92330232.93200006,"[0.402321, 0.241392, 0.741392, -0.241392, 0.0, 0.821857]"
CONTROL,92350311.86100002,"[0.399172, 0.239503, 0.739503, -0.239503, 0.0, 0.819338]"
CONTROL,92370393.638,"[0.395987, 0.237592, 0.737592, -0.237592, 0.0, 0.816789]"
CONTROL,92390536.665,"[0.392765, 0.235659, 0.735659, -0.235659, 0.0, 0.814212]"
CONTROL,92410615.59499997,"[0.389507, 0.233704, 0.733704, -0.233704, 0.0, 0.811606]"
CONTROL,92430694.93999997,"[0.386215, 0.231729, 0.731729, -0.231729, 0.0, 0.808972]"
CONTROL,92450774.38099997,"[0.382889, 0.229733, 0.729733, -0.229733, 0.0, 0.806311]"
CONTROL,92470854.81500006,"[0.379529, 0.227718, 0.727718, -0.227718, 0.0, 0.803623]"
CONTROL,92490934.8,"[0.376138, 0.225683, 0.725683, -0.225683, 0.0, 0.80091]"
CONTROL,92511015.20099996,"[0.372714, 0.223629, 0.723629, -0.223629, 0.0, 0.798172]"
CONTROL,92531094.962,"[0.369261, 0.221556, 0.721556, -0.221556, 0.0, 0.795409]"
CONTROL,92551174.33999999,"[0.365777, 0.219466, 0.719466, -0.219466, 0.0, 0.792622]"
CONTROL,92571253.813,"[0.362265, 0.217359, 0.717359, -0.217359, 0.0, 0.789812]"
CONTROL,92591332.23000003,"[0.358725, 0.215235, 0.715235, -0.215235, 0.0, 0.78698]"
CONTROL,92611411.51100002,"[0.355158, 0.213095, 0.713095, -0.213095, 0.0, 0.784126]"
CONTROL,92631490.633,"[0.351564, 0.210938, 0.710938, -0.210938, 0.0, 0.781251]"
CONTROL,92651569.62599997,"[0.347945, 0.208767, 0.708767, -0.208767, 0.0, 0.778356]"
CONTROL,92671650.699,"[0.344302, 0.206581, 0.706581, -0.206581, 0.0, 0.775441]"
CONTROL,92691731.453,"[0.340635, 0.204381, 0.704381, -0.204381, 0.0, 0.772508]"
CONTROL,92711812.62200002,"[0.336946, 0.202167, 0.702167, -0.202167, 0.0, 0.769557]"
CONTROL,92731893.24700002,"[0.333235, 0.199941, 0.699941, -0.199941, 0.0, 0.766588]"
CONTROL,92751972.4,"[0.329503, 0.197702, 0.697702, -0.197702, 0.0, 0.763602]"
CONTROL,92772051.20200005,"[0.325751, 0.195451, 0.695451, -0.195451, 0.0, 0.760601]"
CONTROL,92792132.88300002,"[0.321981, 0.193188, 0.693188, -0.193188, 0.0, 0.757585]"
CONTROL,92812214.27599996,"[0.318192, 0.190915, 0.690915, -0.190915, 0.0, 0.754554]"
CONTROL,92832294.61400004,"[0.314387, 0.188632, 0.688632, -0.188632, 0.0, 0.75151]"
CONTROL,92852374.08700004,"[0.310566, 0.186339, 0.686339, -0.186339, 0.0, 0.748452]"
CONTROL,92872454.32800001,"[0.306729, 0.184037, 0.684037, -0.184037, 0.0, 0.745383]"
CONTROL,92892535.43400003,"[0.302878, 0.181727, 0.681727, -0.181727, 0.0, 0.742303]"
CONTROL,92912613.85100006,"[0.299014, 0.179409, 0.679409, -0.179409, 0.0, 0.739212]"
CONTROL,92932693.64399998,"[0.295138, 0.177083, 0.677083, -0.177083, 0.0, 0.736111]"
CONTROL,92952775.42099996,"[0.291251, 0.174751, 0.674751, -0.174751, 0.0, 0.733001]"
CONTROL,92972856.847,"[0.287353, 0.172412, 0.672412, -0.172412, 0.0, 0.729883]"
CONTROL,92992936.16,"[0.283447, 0.170068, 0.670068, -0.170068, 0.0, 0.726757]"
CONTROL,93013018.257,"[0.279531, 0.167719, 0.667719, -0.167719, 0.0, 0.723625]"
CONTROL,93033099.97099996,"[0.275609, 0.165365, 0.665365, -0.165365, 0.0, 0.720487]"
CONTROL,93053179.44399996,"[0.27168, 0.163008, 0.663008, -0.163008, 0.0, 0.717344]"
CONTROL,93073257.38099997,"[0.267745, 0.160647, 0.660647, -0.160647, 0.0, 0.714196]"
CONTROL,93093348.279,"[0.263807, 0.158284, 0.658284, -0.158284, 0.0, 0.711045]"
CONTROL,93113430.72800003,"[0.259864, 0.155919, 0.655919, -0.155919, 0.0, 0.707891]"
CONTROL,93133512.34499998,"[0.25592, 0.153552, 0.653552, -0.153552, 0.0, 0.704736]"
CONTROL,93153593.51500002,"[0.251973, 0.151184, 0.651184, -0.151184, 0.0, 0.701579]"
CONTROL,93173672.44399998,"[0.248027, 0.148816, 0.648816, -0.148816, 0.0, 0.698421]"
CONTROL,93193751.88499999,"[0.24408, 0.146448, 0.646448, -0.146448, 0.0, 0.695264]"
CONTROL,93213833.85499996,"[0.240136, 0.144081, 0.644081, -0.144081, 0.0, 0.692109]"
CONTROL,93233914.09600003,"[0.236193, 0.141716, 0.641716, -0.141716, 0.0, 0.688955]"
CONTROL,93253994.78500003,"[0.232255, 0.139353, 0.639353, -0.139353, 0.0, 0.685804]"
CONTROL,93274080.819,"[0.22832, 0.136992, 0.636992, -0.136992, 0.0, 0.682656]"
CONTROL,93294159.97199999,"[0.224391, 0.134635, 0.634635, -0.134635, 0.0, 0.679513]"
CONTROL,93314239.54100001,"[0.220469, 0.132281, 0.632281, -0.132281, 0.0, 0.676375]"
CONTROL,93334320.45500001,"[0.216553, 0.129932, 0.629932, -0.129932, 0.0, 0.673243]"
CONTROL,93354400.63199997,"[0.212647, 0.127588, 0.627588, -0.127588, 0.0, 0.670117]"
CONTROL,93374481.00100005,"[0.208749, 0.125249, 0.625249, -0.125249, 0.0, 0.666999]"
CONTROL,93394633.88499996,"[0.204862, 0.122917, 0.622917, -0.122917, 0.0, 0.663889]"
CONTROL,93414716.42999999,"[0.200986, 0.120591, 0.620591, -0.120591, 0.0, 0.660788]"
CONTROL,93434797.37500001,"[0.197122, 0.118273, 0.618273, -0.118273, 0.0, 0.657697]"
CONTROL,93454876.59200001,"[0.193271, 0.115963, 0.615963, -0.115963, 0.0, 0.654617]"
CONTROL,93474957.69800003,"[0.189434, 0.113661, 0.613661, -0.113661, 0.0, 0.651548]"
CONTROL,93495037.45900007,"[0.185613, 0.111368, 0.611368, -0.111368, 0.0, 0.64849]"
CONTROL,93515118.82,"[0.181808, 0.109085, 0.609085, -0.109085, 0.0, 0.645446]"
CONTROL,93535197.59000005,"[0.178019, 0.106812, 0.606812, -0.106812, 0.0, 0.642415]"
CONTROL,93555278.02300003,"[0.174249, 0.104549, 0.604549, -0.104549, 0.0, 0.639399]"
CONTROL,93575356.72799997,"[0.170497, 0.102298, 0.602298, -0.102298, 0.0, 0.636398]"
CONTROL,93595438.05700003,"[0.166765, 0.100059, 0.600059, -0.100059, 0.0, 0.633412]"
CONTROL,93615518.87500001,"[0.163054, 0.097833, 0.597833, -0.097833, 0.0, 0.630443]"
CONTROL,93635599.88400005,"[0.159365, 0.095619, 0.595619, -0.095619, 0.0, 0.627492]"
CONTROL,93655679.80499998,"[0.155698, 0.093419, 0.593419, -0.093419, 0.0, 0.624559]"
CONTROL,93675759.18199998,"[0.152055, 0.091233, 0.591233, -0.091233, 0.0, 0.621644]"
CONTROL,93695842.36800006,"[0.148436, 0.089062, 0.589062, -0.089062, 0.0, 0.618749]"
CONTROL,93715921.80899996,"[0.144842, 0.086905, 0.586905, -0.086905, 0.0, 0.615874]"
CONTROL,93736001.698,"[0.141275, 0.084765, 0.584765, -0.084765, 0.0, 0.61302]"
CONTROL,93756083.25200005,"[0.137735, 0.082641, 0.582641, -0.082641, 0.0, 0.610188]"
CONTROL,93776162.50100005,"[0.134223, 0.080534, 0.580534, -0.080534, 0.0, 0.607378]"
CONTROL,93796242.646,"[0.130739, 0.078444, 0.578444, -0.078444, 0.0, 0.604591]"
CONTROL,93816322.82299995,"[0.127286, 0.076371, 0.576371, -0.076371, 0.0, 0.601828]"
CONTROL,93836403.09700002,"[0.123862, 0.074317, 0.574317, -0.074317, 0.0, 0.59909]"
CONTROL,93856483.01799995,"[0.120471, 0.072282, 0.572282, -0.072282, 0.0, 0.596377]"
CONTROL,93876562.07500003,"[0.117111, 0.070267, 0.570267, -0.070267, 0.0, 0.593689]"
CONTROL,93896640.52399996,"[0.113785, 0.068271, 0.568271, -0.068271, 0.0, 0.591028]"
CONTROL,93916720.86200003,"[0.110493, 0.066296, 0.566296, -0.066296, 0.0, 0.588394]"
CONTROL,93936800.52700005,"[0.107235, 0.064341, 0.564341, -0.064341, 0.0, 0.585788]"
CONTROL,93956881.21600005,"[0.104013, 0.062408, 0.562408, -0.062408, 0.0, 0.583211]"
CONTROL,93976961.10599998,"[0.100828, 0.060497, 0.560497, -0.060497, 0.0, 0.580662]"
CONTROL,93997041.34700005,"[0.097679, 0.058608, 0.558608, -0.058608, 0.0, 0.578143]"
CONTROL,94017122.35599996,"[0.094569, 0.056741, 0.556741, -0.056741, 0.0, 0.575655]"
CONTROL,94037203.07699996,"[0.091497, 0.054898, 0.554898, -0.054898, 0.0, 0.573198]"
CONTROL,94057281.97500002,"[0.088465, 0.053079, 0.553079, -0.053079, 0.0, 0.570772]"
CONTROL,94077361.83199996,"[0.085473, 0.051284, 0.551284, -0.051284, 0.0, 0.568378]"
CONTROL,94097441.08100006,"[0.082522, 0.049513, 0.549513, -0.049513, 0.0, 0.566018]"
CONTROL,94117522.73000002,"[0.079613, 0.047768, 0.547768, -0.047768, 0.0, 0.56369]"
CONTROL,94137604.7,"[0.076746, 0.046048, 0.546048, -0.046048, 0.0, 0.561397]"
CONTROL,94157684.109,"[0.073922, 0.044353, 0.544353, -0.044353, 0.0, 0.559138]"
CONTROL,94177765.40600005,"[0.071143, 0.042686, 0.542686, -0.042686, 0.0, 0.556914]"
CONTROL,94197844.304,"[0.068408, 0.041045, 0.541045, -0.041045, 0.0, 0.554726]"
CONTROL,94217923.39299998,"[0.065718, 0.039431, 0.539431, -0.039431, 0.0, 0.552574]"
CONTROL,94238003.82599996,"[0.063074, 0.037844, 0.537844, -0.037844, 0.0, 0.550459]"
CONTROL,94258085.41100003,"[0.060476, 0.036286, 0.536286, -0.036286, 0.0, 0.548381]"
CONTROL,94278165.26900005,"[0.057926, 0.034756, 0.534756, -0.034756, 0.0, 0.546341]"
CONTROL,94298244.39000003,"[0.055424, 0.033254, 0.533254, -0.033254, 0.0, 0.544339]"
CONTROL,94318325.36700006,"[0.05297, 0.031782, 0.531782, -0.031782, 0.0, 0.542376]"
CONTROL,94338405.416,"[0.050566, 0.030339, 0.530339, -0.030339, 0.0, 0.540453]"
CONTROL,94358487.38599998,"[0.048211, 0.028926, 0.528926, -0.028926, 0.0, 0.538569]"
CONTROL,94378569.45099998,"[0.045906, 0.027544, 0.527544, -0.027544, 0.0, 0.536725]"
CONTROL,94398712.02999996,"[0.043652, 0.026191, 0.526191, -0.026191, 0.0, 0.534922]"
CONTROL,94418792.33500004,"[0.04145, 0.02487, 0.52487, -0.02487, 0.0, 0.53316]"
CONTROL,94438871.457,"[0.0393, 0.02358, 0.52358, -0.02358, 0.0, 0.53144]"
CONTROL,94458950.89800002,"[0.037202, 0.022321, 0.522321, -0.022321, 0.0, 0.529761]"
CONTROL,94479030.81900007,"[0.035157, 0.021094, 0.521094, -0.021094, 0.0, 0.528125]"
CONTROL,94499111.15600003,"[0.033166, 0.019899, 0.519899, -0.019899, 0.0, 0.526532]"
CONTROL,94519195.65399998,"[0.031228, 0.018737, 0.518737, -0.018737, 0.0, 0.524983]"
CONTROL,94539277.36699995,"[0.029346, 0.017607, 0.517607, -0.017607, 0.0, 0.523476]"
CONTROL,94559356.58400005,"[0.027518, 0.016511, 0.516511, -0.016511, 0.0, 0.522014]"
CONTROL,94579435.83300005,"[0.025745, 0.015447, 0.515447, -0.015447, 0.0, 0.520596]"
CONTROL,94599515.81899998,"[0.024029, 0.014417, 0.514417, -0.014417, 0.0, 0.519223]"
CONTROL,94619598.58800003,"[0.022369, 0.013421, 0.513421, -0.013421, 0.0, 0.517895]"
CONTROL,94639678.50899996,"[0.020766, 0.012459, 0.512459, -0.012459, 0.0, 0.516612]"
CONTROL,94659756.67099997,"[0.019219, 0.011532, 0.511532, -0.011532, 0.0, 0.515375]"
CONTROL,94679835.024,"[0.017731, 0.010638, 0.510638, -0.010638, 0.0, 0.514185]"
CONTROL,94699915.04100005,"[0.0163, 0.00978, 0.50978, -0.00978, 0.0, 0.51304]"
CONTROL,94719995.44200003,"[0.014927, 0.008956, 0.508956, -0.008956, 0.0, 0.511942]"
CONTROL,94740074.72300002,"[0.013613, 0.008168, 0.508168, -0.008168, 0.0, 0.510891]"
CONTROL,94760154.35700004,"[0.012358, 0.007415, 0.507415, -0.007415, 0.0, 0.509887]"
CONTROL,94780234.758,"[0.011162, 0.006697, 0.506697, -0.006697, 0.0, 0.50893]"
CONTROL,94800314.61500005,"[0.010026, 0.006016, 0.506016, -0.006016, 0.0, 0.508021]"
CONTROL,94820395.49600007,"[0.008949, 0.00537, 0.50537, -0.00537, 0.0, 0.50716]"
CONTROL,94840474.93800005,"[0.007933, 0.00476, 0.50476, -0.00476, 0.0, 0.506346]"
CONTROL,94860555.051,"[0.006977, 0.004186, 0.504186, -0.004186, 0.0, 0.505581]"
CONTROL,94880635.676,"[0.006081, 0.003649, 0.503649, -0.003649, 0.0, 0.504865]"
CONTROL,94900715.56500004,"[0.005246, 0.003148, 0.503148, -0.003148, 0.0, 0.504197]"
CONTROL,94920796.31900004,"[0.004473, 0.002684, 0.502684, -0.002684, 0.0, 0.503578]"
CONTROL,94940875.50400002,"[0.00376, 0.002256, 0.502256, -0.002256, 0.0, 0.503008]"
CONTROL,94960954.11299996,"[0.003109, 0.001865, 0.501865, -0.001865, 0.0, 0.502487]"
CONTROL,94981034.64200005,"[0.002519, 0.001512, 0.501512, -0.001512, 0.0, 0.502015]"
CONTROL,95001116.54800002,"[0.001991, 0.001195, 0.501195, -0.001195, 0.0, 0.501593]"
CONTROL,95021195.445,"[0.001525, 0.000915, 0.500915, -0.000915, 0.0, 0.50122]"
CONTROL,95041275.52600005,"[0.001121, 0.000672, 0.500672, -0.000672, 0.0, 0.500897]"
CONTROL,95061355.44699998,"[0.000778, 0.000467, 0.500467, -0.000467, 0.0, 0.500623]"
CONTROL,95081438.15300003,"[0.000498, 0.000299, 0.500299, -0.000299, 0.0, 0.500399]"
CONTROL,95101519.19400005,"[0.00028, 0.000168, 0.500168, -0.000168, 0.0, 0.500224]"
CONTROL,95121599.339,"[0.000125, 7.5e-05, 0.500075, -7.5e-05, 0.0, 0.5001]"
CONTROL,95141679.10100003,"[3.1e-05, 1.9e-05, 0.500019, -1.9e-05, 0.0, 0.500025]"
CONTROL,95161759.21399997,"[0.0, 0.0, 0.5, 0.0, 0.0, 0.5]"
CONTROL,95181838.75099999,"[0.0, 0.0, 0.5, 0.0, 0.0, 0.5]"
CONTROL,95201919.76,"[0.0, 0.0, 0.5, 0.0, 0.0, 0.5]"
CONTROL,95221999.49000002,"[0.0, 0.0, 0.5, 0.0, 0.0, 0.5]"
CONTROL,95242080.21100003,"[0.0, 0.0, 0.5, 0.0, 0.0, 0.5]"
CONTROL,95262159.74800004,"[0.0, 0.0, 0.5, 0.0, 0.0, 0.5]"
CONTROL,95282241.55700003,"[0.0, 0.0, 0.5, 0.0, 0.0, 0.5]"
CONTROL,95302322.119,"[0.0, 0.0, 0.5, 0.0, 0.0, 0.5]"
CONTROL,95322401.33599998,"[0.0, 0.0, 0.5, 0.0, 0.0, 0.5]"
CONTROL,95342481.22500002,"[0.0, 0.0, 0.5, 0.0, 0.0, 0.5]"
CONTROL,95362563.19400002,"[0.0, 0.0, 0.5, 0.0, 0.0, 0.5]"
CONTROL,95382643.94800001,"[0.0, 0.0, 0.5, 0.0, 0.0, 0.5]"
CONTROL,95402777.66200006,"[0.0, 0.0, 0.5, 0.0, 0.0, 0.5]"
CONTROL,95422858.28800005,"[0.0, 0.0, 0.5, 0.0, 0.0, 0.5]"
CONTROL,95442938.97700004,"[0.0, 0.0, 0.5, 0.0, 0.0, 0.5]"
CONTROL,95463019.08999999,"[0.0, 0.0, 0.5, 0.0, 0.0, 0.5]"
CONTROL,95483100.57900006,"[0.0, 0.0, 0.5, 0.0, 0.0, 0.5]"
CONTROL,95503182.90100005,"[0.0, 0.0, 0.5, 0.0, 0.0, 0.5]"
CONTROL,95523260.58200003,"[0.0, 0.0, 0.5, 0.0, 0.0, 0.5]"
CONTROL,95543339.447,"[0.0, 0.0, 0.5, 0.0, 0.0, 0.5]"
CONTROL,95563419.62400006,"[0.0, 0.0, 0.5, 0.0, 0.0, 0.5]"
CONTROL,95583498.97000004,"[0.0, 0.0, 0.5, 0.0, 0.0, 0.5]"
CONTROL,95603579.37100002,"[0.0, 0.0, 0.5, 0.0, 0.0, 0.5]"
CONTROL,95623658.46000001,"[0.0, 0.0, 0.5, 0.0, 0.0, 0.5]"
CONTROL,95643741.13300005,"[0.0, 0.0, 0.5, 0.0, 0.0, 0.5]"
CONTROL,95663820.76700006,"[0.0, 0.0, 0.5, 0.0, 0.0, 0.5]"
CONTROL,95683900.14399995,"[0.0, 0.0, 0.5, 0.0, 0.0, 0.5]"
CONTROL,95703979.39300005,"[0.0, 0.0, 0.5, 0.0, 0.0, 0.5]"
CONTROL,95724059.79400003,"[0.0, 0.0, 0.5, 0.0, 0.0, 0.5]"
CONTROL,95744139.29900004,"[0.0, 0.0, 0.5, 0.0, 0.0, 0.5]"
CONTROL,95764219.92500003,"[0.0, 0.0, 0.5, 0.0, 0.0, 0.5]"
CONTROL,95784302.40600005,"[0.0, 0.0, 0.5, 0.0, 0.0, 0.5]"
CONTROL,95804381.71900004,"[0.0, 0.0, 0.5, 0.0, 0.0, 0.5]"
CONTROL,95824461.44799997,"[0.0, 0.0, 0.5, 0.0, 0.0, 0.5]"
CONTROL,95844541.434,"[0.0, 0.0, 0.5, 0.0, 0.0, 0.5]"
CONTROL,95864620.715,"[0.0, 0.0, 0.5, 0.0, 0.0, 0.5]"
CONTROL,95884700.89199996,"[0.0, 0.0, 0.5, 0.0, 0.0, 0.5]"
CONTROL,95904780.20499995,"[0.0, 0.0, 0.5, 0.0, 0.0, 0.5]"
CONTROL,95924860.191,"[0.0, 0.0, 0.5, 0.0, 0.0, 0.5]"
CONTROL,95944938.76800004,"[0.0, 0.0, 0.5, 0.0, 0.0, 0.5]"
CONTROL,95965014.17700006,"[0.0, 0.0, 0.5, 0.0, 0.0, 0.5]"
CONTROL,95985094.13,"[0.0, 0.0, 0.5, 0.0, 0.0, 0.5]"
CONTROL,96005180.25899999,"[0.0, 0.0, 0.5, 0.0, 0.0, 0.5]"
CONTROL,96025260.18100002,"[0.0, 0.0, 0.5, 0.0, 0.0, 0.5]"
CONTROL,96045339.23799999,"[0.0, 0.0, 0.5, 0.0, 0.0, 0.5]"
CONTROL,96065418.615,"[0.0, 0.0, 0.5, 0.0, 0.0, 0.5]"
CONTROL,96085498.44000004,"[0.0, 0.0, 0.5, 0.0, 0.0, 0.5]"
CONTROL,96105577.59400001,"[0.0, 0.0, 0.5, 0.0, 0.0, 0.5]"
CONTROL,96125657.35500005,"[0.0, 0.0, 0.5, 0.0, 0.0, 0.5]"
CONTROL,96145737.14799997,"[0.0, 0.0, 0.5, 0.0, 0.0, 0.5]"
CONTROL,96165822.47700001,"[0.0, 0.0, 0.5, 0.0, 0.0, 0.5]"
CONTROL,96185903.93500006,"[0.0, 0.0, 0.5, 0.0, 0.0, 0.5]"
CONTROL,96205982.73600002,"[0.0, 0.0, 0.5, 0.0, 0.0, 0.5]"
CONTROL,96226063.93700005,"[0.0, 0.0, 0.5, 0.0, 0.0, 0.5]"
CONTROL,96246142.28999996,"[0.0, 0.0, 0.5, 0.0, 0.0, 0.5]"
CONTROL,96266223.42799999,"[0.0, 0.0, 0.5, 0.0, 0.0, 0.5]"
CONTROL,96286304.78900003,"[0.0, 0.0, 0.5, 0.0, 0.0, 0.5]"
CONTROL,96306384.26200005,"[0.0, 0.0, 0.5, 0.0, 0.0, 0.5]"
CONTROL,96326464.63100003,"[0.0, 0.0, 0.5, 0.0, 0.0, 0.5]"
CONTROL,96346543.97700001,"[0.0, 0.0, 0.5, 0.0, 0.0, 0.5]"
CONTROL,96366632.21799995,"[0.0, 0.0, 0.5, 0.0, 0.0, 0.5]"
CONTROL,96386712.20300001,"[0.0, 0.0, 0.5, 0.0, 0.0, 0.5]"
CONTROL,96406853.63,"[0.0, 0.0, 0.5, 0.0, 0.0, 0.5]"
CONTROL,96426933.13500002,"[0.0, 0.0, 0.5, 0.0, 0.0, 0.5]"
CONTROL,96447012.19299997,"[0.0, 0.0, 0.5, 0.0, 0.0, 0.5]"
CONTROL,96467090.89800003,"[0.0, 0.0, 0.5, 0.0, 0.0, 0.5]"
CONTROL,96487172.32299998,"[0.0, 0.0, 0.5, 0.0, 0.0, 0.5]"
CONTROL,96507253.81200005,"[0.0, 0.0, 0.5, 0.0, 0.0, 0.5]"
CONTROL,96527331.49300002,"[0.0, 0.0, 0.5, 0.0, 0.0, 0.5]"
CONTROL,96547409.84700003,"[0.0, 0.0, 0.5, 0.0, 0.0, 0.5]"
CONTROL,96567490.98399995,"[0.0, 0.0, 0.5, 0.0, 0.0, 0.5]"
CONTROL,96587577.14499995,"[0.0, 0.0, 0.5, 0.0, 0.0, 0.5]"
CONTROL,96607661.80300005,"[0.0, 0.0, 0.5, 0.0, 0.0, 0.5]"
CONTROL,96627742.68400006,"[0.0, 0.0, 0.5, 0.0, 0.0, 0.5]"
CONTROL,96647823.37300006,"[0.0, 0.0, 0.5, 0.0, 0.0, 0.5]"
CONTROL,96667906.97400007,"[0.0, 0.0, 0.5, 0.0, 0.0, 0.5]"
CONTROL,96687986.96,"[0.0, 0.0, 0.5, 0.0, 0.0, 0.5]"
CONTROL,96708066.65700002,"[0.0, 0.0, 0.5, 0.0, 0.0, 0.5]"
CONTROL,96728153.97,"[0.0, 0.0, 0.5, 0.0, 0.0, 0.5]"
CONTROL,96748234.17899995,"[0.0, 0.0, 0.5, 0.0, 0.0, 0.5]"
CONTROL,96768316.85299999,"[0.0, 0.0, 0.5, 0.0, 0.0, 0.5]"
CONTROL,96788400.13399997,"[0.0, 0.0, 0.5, 0.0, 0.0, 0.5]"
CONTROL,96808481.01499999,"[0.0, 0.0, 0.5, 0.0, 0.0, 0.5]"
CONTROL,96828561.92899999,"[0.0, 0.0, 0.5, 0.0, 0.0, 0.5]"
CONTROL,96848641.88200004,"[0.0, 0.0, 0.5, 0.0, 0.0, 0.5]"
CONTROL,96868724.26700006,"[0.0, 0.0, 0.5, 0.0, 0.0, 0.5]"
CONTROL,96888804.82800005,"[0.0, 0.0, 0.5, 0.0, 0.0, 0.5]"
CONTROL,96908885.90199995,"[0.0, 0.0, 0.5, 0.0, 0.0, 0.5]"
CONTROL,96928967.26300001,"[0.0, 0.0, 0.5, 0.0, 0.0, 0.5]"
CONTROL,96949047.85599999,"[0.0, 0.0, 0.5, 0.0, 0.0, 0.5]"
CONTROL,96969127.45700002,"[0.0, 0.0, 0.5, 0.0, 0.0, 0.5]"
CONTROL,96989202.67400001,"[0.0, 0.0, 0.5, 0.0, 0.0, 0.5]"
CONTROL,97009281.95500001,"[0.0, 0.0, 0.5, 0.0, 0.0, 0.5]"
CONTROL,97029361.46100001,"[0.0, 0.0, 0.5, 0.0, 0.0, 0.5]"
CONTROL,97049441.99,"[0.0, 0.0, 0.5, 0.0, 0.0, 0.5]"
CONTROL,97069524.98299995,"[0.0, 0.0, 0.5, 0.0, 0.0, 0.5]"
CONTROL,97089604.39199996,"[0.0, 0.0, 0.5, 0.0, 0.0, 0.5]"
CONTROL,97109684.63400002,"[0.0, 0.0, 0.5, 0.0, 0.0, 0.5]"
CONTROL,97129765.89899994,"[0.0, 0.0, 0.5, 0.0, 0.0, 0.5]"
CONTROL,97149846.71599996,"[0.0, 0.0, 0.5, 0.0, 0.0, 0.5]"
CONTROL,97169926.22099997,"[0.0, 0.0, 0.5, 0.0, 0.0, 0.5]"
